{"Title":"PRP自体血清美肤","Related":{"name":"关联百科","content":[{"relatedId":"537","name":"微针水光"},{"relatedId":"656","name":"滚轮微针"},{"relatedId":"501","name":"水光针"}]},"ShorDesc":{"name":"简介","content":"<p>&#x9002;&#x5E94;&#x75C7;&#xFF1A;&#x76AE;&#x80A4;&#x5E72;&#x71E5;&#x3001;&#x76AE;&#x80A4;&#x7C97;&#x7CD9;&#x3001;&#x5E72;&#x7EB9;&#x7EC6;&#x7EB9;&#x3001;&#x75D8;&#x5751;&#x3001;&#x80A4;&#x8272;&#x6697;&#x6C89;&#x3001;&#x76AE;&#x80A4;&#x677E;&#x5F1B;&#x3001;&#x7F3A;&#x4E4F;&#x5F39;&#x6027;&#x3001;&#x6BDB;&#x5B54;&#x7C97;&#x5927;</p><p>PRP&#xFF0C;&#x5373;&#x5BCC;&#x542B;&#x8840;&#x5C0F;&#x677F;&#x7684;&#x8840;&#x6D46;&#xFF0C;&#x5BCC;&#x542B;&#x5404;&#x79CD;&#x6297;&#x8870;&#x3001;&#x7F8E;&#x80A4;&#x7684;&#x751F;&#x957F;&#x56E0;&#x5B50;&#xFF0C;&#x53EF;&#x4FC3;&#x8FDB;&#x6210;&#x7EA4;&#x7EF4;&#x7EC6;&#x80DE;&#x7684;&#x589E;&#x6B96;&#xFF08;&#x6210;&#x7EA4;&#x7EF4;&#x7EC6;&#x80DE;&#x53EF;&#x5206;&#x6CCC;&#x7EF4;&#x6301;&#x808C;&#x80A4;&#x5E74;&#x8F7B;&#x7684;&#x80F6;&#x539F;&#x86CB;&#x767D;&#x3001;&#x5F39;&#x6027;&#x86CB;&#x767D;&#xFF09;&#x3002;PRP&#x662F;&#x4ECE;&#x8840;&#x6DB2;&#x4E2D;&#x63D0;&#x53D6;&#xFF08;&#x9759;&#x8109;&#x62BD;&#x8840;&#xFF09;&#xFF0C;&#x518D;&#x901A;&#x8FC7;&#x5FAE;&#x9488;&#x3001;&#x7F8E;&#x5851;&#x67AA;&#x3001;&#x6C34;&#x5149;&#x67AA;&#x7B49;&#x65B9;&#x5F0F;&#x6CE8;&#x5165;&#x76AE;&#x4E0B;&#xFF0C;&#x4EE5;&#x6B64;&#x8FBE;&#x5230;&#x6297;&#x8870;&#x3001;&#x7F8E;&#x80A4;&#x7684;&#x4F5C;&#x7528;&#x3002;</p><p><br></p>"},"Property":{"name":"档案","content":["\n                <li>&#x6CBB;&#x7597;&#x65B9;&#x5F0F;&#xFF1A;<span>&#x6CE8;&#x5C04;</span></li>\n                <li>&#x75BC;&#x75DB;&#x611F;&#xFF1A;<span>1&#x9897;&#x661F;</span><a href=\"gengmei://common_webview?url=http://backend.gmei.com/hybrid/ache_level\">&#x67E5;&#x770B;&#x75BC;&#x75DB;&#x5206;&#x7EA7;</a></li>\n                <li>&#x7EF4;&#x6301;&#x65F6;&#x95F4;&#xFF1A;<span>1-2&#x4E2A;&#x6708;</span></li>\n                <li>&#x6CBB;&#x7597;&#x65F6;&#x95F4;&#xFF1A;<span>60-90&#x5206;&#x949F;</span></li>\n                <li>&#x53C2;&#x8003;&#x4EF7;&#x683C;&#xFF1A;<span>5000-10000</span></li>\n                <li>&#x9EBB;&#x9189;&#x65B9;&#x5F0F;&#xFF1A;<span>&#x8868;&#x9762;&#x9EBB;&#x9189;</span></li>\n                <li>&#x662F;&#x5426;&#x4F4F;&#x9662;&#xFF1A;<span>&#x5426;</span></li>\n                \n                <li>&#x62C6;&#x7EBF;&#x65F6;&#x95F4;&#xFF1A;<span>0-0&#x5929;</span></li>\n            "]},"Desc":{"name":"项目／手术原理","content":"<p>1.&#x9759;&#x8109;&#x62BD;&#x53D6;&#x5B9A;&#x91CF;&#x8840;&#x6DB2;&#x3002;</p><p>2.&#x4F7F;&#x7528;&#x79BB;&#x5FC3;&#x673A;&#x3001;&#x67B8;&#x693D;&#x9178;&#x94A0;&#x63D0;&#x53D6;PRP&#x3002;</p><p>3.&#x6E05;&#x6D01;&#x3001;&#x6D88;&#x6BD2;&#x9762;&#x90E8;&#x3001;&#x5916;&#x6577;&#x8868;&#x9762;&#x9EBB;&#x9189;&#x836F;&#x3002;</p><p>4.&#x4F7F;&#x7528;&#x6CE8;&#x5C04;&#x5668;&#x3001;&#x5FAE;&#x9488;&#x3001;&#x7F8E;&#x5851;&#x67AA;&#x3001;&#x6C34;&#x5149;&#x67AA;&#x5C06;PRP&#x63D0;&#x53D6;&#x6DB2;&#x6CE8;&#x5165;&#x771F;&#x76AE;&#x5C42;&#x3002;</p><p>5.&#x51B0;&#x6577;&#x3001;&#x4F7F;&#x7528;&#x6FC0;&#x5149;&#x672F;&#x540E;&#x65E0;&#x83CC;&#x9762;&#x819C;&#xFF0C;&#x8FBE;&#x5230;&#x9547;&#x9759;&#x3001;&#x4FDD;&#x6E7F;&#x4F5C;&#x7528;&#x3002;</p><p>&#x51E0;&#x79CD;&#x6CE8;&#x5C04;&#x65B9;&#x6CD5;&#x7684;&#x6BD4;&#x8F83;&#x2193;</p><p><img src=\"http://hera.s.gmei.com/2016/10/11/ecaad53efb\" style=\"width: 1200px;\"><br></p>"},"Sample":{"name":"效果示例","content":"<img src=\"http://hera.s.gmei.com/itemwiki/2016/10/11/a6d485ea16-w\">"},"BeforIdear":{"name":"效果示例","content":"<p>1.&#x907F;&#x5F00;&#x6708;&#x7ECF;&#x671F;&#x3001;&#x598A;&#x5A20;&#x671F;&#xFF0C;&#x4EE5;&#x514D;&#x52A0;&#x91CD;&#x51FA;&#x8840;&#x548C;&#x80BF;&#x80C0;&#x3002;</p><p>2.&#x672F;&#x524D;7&#x5929;&#x7981;&#x670D;&#x6297;&#x51DD;&#x836F;&#x7269;&#xFF08;&#x5982;&#x963F;&#x53F8;&#x5339;&#x6797;&#xFF09;&#x3002;</p><p>3.&#x7D20;&#x989C;&#xFF0C;&#x6CBB;&#x7597;&#x524D;&#x5145;&#x5206;&#x6D01;&#x9762;&#x3001;&#x6D88;&#x6BD2;&#x6740;&#x83CC;&#x3002;</p><p>4.&#x6CBB;&#x7597;&#x524D;1&#x4E2A;&#x6708;&#x5185;&#xFF0C;&#x907F;&#x514D;&#x66B4;&#x6652;&#x3002;</p>"},"AfterIdear":{"name":"优点","content":"<p>1.&#x6CE8;&#x5C04;&#x540E;&#x7ACB;&#x5373;&#x51B0;&#x6577;&#xFF0C;&#x53EF;&#x7F13;&#x89E3;&#x7EA2;&#x80BF;&#x548C;&#x75BC;&#x75DB;&#x3002;</p><p>2.&#x6CE8;&#x5C04;&#x540E;24h&#x5185;&#xFF0C;&#x9488;&#x773C;&#x4E0D;&#x80FD;&#x6CBE;&#x6C34;&#x3001;&#x4E0D;&#x5B9C;&#x6D17;&#x8138;&#x3001;&#x4FDD;&#x6301;&#x6E05;&#x6D01;&#x5E72;&#x71E5;&#x3002;</p><p>3.&#x4F7F;&#x7528;&#x65E0;&#x83CC;&#x4FDD;&#x6E7F;&#x9762;&#x819C;&#x3001;&#x4FEE;&#x590D;&#x9762;&#x819C;&#x6216;EGF&#x8868;&#x76AE;&#x751F;&#x957F;&#x56E0;&#x5B50;&#xFF08;&#x4FEE;&#x590D;&#x80BD;&#xFF09;&#x7B49;&#x4EA7;&#x54C1;&#x3002;</p><p>4.&#x4E25;&#x683C;&#x9632;&#x6652;&#xFF0C;&#x4F7F;&#x7528;SPF30+&#x7684;&#x9632;&#x6652;&#x971C;&#x3001;&#x58A8;&#x955C;&#x3001;&#x906E;&#x9633;&#x4F1E;&#x3002;</p><p>5.&#x6CBB;&#x7597;&#x540E;1&#x5468;&#x5185;&#xFF0C;&#x4E25;&#x7981;&#x4F7F;&#x7528;&#x542B;&#x523A;&#x6FC0;&#x6027;&#x6210;&#x5206;&#xFF08;&#x679C;&#x9178;&#x3001;&#x6C34;&#x6768;&#x9178;&#x3001;&#x9152;&#x7CBE;&#x3001;&#x9AD8;&#x6D53;&#x5EA6;&#x5DE6;&#x65CB;VC&#x7B49;&#xFF09;&#x7684;&#x62A4;&#x80A4;&#x54C1;&#x3002;</p><p>6.&#x4E25;&#x7981;&#x8F9B;&#x8FA3;&#x523A;&#x6FC0;&#x6027;&#x98DF;&#x7269;&#x3002;</p>"},"GoodPoint":{"name":"缺点及风险","content":"<p>1.&#x5FAE;&#x521B;&#x3001;&#x6062;&#x590D;&#x671F;&#x77ED;&#xFF08;2-3&#x5929;&#xFF09;&#x3001;&#x5B89;&#x5168;&#x3002; </p><p>2.&#x91C7;&#x7528;&#x81EA;&#x4F53;&#x8840;&#x6E05;&#x3001;&#x673A;&#x4F53;&#x65E0;&#x6392;&#x5F02;&#x3001;&#x8FC7;&#x654F;&#x53CD;&#x5E94;&#x3002; </p><p>3.&#x80FD;&#x6709;&#x6548;&#x6539;&#x5584;&#x80A4;&#x8D28;&#xFF1A;&#x76AE;&#x80A4;&#x7C97;&#x7CD9;&#x3001;&#x6BDB;&#x5B54;&#x7C97;&#x5927;&#x3001;&#x76AE;&#x80A4;&#x5E72;&#x71E5;&#x7F3A;&#x6C34;&#x3001;&#x75D8;&#x5751;&#x3001;&#x6697;&#x6C89;&#x3002;</p><p>4.&#x6297;&#x8870;&#x6548;&#x679C;&#x663E;&#x8457;&#xFF0C;&#x53EF;&#x4EE5;&#x89E3;&#x51B3;&#x7EC6;&#x7EB9;&#x3001;&#x76AE;&#x80A4;&#x677E;&#x5F1B;&#x3001;&#x7F3A;&#x4E4F;&#x5F39;&#x6027;&#x3002;</p>"},"BadPoint":{"name":"术前锦囊","content":"<p>1.&#x9700;&#x8981;&#x591A;&#x6B21;&#x3001;&#x6309;&#x7597;&#x7A0B;&#x6CBB;&#x7597;&#xFF0C;&#x4E00;&#x822C;&#x4E00;&#x7597;&#x7A0B;3-5&#x6B21;&#xFF0C;&#x4E0D;&#x80FD;&#x6C38;&#x4E45;&#x7EF4;&#x6301;&#x3002;</p><p>2.PRP&#x8840;&#x6E05;&#x4E2D;&#x542B;&#x6709;&#x4E00;&#x5B9A;&#x6570;&#x91CF;&#x7684;&#x7EA2;&#x7EC6;&#x80DE;&#xFF0C;&#x6CE8;&#x5C04;1&#x5468;&#x5185;&#xFF0C;&#x4F1A;&#x6709;&#x6682;&#x65F6;&#x6027;&#x7684;&#x8840;&#x5370;&#x3001;&#x8272;&#x7D20;&#x6C89;&#x7740;&#x3002;</p>"}}