{"Title":"瘦肩针","Related":{"name":"关联百科","content":[{"relatedId":"687","name":"溶脂针"},{"relatedId":"360","name":"瘦腿针"}]},"ShorDesc":{"name":"简介","content":"<p>&#x9002;&#x5E94;&#x75C7;&#xFF1A;&#x80A9;&#x8180;&#x808C;&#x8089;&#x8FC7;&#x4E8E;&#x53D1;&#x8FBE;&#x3001;&#x659C;&#x65B9;&#x808C;&#x53D1;&#x8FBE;</p><p>&#x5728;&#x80A9;&#x9888;&#x90E8;&#x3001;&#xFFFD;&#xFFFD;&#xFFFD;&#x65B9;&#x808C;&#x6CE8;&#x5C04;&#x8089;&#x6BD2;&#x7D20;&#x6765;&#x7F29;&#x5C0F;&#x80A9;&#x9888;&#x808C;&#x8089;&#x7FA4;&#xFF0C;&#x4EE5;&#x8FBE;&#x5230;&#x7626;&#x80A9;&#x7684;&#x76EE;&#x7684;&#x3002;</p>"},"Property":{"name":"档案","content":["\n                <li>&#x6CBB;&#x7597;&#x65B9;&#x5F0F;&#xFF1A;<span>&#x6CE8;&#x5C04;</span></li>\n                <li>&#x75BC;&#x75DB;&#x611F;&#xFF1A;<span>1&#x9897;&#x661F;</span><a href=\"gengmei://common_webview?url=http://backend.gmei.com/hybrid/ache_level\">&#x67E5;&#x770B;&#x75BC;&#x75DB;&#x5206;&#x7EA7;</a></li>\n                <li>&#x7EF4;&#x6301;&#x65F6;&#x95F4;&#xFF1A;<span>&#x56E0;&#x4EBA;&#x800C;&#x5F02;</span></li>\n                <li>&#x6CBB;&#x7597;&#x65F6;&#x95F4;&#xFF1A;<span>10-20&#x5206;&#x949F;</span></li>\n                <li>&#x53C2;&#x8003;&#x4EF7;&#x683C;&#xFF1A;<span>6800-12800</span></li>\n                <li>&#x9EBB;&#x9189;&#x65B9;&#x5F0F;&#xFF1A;<span>&#x8868;&#x9762;&#x9EBB;&#x9189;</span></li>\n                <li>&#x662F;&#x5426;&#x4F4F;&#x9662;&#xFF1A;<span>&#x5426;</span></li>\n                \n                <li>&#x62C6;&#x7EBF;&#x65F6;&#x95F4;&#xFF1A;<span>0-0&#x5929;</span></li>\n            "]},"Desc":{"name":"项目／手术原理","content":"<p>1.&#x6D82;&#x62B9;&#x8868;&#x9EBB;/&#x51B0;&#x6577;&#x4E00;&#x4F1A;&#x513F;&#xFF0C;&#x51CF;&#x7F13;&#x75BC;&#x75DB;&#x3002;</p><p>2.&#x914D;&#x7F6E;&#x9002;&#x91CF;&#x7684;&#x3001;&#x9002;&#x5408;&#x7F29;&#x5C0F;&#x80A9;&#x9888;&#x808C;&#x8089;&#x7684;&#x8089;&#x6BD2;&#x7D20;&#x9488;&#x5242;&#x3002;</p><p>3.&#x6CE8;&#x5C04;&#x3002;</p><p>4.&#x51B0;&#x6577;&#x3001;&#x5728;&#x533B;&#x9662;&#x4F11;&#x606F;30&#x5206;&#x949F;&#x3002;</p><p><img src=\"http://hera.s.gmei.com/2016/10/11/30d5045afd\" style=\"width: 367px;\"><br></p>"},"Sample":{"name":"效果示例","content":""},"BeforIdear":{"name":"效果示例","content":"<p>1&#x3001;&#x624B;&#x672F;&#x524D;&#x4E24;&#x5468;&#x5185;&#xFF0C;&#x8BF7;&#x52FF;&#x670D;&#x7528;&#x56FA;&#x9187;&#x6FC0;&#x7D20;&#x548C;&#x963F;&#x65AF;&#x5339;&#x6797;&#x7C7B;&#x6297;&#x51DD;&#x836F;&#x7269;&#x3002;</p><p>2&#x3001;&#x4F8B;&#x5047;&#x671F;&#xFF0C;&#x598A;&#x5A20;&#x524D;&#x671F;(&#x4E09;&#x4E2A;&#x6708;)&#x6216;&#x598A;&#x5A20;&#x540E;&#x671F;(&#x4E09;&#x4E2A;&#x6708;)&#x6682;&#x7F13;&#x6CE8;&#x5C04;&#x3002;</p>"},"AfterIdear":{"name":"优点","content":"<p>1.&#x6CE8;&#x5C04;&#x540E;6&#x5C0F;&#x65F6;&#x5185;&#x4E0D;&#x8981;&#x89E6;&#x78B0;&#x6CE8;&#x5C04;&#x533A;&#x57DF;&#x3001;&#x4E0D;&#x8981;&#x6CBE;&#x6C34;&#x3002;</p><p>2.&#x6CE8;&#x5C04;&#x540E;&#x53EF;&#x51B0;&#x6577;15-30&#x5206;&#x949F;&#x3002;</p><p>3.&#x6CE8;&#x5C04;&#x540E;7&#x5929;&#x5185;&#xFF0C;&#x4E0D;&#x8981;&#x8FD0;&#x52A8;&#x6CE8;&#x5C04;&#x90E8;&#x4F4D;&#x3002;</p><p>4.&#x6CE8;&#x5C04;&#x540E;&#x4E00;&#x5468;&#x5185;&#x4E0D;&#x8981;&#x5403;&#x8F9B;&#x8FA3;&#x3001;&#x6D77;&#x9C9C;&#x7B49;&#x98DF;&#x7269;&#x3001;&#x4E0D;&#x8981;&#x62BD;&#x70DF;&#x559D;&#x9152;&#x3002;</p>"},"GoodPoint":{"name":"缺点及风险","content":"<p>1.&#x6CE8;&#x5C04;&#x521B;&#x4F24;&#x5C0F;&#x3001;&#x65E0;&#x9700;&#x6062;&#x590D;&#x671F;&#x3002;</p><p>2.&#x6709;&#x6548;&#x6539;&#x5584;&#x659C;&#x65B9;&#x808C;&#x8FC7;&#x4E8E;&#x53D1;&#x8FBE;&#x5BFC;&#x81F4;&#x7684;&#x80A9;&#x9888;&#x7C97;&#x58EE;&#x3002;</p><p>3.&#x5982;&#x679C;&#x4E0D;&#x7ECF;&#x5E38;&#x4F7F;&#x7528;&#x659C;&#x65B9;&#x808C;&#x7684;&#x8BDD;&#xFF0C;&#x6548;&#x679C;&#x53EF;&#x4EE5;&#x7EF4;&#x6301;&#x6BD4;&#x8F83;&#x4E45;&#x7684;&#x65F6;&#x95F4;&#x3002;</p>"},"BadPoint":{"name":"术前锦囊","content":"<p>1.&#x7ECF;&#x5E38;&#x63D0;&#x91CD;&#x7269;&#x3001;&#x4F4E;&#x5934;&#x770B;&#x624B;&#x673A;&#x3001;&#x8FD0;&#x52A8;&#x953B;&#x70BC;&#x659C;&#x65B9;&#x808C;&#x4F1A;&#x5BFC;&#x81F4;&#x6548;&#x679C;&#x7EF4;&#x6301;&#x6BD4;&#x8F83;&#x77ED;&#x3001;&#x9700;&#x53CD;&#x590D;&#x6CE8;&#x5C04;&#x3002;</p><p>2.&#x6CE8;&#x5C04;&#x540E;&#x65E9;&#x671F;&#xFF0C;&#x808C;&#x8089;&#x6709;&#x9178;&#x80C0;&#x3001;&#x65E0;&#x529B;&#x611F;&#x3002;</p>"}}