{"Title":"埋线双眼皮","Related":{"name":"关联百科","content":[{"relatedId":"570","name":"双眼皮修复"},{"relatedId":"191","name":"微创双眼皮"},{"relatedId":"484","name":"切开双眼皮"},{"relatedId":"192","name":"开内眼角"}]},"ShorDesc":{"name":"简介","content":"<p>&#x9002;&#x5E94;&#x75C7;&#xFF1A;&#x5355;&#x773C;&#x76AE; &#x773C;&#x7751;&#x76AE;&#x80A4;&#x65E0;&#x677E;&#x5F1B;&#x800C;&#x5F20;&#x529B;&#x6B63;&#x5E38;</p><p>&#x7F1D;&#x7EBF;&#x65B9;&#x5F0F;&#xFF0C;&#x4F7F;&#x4E0A;&#x773C;&#x7751;&#x76AE;&#x80A4;&#x540C;&#x7751;&#x677F;&#x5F62;&#x6210;&#x7EA4;&#x7EF4;&#x7C98;&#x8FDE;&#xFF0C;&#x5F62;&#x6210;&#x53CC;&#x773C;&#x76AE;&#x3002;</p>"},"Property":{"name":"档案","content":["\n                <li>&#x6CBB;&#x7597;&#x65B9;&#x5F0F;&#xFF1A;<span>&#x624B;&#x672F;</span></li>\n                <li>&#x75BC;&#x75DB;&#x611F;&#xFF1A;<span>2&#x9897;&#x661F;</span><a href=\"gengmei://common_webview?url=http://backend.gmei.com/hybrid/ache_level\">&#x67E5;&#x770B;&#x75BC;&#x75DB;&#x5206;&#x7EA7;</a></li>\n                <li>&#x7EF4;&#x6301;&#x65F6;&#x95F4;&#xFF1A;<span>3-5&#x5E74;</span></li>\n                <li>&#x6CBB;&#x7597;&#x65F6;&#x95F4;&#xFF1A;<span>30-60&#x5206;&#x949F;</span></li>\n                <li>&#x53C2;&#x8003;&#x4EF7;&#x683C;&#xFF1A;<span>2000-10000</span></li>\n                <li>&#x9EBB;&#x9189;&#x65B9;&#x5F0F;&#xFF1A;<span>&#x5C40;&#x9EBB;</span></li>\n                <li>&#x662F;&#x5426;&#x4F4F;&#x9662;&#xFF1A;<span>&#x5426;</span></li>\n                \n                <li>&#x62C6;&#x7EBF;&#x65F6;&#x95F4;&#xFF1A;<span>5-7&#x5929;</span></li>\n            "]},"Desc":{"name":"项目／手术原理","content":"<p>1. &#x6253;2-4&#x4E2A;&#x5B54;&#x3002;</p><p>2. &#x5C06;&#x7EBF;&#x4ECE;&#x76AE;&#x80A4;&#x5230;&#x7ED3;&#x819C;&#x57CB;&#x5165;&#xFF0C;&#x518D;&#x4ECE;&#x5176;&#x4ED6;&#x5B54;&#x53E3;&#x51FA;&#x6765;&#x6253;&#x7ED3;&#x3002;</p><p>3. &#x7528;&#x7EBF;&#x5C06;&#x4E0A;&#x773C;&#x63D0;&#x808C;&#x548C;&#x76AE;&#x4E0B;&#x8FDE;&#x7EED;&#x7F1D;&#x5408;&#x5728;&#x4E00;&#x8D77;&#x3002;</p><p><img src=\"http://hera.s.gmei.com/2016/10/12/4fa268fbf0\" style=\"width: 329px;\"><br></p>"},"Sample":{"name":"效果示例","content":"<img src=\"http://hera.s.gmei.com/itemwiki/2016/10/12/9798a06122-w\">"},"BeforIdear":{"name":"效果示例","content":"<p>1&#x3001;&#x8981;&#x6709;&#x8DB3;&#x591F;&#x7684;&#x5FC3;&#x7406;&#x51C6;&#x5907;&#x3002;</p><p>&#x91CD;&#x7751;&#x672F;&#x540E;&#xFF0C;&#x53CC;&#x773C;&#x76AE;&#x5927;&#x7EA6;&#x5728;1-3&#x4E2A;&#x6708;&#x5185;&#x4F1A;&#x6709;&#x4E0D;&#x540C;&#x7A0B;&#x5EA6;&#x7684;&#x4E0D;&#x81EA;&#x7136;&#xFF0C;&#x90E8;&#x5206;&#x8FD8;&#x53EF;&#x80FD;&#x51FA;&#x73B0;&#x5C40;&#x90E8;&#x6DE4;&#x8840;&#x53D1;&#x9752;&#xFF0C;&#x4E00;&#x822C;&#x5747;&#x53EF;&#x81EA;&#x884C;&#x6D88;&#x9000;,&#x968F;&#x7740;&#x65F6;&#x95F4;&#x7684;&#x63A8;&#x79FB;&#xFF0C;&#x4F1A;&#x9010;&#x6E10;&#x53D8;&#x5F97;&#x6D41;&#x7545;&#x81EA;&#x7136;&#x3002;</p><p>2&#x3001;&#x5973;&#x6027;&#x9700;&#x907F;&#x5F00;&#x4F8B;&#x5047;&#x671F;&#xFF0C;&#x598A;&#x5A20;&#x671F;&#x3002;</p><p>3&#x3001;&#x624B;&#x672F;&#x524D;&#x4E24;&#x5468;&#x5185;&#xFF0C;&#x8BF7;&#x52FF;&#x670D;&#x7528;&#x56FA;&#x9187;&#x6FC0;&#x7D20;&#x548C;&#x963F;&#x65AF;&#x5339;&#x6797;&#x7C7B;&#x6297;&#x51DD;&#x836F;&#x7269;&#x3002;</p><p>4&#x3001;&#x624B;&#x672F;&#x5F53;&#x65E5;&#x4E0D;&#x8981;&#x5316;&#x5986;&#xFF0C;&#x4E5F;&#x4E0D;&#x8981;&#x6234;&#x88C5;&#x9970;&#x7269;&#x7B49;&#x3002;</p><p>5&#x3001;&#x7537;&#x6027;&#x9700;&#x8981;&#x63D0;&#x524D;&#x6212;&#x70DF;&#x4E00;&#x5468;&#x3002;</p><p>6&#x3001;&#x5E38;&#x89C4;&#x8EAB;&#x4F53;&#x68C0;&#x67E5;&#x2014;&#x2014;&#x5168;&#x8EAB;&#x68C0;&#x67E5;&#xFF0C;&#x8840;&#x538B;&#xFF0C;&#x5FC3;&#x7535;&#x56FE;&#x7B49;&#x3002;</p>"},"AfterIdear":{"name":"优点","content":"<p>1&#x3001;&#x624B;&#x672F;&#x5F53;&#x5929;&#x5C40;&#x90E8;&#x4F24;&#x53E3;&#x53EF;&#x80FD;&#x51FA;&#x73B0;&#x5C11;&#x91CF;&#x6E17;&#x8840;&#xFF0C;&#x53EF;&#x7528;&#x624B;&#x638C;&#x8F7B;&#x538B;&#x672F;&#x533A;&#x7EB1;&#x5E03;15-30&#x5206;&#x949F;&#x6B62;&#x8840;&#x3002; </p><p>2&#x3001;72&#x5C0F;&#x65F6;&#x5185;&#xFF0C;&#x907F;&#x514D;&#x906D;&#x5230;&#x5916;&#x90E8;&#x649E;&#x51FB;&#x548C;&#x6FC0;&#x70C8;&#x8FD0;&#x52A8;&#x3002;&#x7528;&#x51B0;&#x888B;&#x51B0;&#x6577;&#xFF08;&#x888B;&#x88C5;&#x51BB;&#x725B;&#x5976;&#x4E5F;&#x53EF;&#xFF09;&#xFF0C;&#x534A;&#x5C0F;&#x65F6;&#x5DE6;&#x53F3;&#x4F11;&#x606F;&#x5341;&#x5206;&#x949F;&#x3002;</p><p>3&#x3001;72&#x5C0F;&#x65F6;&#x540E;&#xFF0C;&#x53EF;&#x5F00;&#x59CB;&#x5BF9;&#x624B;&#x672F;&#x533A;&#x70ED;&#x6577;&#xFF0C;&#x4EE5;&#x4FC3;&#x8FDB;&#x624B;&#x672F;&#x533A;&#x57DF;&#x7684;&#x6563;&#x6DE4;&#x6D88;&#x80BF;&#x3002;</p><p>4&#x3001;&#x773C;&#x7751;&#x90E8;&#x7EB1;&#x5E03;&#x52A0;&#x538B;1-2&#x5929;&#xFF0C;&#x4E8E;&#x672F;&#x540E;24-48&#x5C0F;&#x65F6;&#x81EA;&#x884C;&#x89E3;&#x9664;&#xFF0C;&#x4E0D;&#x5FC5;&#x518D;&#x5305;&#x624E;&#x3002;</p><p>5&#x3001;&#x672F;&#x540E;2&#x5468;&#x5185;&#x4E0D;&#x8981;&#x770B;&#x7535;&#x89C6;&#x3001;&#x62A5;&#x7EB8;&#xFF0C;&#x5367;&#x5E8A;&#x4F11;&#x606F;&#x65F6;&#x628A;&#x6795;&#x5934;&#x57AB;&#x9AD8;&#xFF0C;&#x4EE5;&#x51CF;&#x8F7B;&#x773C;&#x7751;&#x90E8;&#x80BF;&#x80C0;&#xFF0C;&#x907F;&#x514D;&#x773C;&#x775B;&#x8FC7;&#x5EA6;&#x75B2;&#x52B3;&#x3002;</p><p>6&#x3001;&#x672F;&#x540E;&#x53EF;&#x4F69;&#x6234;&#x58A8;&#x955C;&#xFF0C;2&#x5468;&#x4EE5;&#x540E;&#x65B9;&#x53EF;&#x6234;&#x9690;&#x5F62;&#x773C;&#x955C;&#xFF0C;1&#x4E2A;&#x6708;&#x4EE5;&#x540E;&#x65B9;&#x53EF;&#x8D34;&#x5047;&#x773C;&#x776B;&#x6BDB;&#x3002;</p><p>7&#x3001;&#x4E00;&#x4E2A;&#x6708;&#x5185;&#x52FF;&#x98DF;&#x70DF;&#x9152;&#x3001;&#x8165;&#x3001;&#x8FA3;&#x7B49;&#x523A;&#x6FC0;&#x6027;&#x98DF;&#x7269;&#xFF0C;&#x4E0D;&#x8981;&#x5316;&#x5986;&#xFF0C;&#x4E0D;&#x53EF;&#x4F7F;&#x7528;&#x542B;&#x6709;&#x91CD;&#x91D1;&#x5C5E;&#x7684;&#x62A4;&#x80A4;&#x54C1;&#x3002;</p><p>8&#x3001;&#x672F;&#x540E;&#x4E24;&#x5468;&#x5185;&#x4E25;&#x7981;&#x670D;&#x7528;&#x963F;&#x53F8;&#x5339;&#x6797;&#x3001;&#x6CD5;&#x6797;&#xFF0C;&#x6FC0;&#x7D20;&#xFF0C;&#x53CA;&#x6D3B;&#x8840;&#x5316;&#x6DE4;&#x7B49;&#x836F;&#x7269;&#x3002;</p><p>9&#x3001;&#x6CE8;&#x610F;&#x52A0;&#x5F3A;&#x773C;&#x90E8;&#x808C;&#x8089;&#x7684;&#x8FD0;&#x52A8;&#xFF0C;&#x6BCF;&#x5929;&#x8981;&#x591A;&#x7741;&#x773C;&#x3001;&#x591A;&#x7728;&#x773C;&#x3001;&#x4E0D;&#x8981;&#x8001;&#x7761;&#x89C9;&#xFF0C;&#x5229;&#x4E8E;&#x6062;&#x590D;&#x4E5F;&#x5229;&#x4E8E;&#x81EA;&#x7136;&#x3002;</p>"},"GoodPoint":{"name":"缺点及风险","content":"<p>1.&#x65E0;&#x9700;&#x5207;&#x53E3;&#xFF0C;&#x521B;&#x4F24;&#x5C0F;&#x3002;</p><p>2.&#x4E0D;&#x5FC5;&#x5F00;&#x5200;&#x62C6;&#x7EBF;&#xFF0C;&#x4E14;&#x672F;&#x540E;&#x6062;&#x590D;&#x5FEB;&#xFF0C;&#x65E0;&#x660E;&#x663E;&#x7622;&#x75D5;&#x3002;</p><p>3. &#x82E5;&#x624B;&#x672F;&#x5931;&#x8D25;&#xFF0C;&#x6613;&#x4E8E;&#x4FEE;&#x590D;&#x3002;</p><p>4. &#x5E76;&#x53D1;&#x75C7;&#x8F83;&#x5C11;&#x3002;</p>"},"BadPoint":{"name":"术前锦囊","content":"<p>1.&#x5BB9;&#x6613;&#x8131;&#x7EBF;&#xFF0C;&#x7EF4;&#x6301;&#x65F6;&#x95F4;&#x77ED;&#x3002;</p><p>2.&#x9002;&#x5E94;&#x75C7;&#x8303;&#x56F4;&#x5C0F;&#x3002;</p>"}}