{"Title":"乔雅登（进口）","Related":{"name":"关联百科","content":[{"relatedId":"689","name":"玻尿酸填充面部"}]},"ShorDesc":{"name":"简介","content":"<p>&#x54C1;&#x724C;&#x540D;&#x79F0;&#xFF1A;&#x4E54;&#x96C5;&#x767B;<span lang=\"EN-US\">Juv&#xE9;derm</span></p><p class=\"MsoNormal\" align=\"left\">&#x751F;&#x4EA7;&#x5546;&#xFF1A;&#x7F8E;&#x56FD;&#x827E;&#x5C14;&#x5EFA;&#x516C;&#x53F8;</p><p class=\"MsoNormal\" align=\"left\">&#x73BB;&#x5C3F;&#x9178;&#x7C7B;&#x578B;&#xFF1A;&#x5355;&#x76F8;&#xFF08;&#x5E73;&#x6ED1;&#x578B;&#xFF09;</p><p class=\"MsoNormal\" align=\"left\">&#x54C1;&#x724C;&#x7CFB;&#x5217;&#xFF1A;&#x96C5;&#x81F4;&#xFF08;<span lang=\"EN-US\">Juv&#xE9;derm&#xAE;Ultra</span>&#xFF09;&#x3001;&#x6781;&#x81F4;&#xFF08;<span lang=\"EN-US\">Juv&#xE9;derm&#xAE;Ultra Plus</span>&#xFF09;</p><p class=\"MsoNormal\" align=\"left\">&#x7EF4;&#x6301;&#x65F6;&#x95F4;&#xFF1A;&#x96C5;&#x81F4;&#xFF08;<span lang=\"EN-US\">Juv&#xE9;derm&#xAE;Ultra</span>&#xFF09;<span lang=\"EN-US\">12</span>&#x4E2A;&#x6708;&#x4EE5;&#x4E0A;&#xFF1B;&#x6781;&#x81F4;&#xFF08;<span lang=\"EN-US\">Juv&#xE9;derm&#xAE;Ultra Plus</span>&#xFF09;<span lang=\"EN-US\">17</span>&#x4E2A;&#x6708;&#x4EE5;&#x4E0A;</p><p class=\"MsoNormal\" align=\"left\">&#x4F5C;&#x7528;&#xFF1A;&#x4E54;&#x96C5;&#x767B;&#xAE;&#x96C5;&#x81F4;&#x2122;&#x4E0E;&#x4E54;&#x96C5;&#x767B;&#x6781;&#x81F4;&#xAE;&#x7528;&#x4E8E;&#x6CE8;&#x5C04;&#x5230;&#x9762;&#x90E8;&#x771F;&#x76AE;&#x7EC4;&#x7EC7;&#x7684;&#x4E2D;&#x5C42;&#x81F3;&#x6DF1;&#x5C42;&#x90E8;&#x4F4D;&#xFF0C;&#x4EE5;&#x7EA0;&#x6B63;&#x4E2D;&#x5EA6;&#x548C;&#x91CD;&#x5EA6;&#x9F3B;&#x5507;&#x6C9F;&#x76B1;&#x7EB9;&#xFF0C;&#x6682;&#x65F6;&#x6027;&#x589E;&#x52A0;&#x9762;&#x90E8;&#x7EC4;&#x7EC7;&#x5BB9;&#x91CF;&#xFF0C;&#x6062;&#x590D;&#x9762;&#x90E8;&#x6D41;&#x7545;&#x7684;&#x7EBF;&#x6761;&#x3002;</p><p class=\"MsoNormal\" align=\"left\">&#x8BA4;&#x8BC1;&#xFF1A;&#x4E2D;&#x56FD;&#x56FD;&#x5BB6;&#x98DF;&#x54C1;&#x836F;&#x54C1;&#x76D1;&#x7763;&#x7BA1;&#x7406;&#x5C40;&#xFF08;<span lang=\"EN-US\">CFDA</span>&#xFF09;&#x3001;<span lang=\"EN-US\">FDA</span>&#xFF08;&#x7F8E;&#x56FD;&#xFF09;&#x3001;<span lang=\"EN-US\">CE</span>&#xFF08;&#x6B27;&#x76DF;&#xFF09;&#x3002;</p><p class=\"MsoNormal\" align=\"left\"><img src=\"http://hera.s.gmei.com/2016/10/13/79fecf7fe2\" style=\"width: 545px;\"></p><p class=\"MsoNormal\" align=\"left\"><img src=\"http://hera.s.gmei.com/2016/10/14/e09b223dff\" style=\"width: 773px;\"></p><p class=\"MsoNormal\" align=\"left\"><img src=\"http://hera.s.gmei.com/2016/10/14/fe9a635836\" style=\"width: 785px;\"><br></p><p class=\"MsoNormal\" align=\"left\"><span lang=\"EN-US\" style=\"font-size:12.0pt;\nfont-family:&#x5B8B;&#x4F53;;mso-ascii-theme-font:minor-fareast;mso-fareast-font-family:&#x5B8B;&#x4F53;;\nmso-fareast-theme-font:minor-fareast;mso-hansi-theme-font:minor-fareast;\nmso-bidi-font-family:&#x5B8B;&#x4F53;;mso-font-kerning:0pt\"><o:p></o:p></span></p><p class=\"MsoNormal\" align=\"left\"><span style=\"font-size:12.0pt;font-family:&#x5B8B;&#x4F53;;\nmso-ascii-theme-font:minor-fareast;mso-fareast-font-family:&#x5B8B;&#x4F53;;mso-fareast-theme-font:\nminor-fareast;mso-hansi-theme-font:minor-fareast;mso-bidi-font-family:&#x5B8B;&#x4F53;;\nmso-font-kerning:0pt;mso-ansi-language:ZH-CN\"><o:p></o:p></span></p><p class=\"MsoNormal\"><span style=\"font-size:12.0pt;font-family:&#x5B8B;&#x4F53;;mso-ascii-theme-font:\nminor-fareast;mso-fareast-font-family:&#x5B8B;&#x4F53;;mso-fareast-theme-font:minor-fareast;\nmso-hansi-theme-font:minor-fareast\"><span lang=\"EN-US\"><o:p></o:p></span></span></p><p class=\"MsoNormal\"><b><span style=\"font-size:12.0pt;font-family:&#x5B8B;&#x4F53;;mso-ascii-theme-font:minor-fareast;\nmso-fareast-font-family:&#x5B8B;&#x4F53;;mso-fareast-theme-font:minor-fareast;mso-hansi-theme-font:\nminor-fareast\"><span lang=\"EN-US\"><o:p></o:p></span></span></b></p>"},"Property":{"name":"档案","content":[]},"Desc":{"name":"项目／手术原理","content":""},"Sample":{"name":"效果示例","content":"<img src=\"http://hera.s.gmei.com/itemwiki/2016/10/13/3d4e052350-w\">"},"BeforIdear":{"name":"效果示例","content":""},"AfterIdear":{"name":"优点","content":""},"GoodPoint":{"name":"缺点及风险","content":""},"BadPoint":{"name":"术前锦囊","content":""}}