{"Title":"激光祛纹身","Related":{"name":"关联百科","content":[{"relatedId":"543","name":"皮秒激光"}]},"ShorDesc":{"name":"简介","content":"<p>&#x9002;&#x5E94;&#x75C7;&#xFF1A;&#x7EB9;&#x8EAB;&#x3001;&#x7EB9;&#x7709;&#x3001;&#x7EB9;&#x5507;&#x3001;&#x773C;&#x7EBF;</p><p>&#x5229;&#x7528;&#x6FC0;&#x5149;&#x7684;&#x7206;&#x7834;&#x6548;&#x5E94;&#xFF0C;&#x6709;&#x6548;&#x7A7F;&#x900F;&#x8868;&#x76AE;&#xFF0C;&#x5230;&#x8FBE;&#x771F;&#x76AE;&#x5C42;&#x7684;&#x8272;&#x7D20;&#x56E2;&#xFF0C;&#x6FC0;&#x5149;&#x7684;&#x4F5C;&#x7528;&#x65F6;&#x95F4;&#x6781;&#x77ED;&#x3001;&#x80FD;&#x91CF;&#x6781;&#x9AD8;&#xFF0C;&#x8272;&#x7D20;&#x56E2;&#x5728;&#x77AC;&#x95F4;&#x5438;&#x6536;&#x4E86;&#x9AD8;&#x80FD;&#x91CF;&#x7684;&#x6FC0;&#x5149;&#x540E;&#x8FC5;&#x901F;&#x81A8;&#x80C0;&#xFF0C;&#x7834;&#x88C2;&#x6210;&#x7EC6;&#x5C0F;&#x9897;&#x7C92;&#xFF0C;&#x88AB;&#x6392;&#x51FA;&#x4F53;&#x5916;&#xFF0C;&#x8272;&#x7D20;&#x56E2;&#x9010;&#x6E10;&#x53D8;&#x6DE1;&#x6D88;&#x5931;&#x3002;</p>"},"Property":{"name":"档案","content":["\n                <li>&#x6CBB;&#x7597;&#x65B9;&#x5F0F;&#xFF1A;<span>&#x5149;&#x7535;&#xFF08;&#x6709;&#x521B;&#xFF09;</span></li>\n                <li>&#x75BC;&#x75DB;&#x611F;&#xFF1A;<span>2&#x9897;&#x661F;</span><a href=\"gengmei://common_webview?url=http://backend.gmei.com/hybrid/ache_level\">&#x67E5;&#x770B;&#x75BC;&#x75DB;&#x5206;&#x7EA7;</a></li>\n                <li>&#x7EF4;&#x6301;&#x65F6;&#x95F4;&#xFF1A;<span>&#x6C38;&#x4E45;</span></li>\n                <li>&#x6CBB;&#x7597;&#x65F6;&#x95F4;&#xFF1A;<span>60-120&#x5206;&#x949F;</span></li>\n                <li>&#x53C2;&#x8003;&#x4EF7;&#x683C;&#xFF1A;<span>5000-20000</span></li>\n                <li>&#x9EBB;&#x9189;&#x65B9;&#x5F0F;&#xFF1A;<span>&#x8868;&#x9762;&#x9EBB;&#x9189;</span></li>\n                <li>&#x662F;&#x5426;&#x4F4F;&#x9662;&#xFF1A;<span>&#x5426;</span></li>\n                \n                <li>&#x62C6;&#x7EBF;&#x65F6;&#x95F4;&#xFF1A;<span>0-0&#x5929;</span></li>\n            "]},"Desc":{"name":"项目／手术原理","content":"<p>1. &#x53D7;&#x672F;&#x8005;&#x6E05;&#x6D01;&#x6CBB;&#x7597;&#x90E8;&#x4F4D;&#x3002;</p><p>2. &#x6234;&#x773C;&#x7F69;&#x4FDD;&#x62A4;&#x53D7;&#x672F;&#x8005;&#x773C;&#x775B;&#x3002;</p><p>3. &#x5728;&#x6CBB;&#x7597;&#x90E8;&#x4F4D;&#x6D82;&#x62B9;&#x51B7;&#x51DD;&#x80F6;&#x3002;</p><p>4. &#x5C06;&#x6FC0;&#x5149;&#x6CBB;&#x7597;&#x5934;&#x8F7B;&#x653E;&#x4E8E;&#x5F85;&#x6CBB;&#x7597;&#x76AE;&#x80A4;&#x4E0A;&#xFF0C;&#x5F00;&#x59CB;&#x5B9E;&#x65BD;&#x6CBB;&#x7597;&#x3002;</p><p><img src=\"http://hera.s.gmei.com/2016/10/12/f315d078e0\" style=\"width: 171px;\"><br></p>"},"Sample":{"name":"效果示例","content":"<img src=\"http://hera.s.gmei.com/itemwiki/2016/10/12/2dcee1adfd-w\">"},"BeforIdear":{"name":"效果示例","content":"<p>1&#x3001;&#x6CBB;&#x7597;&#x524D;&#x4E00;&#x5468;&#x5185;&#xFF0C;&#x907F;&#x514D;&#x670D;&#x7528;&#x963F;&#x53F8;&#x5339;&#x6797;&#x4E4B;&#x7C7B;&#x836F;&#x7269;&#xFF0C;&#x4EE5;&#x9632;&#x8F7B;&#x6613;&#x6D41;&#x8840;&#x3002;</p><p>2&#x3001;&#x6CBB;&#x7597;&#x524D;&#x6E05;&#x6D01;&#x9762;&#x90E8;&#xFF0C;&#x4E0D;&#x80FD;&#x6B8B;&#x7559;&#x5316;&#x5986;&#x54C1;&#x3002;</p>"},"AfterIdear":{"name":"优点","content":"<p>1&#x3001;&#x6CBB;&#x7597;&#x4E8C;&#x5468;&#x5185;&#xFF0C;&#x539F;&#x5219;&#x4E0A;&#x4E0D;&#x5B9C;&#x64E6;&#x6D17;&#x3002;</p><p>2&#x3001;&#x53EF;&#x6709;&#x8F7B;&#x5EA6;&#x7EA2;&#x80BF;&#xFF0C;&#x6DE1;&#x8910;&#x8272;&#x7684;&#x75C2;&#xFF0C;&#x6CE8;&#x610F;&#x521B;&#x9762;&#x4FDD;&#x62A4;&#x3001;&#x6E05;&#x6D01;&#x53EF;&#x7528;&#x4E9B;&#x6DA6;&#x6ED1;&#x6027;&#x836F;&#x7269;&#xFF0C;&#x7981;&#x6B62;&#x65E9;&#x671F;&#x53BB;&#x75C2;&#xFF0C;&#x8BA9;&#x81EA;&#x884C;&#x8131;&#x843D;&#x3002;</p><p>3&#x3001;&#x5C0F;&#x9762;&#x79EF;&#x6CBB;&#x7597;&#x4EC5;&#x5728;&#x5C40;&#x90E8;&#x51FA;&#x73B0;&#x8F7B;&#x5FAE;&#x80BF;&#x80C0;&#x3002;&#x5927;&#x9762;&#x79EF;&#x6CBB;&#x7597;&#x65F6;&#x7279;&#x522B;&#x662F;&#x773C;&#x775B;&#x5468;&#x56F4;&#x6CBB;&#x7597;&#x4F1A;&#x51FA;&#x73B0;&#x660E;&#x663E;&#x80BF;&#x80C0;&#xFF0C;&#x4E09;&#x3001;&#x4E94;&#x5929;&#x540E;&#x81EA;&#x884C;&#x6D88;&#x5931;&#x3002;</p><p>4&#x3001;&#x8138;&#x90E8;&#x672F;&#x540E;&#x7EA6;&#x534A;&#x6708;&#x8FDB;&#x884C;&#x4E13;&#x7528;&#x9762;&#x819C;&#x6CBB;&#x7597;&#x3002;</p><p>5&#x3001;&#x6CBB;&#x7597;&#x540E;&#x4E09;&#x4E2A;&#x6708;&#x5185;&#x907F;&#x514D;&#x65E5;&#x6652;&#x3002;</p>"},"GoodPoint":{"name":"缺点及风险","content":"<p>1&#x3001;&#x53EF;&#x4EE5;&#x53BB;&#x6389;&#x9762;&#x79EF;&#x6BD4;&#x8F83;&#x5927;&#xFF0C;&#x989C;&#x8272;&#x91CD;&#x7684;&#x56FE;&#x6848;&#x3002;</p><p>2&#x3001;&#x7EB9;&#x8EAB;&#x7684;&#x56FE;&#x6848;&#x989C;&#x8272;&#x8F83;&#x6DF1;&#xFF0C;&#x53EF;&#x4EE5;&#x91CD;&#x590D;&#x591A;&#x6B21;&#xFF0C;&#x4E0D;&#x65AD;&#x53D8;&#x6362;&#x5149;&#x7684;&#x6CE2;&#x957F;&#x3002;</p><p>3&#x3001;&#x6709;&#x9009;&#x62E9;&#x5730;&#x8FDB;&#x884C;&#x624B;&#x672F;&#xFF0C;&#x4F7F;&#x76AE;&#x80A4;&#x4E0D;&#x53D7;&#x635F;&#x4F24;&#x3002;</p>"},"BadPoint":{"name":"术前锦囊","content":"<p>1&#x3001;&#x65F6;&#x95F4;&#x8F83;&#x957F;&#x3002;</p><p>2&#x3001;&#x8D39;&#x7528;&#x8F83;&#x9AD8;&#x3002;</p><p>3&#x3001;&#x53BB;&#x9664;&#x5F69;&#x8272;&#x7EB9;&#x8EAB;&#x8981;&#x6BD4;&#x5355;&#x8272;&#x7EB9;&#x8EAB;&#x96BE;&#x3002;</p><p>4&#x3001;&#x60A3;&#x8005;&#x4E3A;&#x7622;&#x75D5;&#x4F53;&#x8D28;&#x8005;&#xFF0C;&#x6709;&#x53EF;&#x80FD;&#x7559;&#x4E0B;&#x7622;&#x75D5;&#x3002;</p><p>5&#x3001;&#x5728;&#x5904;&#x7406;&#x8FC7;&#x7684;&#x90E8;&#x4F4D;&#xFF0C;&#x4F1A;&#x7559;&#x4E0B;&#x6216;&#x6DF1;&#x6216;&#x6D45;&#x7684;&#x6591;&#x70B9;&#x3002;</p>"}}