{"Title":"祛黑头","Related":{"name":"关联百科","content":[{"relatedId":"429","name":"白瓷娃娃"},{"relatedId":"295","name":"黑脸娃娃"},{"relatedId":"533","name":"果酸换肤"}]},"ShorDesc":{"name":"简介","content":"<p class=\"MsoNormal\" align=\"center\" style=\"text-align: left; \">&#x9002;&#x5E94;&#x75C7;&#xFF1A;&#x9ED1;&#x5934;</p><p>\n\n\n\n</p><p class=\"MsoNormal\" align=\"left\"><span style=\"font-family:\n&#x5B8B;&#x4F53;;mso-ascii-font-family:Calibri;mso-ascii-theme-font:minor-latin;mso-fareast-font-family:\n&#x5B8B;&#x4F53;;mso-fareast-theme-font:minor-fareast;mso-hansi-font-family:Calibri;\nmso-hansi-theme-font:minor-latin\">&#x9ED1;&#x5934;&#xFF0C;&#x5373;&#x9ED1;&#x5934;&#x7C89;&#x523A;&#xFF0C;&#x662F;&#x4E00;&#x79CD;&#x5F00;&#x653E;&#x6027;&#x7C89;&#x523A;&#xFF0C;&#x662F;&#x5806;&#x79EF;&#x7684;&#x76AE;&#x8102;&#x5728;&#x7A7A;&#x6C14;&#x4E2D;&#x6C27;&#x5316;&#x5F62;&#x6210;&#x7684;&#x3002;&#x56E0;&#x4E3A;&#x795B;&#x9ED1;&#x5934;&#x53EF;&#x4EE5;&#x901A;&#x8FC7;&#x679C;&#x9178;&#x6362;&#x80A4;&#x3001;&#x767D;&#x74F7;&#x5A03;&#x5A03;&#x3001;&#x9ED1;&#x8138;&#x5A03;&#x5A03;&#x7B49;&#x65B9;&#x6CD5;&#x6765;&#x53BB;&#x6389;&#x3002;</span><span lang=\"EN-US\"><o:p></o:p></span></p>"},"Property":{"name":"档案","content":["\n                <li>&#x6CBB;&#x7597;&#x65B9;&#x5F0F;&#xFF1A;<span>&#x5149;&#x7535;&#xFF08;&#x65E0;&#x521B;&#xFF09;</span></li>\n                <li>&#x75BC;&#x75DB;&#x611F;&#xFF1A;<span>0&#x9897;&#x661F;</span><a href=\"gengmei://common_webview?url=http://backend.gmei.com/hybrid/ache_level\">&#x67E5;&#x770B;&#x75BC;&#x75DB;&#x5206;&#x7EA7;</a></li>\n                <li>&#x7EF4;&#x6301;&#x65F6;&#x95F4;&#xFF1A;<span>&#x56E0;&#x4EBA;&#x800C;&#x5F02;</span></li>\n                <li>&#x6CBB;&#x7597;&#x65F6;&#x95F4;&#xFF1A;<span>30-60&#x5206;&#x949F;</span></li>\n                <li>&#x53C2;&#x8003;&#x4EF7;&#x683C;&#xFF1A;<span>1000-2000</span></li>\n                <li>&#x9EBB;&#x9189;&#x65B9;&#x5F0F;&#xFF1A;<span>&#x65E0;</span></li>\n                <li>&#x662F;&#x5426;&#x4F4F;&#x9662;&#xFF1A;<span>&#x5426;</span></li>\n                \n                <li>&#x62C6;&#x7EBF;&#x65F6;&#x95F4;&#xFF1A;<span>0-0&#x5929;</span></li>\n            "]},"Desc":{"name":"项目／手术原理","content":"<p class=\"MsoNormal\" align=\"left\"><span style=\"font-family:\n&#x5B8B;&#x4F53;;mso-ascii-font-family:Calibri;mso-ascii-theme-font:minor-latin;mso-fareast-font-family:\n&#x5B8B;&#x4F53;;mso-fareast-theme-font:minor-fareast;mso-hansi-font-family:Calibri;\nmso-hansi-theme-font:minor-latin\">&#x679C;&#x9178;&#x6362;&#x80A4;&#xFF1A;&#x679C;&#x9178;&#x53EF;&#x6EB6;&#x89E3;&#x591A;&#x4F59;&#x6CB9;&#x8102;&#x3001;&#x89D2;&#x8D28;&#x3001;&#x758F;&#x901A;&#x6BDB;&#x5B54;&#x3001;&#x6291;&#x5236;&#x76AE;&#x8102;&#x817A;&#x8FC7;&#x5EA6;&#x5206;&#x6CCC;&#x3002;</span><span lang=\"EN-US\"><o:p></o:p></span></p><p class=\"MsoNormal\" align=\"left\"><span style=\"font-family:\n&#x5B8B;&#x4F53;;mso-ascii-font-family:Calibri;mso-ascii-theme-font:minor-latin;mso-fareast-font-family:\n&#x5B8B;&#x4F53;;mso-fareast-theme-font:minor-fareast;mso-hansi-font-family:Calibri;\nmso-hansi-theme-font:minor-latin\">&#x9ED1;&#x8138;&#x5A03;&#x5A03;&#xFF1A;&#xFF0C;&#x78B3;&#x7C89;&#x53EF;&#x4EE5;&#x5438;&#x9644;&#x76AE;&#x80A4;&#x4E0B;&#x7684;&#x6CB9;&#x8102;&#x4EE5;&#x53CA;&#x591A;&#x4F59;&#x89D2;&#x8D28;&#xFF0C;&#x6FC0;&#x5149;&#x5728;&#x6253;&#x5728;&#x6577;&#x6709;&#x78B3;&#x7C89;&#x7684;&#x9762;&#x90E8;&#x65F6;&#xFF0C;&#x53EF;&#x4F7F;&#x77AC;&#x95F4;&#x51FB;&#x788E;&#x3001;&#x7206;&#x7834;&#x78B3;&#x7C89;&#x5E26;&#x8D70;&#x591A;&#x4F59;&#x89D2;&#x8D28;&#x548C;&#x6CB9;&#x8102;&#x3002;</span><span lang=\"EN-US\"><o:p></o:p></span></p><p>\n\n\n\n</p><p class=\"MsoNormal\" align=\"left\"><span style=\"font-family:\n&#x5B8B;&#x4F53;;mso-ascii-font-family:Calibri;mso-ascii-theme-font:minor-latin;mso-fareast-font-family:\n&#x5B8B;&#x4F53;;mso-fareast-theme-font:minor-fareast;mso-hansi-font-family:Calibri;\nmso-hansi-theme-font:minor-latin\">&#x767D;&#x74F7;&#x5A03;&#x5A03;&#xFF1A;&#x758F;&#x901A;&#x6BDB;&#x5B54;&#x795B;&#x9664;&#x591A;&#x4F59;&#x6CB9;&#x8102;&#x3001;&#x6291;&#x5236;&#x76AE;&#x8102;&#x817A;&#x8FC7;&#x5EA6;&#x5206;&#x6CCC;&#x3002;</span></p><p class=\"MsoNormal\" align=\"left\"><img src=\"http://hera.s.gmei.com/2016/10/11/4f09bdeb8d\" style=\"width: 623px;\"><span style=\"font-family:\n&#x5B8B;&#x4F53;;mso-ascii-font-family:Calibri;mso-ascii-theme-font:minor-latin;mso-fareast-font-family:\n&#x5B8B;&#x4F53;;mso-fareast-theme-font:minor-fareast;mso-hansi-font-family:Calibri;\nmso-hansi-theme-font:minor-latin\"><br></span><span lang=\"EN-US\"><o:p></o:p></span></p>"},"Sample":{"name":"效果示例","content":"<img src=\"http://hera.s.gmei.com/itemwiki/2016/10/11/9fbc347c1a-w\">"},"BeforIdear":{"name":"效果示例","content":""},"AfterIdear":{"name":"优点","content":""},"GoodPoint":{"name":"缺点及风险","content":""},"BadPoint":{"name":"术前锦囊","content":""}}