{"Title":"冷冻溶脂","Related":{"name":"关联百科","content":[{"relatedId":"560","name":"超声溶脂"},{"relatedId":"561","name":"射频溶脂"},{"relatedId":"728","name":"光纤溶脂"}]},"ShorDesc":{"name":"简介","content":"<p>&#x9002;&#x5E94;&#x75C7;&#xFF1A;&#x8774;&#x8776;&#x8896;&#x3001;&#x8170;&#x8179;&#x6709;&#x8D58;&#x8089;&#x3001;&#x5927;&#x817F;&#x7C97;&#x3001;&#x5C0F;&#x817F;&#x7C97;&#x3001;&#x53CC;&#x4E0B;&#x5DF4;</p><p>&#x51B7;&#x51BB;&#x6EB6;&#x8102;&#xFF0C;&#x5373;&#x4F4E;&#x6E29;&#x4F53;&#x96D5;&#x7EA4;&#x4F53;&#x7597;&#x6CD5;&#x3002;&#x5B83;&#x5229;&#x7528;&#x8102;&#x80AA;&#x4E0D;&#x8010;&#x51B7;&#x7279;&#x6027;&#xFF08;&#x5728;&#x96F6;&#x4E0A;&#x4F4E;&#x6E29;&#x3001;&#x4E0D;&#x4F24;&#x5BB3;&#x5176;&#x5B83;&#x7EC4;&#x7EC7;&#x7684;&#x524D;&#x63D0;&#x4E0B;&#xFF09;&#x5C06;&#x8102;&#x80AA;&#x7EC6;&#x80DE;&#x51B7;&#x51BB;&#x3001;&#x7834;&#x574F;&#xFF08;2-3&#x4E2A;&#x6708;&#x5185;&#x574F;&#x6B7B;&#x8102;&#x80AA;&#x7EC6;&#x80DE;&#x901A;&#x8FC7;&#x809D;&#x810F;&#x4EE3;&#x8C22;&#x6389;&#xFF09;&#xFF0C;&#x8FBE;&#x5230;&#x5C40;&#x90E8;&#x51CF;&#x8102;&#x4F5C;&#x7528;&#x3002;&#x51B7;&#x51BB;&#x6EB6;&#x8102;&#x53EF;&#x51CF;&#x6389;&#x5927;&#x817F;&#x3001;&#x8170;&#x8179;&#x3001;&#x5927;&#x81C2;&#x548C;&#x53CC;&#x4E0B;&#x5DF4;&#x4E0A;&#x7684;&#x591A;&#x4F59;&#x8102;&#x80AA;&#x3002;</p>"},"Property":{"name":"档案","content":["\n                <li>&#x6CBB;&#x7597;&#x65B9;&#x5F0F;&#xFF1A;<span>&#x5149;&#x7535;&#xFF08;&#x65E0;&#x521B;&#xFF09;</span></li>\n                <li>&#x75BC;&#x75DB;&#x611F;&#xFF1A;<span>1&#x9897;&#x661F;</span><a href=\"gengmei://common_webview?url=http://backend.gmei.com/hybrid/ache_level\">&#x67E5;&#x770B;&#x75BC;&#x75DB;&#x5206;&#x7EA7;</a></li>\n                <li>&#x7EF4;&#x6301;&#x65F6;&#x95F4;&#xFF1A;<span>&#x6C38;&#x4E45;</span></li>\n                <li>&#x6CBB;&#x7597;&#x65F6;&#x95F4;&#xFF1A;<span>60-90&#x5206;&#x949F;</span></li>\n                <li>&#x53C2;&#x8003;&#x4EF7;&#x683C;&#xFF1A;<span>5000-20000</span></li>\n                <li>&#x9EBB;&#x9189;&#x65B9;&#x5F0F;&#xFF1A;<span>&#x65E0;</span></li>\n                <li>&#x662F;&#x5426;&#x4F4F;&#x9662;&#xFF1A;<span>&#x5426;</span></li>\n                \n                <li>&#x62C6;&#x7EBF;&#x65F6;&#x95F4;&#xFF1A;<span>0-0&#x5929;</span></li>\n            "]},"Desc":{"name":"项目／手术原理","content":"<p>1.&#x6E05;&#x6D01;&#x6EB6;&#x8102;&#x90E8;&#x4F4D;&#x3002;</p><p>2.&#x5728;&#x6EB6;&#x8102;&#x90E8;&#x4F4D;&#x6577;&#x51DD;&#x80F6;&#x8D34;&#x5242;&#x3002;</p><p>3.&#x8FDB;&#x884C;1&#x5C0F;&#x65F6;&#x5FAA;&#x73AF;&#x51B7;&#x51BB;&#x3002;</p><p>4.&#x6CBB;&#x7597;&#x540E;&#x591A;&#x996E;&#x6C34;&#x3001;&#x591A;&#x8FD0;&#x52A8;&#x3001;&#x63A7;&#x5236;&#x996E;&#x98DF;&#xFF0C;&#x7B49;&#x5F85;&#x89C1;&#x6548;&#x3002;</p><p><img src=\"http://hera.s.gmei.com/2016/10/11/c76ba70506\" style=\"width: 639px; height: 620.884px;\"></p><p>&#x76EE;&#x524D;&#xFF0C;&#x56FD;&#x9645;&#x4E0A;&#x6BD4;&#x8F83;&#x53D7;&#x8BA4;&#x53EF;&#x7684;&#x51B7;&#x51BB;&#x6EB6;&#x8102;&#x4EEA;&#x5668;&#x662F;&#x7F8E;&#x56FD;ZELTIQ&#x516C;&#x53F8;&#x7814;&#x53D1;&#x7684;CoolSculpting&#x51B0;&#x7F8E;&#x4EBA;&#x3002;</p><p><img src=\"http://hera.s.gmei.com/2016/10/11/4c276371d0\" style=\"width: 643px;\"><br></p>"},"Sample":{"name":"效果示例","content":"<img src=\"http://hera.s.gmei.com/itemwiki/2016/10/11/2ae8547e6e-w\">"},"BeforIdear":{"name":"效果示例","content":"<p>1.&#x6D4B;&#x4F53;&#x8102;&#x3001;&#x5236;&#x5B9A;&#x6CBB;&#x7597;&#x65B9;&#x6848;&#x3002;</p><p>2.&#x6577;&#x9632;&#x51BB;&#x819C;&#x3002;</p><p>3.&#x5982;&#x6709;&#x809D;&#x810F;&#x75BE;&#x75C5;&#x3001;&#x5FC3;&#x8840;&#x7BA1;&#x75BE;&#x75C5;&#x9700;&#x63D0;&#x524D;&#x544A;&#x77E5;&#x533B;&#x751F;&#x3002;</p>"},"AfterIdear":{"name":"优点","content":"<p>1.&#x6CBB;&#x7597;&#x540E;&#x591A;&#x559D;&#x6C34;&#x53EF;&#x52A0;&#x901F;&#x8102;&#x80AA;&#x4EE3;&#x8C22;&#x3002;</p><p>2.&#x6CBB;&#x7597;&#x540E;&#x5F53;&#x5929;&#x7981;&#x6B62;&#x6D17;&#x6FA1;&#x3002;</p><p>3.&#x6CBB;&#x7597;&#x540E;&#x6CE8;&#x610F;&#x8282;&#x98DF;&#x3001;&#x8FD0;&#x52A8;&#x3002;</p><p>4.&#x6CBB;&#x7597;&#x540E;&#x6CE8;&#x610F;&#x7761;&#x7720;&#x3002;</p>"},"GoodPoint":{"name":"缺点及风险","content":"<p>1.&#x5B89;&#x5168;&#x3001;&#x51E0;&#x4E4E;&#x65E0;&#x521B;&#x4F24;&#x3001;&#x65E0;&#x6062;&#x590D;&#x671F;&#x3002;</p><p>2.&#x4E00;&#x65E6;&#x51CF;&#x8102;&#xFF0C;&#x5728;&#x7EF4;&#x6301;&#x4F53;&#x91CD;&#x7684;&#x60C5;&#x51B5;&#x4E0B;&#xFF0C;&#x6548;&#x679C;&#x6C38;&#x4E45;&#x3002;</p><p>3.&#x548C;&#x4F20;&#x7EDF;&#x5438;&#x8102;&#x672F;&#x76F8;&#x6BD4;&#xFF0C;&#x526F;&#x4F5C;&#x7528;&#x548C;&#x5E76;&#x53D1;&#x75C7;&#x90FD;&#x5F88;&#x5C11;&#x3002;</p><p>4.&#x6CBB;&#x7597;&#x540E;&#x4E0D;&#x9700;&#x7A7F;&#x7D27;&#x8EAB;&#x8863;&#x3002;</p>"},"BadPoint":{"name":"术前锦囊","content":"<p>1.&#x5C40;&#x90E8;&#x5851;&#x5F62;&#x800C;&#x975E;&#x5168;&#x8EAB;&#x51CF;&#x80A5;&#xFF0C;&#x53EA;&#x9002;&#x7528;&#x4E8E;&#x5927;&#x817F;&#x3001;&#x5927;&#x81C2;&#x3001;&#x8170;&#x8179;&#x548C;&#x53CC;&#x4E0B;&#x5DF4;&#x4E0A;&#x7684;&#x591A;&#x4F59;&#x8102;&#x80AA;&#x3002;</p><p>2.&#x89C1;&#x6548;&#x7F13;&#x6162;&#xFF0C;&#x8102;&#x80AA;&#x4EE3;&#x8C22;&#x51FA;&#x4F53;&#x5916;&#x9700;&#x8981;&#x4E00;&#x5B9A;&#x65F6;&#x95F4;&#xFF0C;&#x901A;&#x5E38;2-4&#x5468;&#x540E;&#x624D;&#x80FD;&#x770B;&#x5230;&#x6BD4;&#x8F83;&#x660E;&#x663E;&#x7684;&#x6548;&#x679C;&#x3002;</p><p>3.&#x6CBB;&#x7597;&#x524D;10&#x5206;&#x949F;&#x6709;&#x7275;&#x62C9;&#x75DB;&#x611F;&#x3002;</p><p>4.&#x6CBB;&#x7597;&#x540E;&#x6709;&#x53EF;&#x80FD;&#x51FA;&#x73B0;&#x6682;&#x65F6;&#x6027;&#x53D1;&#x7EA2;&#x6DE4;&#x8840;&#x3001;&#x9178;&#x75DB;&#x3001;&#x9EBB;&#x6728;&#xFF0C;1-3&#x5468;&#x3002;</p><p>5.&#x5BF9;&#x809D;&#x810F;&#x6709;&#x4E00;&#x5B9A;&#x8D1F;&#x62C5;&#x3002;</p>"}}