{"Title":"自体软骨垫鼻基底","Related":{"name":"关联百科","content":[{"relatedId":"685","name":"鼻基底塑形"},{"relatedId":"411","name":"假体垫鼻基底"},{"relatedId":"412","name":"玻尿酸垫鼻基底"},{"relatedId":"413","name":"自体脂肪垫鼻基底"}]},"ShorDesc":{"name":"简介","content":"<p>&#x9002;&#x5E94;&#x75C7;&#xFF1A;&#x9F3B;&#x57FA;&#x5E95;&#x51F9;&#x9677;&#x4EBA;&#x7FA4;</p><p>&#x81EA;&#x4F53;&#x8F6F;&#x9AA8;&#x57AB;&#x9F3B;&#x57FA;&#x5E95;&#xFF0C;&#x662F;&#x7528;&#x81EA;&#x4F53;&#x8033;&#x8F6F;&#x9AA8;&#x3001;&#x808B;&#x8F6F;&#x9AA8;&#x6216;&#x9F3B;&#x4E2D;&#x9694;&#x8F6F;&#x9AA8;&#xFF0C;&#x7ECF;&#x8FC7;&#x96D5;&#x523B;&#x540E;&#x57AB;&#x5728;&#x9F3B;&#x57FA;&#x5E95;&#x5904;&#xFF0C;&#x62AC;&#x9AD8;&#x9F3B;&#x57FA;&#x5E95;&#xFF0C;&#x6539;&#x5584;&#x9F3B;&#x57FA;&#x5E95;&#x51F9;&#x9677;&#xFF0C;&#x5728;&#x6574;&#x4F53;&#x4E0A;&#x5C55;&#x73B0;&#x6700;&#x7F8E;&#x7684;&#x9F3B;&#x5B50;&#x3002;</p>"},"Property":{"name":"档案","content":["\n                <li>&#x6CBB;&#x7597;&#x65B9;&#x5F0F;&#xFF1A;<span>&#x624B;&#x672F;</span></li>\n                <li>&#x75BC;&#x75DB;&#x611F;&#xFF1A;<span>2&#x9897;&#x661F;</span><a href=\"gengmei://common_webview?url=http://backend.gmei.com/hybrid/ache_level\">&#x67E5;&#x770B;&#x75BC;&#x75DB;&#x5206;&#x7EA7;</a></li>\n                <li>&#x7EF4;&#x6301;&#x65F6;&#x95F4;&#xFF1A;<span>&#x5927;&#x591A;&#x6570;&#x4EBA;&#x53EF;&#x957F;&#x4E45;&#x7EF4;&#x6301;</span></li>\n                <li>&#x6CBB;&#x7597;&#x65F6;&#x95F4;&#xFF1A;<span>60-120&#x5206;&#x949F;</span></li>\n                <li>&#x53C2;&#x8003;&#x4EF7;&#x683C;&#xFF1A;<span>5000-20000</span></li>\n                <li>&#x9EBB;&#x9189;&#x65B9;&#x5F0F;&#xFF1A;<span>&#x5C40;&#x9EBB;</span></li>\n                <li>&#x662F;&#x5426;&#x4F4F;&#x9662;&#xFF1A;<span>&#x5426;</span></li>\n                \n                <li>&#x62C6;&#x7EBF;&#x65F6;&#x95F4;&#xFF1A;<span>7-10&#x5929;</span></li>\n            "]},"Desc":{"name":"项目／手术原理","content":"<p><span style=\"color: rgb(51, 51, 51); font-family: arial, &#x5B8B;&#x4F53;, sans-serif; text-indent: 28px;\">&#x9F3B;&#x57FA;&#x5E95;&#x6574;&#x5F62;&#x80FD;&#x591F;&#x89E3;&#x51B3;&#x9762;&#x90E8;&#x51F9;&#x9677;&#x548C;&#x6539;&#x5584;&#x8F7B;&#x5FAE;&#x51F8;&#x5634;&#x7684;&#x95EE;&#x9898;&#x3002;&#x9F3B;&#x57FA;&#x5E95;&#xFF0C;&#x5C31;&#x662F;&#x9F3B;&#xFF08;&#x4E3B;&#x8981;&#x6307;&#x5916;&#x9F3B;&#xFF0C;&#x5C31;&#x662F;&#x9F3B;&#x90E8;&#x4ECE;&#x5916;&#x9762;&#x80FD;&#x770B;&#x5230;&#x7684;&#x90E8;&#x5206;&#xFF09;&#x4E0E;&#x4E0A;&#x5507;&#x76F8;&#x8FDE;&#x7684;&#x57FA;&#x5E95;&#x90E8;&#x5206;&#xFF0C;&#x9F3B;&#x57FA;&#x5E95;&#x6574;&#x5F62;&#x53EF;&#x4EE5;&#x8BA9;&#x4FA7;&#x9762;&#x4F1A;&#x66F4;&#x52A0;&#x6709;&#x7ACB;&#x4F53;&#x611F;&#xFF0C;&#x4E5F;&#x53EF;&#x4EE5;&#x6574;&#x4F53;&#x62AC;&#x9AD8;&#x9F3B;&#x90E8;&#x5728;&#x6574;&#x4E2A;&#x9762;&#x90E8;&#x7684;&#x611F;&#x89C9;&#x3002;</span></p><p><img src=\"http://hera.s.gmei.com/2017/04/05/b6323207e4\" style=\"width: 438px;\"><span style=\"color: rgb(51, 51, 51); font-family: arial, &#x5B8B;&#x4F53;, sans-serif; text-indent: 28px;\"><br></span></p>"},"Sample":{"name":"效果示例","content":"<img src=\"http://hera.s.gmei.com/itemwiki/2017/04/05/cb8dfca36a-w\">"},"BeforIdear":{"name":"效果示例","content":"<div class=\"para\" label-module=\"para\" style=\"word-wrap: break-word; margin-bottom: 15px; line-height: 24px; zoom: 1;\">&#x4E3A;&#x4E86;&#x8FBE;&#x5230;&#x6700;&#x597D;&#x7684;&#x6CBB;&#x7597;&#x6548;&#x679C;&#xFF0C;&#x9F3B;&#x57FA;&#x5E95;&#x586B;&#x5145;&#x7684;&#x8981;&#x6C42;&#x662F;&#xFF1A;&#x9700;&#x8981;&#x5927;&#x5BB6;&#x5728;&#x624B;&#x672F;&#x524D;&#x505A;&#x597D;&#x5229;&#x4E8E;&#x624B;&#x672F;&#x987A;&#x5229;&#x8FDB;&#x884C;&#x7684;&#x4E00;&#x5207;&#x51C6;&#x5907;&#xFF1A;</div><div class=\"para\" label-module=\"para\" style=\"word-wrap: break-word; margin-bottom: 15px; line-height: 24px; zoom: 1;\">1&#x3001;&#x5973;&#x6027;&#x60A3;&#x8005;&#x624B;&#x672F;&#x65F6;&#x5E94;&#x907F;&#x5F00;&#x6708;&#x7ECF;&#x671F;;</div><div class=\"para\" label-module=\"para\" style=\"word-wrap: break-word; margin-bottom: 15px; line-height: 24px; zoom: 1;\">2&#x3001;&#x5C40;&#x90E8;&#x4E0D;&#x80FD;&#x6709;&#x6697;&#x75AE;&#xFF0C;&#x9F3B;&#x585E;&#x6D41;&#x6D95;&#x7B49;&#x611F;&#x67D3;&#x75C5;&#x7076;&#x5B58;&#x5728;&#xFF0C;&#x5E76;&#x8981;&#x5F7B;&#x5E95;&#x6E05;&#x6D01;&#x9762;&#x90E8;;</div><div class=\"para\" label-module=\"para\" style=\"word-wrap: break-word; margin-bottom: 15px; line-height: 24px; zoom: 1;\">3&#x3001;&#x957F;&#x671F;&#x670D;&#x7528;&#x6297;&#x51DD;&#x836F;&#x3001;&#x8840;&#x7BA1;&#x6269;&#x5F20;&#x8981;&#x53CA;&#x6FC0;&#x7D20;&#x7C7B;&#x836F;&#x7684;&#x60A3;&#x8005;&#xFF0C;&#x987B;&#x505C;&#x836F; 1-2 &#x5468;;</div><div class=\"para\" label-module=\"para\" style=\"word-wrap: break-word; margin-bottom: 15px; line-height: 24px; zoom: 1;\">4&#x3001;&#x505C;&#x6B62;&#x670D;&#x7528;&#x6D0B;&#x53C2;&#x53CA;&#x4EBA;&#x53C2;&#x7B49;&#x8865;&#x54C1;;</div><div class=\"para\" label-module=\"para\" style=\"word-wrap: break-word; margin-bottom: 15px; line-height: 24px; zoom: 1;\">5&#x3001;&#x5BF9;&#x5438;&#x70DF;&#x60A3;&#x8005;&#xFF0C;&#x672F;&#x524D;&#x505C;&#x6B62;&#x5438;&#x70DF;2&#x5468;&#x3002;</div>"},"AfterIdear":{"name":"优点","content":"<div class=\"para\" label-module=\"para\" style=\"word-wrap: break-word; margin-bottom: 15px; line-height: 24px; zoom: 1;\">&#x4E3A;&#x4E86;&#x4FDD;&#x8BC1;&#x624B;&#x672F;&#x7684;&#x6548;&#x679C;&#xFF0C;&#x9F3B;&#x57FA;&#x5E95;&#x586B;&#x5145;&#x7684;&#x8981;&#x6C42;&#x6709;&#xFF1A;&#x5728;&#x624B;&#x672F;&#x540E;&#x9700;&#x8981;&#x5927;&#x5BB6;&#x505A;&#x597D;&#x4E2A;&#x4EBA;&#x62A4;&#x7406;&#x3002;</div><div class=\"para\" label-module=\"para\" style=\"word-wrap: break-word; margin-bottom: 15px; line-height: 24px; zoom: 1;\">1&#x3001;&#x505A;&#x5B8C;&#x97E9;&#x5F0F;&#x9686;&#x9F3B;&#x672F;&#x540E;&#x53E3;&#x670D;&#x5E38;&#x89C4;&#x6297;&#x751F;&#x7D20;3&#x5929;;</div><div class=\"para\" label-module=\"para\" style=\"word-wrap: break-word; margin-bottom: 15px; line-height: 24px; zoom: 1;\">2&#x3001;&#x9686;&#x9F3B;&#x672F;&#x540E;&#x521B;&#x53E3;&#x6D82;&#x6297;&#x751F;&#x7D20;&#x6CB9;&#x818F;&#xFF0C;&#x66B4;&#x9732;&#xFF0C;&#x4E0D;&#x5305;&#x624E;&#xFF0C;&#x4F1A;&#x6709;&#x5C11;&#x91CF;&#x6E17;&#x8840;&#xFF0C;&#x53EF;&#x7528;&#x6D88;&#x6BD2;&#x68C9;&#x7B7E;&#x8F7B;&#x8F7B;&#x643D;&#x53BB;&#xFF0C;&#x5207;&#x4E0D;&#x53EF;&#x7528;&#x4E0D;&#x6E05;&#x6D01;&#x7684;&#x4E1C;&#x897F;&#x63A5;&#x89E6;&#x521B;&#x53E3;&#xFF0C;&#x4EE5;&#x514D;&#x6C61;&#x67D3;;</div><div class=\"para\" label-module=\"para\" style=\"word-wrap: break-word; margin-bottom: 15px; line-height: 24px; zoom: 1;\">3&#x3001;&#x624B;&#x672F;&#x5207;&#x53E3;&#x4E00;&#x822C;&#x4F4D;&#x4E8E;&#x4E00;&#x4FA7;&#x9F3B;&#x5B54;&#x5185;&#x7F18;&#xFF0C;&#x672F;&#x540E;&#x6D17;&#x8138;&#x65F6;&#x5E94;&#x907F;&#x514D;&#x5C06;&#x5176;&#x5F04;&#x6E7F;;</div><div class=\"para\" label-module=\"para\" style=\"word-wrap: break-word; margin-bottom: 15px; line-height: 24px; zoom: 1;\">4&#x3001;&#x672F;&#x540E;&#x5E94;&#x6CE8;&#x610F;&#x4FDD;&#x62A4;&#x9F3B;&#x90E8;&#x52FF;&#x53D7;&#x5916;&#x529B;;&#x5C24;&#x5176;&#x6CE8;&#x610F;&#x7761;&#x89C9;&#x65F6;&#x4E0D;&#x80FD;&#x4FA7;&#x7740;&#x7761;&#xFF0C;&#x4EE5;&#x514D;&#x9F3B;&#x90E8;&#x53D7;&#x5230;&#x6324;&#x538B;;</div><div class=\"para\" label-module=\"para\" style=\"word-wrap: break-word; margin-bottom: 15px; line-height: 24px; zoom: 1;\">5&#x3001;&#x624B;&#x672F;&#x540E;&#x9F3B;&#x90E8;&#x4F1A;&#x51FA;&#x73B0;&#x80BF;&#x80C0;&#xFF0C;&#x672F;&#x540E;2-3&#x5929;&#x8F83;&#x660E;&#x663E;&#xFF0C;&#x4E00;&#x5468;&#x540E;&#x57FA;&#x672C;&#x53EF;&#x6D88;&#x9000;;</div><div class=\"para\" label-module=\"para\" style=\"word-wrap: break-word; margin-bottom: 15px; line-height: 24px; zoom: 1;\">6&#x3001;&#x624B;&#x672F;&#x540E;&#x4E03;&#x5929;&#x62C6;&#x7EBF;&#x5373;&#x53EF;&#x57FA;&#x672C;&#x6062;&#x590D;&#xFF0C;&#x624B;&#x672F;&#x540E;1&#xFF5E;3&#x4E2A;&#x6708;&#x5373;&#x53EF;&#x5B8C;&#x5168;&#x6062;&#x590D;&#x81EA;&#x7136;;</div><div class=\"para\" label-module=\"para\" style=\"word-wrap: break-word; margin-bottom: 15px; line-height: 24px; zoom: 1;\">7&#x3001;&#x672F;&#x540E;&#x80BF;&#x80C0;&#x4E00;&#x822C;&#x4E8E;&#x4E00;&#x5468;&#x5DE6;&#x53F3;&#x6D88;&#x9000;&#xFF0C;&#x4E00;&#x4E2A;&#x6708;&#x540E;&#x4FBF;&#x53EF;&#x770B;&#x5230;&#x4E00;&#x4E2A;&#x5B8C;&#x7F8E;&#x7684;&#x65B0;&#x5F62;&#x8C61;&#x3002;</div>"},"GoodPoint":{"name":"缺点及风险","content":"<p class=\"md-paragraph\">&#x9F3B;&#x57FA;&#x5E95;&#x586B;&#x5145;&#x53EF;&#x4EE5;&#x6539;&#x5584;&#x9762;&#x4E2D;&#x90E8;&#x7684;&#x51F9;&#x9677;&#xFF0C;&#x672F;&#x540E;&#x663E;&#x5F97;&#x9F3B;&#x5B50;&#x5468;&#x56F4;&#x7206;&#x6EE1;&#x6709;&#x798F;&#x6C14;&#xFF0C;&#x5728;&#x97E9;&#x56FD;&#x88AB;&#x79F0;&#x4E3A;&#x201C;&#x5BCC;&#x8D35;&#x624B;&#x672F;&#x201D;&#x3002;&#x540C;&#x65F6;&#x5BF9;&#x7A81;&#x5634;&#x4E5F;&#x6709;&#x4E00;&#x5B9A;&#x7A0B;&#x5EA6;&#x7684;&#x6539;&#x5584;&#xFF0C;&#x80FD;&#x4F7F;&#x9F3B;&#x5934;&#x548C;&#x4E0A;&#x5507;&#x7684;&#x8854;&#x63A5;&#x66F4;&#x4E3A;&#x548C;&#x8C10;&#x3002;</p>\n"},"BadPoint":{"name":"术前锦囊","content":""}}