{"Title":"双眼皮修复","Related":{"name":"关联百科","content":[{"relatedId":"484","name":"切开双眼皮"},{"relatedId":"191","name":"微创双眼皮"},{"relatedId":"190","name":"埋线双眼皮"},{"relatedId":"199","name":"上睑下垂矫正"}]},"ShorDesc":{"name":"简介","content":"<p style=\"margin-bottom: 0px; padding: 0px; line-height: 24px;\">&#x773C;&#x90E8;&#x6574;&#x5F62;&#x5931;&#x8D25;&#x4FEE;&#x590D;&#xFF0C;&#x53C8;&#x79F0;&#x201C;&#x773C;&#x90E8;&#x6574;&#x5F62;&#x5931;&#x8D25;&#x4FEE;&#x590D;&#x672F;&#x201D;&#xFF0C;&#x662F;&#x5BF9;&#x5404;&#x79CD;&#x539F;&#x56E0;&#x6240;&#x5BFC;&#x81F4;&#x7684;&#x773C;&#x90E8;&#x6574;&#x5F62;&#x5931;&#x8D25;&#xFF0C;&#x8FDB;&#x884C;&#x6539;&#x5584;&#x4FEE;&#x590D;&#x7684;&#x624B;&#x672F;&#xFF0C;&#x4F7F;&#x4E0D;&#x7406;&#x60F3;&#x7684;&#x773C;&#x90E8;&#x5916;&#x89C2;&#x5F62;&#x6001;&#x53D8;&#x5F97;&#x66F4;&#x81EA;&#x7136;&#x3002;&#x901A;&#x4FD7;&#x7684;&#x8BF4;&#x5C31;&#x662F;&#x628A;&#x5931;&#x8D25;&#x7684;&#x53CC;&#x773C;&#x76AE;&#x3001;&#x773C;&#x888B;&#x7B49;&#x4FEE;&#x590D;&#x6210;&#x529F;&#x3002;</p><div><br></div><p>&#x9002;&#x5E94;&#x75C7;&#xFF1A;&#x91CD;&#x7751;&#x7EBF;&#x4E0D;&#x660E;&#x663E;&#x3001;&#x4E09;&#x773C;&#x76AE;&#x3001;&#x53CC;&#x773C;&#x76AE;&#x8FC7;&#x5BBD;&#x6216;&#x8FC7;&#x7A84;&#x6216;&#x4E0D;&#x5BF9;&#x79F0;&#x3001;&#x7622;&#x75D5;&#x589E;&#x751F;&#x3001;&#x7741;&#x773C;&#x8D39;&#x529B;&#x7B49;</p><p>&#x6539;&#x5584;&#x672F;&#x540E;&#x91CD;&#x7751;&#x7EBF;&#x4E0D;&#x660E;&#x663E;&#x3001;&#x90E8;&#x5206;&#x6D88;&#x5931;&#x3001;&#x4E09;&#x773C;&#x76AE;&#x3001;&#x53CC;&#x773C;&#x76AE;&#x8FC7;&#x5BBD;&#x6216;&#x8FC7;&#x7A84;&#x6216;&#x4E0D;&#x5BF9;&#x79F0;&#x3001;&#x91CD;&#x7751;&#x7EBF;&#x4E0D;&#x6D41;&#x7545;&#x3001;&#x7622;&#x75D5;&#x589E;&#x751F;&#x3001;&#x7741;&#x773C;&#x8D39;&#x529B;&#x7B49;&#x95EE;&#x9898;&#x3002;</p>"},"Property":{"name":"档案","content":["\n                <li>&#x6CBB;&#x7597;&#x65B9;&#x5F0F;&#xFF1A;<span>&#x624B;&#x672F;</span></li>\n                <li>&#x75BC;&#x75DB;&#x611F;&#xFF1A;<span>2&#x9897;&#x661F;</span><a href=\"gengmei://common_webview?url=http://backend.gmei.com/hybrid/ache_level\">&#x67E5;&#x770B;&#x75BC;&#x75DB;&#x5206;&#x7EA7;</a></li>\n                <li>&#x7EF4;&#x6301;&#x65F6;&#x95F4;&#xFF1A;<span>&#x6C38;&#x4E45;</span></li>\n                <li>&#x6CBB;&#x7597;&#x65F6;&#x95F4;&#xFF1A;<span>40-60&#x5206;&#x949F;</span></li>\n                <li>&#x53C2;&#x8003;&#x4EF7;&#x683C;&#xFF1A;<span>5000-30000</span></li>\n                <li>&#x9EBB;&#x9189;&#x65B9;&#x5F0F;&#xFF1A;<span>&#x5C40;&#x9EBB;</span></li>\n                <li>&#x662F;&#x5426;&#x4F4F;&#x9662;&#xFF1A;<span>&#x5426;</span></li>\n                \n                <li>&#x62C6;&#x7EBF;&#x65F6;&#x95F4;&#xFF1A;<span>5-7&#x5929;</span></li>\n            "]},"Desc":{"name":"项目／手术原理","content":"<p class=\"md-paragraph\"></p><p style=\"margin-bottom: 0px; padding: 0px; line-height: 24px;\">&#x53CC;&#x773C;&#x76AE;&#x624B;&#x672F;&#x5931;&#x8D25;&#x540E;&#xFF0C;&#x9700;&#x8981;&#x5BF9;&#x6548;&#x679C;&#x4E0D;&#x7406;&#x60F3;&#x7684;&#x53CC;&#x773C;&#x76AE;&#x8FDB;&#x884C;&#x6539;&#x5584;&#x4FEE;&#x590D;&#xFF0C;&#x4F7F;&#x5176;&#x8FBE;&#x5230;&#x8F83;&#x7406;&#x60F3;&#x7684;&#x6548;&#x679C;&#x3002;&#x6839;&#x636E;&#x6BCF;&#x4E2A;&#x4EBA;&#x60C5;&#x51B5;&#x7684;&#x4E0D;&#x540C;&#xFF0C;&#x9009;&#x62E9;&#x9002;&#x5408;&#x7684;&#x4FEE;&#x590D;&#x65B9;&#x6CD5;&#x3002;&#x4E00;&#x822C;&#x4FEE;&#x590D;&#x624B;&#x672F;&#x9700;&#x5728;&#x53CC;&#x773C;&#x76AE;&#x672F;&#x540E;&#x95F4;&#x9694;&#x9002;&#x5B9C;&#x65F6;&#x95F4;&#x6BB5;&#xFF0C;&#x4E00;&#x822C;&#x4E3A;3-6&#x4E2A;&#x6708;&#xFF0C;&#x5F85;&#x624B;&#x672F;&#x90E8;&#x4F4D;&#x5B8C;&#x5168;&#x6108;&#x5408;&#x540E;&#x518D;&#x8FDB;&#x884C;&#x3002;</p><div><br></div><p></p>\n"},"Sample":{"name":"效果示例","content":"<img src=\"http://hera.s.gmei.com/itemwiki/2016/10/12/45f8a4badb-w\">"},"BeforIdear":{"name":"效果示例","content":"<p>1.&#x5973;&#x6027;&#x907F;&#x5F00;&#x6708;&#x7ECF;&#x671F;&#x3001;&#x598A;&#x5A20;&#x671F;&#xFF0C;&#x907F;&#x514D;&#x51FA;&#x8840;&#x589E;&#x591A;&#x6216;&#x80BF;&#x80C0;&#x52A0;&#x91CD;&#x3002;</p><p>2.&#x624B;&#x672F;&#x524D;&#x4E24;&#x5468;&#x5185;&#xFF0C;&#x8BF7;&#x52FF;&#x670D;&#x7528;&#x56FA;&#x9187;&#x6FC0;&#x7D20;&#x548C;&#x963F;&#x65AF;&#x5339;&#x6797;&#x7B49;&#x6297;&#x51DD;&#x8840;&#x7C7B;&#x836F;&#x7269;&#x548C;&#x8865;&#x54C1;&#x3002;</p><p>3.&#x624B;&#x672F;&#x5F53;&#x65E5;&#x4E0D;&#x8981;&#x5316;&#x5986;&#x3001;&#x6234;&#x88C5;&#x9970;&#x7269;&#xFF0C;&#x624B;&#x672F;&#x5F53;&#x5929;&#x51C0;&#x9762;&#x3001;&#x6D88;&#x6BD2;&#x3002;</p><p>4.&#x7537;&#x6027;&#x9700;&#x8981;&#x63D0;&#x524D;&#x6212;&#x70DF;&#x4E00;&#x5468;&#x3002;</p><p>5.&#x5E38;&#x89C4;&#x8EAB;&#x4F53;&#x68C0;&#x67E5;&#x2014;&#x2014;&#x5168;&#x8EAB;&#x68C0;&#x67E5;&#x3001;&#x5404;&#x9879;&#x5316;&#x9A8C;&#x68C0;&#x67E5;&#x3002;</p>"},"AfterIdear":{"name":"优点","content":"<p>1.&#x5F53;&#x5929;&#x5C40;&#x90E8;&#x4F24;&#x53E3;&#x53EF;&#x80FD;&#x51FA;&#x73B0;&#x5C11;&#x91CF;&#x6E17;&#x8840;&#x5C5E;&#x4E8E;&#x6B63;&#x5E38;&#x73B0;&#x8C61;&#xFF0C;&#x672F;&#x540E;&#x90E8;&#x4F4D;&#x7528;&#x7EB1;&#x5E03;&#x52A0;&#x538B;1-2&#x5929; </p><p>2.72&#x5C0F;&#x65F6;&#x5185;&#xFF0C;&#x7528;&#x51B0;&#x888B;&#x51B0;&#x6577;&#xFF08;&#x888B;&#x88C5;&#x51BB;&#x725B;&#x5976;&#x4E5F;&#x53EF;&#xFF09;&#x4EE5;&#x51CF;&#x5C11;&#x5C40;&#x90E8;&#x51FA;&#x8840;&#x53CA;&#x80BF;&#x80C0;&#xFF1B;72&#x5C0F;&#x65F6;&#x540E;&#xFF0C;&#x53EF;&#x5F00;&#x59CB;&#x5BF9;&#x624B;&#x672F;&#x90E8;&#x4F4D;&#x70ED;&#x6577;&#x4EE5;&#x4FC3;&#x8FDB;&#x773C;&#x775B;&#x6563;&#x6DE4;&#x6D88;&#x80BF;</p><p>3.&#x672F;&#x540E;2&#x5468;&#x5185;&#x5C3D;&#x91CF;&#x4E0D;&#x8981;&#x8FC7;&#x5EA6;&#x7528;&#x773C;&#x3001;4&#x5468;&#x4EE5;&#x540E;&#x65B9;&#x53EF;&#x6234;&#x9690;&#x5F62;&#x773C;&#x955C; </p><p>4.&#x5367;&#x5E8A;&#x4F11;&#x606F;&#x65F6;&#x6700;&#x597D;&#x534A;&#x5367;&#x4F4D;(&#x628A;&#x6795;&#x5934;&#x57AB;&#x9AD8;)&#x4EE5;&#x51CF;&#x8F7B;&#x773C;&#x7751;&#x90E8;&#x80BF;&#x80C0;</p><p>5.&#x4E00;&#x4E2A;&#x6708;&#x5185;&#x6212;&#x70DF;&#x9152;&#x3001;&#x5C3D;&#x91CF;&#x4E0D;&#x8981;&#x5403;&#x8165;&#x8FA3;&#x7B49;&#x523A;&#x6FC0;&#x6027;&#x98DF;&#x7269;&#x3001;&#x4E00;&#x4E2A;&#x6708;&#x5185;&#x4E0D;&#x8981;&#x5316;&#x5986;&#xFF08;&#x6709;&#x53EF;&#x80FD;&#x52A0;&#x91CD;&#x75A4;&#x75D5;&#x589E;&#x751F;&#xFF09;</p><p>6.&#x4E25;&#x7981;&#x670D;&#x7528;&#x963F;&#x53F8;&#x5339;&#x6797;&#x3001;&#x6CD5;&#x6797;&#xFF0C;&#x6FC0;&#x7D20;&#x53CA;&#x6D3B;&#x8840;&#x5316;&#x6DE4;&#x7C7B;&#x836F;&#x7269;&#x3002;&#x9075;&#x5FAA;&#x533B;&#x5631;&#x670D;&#x7528;&#x6297;&#x751F;&#x7D20;&#x7C7B;&#x836F;&#x7269;&#x3002;</p>"},"GoodPoint":{"name":"缺点及风险","content":"<p>1.&#x6539;&#x5584;&#x53CC;&#x773C;&#x76AE;&#x5F62;&#x6001;&#x3001;&#x4F7F;&#x5176;&#x66F4;&#x81EA;&#x7136;&#x3001;&#x7F8E;&#x89C2;&#x3002;</p>"},"BadPoint":{"name":"术前锦囊","content":"<p>1.&#x5B58;&#x5728;&#x672F;&#x540E;&#x6DE4;&#x8840;&#x3001;&#x80BF;&#x80C0;&#x7B49;&#x95EE;&#x9898;&#x3002;</p><p>2.&#x4E8C;&#x6B21;&#x4F24;&#x5BB3;&#xFF0C;&#x6062;&#x590D;&#x66F4;&#x6162;&#x3002;</p><p>3.&#x5B58;&#x5728;&#x4FEE;&#x590D;&#x5931;&#x8D25;&#x98CE;&#x9669;&#x3002;</p>"}}