{"Title":"逸美（国产）","Related":{"name":"关联百科","content":[{"relatedId":"771","name":"爱贝芙（进口）"},{"relatedId":"770","name":"宝尼达（国产）"}]},"ShorDesc":{"name":"简介","content":"<p class=\"MsoNormal\" align=\"left\">&#x54C1;&#x724C;&#x540D;&#x79F0;&#xFF1A;&#x9038;&#x7F8E;EME</p><p class=\"MsoNormal\" align=\"left\">&#x751F;&#x4EA7;&#x5546;&#xFF1A;&#x5317;&#x4EAC;&#x7231;&#x7F8E;&#x5BA2;&#x751F;&#x7269;&#x79D1;&#x6280;&#x6709;&#x9650;&#x516C;&#x53F8;</p><p class=\"MsoNormal\" align=\"left\">&#x6210;&#x5206;&#xFF1A;&#x900F;&#x660E;&#x8D28;&#x9178;&#xFF08;HA&#xFF09;&#x3001;&#x7F9F;&#x4E19;&#x57FA;&#x7532;&#x57FA;&#x7EA4;&#x7EF4;&#x7D20;&#xFF08;HPMC&#xFF09;</p><p class=\"MsoNormal\" align=\"left\"><span lang=\"EN-US\"><o:p></o:p></span></p><p class=\"MsoNormal\" align=\"left\">&#x7EF4;&#x6301;&#x65F6;&#x95F4;&#xFF1A;6-18&#x4E2A;&#x6708;</p><p class=\"MsoNormal\" align=\"left\">&#x4F5C;&#x7528;&#xFF1A;&#x6CE8;&#x5C04;&#x5230;&#x76AE;&#x4E0B;&#x540E;&#x8D77;&#x5230;&#x5851;&#x5F62;&#x3001;&#x586B;&#x5145;&#x548C;&#x8865;&#x6C34;&#x4F5C;&#x7528;<span style=\"line-height: 1.42857;\">&#x3002;</span></p><p class=\"MsoNormal\" align=\"left\">&#x89C4;&#x683C;&#xFF1A;<span style=\"line-height: 1.42857;\">0.5ml&#xFF0C;1.0ml&#xFF0C;1.5ml&#x548C;2.0ml</span></p><p></p><p class=\"MsoNormal\">&#x8BA4;&#x8BC1;&#xFF1A;&#x4E2D;&#x56FD;&#x56FD;&#x5BB6;&#x98DF;&#x54C1;&#x836F;&#x54C1;&#x76D1;&#x7763;&#x7BA1;&#x7406;&#x5C40;&#xFF08;<span lang=\"EN-US\">CFDA</span>&#xFF09;&#x3002;</p><p class=\"MsoNormal\"><img src=\"http://hera.s.gmei.com/2016/10/18/f670b98b9d\" style=\"width: 962px;\"><br></p>"},"Property":{"name":"档案","content":[]},"Desc":{"name":"项目／手术原理","content":""},"Sample":{"name":"效果示例","content":""},"BeforIdear":{"name":"效果示例","content":""},"AfterIdear":{"name":"优点","content":""},"GoodPoint":{"name":"缺点及风险","content":""},"BadPoint":{"name":"术前锦囊","content":""}}