{"Title":"冰点脱毛","Related":{"name":"关联百科","content":[{"relatedId":"660","name":"光子脱毛"},{"relatedId":"488","name":"激光脱毛"}]},"ShorDesc":{"name":"简介","content":"<p>&#x9002;&#x5E94;&#x75C7;&#xFF1A;&#x6BDB;&#x53D1;&#x8F83;&#x91CD;&#x3001;&#x8F83;&#x9ED1;</p><p>&#x76F8;&#x8F83;&#x4E8E;&#x4F20;&#x7EDF;&#x6FC0;&#x5149;&#x8131;&#x6BDB;&#xFF0C;&#x51B0;&#x70B9;&#x8131;&#x6BDB;&#x80FD;&#x6E29;&#x548C;&#x5730;&#x4F7F;&#x6BDB;&#x56CA;&#x81EA;&#x52A8;&#x5931;&#x53BB;&#x6D3B;&#x6027;&#xFF0C;&#x56E0;&#x6B64;&#x65E2;&#x80FD;&#x8FBE;&#x5230;&#x957F;&#x4E45;&#x8131;&#x6BDB;&#x76EE;&#x7684;&#xFF0C;&#x53C8;&#x4E0D;&#x8FC7;&#x5EA6;&#x523A;&#x6FC0;&#x76AE;&#x80A4;&#x907F;&#x514D;&#x4EA7;&#x751F;&#x75DB;&#x611F;&#x6216;&#x98CE;&#x9669;&#x3002;</p>"},"Property":{"name":"档案","content":["\n                <li>&#x6CBB;&#x7597;&#x65B9;&#x5F0F;&#xFF1A;<span>&#x5149;&#x7535;&#xFF08;&#x65E0;&#x521B;&#xFF09;</span></li>\n                <li>&#x75BC;&#x75DB;&#x611F;&#xFF1A;<span>1&#x9897;&#x661F;</span><a href=\"gengmei://common_webview?url=http://backend.gmei.com/hybrid/ache_level\">&#x67E5;&#x770B;&#x75BC;&#x75DB;&#x5206;&#x7EA7;</a></li>\n                <li>&#x7EF4;&#x6301;&#x65F6;&#x95F4;&#xFF1A;<span>&#x6C38;&#x4E45;</span></li>\n                <li>&#x6CBB;&#x7597;&#x65F6;&#x95F4;&#xFF1A;<span>30-90&#x5206;&#x949F;</span></li>\n                <li>&#x53C2;&#x8003;&#x4EF7;&#x683C;&#xFF1A;<span>5000-10000</span></li>\n                <li>&#x9EBB;&#x9189;&#x65B9;&#x5F0F;&#xFF1A;<span>&#x65E0;</span></li>\n                <li>&#x662F;&#x5426;&#x4F4F;&#x9662;&#xFF1A;<span>&#x5426;</span></li>\n                \n                <li>&#x62C6;&#x7EBF;&#x65F6;&#x95F4;&#xFF1A;<span>0-0&#x5929;</span></li>\n            "]},"Desc":{"name":"项目／手术原理","content":"<p>1. &#x7B80;&#x5355;&#x795B;&#x6BDB;&#x540E;&#x6D82;&#x6FC0;&#x5149;&#x8131;&#x6BDB;&#x4E13;&#x7528;&#x4E73;&#x80F6;&#x3002;</p><p>2. &#x5F00;&#x59CB;&#x6FC0;&#x5149;&#x8131;&#x6BDB;&#x3002;</p><p>3. &#x64E6;&#x51C0;&#x4E73;&#x80F6;&#x6D82;&#x6297;&#x708E;&#x836F;&#x818F;&#x3002;</p><p><img src=\"http://hera.s.gmei.com/2016/10/12/7af906c5e0\" style=\"width: 547px;\"><br></p><p></p><p></p><p></p><p></p><p></p><p></p><p></p>"},"Sample":{"name":"效果示例","content":"<img src=\"http://hera.s.gmei.com/itemwiki/2016/10/12/7c345e8093-w\">"},"BeforIdear":{"name":"效果示例","content":"<p>1&#x3001;&#x8131;&#x6BDB;&#x524D;&#x4E24;&#x5468;&#x4E0D;&#x8981;&#x4F7F;&#x7528;&#x8131;&#x6BDB;&#x818F;&#x3001;&#x871C;&#x8721;&#x8131;&#x6BDB;&#x6216;&#x5176;&#x4ED6;&#x6613;&#x9020;&#x6210;&#x76AE;&#x80A4;&#x654F;&#x611F;&#x7684;&#x8131;&#x6BDB;&#x4EA7;&#x54C1;&#x548C;&#x8131;&#x6BDB;&#x65B9;&#x6CD5;&#x3002;</p><p>2&#x3001;&#x8131;&#x6BDB;&#x524D;&#x4E0D;&#x80FD;&#x66B4;&#x6652;&#x76AE;&#x80A4;&#xFF0C;&#x56E0;&#x4E3A;&#x51B0;&#x70B9;&#x8131;&#x6BDB;&#x524D;&#x66B4;&#x6652;&#x7684;&#x76AE;&#x80A4;&#x5F88;&#x53EF;&#x80FD;&#x5DF2;&#x7ECF;&#x707C;&#x4F24;&#x76AE;&#x80A4;&#xFF0C;&#x4F7F;&#x76AE;&#x80A4;&#x53D1;&#x7EA2;&#x3001;&#x8D77;&#x6CE1;&#xFF0C;&#x4E0D;&#x5229;&#x4E8E;&#x6CBB;&#x7597;&#x3002;&#x53E6;&#x5916;&#xFF0C;&#x8131;&#x6BDB;&#x524D;&#x8FD8;&#x8981;&#x6CE8;&#x610F;&#x81EA;&#x5DF1;&#x662F;&#x5426;&#x6709;&#x5149;&#x8FC7;&#x654F;&#x53F2;&#x3002;</p><p>3&#x3001;&#x8131;&#x6BDB;&#x524D;&#x6700;&#x597D;&#x5C06;&#x8131;&#x6BDB;&#x90E8;&#x4F4D;&#x6E05;&#x6D17;&#x5E72;&#x51C0;&#x3002;</p><p>4&#x3001;&#x5973;&#x6027;&#x670B;&#x53CB;&#x8981;&#x907F;&#x5F00;&#x6708;&#x7ECF;&#x671F;&#x3002;</p>"},"AfterIdear":{"name":"优点","content":"<p>1&#x3001;&#x8131;&#x6BDB;&#x540E;&#x534A;&#x5E74;&#x5185;&#x8BF7;&#x907F;&#x514D;&#x65E5;&#x6652;&#xFF0C;&#x5E76;&#x4F7F;&#x7528;&#x533B;&#x751F;&#x6307;&#x793A;&#x7684;&#x9632;&#x6652;&#x4E73;&#x6DB2;&#x6577;&#x4E8E;&#x60A3;&#x90E8;&#x4EE5;&#x51CF;&#x5C11;&#x9633;&#x5149;&#x7167;&#x5C04;&#x3002;</p><p>2&#x3001;&#x6CE8;&#x610F;&#x536B;&#x751F;&#x4E0D;&#x8981;&#x7A7F;&#x67D3;&#x8272;&#x8FC7;&#x6DF1;&#x6216;&#x4E0D;&#x5E72;&#x51C0;&#x7684;&#x5185;&#x8863;&#xFF0C;&#x56E0;&#x4E3A;&#x8131;&#x6BDB;&#x540E;&#x7684;&#x808C;&#x80A4;&#x5F88;&#x5BB9;&#x6613;&#x53D7;&#x5230;&#x523A;&#x6FC0;&#xFF0C;&#x6BDB;&#x5B54;&#x8F83;&#x5927;&#x4E5F;&#x5BB9;&#x6613;&#x53D7;&#x5230;&#x8272;&#x7D20;&#x7684;&#x5F71;&#x54CD;&#x3002;</p><p>3&#x3001;&#x8131;&#x6BDB;&#x540E;&#x591A;&#x5403;&#x542B;&#x7EF4;c&#x7684;&#x6C34;&#x679C;&#xFF0C;&#x6216;&#x76F4;&#x63A5;&#x5403;&#x7EF4;c&#x7247;&#x3002;&#x7EF4;c&#x53EF;&#x4EE5;&#x63D0;&#x9AD8;&#x76AE;&#x80A4;&#x62B5;&#x6297;&#x529B;&#xFF0C;&#x51CF;&#x5C11;&#x8272;&#x7D20;&#x751F;&#x6210;&#xFF0C;&#x4E0D;&#x5403;&#x8F9B;&#x8FA3;&#x7684;&#x98DF;&#x7269;&#x3002;</p><p>4&#x3001;&#x8131;&#x6BDB;&#x540E;&#x8981;&#x6CE8;&#x610F;&#x62A4;&#x80A4;&#x54C1;&#x7684;&#x4F7F;&#x7528;&#xFF0C;&#x5BF9;&#x76AE;&#x80A4;&#x523A;&#x6FC0;&#x8F83;&#x5C0F;&#x7684;&#x6E05;&#x6D01;&#x54C1;&#x6216;&#x62A4;&#x80A4;&#x54C1;&#xFF0C;&#x521A;&#x505A;&#x4E86;&#x6CBB;&#x7597;&#x540E;&#x6700;&#x597D;&#x4E0D;&#x7528;&#x3002;</p><p>5&#x3001;&#x8131;&#x6BDB;&#x540E;&#xFF0C;&#x8981;&#x6CE8;&#x610F;&#x8131;&#x6BDB;&#x90E8;&#x4F4D;&#x7684;&#x6E05;&#x6D01;&#x536B;&#x751F;&#xFF0C;&#x6700;&#x597D;&#x4E0D;&#x8981;&#x53BB;&#x6E38;&#x6CF3;&#x3002;</p><p>6&#x3001;&#x51B0;&#x70B9;&#x8131;&#x6BDB;&#x540E;&#x6CE8;&#x610F;&#x5728;&#x6CBB;&#x7597;&#x671F;&#x95F4;&#x4E0D;&#x53EF;&#x4EE5;&#x7528;&#x5176;&#x5B83;&#x7684;&#x65B9;&#x5F0F;&#x8131;&#x6BDB;&#x3002;</p><p>7&#x3001;&#x8131;&#x6BDB;&#x540E;&#x8131;&#x6BDB;&#x90E8;&#x4F4D;&#x53EF;&#x80FD;&#x4F1A;&#x4EA7;&#x751F;&#x8F7B;&#x5FAE;&#x7EA2;&#x80BF;&#xFF0C;&#x76AE;&#x80A4;&#x654F;&#x611F;&#x53CA;&#x70ED;&#x6216;&#x75D2;&#x611F;&#x89C9;&#xFF0C;&#x82E5;&#x611F;&#x89C9;&#x75BC;&#x75DB;&#x65F6;&#x4EE5;&#x51B0;&#x6577;&#x51CF;&#x8F7B;&#x75BC;&#x75DB;&#x3002;</p><p>8&#x3001;&#x6CE8;&#x610F;&#x8131;&#x6BDB;&#x90E8;&#x4F4D;&#x4E0D;&#x8981;&#x70ED;&#x6C34;&#x70EB;&#x6D17;&#x53CA;&#x7528;&#x529B;&#x64E6;&#x6D17;&#x3002;</p>"},"GoodPoint":{"name":"缺点及风险","content":"<p>1&#x3001;&#x76F4;&#x51FB;&#x6BDB;&#x6839;&#xFF0C;&#x6C38;&#x4E0D;&#x518D;&#x751F;</p><p>2&#x3001;&#x5B89;&#x5168;&#x65E0;&#x75DB;</p><p>3&#x3001;&#x6548;&#x679C;&#x7ACB;&#x7AFF;&#x89C1;&#x5F71;</p>"},"BadPoint":{"name":"术前锦囊","content":"<p>1&#x3001;&#x4E0D;&#x9002;&#x5408;&#x80A4;&#x8272;&#x8FC7;&#x6DF1;&#x8005;&#x3002;</p><p>2&#x3001;&#x9700;&#x591A;&#x6B21;&#x6CBB;&#x7597;&#x3002;</p>"}}