{"Title":"微针水光","Related":{"name":"关联百科","content":[{"relatedId":"656","name":"滚轮微针"},{"relatedId":"536","name":"玻尿酸精华导入"},{"relatedId":"535","name":"无针水光"},{"relatedId":"432","name":"PRP自体血清美肤"},{"relatedId":"501","name":"水光针"}]},"ShorDesc":{"name":"简介","content":"<p>&#x9002;&#x5E94;&#x75C7;&#xFF1A;&#x76AE;&#x80A4;&#x5E72;&#x71E5;&#x3001;&#x6BDB;&#x5B54;&#x7C97;&#x5927;&#x3001;&#x76AE;&#x80A4;&#x7C97;&#x7CD9;&#x3001;&#x80A4;&#x8272;&#x4E0D;&#x5300;&#x3001;&#x76AE;&#x80A4;&#x6697;&#x6C89;&#x3001;&#x5E72;&#x7EB9;&#x7EC6;&#x7EB9;&#x3001;&#x8868;&#x6D45;&#x75D8;&#x5751;</p><p>&#x5FAE;&#x9488;&#x6C34;&#x5149;&#x5229;&#x7528;&#x7684;&#x662F;&#x4E2D;&#x80DA;&#x5C42;&#x7597;&#x6CD5;&#x539F;&#x7406;&#xFF08;&#x5438;&#x6536;&#x7387;&#x662F;&#x8868;&#x76AE;&#x5C42;6000&#x500D;&#xFF09;&#xFF0C;&#x91C7;&#x7528;&#x6EDA;&#x8F6E;&#x5FAE;&#x9488;&#x6216;&#x7535;&#x52A8;&#x5FAE;&#x9488;&#x523A;&#x7A7F;&#x8868;&#x76AE;&#xFF0C;&#x5C06;&#x73BB;&#x5C3F;&#x9178;&#x76F4;&#x63A5;&#x5BFC;&#x5165;&#x5230;&#x771F;&#x76AE;&#x5C42;&#xFF0C;&#x4ECE;&#x800C;&#x8FBE;&#x5230;&#x8865;&#x6C34;&#x7684;&#x4F5C;&#x7528;&#x3002;&#x6B64;&#x5916;&#xFF0C;&#x5B83;&#x8FD8;&#x80FD;&#x4FC3;&#x8FDB;&#x80F6;&#x539F;&#x518D;&#x751F;&#x3001;&#x6539;&#x5584;&#x8868;&#x6D45;&#x75D8;&#x5751;&#x3001;&#x7C97;&#x7CD9;&#x80A4;&#x8D28;&#x7684;&#x4F5C;&#x7528;&#x3002;</p>"},"Property":{"name":"档案","content":["\n                <li>&#x6CBB;&#x7597;&#x65B9;&#x5F0F;&#xFF1A;<span>&#x6CE8;&#x5C04;</span></li>\n                <li>&#x75BC;&#x75DB;&#x611F;&#xFF1A;<span>0&#x9897;&#x661F;</span><a href=\"gengmei://common_webview?url=http://backend.gmei.com/hybrid/ache_level\">&#x67E5;&#x770B;&#x75BC;&#x75DB;&#x5206;&#x7EA7;</a></li>\n                <li>&#x7EF4;&#x6301;&#x65F6;&#x95F4;&#xFF1A;<span>1&#x4E2A;&#x6708;</span></li>\n                <li>&#x6CBB;&#x7597;&#x65F6;&#x95F4;&#xFF1A;<span>60-90&#x5206;&#x949F;</span></li>\n                <li>&#x53C2;&#x8003;&#x4EF7;&#x683C;&#xFF1A;<span>2000-5000</span></li>\n                <li>&#x9EBB;&#x9189;&#x65B9;&#x5F0F;&#xFF1A;<span>&#x8868;&#x9762;&#x9EBB;&#x9189;</span></li>\n                <li>&#x662F;&#x5426;&#x4F4F;&#x9662;&#xFF1A;<span>&#x5426;</span></li>\n                \n                <li>&#x62C6;&#x7EBF;&#x65F6;&#x95F4;&#xFF1A;<span>0-0&#x5929;</span></li>\n            "]},"Desc":{"name":"项目／手术原理","content":"<p>1.&#x6577;&#x8868;&#x9762;&#x9EBB;&#x9189;&#x836F;&#x7269;20-30min&#x3002;</p><p>2.&#x6E05;&#x6D01;&#x9762;&#x90E8;&#x3001;&#x6D88;&#x6BD2;&#x3002;</p><p>3.&#x9009;&#x62E9;&#x6EDA;&#x8F6E;&#x5FAE;&#x9488;/&#x7535;&#x52A8;&#x5FAE;&#x9488;&#x8FDB;&#x884C;&#x64CD;&#x4F5C;&#x3002;</p><p>4.&#x5BFC;&#x5165;&#x836F;&#x7269;&#xFF1A;&#x73BB;&#x5C3F;&#x9178;&#x3001;&#x7EF4;C&#x7B49;&#x836F;&#x7269;&#x3002;</p><p>5.&#x51B0;&#x6577;/&#x6577;&#x533B;&#x7528;&#x65E0;&#x83CC;&#x4FEE;&#x590D;&#x9762;&#x819C;&#x3002;</p><p><img src=\"http://hera.s.gmei.com/2016/10/11/f1d1e274af\" style=\"width: 615px;\"><br></p>"},"Sample":{"name":"效果示例","content":"<img src=\"http://hera.s.gmei.com/itemwiki/2016/10/11/8c8423abd8-w\">"},"BeforIdear":{"name":"效果示例","content":"<p>1.&#x907F;&#x5F00;&#x6708;&#x7ECF;&#x671F;&#x3001;&#x598A;&#x5A20;&#x671F;&#xFF0C;&#x4EE5;&#x514D;&#x52A0;&#x91CD;&#x51FA;&#x8840;&#x548C;&#x80BF;&#x80C0;&#x3002;</p><p>2.&#x672F;&#x524D;7&#x5929;&#x7981;&#x670D;&#x6297;&#x51DD;&#x836F;&#x7269;&#xFF08;&#x5982;&#x963F;&#x53F8;&#x5339;&#x6797;&#xFF09;&#x3002;</p><p>3.&#x7D20;&#x989C;&#xFF0C;&#x6CBB;&#x7597;&#x524D;&#x5145;&#x5206;&#x6D01;&#x9762;&#x3001;&#x6D88;&#x6BD2;&#x6740;&#x83CC;&#x3002;</p>"},"AfterIdear":{"name":"优点","content":"<p>1.&#x6CE8;&#x5C04;&#x540E;&#x7ACB;&#x5373;&#x51B0;&#x6577;&#xFF0C;&#x53EF;&#x7F13;&#x89E3;&#x7EA2;&#x80BF;&#x548C;&#x75BC;&#x75DB;&#x3002;</p><p>2.&#x6CE8;&#x5C04;&#x540E;24-72h&#x5185;&#xFF0C;&#x9488;&#x773C;&#x4E0D;&#x80FD;&#x6CBE;&#x6C34;&#x3001;&#x4E0D;&#x5B9C;&#x6D17;&#x8138;&#x3001;&#x4FDD;&#x6301;&#x6E05;&#x6D01;&#x5E72;&#x71E5;&#x3002;</p><p>3.&#x4F7F;&#x7528;&#x65E0;&#x83CC;&#x4FDD;&#x6E7F;&#x9762;&#x819C;&#x3001;&#x4FEE;&#x590D;&#x9762;&#x819C;&#x6216;EGF&#x8868;&#x76AE;&#x751F;&#x957F;&#x56E0;&#x5B50;&#xFF08;&#x4FEE;&#x590D;&#x80BD;&#xFF09;&#x7B49;&#x4EA7;&#x54C1;&#x3002;</p><p>4.&#x4E25;&#x683C;&#x9632;&#x6652;&#xFF0C;&#x4F7F;&#x7528;SPF30+&#x7684;&#x9632;&#x6652;&#x971C;&#x3001;&#x58A8;&#x955C;&#x3001;&#x906E;&#x9633;&#x4F1E;&#x3002;</p><p>5.&#x6CBB;&#x7597;&#x540E;1&#x5468;&#x5185;&#xFF0C;&#x4E25;&#x7981;&#x4F7F;&#x7528;&#x542B;&#x523A;&#x6FC0;&#x6027;&#x6210;&#x5206;&#xFF08;&#x679C;&#x9178;&#x3001;&#x6C34;&#x6768;&#x9178;&#x3001;&#x9152;&#x7CBE;&#x3001;&#x9AD8;&#x6D53;&#x5EA6;&#x5DE6;&#x65CB;VC&#x7B49;&#xFF09;&#x7684;&#x62A4;&#x80A4;&#x54C1;&#x3002;</p><p>6.&#x4E25;&#x7981;&#x8F9B;&#x8FA3;&#x523A;&#x6FC0;&#x6027;&#x98DF;&#x7269;&#x3002;</p><p>7.&#x60F3;&#x8981;&#x505A;&#x5149;&#x7535;&#x6CBB;&#x7597;&#xFF0C;&#x9700;&#x8981;&#x95F4;&#x9694;10-14&#x5929;&#x3002;</p>"},"GoodPoint":{"name":"缺点及风险","content":"<p>1.&#x53EF;&#x6709;&#x6548;&#x8FBE;&#x5230;&#x8865;&#x6C34;&#x3001;&#x523A;&#x6FC0;&#x80F6;&#x539F;&#x518D;&#x751F;&#x3001;&#x6539;&#x5584;&#x51F9;&#x9677;&#x75A4;&#x75D5;&#x3001;&#x7EC6;&#x7EB9;&#x548C;&#x589E;&#x52A0;&#x76AE;&#x80A4;&#x539A;&#x5EA6;&#x7684;&#x4F5C;&#x7528;&#x3002;</p><p>2&#x5FAE;&#x521B;&#x3001;&#x6062;&#x590D;&#x671F;&#x8F83;&#x77ED;&#x3002;</p><p>3&#x5FAE;&#x9488;&#x6C34;&#x5149;&#x6CBB;&#x7597;&#x540E;&#x4E0D;&#x6613;&#x6709;&#x7EA2;&#x80BF;&#x95EE;&#x9898;&#x3002;</p>"},"BadPoint":{"name":"术前锦囊","content":"<p>1.&#x8865;&#x6C34;&#x6548;&#x679C;&#x5F31;&#x4E8E;&#x6C34;&#x5149;&#x9488;&#x3002;</p><p>2.&#x9700;&#x8981;&#x591A;&#x6B21;&#x3001;&#x6309;&#x7597;&#x7A0B;&#x6CBB;&#x7597;&#x3002;</p><p>3.&#x64CD;&#x4F5C;&#x4E0D;&#x5F53;&#x53EF;&#x80FD;&#x611F;&#x67D3;&#x3001;&#x7559;&#x75A4;&#x3001;&#x8272;&#x6C89;&#x3002;</p>"}}