{"Title":"离子束激光","Related":{"name":"关联百科","content":[{"relatedId":"651","name":"点阵激光"}]},"ShorDesc":{"name":"简介","content":"<p class=\"MsoNormal\"><span style=\"font-family:&#x5B8B;&#x4F53;;mso-ascii-font-family:Calibri;\nmso-ascii-theme-font:minor-latin;mso-fareast-font-family:&#x5B8B;&#x4F53;;mso-fareast-theme-font:\nminor-fareast;mso-hansi-font-family:Calibri;mso-hansi-theme-font:minor-latin\">&#x9002;&#x5E94;&#x75C7;&#xFF1A;&#x75D8;&#x5751;&#x3001;&#x51F9;&#x9677;&#x578B;&#x75A4;&#x75D5;&#x3001;&#x76AE;&#x80A4;&#x7C97;&#x7CD9;&#x3001;&#x7EC6;&#x7EB9;&#x3001;&#x6BDB;&#x5B54;&#x7C97;&#x5927;&#x3001;&#x76AE;&#x80A4;&#x677E;&#x5F1B;</span><span lang=\"EN-US\"><o:p></o:p></span></p><p>\n\n</p><p class=\"MsoNormal\"><span style=\"font-family:&#x5B8B;&#x4F53;;mso-ascii-font-family:Calibri;\nmso-ascii-theme-font:minor-latin;mso-fareast-font-family:&#x5B8B;&#x4F53;;mso-fareast-theme-font:\nminor-fareast;mso-hansi-font-family:Calibri;mso-hansi-theme-font:minor-latin\">&#x79BB;&#x5B50;&#x675F;&#x6FC0;&#x5149;&#xFF08;&#x4E5F;&#x79F0;&#x7B49;&#x79BB;&#x5B50;&#x672F;&#x3001;</span><span lang=\"EN-US\">plasma</span><span style=\"font-family:&#x5B8B;&#x4F53;;mso-ascii-font-family:Calibri;\nmso-ascii-theme-font:minor-latin;mso-fareast-font-family:&#x5B8B;&#x4F53;;mso-fareast-theme-font:\nminor-fareast;mso-hansi-font-family:Calibri;mso-hansi-theme-font:minor-latin\">&#xFF09;&#x662F;&#x4E00;&#x79CD;&#x57FA;&#x4E8E;&#x5C04;&#x9891;&#x539F;&#x7406;&#x7684;&#x5FAE;&#x5265;&#x8131;&#x6280;&#x672F;&#xFF0C;&#x53EF;&#x523A;&#x6FC0;&#x771F;&#x76AE;&#x5C42;&#x80F6;&#x539F;&#x518D;&#x751F;&#x3001;&#x91CD;&#x7EC4;&#xFF0C;&#x4EE5;&#x6B64;&#x8FBE;&#x5230;&#x6539;&#x5584;&#x51F9;&#x9677;&#x578B;&#x75D8;&#x5751;&#x3001;&#x6BDB;&#x5B54;&#x7C97;&#x5927;&#x7684;&#x4F5C;&#x7528;&#x3002;</span><span lang=\"EN-US\"><o:p></o:p></span></p>"},"Property":{"name":"档案","content":["\n                <li>&#x6CBB;&#x7597;&#x65B9;&#x5F0F;&#xFF1A;<span>&#x5149;&#x7535;&#xFF08;&#x6709;&#x521B;&#xFF09;</span></li>\n                <li>&#x75BC;&#x75DB;&#x611F;&#xFF1A;<span>2&#x9897;&#x661F;</span><a href=\"gengmei://common_webview?url=http://backend.gmei.com/hybrid/ache_level\">&#x67E5;&#x770B;&#x75BC;&#x75DB;&#x5206;&#x7EA7;</a></li>\n                <li>&#x7EF4;&#x6301;&#x65F6;&#x95F4;&#xFF1A;<span>&#x6C38;&#x4E45;</span></li>\n                <li>&#x6CBB;&#x7597;&#x65F6;&#x95F4;&#xFF1A;<span>40-60&#x5206;&#x949F;</span></li>\n                <li>&#x53C2;&#x8003;&#x4EF7;&#x683C;&#xFF1A;<span>5000-10000</span></li>\n                <li>&#x9EBB;&#x9189;&#x65B9;&#x5F0F;&#xFF1A;<span>&#x8868;&#x9762;&#x9EBB;&#x9189;</span></li>\n                <li>&#x662F;&#x5426;&#x4F4F;&#x9662;&#xFF1A;<span>&#x5426;</span></li>\n                \n                <li>&#x62C6;&#x7EBF;&#x65F6;&#x95F4;&#xFF1A;<span>0-0&#x5929;</span></li>\n            "]},"Desc":{"name":"项目／手术原理","content":"<p class=\"MsoNormal\"><span style=\"line-height: 1.42857; font-family: &#x5B8B;&#x4F53;;\">&#x95EA;&#x8000;&#x79BB;&#x5B50;&#x675F;&#xFF0C;&#x901A;&#x8FC7;&#x5C06;&#x5355;&#x6781;&#x5C04;&#x9891;&#x4F5C;&#x4E3A;&#x6FC0;&#x53D1;&#x6E90;&#xFF0C;&#x6FC0;&#x52B1;&#x7B49;&#x79BB;&#x5B50;&#x4F53;&#x4F5C;&#x7528;&#x4E8E;&#x60A3;&#x5904;&#xFF0C;&#x5728;&#x76AE;&#x80A4;&#x4E0A;&#x4EA7;&#x751F;&#x5FAE;&#x901A;&#x9053;&#xFF0C;&#x5C06;&#x80FD;&#x91CF;&#x4F20;&#x9012;&#x5230;&#x7622;&#x75D5;&#x6DF1;&#x5904;&#x76F4;&#x81F3;</span><span lang=\"EN-US\" style=\"line-height: 1.42857;\">10-20mm</span><span style=\"line-height: 1.42857; font-family: &#x5B8B;&#x4F53;;\">&#x771F;&#x76AE;&#x5C42;&#xFF0C;&#x6FC0;&#x53D1;&#x80F6;&#x539F;&#x65B0;&#x751F;&#x673A;&#x5236;&#xFF0C;&#x4FC3;&#x8FDB;&#x80F6;&#x539F;&#x7684;&#x91CD;&#x751F;&#x548C;&#x6709;&#x5E8F;&#x6392;&#x5217;&#xFF0C;&#x8FBE;&#x5230;&#x5404;&#x79CD;&#x7C7B;&#x578B;&#x7622;&#x75D5;&#x91CD;&#x5851;&#x7684;&#x6548;&#x679C;&#x3002;</span></p><p class=\"MsoNormal\"><img src=\"http://hera.s.gmei.com/2016/10/11/b3c8ae7fcc\" style=\"width: 384px;\"><span style=\"font-family:&#x5B8B;&#x4F53;;mso-ascii-font-family:\nCalibri;mso-ascii-theme-font:minor-latin;mso-fareast-font-family:&#x5B8B;&#x4F53;;mso-fareast-theme-font:\nminor-fareast;mso-hansi-font-family:Calibri;mso-hansi-theme-font:minor-latin\"><br></span></p><p class=\"MsoNormal\"><span style=\"font-family:&#x5B8B;&#x4F53;;mso-ascii-font-family:Calibri;\nmso-ascii-theme-font:minor-latin;mso-fareast-font-family:&#x5B8B;&#x4F53;;mso-fareast-theme-font:\nminor-fareast;mso-hansi-font-family:Calibri;mso-hansi-theme-font:minor-latin\">&#x6CBB;&#x7597;&#x6B65;&#x9AA4;&#x2193;</span><span lang=\"EN-US\"><o:p></o:p></span></p><p class=\"MsoNormal\"><span lang=\"EN-US\">1.</span><span style=\"font-family:&#x5B8B;&#x4F53;;\nmso-ascii-font-family:Calibri;mso-ascii-theme-font:minor-latin;mso-fareast-font-family:\n&#x5B8B;&#x4F53;;mso-fareast-theme-font:minor-fareast;mso-hansi-font-family:Calibri;\nmso-hansi-theme-font:minor-latin\">&#x6E05;&#x6D01;&#x76AE;&#x80A4;&#x3001;&#x6D88;&#x6BD2;&#x3002;</span><span lang=\"EN-US\"><o:p></o:p></span></p><p class=\"MsoNormal\"><span lang=\"EN-US\">2.</span><span style=\"font-family:&#x5B8B;&#x4F53;;\nmso-ascii-font-family:Calibri;mso-ascii-theme-font:minor-latin;mso-fareast-font-family:\n&#x5B8B;&#x4F53;;mso-fareast-theme-font:minor-fareast;mso-hansi-font-family:Calibri;\nmso-hansi-theme-font:minor-latin\">&#x5916;&#x6577;&#x8868;&#x9762;&#x9EBB;&#x9189;&#x836F;&#x7269;&#x81F3;&#x5C11;</span><span lang=\"EN-US\">40</span><span style=\"font-family:&#x5B8B;&#x4F53;;mso-ascii-font-family:Calibri;mso-ascii-theme-font:minor-latin;\nmso-fareast-font-family:&#x5B8B;&#x4F53;;mso-fareast-theme-font:minor-fareast;mso-hansi-font-family:\nCalibri;mso-hansi-theme-font:minor-latin\">&#x5206;&#x949F;&#x3001;&#x518D;&#x6B21;&#x6D88;&#x6BD2;&#x3002;</span><span lang=\"EN-US\"><o:p></o:p></span></p><p class=\"MsoNormal\"><span lang=\"EN-US\">3.</span><span style=\"font-family:&#x5B8B;&#x4F53;;\nmso-ascii-font-family:Calibri;mso-ascii-theme-font:minor-latin;mso-fareast-font-family:\n&#x5B8B;&#x4F53;;mso-fareast-theme-font:minor-fareast;mso-hansi-font-family:Calibri;\nmso-hansi-theme-font:minor-latin\">&#x8FDB;&#x884C;&#x6CBB;&#x7597;&#x3002;</span><span lang=\"EN-US\"><o:p></o:p></span></p><p class=\"MsoNormal\">\n\n\n\n\n\n\n\n<span lang=\"EN-US\"><o:p></o:p></span></p><p class=\"MsoNormal\"><span lang=\"EN-US\">4.</span><span style=\"font-family:&#x5B8B;&#x4F53;;\nmso-ascii-font-family:Calibri;mso-ascii-theme-font:minor-latin;mso-fareast-font-family:\n&#x5B8B;&#x4F53;;mso-fareast-theme-font:minor-fareast;mso-hansi-font-family:Calibri;\nmso-hansi-theme-font:minor-latin\">&#x51B0;&#x6577;&#x3002;</span><span lang=\"EN-US\"><o:p></o:p></span></p>"},"Sample":{"name":"效果示例","content":"<img src=\"http://hera.s.gmei.com/itemwiki/2016/10/11/7a9999fc94-w\">"},"BeforIdear":{"name":"效果示例","content":"<p class=\"MsoNormal\"><span lang=\"EN-US\">1.</span><span style=\"font-family:&#x5B8B;&#x4F53;;\nmso-ascii-font-family:Calibri;mso-ascii-theme-font:minor-latin;mso-fareast-font-family:\n&#x5B8B;&#x4F53;;mso-fareast-theme-font:minor-fareast;mso-hansi-font-family:Calibri;\nmso-hansi-theme-font:minor-latin\">&#x5BF9;&#x4E8E;&#x6709;&#x75B1;&#x75B9;&#x75C5;&#x6BD2;&#x53F2;&#x7684;&#x60A3;&#x8005;&#xFF0C;&#x6CBB;&#x7597;&#x4E4B;&#x524D;&#x5EFA;&#x8BAE;&#x9884;&#x9632;&#x6027;&#x7684;&#x53E3;&#x670D;&#x6297;&#x75C5;&#x6BD2;&#x836F;&#xFF0C;&#x907F;&#x514D;&#x75B1;&#x75B9;&#x7684;&#x53D1;&#x4F5C;&#x3002;</span><span lang=\"EN-US\"><o:p></o:p></span></p><p class=\"MsoNormal\"><span lang=\"EN-US\">2</span><span style=\"font-family:&#x5B8B;&#x4F53;;\nmso-ascii-font-family:Calibri;mso-ascii-theme-font:minor-latin;mso-fareast-font-family:\n&#x5B8B;&#x4F53;;mso-fareast-theme-font:minor-fareast;mso-hansi-font-family:Calibri;\nmso-hansi-theme-font:minor-latin\">&#x4E24;&#x5468;&#x5185;&#x6CE8;&#x5C04;&#x8FC7;&#x73BB;&#x5C3F;&#x9178;&#x6216;&#x751F;&#x7269;&#x5236;&#x5242;&#x7684;&#x6C42;&#x7F8E;&#x8005;&#x7981;&#x6B62;&#x8FDB;&#x884C;&#x8BE5;&#x9879;&#x6CBB;&#x7597;&#x3002;</span><span lang=\"EN-US\"><o:p></o:p></span></p><p class=\"MsoNormal\"><span lang=\"EN-US\">3.</span><span style=\"font-family:&#x5B8B;&#x4F53;;\nmso-ascii-font-family:Calibri;mso-ascii-theme-font:minor-latin;mso-fareast-font-family:\n&#x5B8B;&#x4F53;;mso-fareast-theme-font:minor-fareast;mso-hansi-font-family:Calibri;\nmso-hansi-theme-font:minor-latin\">&#x5728;&#x6CBB;&#x7597;&#x90E8;&#x4F4D;&#x6D82;&#x62B9;&#x9EBB;&#x836F;&#x818F;</span><span lang=\"EN-US\">40</span><span style=\"font-family:&#x5B8B;&#x4F53;;mso-ascii-font-family:Calibri;mso-ascii-theme-font:minor-latin;\nmso-fareast-font-family:&#x5B8B;&#x4F53;;mso-fareast-theme-font:minor-fareast;mso-hansi-font-family:\nCalibri;mso-hansi-theme-font:minor-latin\">&#x5206;&#x949F;&#x4EE5;&#x4E0A;&#x3002;</span><span lang=\"EN-US\"><o:p></o:p></span></p><p>\n\n\n\n\n\n</p><p class=\"MsoNormal\"><span lang=\"EN-US\">4.</span><span style=\"font-family:&#x5B8B;&#x4F53;;\nmso-ascii-font-family:Calibri;mso-ascii-theme-font:minor-latin;mso-fareast-font-family:\n&#x5B8B;&#x4F53;;mso-fareast-theme-font:minor-fareast;mso-hansi-font-family:Calibri;\nmso-hansi-theme-font:minor-latin\">&#x6CBB;&#x7597;&#x524D;&#x4E0D;&#x80FD;&#x5316;&#x5986;&#x3001;&#x5F7B;&#x5E95;&#x6E05;&#x6D01;&#x3001;&#x6D88;&#x6BD2;&#x76AE;&#x80A4;&#x3002;</span><span lang=\"EN-US\"><o:p></o:p></span></p>"},"AfterIdear":{"name":"优点","content":"<p class=\"MsoNormal\"><span lang=\"EN-US\">1.</span><span style=\"font-family:&#x5B8B;&#x4F53;;\nmso-ascii-font-family:Calibri;mso-ascii-theme-font:minor-latin;mso-fareast-font-family:\n&#x5B8B;&#x4F53;;mso-fareast-theme-font:minor-fareast;mso-hansi-font-family:Calibri;\nmso-hansi-theme-font:minor-latin\">&#x6CBB;&#x7597;&#x5373;&#x523B;&#x6D82;&#x62B9;&#x7EA2;&#x9709;&#x7D20;&#x3001;&#x91D1;&#x9709;&#x7D20;&#x6216;&#x767E;&#x591A;&#x90A6;&#x7B49;&#x6D88;&#x708E;&#x836F;&#x818F;&#xFF0C;&#x4EE5;&#x9632;&#x521B;&#x9762;&#x611F;&#x67D3;&#x3002;</span><span lang=\"EN-US\"><o:p></o:p></span></p><p class=\"MsoNormal\"><span lang=\"EN-US\">2.</span><span style=\"font-family:&#x5B8B;&#x4F53;;\nmso-ascii-font-family:Calibri;mso-ascii-theme-font:minor-latin;mso-fareast-font-family:\n&#x5B8B;&#x4F53;;mso-fareast-theme-font:minor-fareast;mso-hansi-font-family:Calibri;\nmso-hansi-theme-font:minor-latin\">&#x7B2C;</span><span lang=\"EN-US\">2</span><span style=\"font-family:&#x5B8B;&#x4F53;;mso-ascii-font-family:Calibri;mso-ascii-theme-font:minor-latin;\nmso-fareast-font-family:&#x5B8B;&#x4F53;;mso-fareast-theme-font:minor-fareast;mso-hansi-font-family:\nCalibri;mso-hansi-theme-font:minor-latin\">&#x5929;&#x5F00;&#x59CB;&#x4F7F;&#x7528;&#x8868;&#x76AE;&#x751F;&#x957F;&#x56E0;&#x5B50;&#xFF0C;&#x4EE5;&#x4FC3;&#x8FDB;&#x521B;&#x9762;&#x7684;&#x5FEB;&#x901F;&#x4FEE;&#x590D;&#x3002;</span><span lang=\"EN-US\"><o:p></o:p></span></p><p class=\"MsoNormal\"><span lang=\"EN-US\">3.</span><span style=\"font-family:&#x5B8B;&#x4F53;;\nmso-ascii-font-family:Calibri;mso-ascii-theme-font:minor-latin;mso-fareast-font-family:\n&#x5B8B;&#x4F53;;mso-fareast-theme-font:minor-fareast;mso-hansi-font-family:Calibri;\nmso-hansi-theme-font:minor-latin\">&#x8131;&#x75C2;&#x4E4B;&#x524D;&#x7981;&#x6B62;&#x78B0;&#xFFFD;&#xFFFD;&#xFFFD;</span><span lang=\"EN-US\">(5</span><span style=\"font-family:&#x5B8B;&#x4F53;;mso-ascii-font-family:Calibri;mso-ascii-theme-font:minor-latin;\nmso-fareast-font-family:&#x5B8B;&#x4F53;;mso-fareast-theme-font:minor-fareast;mso-hansi-font-family:\nCalibri;mso-hansi-theme-font:minor-latin\">&#x2014;</span><span lang=\"EN-US\">7</span><span style=\"font-family:&#x5B8B;&#x4F53;;mso-ascii-font-family:Calibri;mso-ascii-theme-font:minor-latin;\nmso-fareast-font-family:&#x5B8B;&#x4F53;;mso-fareast-theme-font:minor-fareast;mso-hansi-font-family:\nCalibri;mso-hansi-theme-font:minor-latin\">&#x5929;</span><span lang=\"EN-US\">)</span><span style=\"font-family:&#x5B8B;&#x4F53;;mso-ascii-font-family:Calibri;mso-ascii-theme-font:minor-latin;\nmso-fareast-font-family:&#x5B8B;&#x4F53;;mso-fareast-theme-font:minor-fareast;mso-hansi-font-family:\nCalibri;mso-hansi-theme-font:minor-latin\">&#x3002;</span><span lang=\"EN-US\"><o:p></o:p></span></p><p>\n\n\n\n\n\n</p><p class=\"MsoNormal\"><span lang=\"EN-US\">4.</span><span style=\"font-family:&#x5B8B;&#x4F53;;\nmso-ascii-font-family:Calibri;mso-ascii-theme-font:minor-latin;mso-fareast-font-family:\n&#x5B8B;&#x4F53;;mso-fareast-theme-font:minor-fareast;mso-hansi-font-family:Calibri;\nmso-hansi-theme-font:minor-latin\">&#x6CE8;&#x610F;&#x4E25;&#x683C;&#x9632;&#x6652;&#x3002;</span><span lang=\"EN-US\"><o:p></o:p></span></p>"},"GoodPoint":{"name":"缺点及风险","content":"<p class=\"MsoNormal\"><span lang=\"EN-US\">1.</span><span style=\"font-family:&#x5B8B;&#x4F53;;\nmso-ascii-font-family:Calibri;mso-ascii-theme-font:minor-latin;mso-fareast-font-family:\n&#x5B8B;&#x4F53;;mso-fareast-theme-font:minor-fareast;mso-hansi-font-family:Calibri;\nmso-hansi-theme-font:minor-latin\">&#x53EF;&#x5728;&#x4E0D;&#x635F;&#x4F24;&#x8868;&#x76AE;&#x7684;&#x524D;&#x63D0;&#x4E0B;&#xFF0C;&#x4FEE;&#x590D;&#x6DF1;&#x90E8;&#x7D0A;&#x4E71;&#x7684;&#x80F6;&#x539F;&#xFF0C;&#x8FBE;&#x5230;&#x51F9;&#x9677;&#x75A4;&#x75D5;&#x6CBB;&#x7597;&#x6548;&#x679C;&#x3002;</span><span lang=\"EN-US\"><o:p></o:p></span></p><p>\n\n</p><p class=\"MsoNormal\"><span lang=\"EN-US\">2.</span><span style=\"font-family:&#x5B8B;&#x4F53;;\nmso-ascii-font-family:Calibri;mso-ascii-theme-font:minor-latin;mso-fareast-font-family:\n&#x5B8B;&#x4F53;;mso-fareast-theme-font:minor-fareast;mso-hansi-font-family:Calibri;\nmso-hansi-theme-font:minor-latin\">&#x8F83;&#x5176;&#x4ED6;&#x65B9;&#x6CD5;&#x6062;&#x590D;&#x901F;&#x5EA6;&#x5FEB;&#x3002;</span><span lang=\"EN-US\"><o:p></o:p></span></p>"},"BadPoint":{"name":"术前锦囊","content":"<p class=\"MsoNormal\"><span lang=\"EN-US\">1.</span><span style=\"font-family:&#x5B8B;&#x4F53;;\nmso-ascii-font-family:Calibri;mso-ascii-theme-font:minor-latin;mso-fareast-font-family:\n&#x5B8B;&#x4F53;;mso-fareast-theme-font:minor-fareast;mso-hansi-font-family:Calibri;\nmso-hansi-theme-font:minor-latin\">&#x6CBB;&#x7597;&#x540E;&#x5F53;&#x5929;&#xFF0C;&#x76AE;&#x80A4;&#x4F1A;&#x7EA2;&#x80BF;&#x3001;&#x75BC;&#x75DB;&#x3002;</span><span lang=\"EN-US\"><o:p></o:p></span></p><p class=\"MsoNormal\"><span lang=\"EN-US\">2.</span><span style=\"font-family:&#x5B8B;&#x4F53;;\nmso-ascii-font-family:Calibri;mso-ascii-theme-font:minor-latin;mso-fareast-font-family:\n&#x5B8B;&#x4F53;;mso-fareast-theme-font:minor-fareast;mso-hansi-font-family:Calibri;\nmso-hansi-theme-font:minor-latin\">&#x6CBB;&#x7597;&#x540E;</span><span lang=\"EN-US\">1-2</span><span style=\"font-family:&#x5B8B;&#x4F53;;mso-ascii-font-family:Calibri;mso-ascii-theme-font:minor-latin;\nmso-fareast-font-family:&#x5B8B;&#x4F53;;mso-fareast-theme-font:minor-fareast;mso-hansi-font-family:\nCalibri;mso-hansi-theme-font:minor-latin\">&#x4E2A;&#x6708;&#x5185;&#xFF0C;&#x6CBB;&#x7597;&#x53EF;&#x80FD;&#x4F1A;&#x53D1;&#x7EA2;&#x3002;</span><span lang=\"EN-US\"><o:p></o:p></span></p><p>\n\n\n\n</p><p class=\"MsoNormal\"><span lang=\"EN-US\">3.</span><span style=\"font-family:&#x5B8B;&#x4F53;;\nmso-ascii-font-family:Calibri;mso-ascii-theme-font:minor-latin;mso-fareast-font-family:\n&#x5B8B;&#x4F53;;mso-fareast-theme-font:minor-fareast;mso-hansi-font-family:Calibri;\nmso-hansi-theme-font:minor-latin\">&#x9700;&#x8981;</span><span lang=\"EN-US\">1-2</span><span style=\"font-family:&#x5B8B;&#x4F53;;mso-ascii-font-family:Calibri;mso-ascii-theme-font:minor-latin;\nmso-fareast-font-family:&#x5B8B;&#x4F53;;mso-fareast-theme-font:minor-fareast;mso-hansi-font-family:\nCalibri;mso-hansi-theme-font:minor-latin\">&#x4E2A;&#x6708;&#x624D;&#x80FD;&#x89C1;&#x5230;&#x6548;&#x679C;&#xFF0C;&#x56E0;&#x4E3A;&#x80F6;&#x539F;&#x518D;&#x751F;&#x9700;&#x8981;&#x4E00;&#x5B9A;&#x65F6;&#x95F4;&#x3002;</span><span lang=\"EN-US\"><o:p></o:p></span></p>"}}