{"Title":"自体脂肪垫鼻基底","Related":{"name":"关联百科","content":[{"relatedId":"411","name":"假体垫鼻基底"},{"relatedId":"412","name":"玻尿酸垫鼻基底"}]},"ShorDesc":{"name":"简介","content":"<p>&#x9002;&#x5E94;&#x75C7;&#xFF1A;&#x9F3B;&#x57FA;&#x5E95;&#x51F9;&#x9677;</p><p>&#x901A;&#x8FC7;&#x81EA;&#x4F53;&#x8102;&#x80AA;&#x79FB;&#x690D;&#x6765;&#x6539;&#x5584;&#x9F3B;&#x57FA;&#x5E95;&#x8F7B;&#x5EA6;&#x4E2D;&#x5EA6;&#x7684;&#x51F9;&#x9677;&#x3002;</p>"},"Property":{"name":"档案","content":["\n                <li>&#x6CBB;&#x7597;&#x65B9;&#x5F0F;&#xFF1A;<span>&#x6CE8;&#x5C04;</span></li>\n                <li>&#x75BC;&#x75DB;&#x611F;&#xFF1A;<span>2&#x9897;&#x661F;</span><a href=\"gengmei://common_webview?url=http://backend.gmei.com/hybrid/ache_level\">&#x67E5;&#x770B;&#x75BC;&#x75DB;&#x5206;&#x7EA7;</a></li>\n                <li>&#x7EF4;&#x6301;&#x65F6;&#x95F4;&#xFF1A;<span>&#x6C38;&#x4E45;</span></li>\n                <li>&#x6CBB;&#x7597;&#x65F6;&#x95F4;&#xFF1A;<span>90-120&#x5206;&#x949F;</span></li>\n                <li>&#x53C2;&#x8003;&#x4EF7;&#x683C;&#xFF1A;<span>20000-100000</span></li>\n                <li>&#x9EBB;&#x9189;&#x65B9;&#x5F0F;&#xFF1A;<span>&#x5168;&#x9EBB;</span></li>\n                <li>&#x662F;&#x5426;&#x4F4F;&#x9662;&#xFF1A;<span>&#x5426;</span></li>\n                \n                <li>&#x62C6;&#x7EBF;&#x65F6;&#x95F4;&#xFF1A;<span>6-8&#x5929;</span></li>\n            "]},"Desc":{"name":"项目／手术原理","content":"<p>1.&#x5168;&#x8EAB;&#x3001;&#x9762;&#x90E8;&#x6E05;&#x6D01;&#x3001;&#x6D88;&#x6BD2;&#x3002;</p><p>2.&#x8FDB;&#x884C;&#x5168;&#x8EAB;&#x9EBB;&#x9189;&#x3002;</p><p>3.&#x5728;&#x5438;&#x8102;&#x90E8;&#x4F4D;&#x6CE8;&#x5165;&#x80BF;&#x80C0;&#x6DB2;&#xFF08;&#x542B;&#x9EBB;&#x9189;&#x3001;&#x6B62;&#x8840;&#x6210;&#x5206;&#xFF09;&#x3001;&#x5C06;&#x8102;&#x80AA;&#x62BD;&#x5438;&#x51FA;&#x6765;&#x3002;</p><p>4.&#x901A;&#x8FC7;&#x9759;&#x7F6E;+&#x79BB;&#x5FC3;&#x6216;&#x9759;&#x7F6E;+&#x8FC7;&#x6EE4;&#x7684;&#x65B9;&#x6CD5;&#x7EAF;&#x5316;&#x8102;&#x80AA;&#x7EC6;&#x80DE;&#x3002;</p><p>5.&#x6CE8;&#x5C04;&#x5230;&#x9700;&#x8981;&#x5851;&#x5F62;&#x7684;&#x90E8;&#x4F4D;&#x3002;</p><p>6.&#x5438;&#x8102;&#x5904;&#x7F1D;&#x5408;&#x3001;&#x52A0;&#x538B;&#x5305;&#x624E;&#x3002;</p><p>7.&#x9762;&#x90E8;&#x9488;&#x5B54;&#x4F7F;&#x7528;&#x7EA2;&#x9709;&#x7D20;&#x8F6F;&#x818F;+&#x65E0;&#x83CC;&#x8D34;&#xFF0C;&#x4EE5;&#x9632;&#x611F;&#x67D3;&#xFF0C;&#x6CE8;&#x5C04;&#x8102;&#x80AA;&#x7684;&#x533A;&#x57DF;&#x4F7F;&#x7528;3M&#x8D34;&#xFF0C;&#x4EE5;&#x9632;&#x8102;&#x80AA;&#x79FB;&#x4F4D;&#x4E0B;&#x5782;&#x3002;</p><p><img src=\"http://hera.s.gmei.com/2016/10/13/9f245aa28b\" style=\"width: 390px;\"><br></p>"},"Sample":{"name":"效果示例","content":"<img src=\"http://hera.s.gmei.com/itemwiki/2016/10/13/004ff6af2d-w\">"},"BeforIdear":{"name":"效果示例","content":"<p>1.&#x914D;&#x5408;&#x533B;&#x9662;&#x505A;&#x5168;&#x8EAB;&#x68C0;&#x67E5;&#x3002;</p><p>2.&#x672F;&#x524D;&#x4E24;&#x5468;&#x7981;&#x670D;&#x6297;&#x51DD;&#x836F;&#x7269;&#xFF08;&#x5982;&#x963F;&#x65AF;&#x5339;&#x6797;,&#x7EF4;&#x751F;&#x7D20;E&#x7B49;&#xFF09;&#x3002;</p><p>3.&#x672F;&#x524D;&#x4E00;&#x5468;&#x6212;&#x70DF;&#x9152;&#x3002;</p><p>4.&#x5973;&#x751F;&#x5E94;&#x907F;&#x5F00;&#x751F;&#x7406;&#x5468;&#x671F;&#x3002;</p><p>5.&#x672F;&#x524D;&#x4E00;&#x5929;&#x6E05;&#x6D01;&#x5934;&#x9762;&#x4E0E;&#x8EAB;&#x4F53;&#x3002;</p>"},"AfterIdear":{"name":"优点","content":"<p>1&#x3001;&#x672F;&#x540E;&#x5C3D;&#x91CF;&#x597D;&#x597D;&#x4F11;&#x606F;&#x3002;</p><p>2&#x3001;&#x624B;&#x672F;&#x90E8;&#x4F4D;&#x548C;&#x6CE8;&#x5C04;&#x90E8;&#x4F4D;7&#x5929;&#x4E0D;&#x80FD;&#x6CBE;&#x6C34;&#x3002;</p><p>3&#x3001;&#x9075;&#x7167;&#x533B;&#x5631;&#x670D;&#x6297;&#x751F;&#x7D20;3&#xFF5E;5&#x5929;&#x3002;</p><p>4&#x3001;&#x672F;&#x540E;&#x4E24;&#x5929;&#x5185;&#x8102;&#x80AA;&#x62BD;&#x5438;&#x90E8;&#x4F4D;&#x4F1A;&#x6709;&#x5C11;&#x91CF;&#x8840;&#x6DB2;&#x4E0E;&#x80BF;&#x80C0;&#x6DB2;&#x6E17;&#x51FA;&#xFF0C;&#x5E94;&#x6309;&#x65F6;&#x6765;&#x533B;&#x9662;&#x66F4;&#x6362;&#x3002;</p><p>5&#x3001;&#x672F;&#x540E;&#x5E94;&#x7A7F;&#x5F39;&#x529B;&#x7D27;&#x8EAB;&#x8863;&#xFF08;&#x88E4;&#xFF09;&#x81F3;&#x5C11;1&#x4E2A;&#x6708;&#x3002;</p><p>6&#x3001;&#x7981;&#x6B62;&#x670D;&#x7528;&#x51CF;&#x80A5;&#x836F;&#x548C;&#x8C03;&#x7406;&#x6708;&#x7ECF;&#x7C7B;&#x836F;&#x7269;&#x3002;</p>"},"GoodPoint":{"name":"缺点及风险","content":"<p>1.&#x81EA;&#x4F53;&#x7EC4;&#x7EC7;&#x65E0;&#x6392;&#x5F02;&#x53CD;&#x5E94;&#x3002;</p><p>2.&#x6548;&#x679C;&#x6C38;&#x4E45;&#x3002;</p>"},"BadPoint":{"name":"术前锦囊","content":"<p>1&#x3001;&#x8D39;&#x7528;&#x8F83;&#x9AD8;&#x3002;</p><p>2&#x3001;&#x8102;&#x80AA;&#x9897;&#x7C92;&#x79FB;&#x690D;&#x7684;&#x5B58;&#x6D3B;&#x7387;&#x4E0D;&#x7A33;&#x5B9A;&#x3002;</p><p>3&#x3001;&#x53EF;&#x80FD;&#x51FA;&#x73B0;&#x611F;&#x67D3;&#x3001;&#x8840;&#x80BF;&#x76AE;&#x80A4;&#x51F9;&#x51F8;&#x4E0D;&#x5E73;&#x7B49;&#x73B0;&#x8C61;&#x3002;</p>"}}