{"Title":"爱贝芙（进口）","Related":{"name":"关联百科","content":[{"relatedId":"770","name":"宝尼达（国产）"}]},"ShorDesc":{"name":"简介","content":"<p class=\"MsoNormal\" align=\"left\">&#x54C1;&#x724C;&#x540D;&#x79F0;&#xFF1A;&#x7231;&#x8D1D;&#x8299;Artecoll</p><p class=\"MsoNormal\" align=\"left\">&#x751F;&#x4EA7;&#x5546;&#xFF1A;&#x8377;&#x5170;&#x6C49;&#x798F;&#x751F;&#x7269;&#x79D1;&#x6280;&#x516C;&#x53F8;</p><p class=\"MsoNormal\" align=\"left\">&#x6210;&#x5206;&#xFF1A;<span style=\"line-height: 1.42857;\">PMMA&#x5FAE;&#x7403;</span><span style=\"line-height: 1.42857;\">&#xFF08;</span><span style=\"line-height: 1.42857;\">polymethylmethacrylate</span><span style=\"line-height: 1.42857;\">&#xFF0C;</span><span style=\"line-height: 1.42857;\">&#x5373;&#x805A;&#x7532;&#x57FA;&#x4E19;&#x70EF;&#x9178;&#x7532;&#x916F;&#xFF09;&#x3001;</span><span style=\"line-height: 1.42857;\">&#x80F6;&#x539F;</span><span style=\"line-height: 1.42857;\">&#x86CB;&#x767D;&#x6DB2;&#x3001;&#x3001;&#x5229;&#x591A;&#x5361;&#x56E0;</span></p><p class=\"MsoNormal\" align=\"left\"><span lang=\"EN-US\"><o:p></o:p></span></p><p class=\"MsoNormal\" align=\"left\">&#x7EF4;&#x6301;&#x65F6;&#x95F4;&#xFF1A;&#x957F;&#x4E45;</p><p class=\"MsoNormal\" align=\"left\">&#x4F5C;&#x7528;&#xFF1A;<span style=\"text-indent: 21pt;\">&#x523A;&#x6FC0;&#x76AE;&#x80A4;&#x80F6;&#x539F;&#x86CB;&#x767D;&#x7684;&#x518D;&#x751F;&#xFF0C;&#x53EF;&#x6709;&#x6548;&#x6D88;&#x9664;&#x9762;&#x90E8;&#x76AE;&#x80A4;&#x7531;&#x4E8E;&#x76B1;&#x7EB9;&#x548C;&#x51F9;&#x9677;&#x9020;&#x6210;&#x7684;&#x76AE;&#x80A4;&#x8870;&#x8001;&#x95EE;&#x9898;&#xFF0C;</span><span style=\"text-align: justify; text-indent: 32px;\">&#x5176;&#x9AA8;&#x6027;&#x5EF6;&#x4F38;&#x7684;&#x529F;&#x6548;&#xFF0C;&#x8FD8;&#x53EF;&#x8FD0;&#x7528;&#x4E8E;&#x9686;&#x9F3B;&#x3001;&#x9686;&#x4E0B;&#x5DF4;&#x3001;&#x4E30;&#x592A;&#x9633;&#x7A74;&#x7B49;&#x65B9;&#x9762;&#x7684;&#x5851;&#x5F62;</span><span style=\"line-height: 1.42857;\">&#x3002;</span></p><p></p><p class=\"MsoNormal\">&#x8BA4;&#x8BC1;&#xFF1A;&#x4E2D;&#x56FD;&#x56FD;&#x5BB6;&#x98DF;&#x54C1;&#x836F;&#x54C1;&#x76D1;&#x7763;&#x7BA1;&#x7406;&#x5C40;&#xFF08;<span lang=\"EN-US\">CFDA</span>&#xFF09;&#x3001;<span lang=\"EN-US\">FDA</span>&#xFF08;&#x7F8E;&#x56FD;&#xFF09;&#x3001;<span lang=\"EN-US\">CE</span>&#xFF08;&#x6B27;&#x76DF;&#xFF09;&#x3002;</p><p class=\"MsoNormal\"><img src=\"http://hera.s.gmei.com/2016/10/17/86570a77a5\" style=\"width: 780px;\"><img src=\"http://hera.s.gmei.com/2016/10/17/7458855bcd\" style=\"width: 286px;\"><img src=\"http://hera.s.gmei.com/2016/10/17/28901de795\" style=\"width: 286px;\"><br></p>"},"Property":{"name":"档案","content":[]},"Desc":{"name":"项目／手术原理","content":""},"Sample":{"name":"效果示例","content":""},"BeforIdear":{"name":"效果示例","content":""},"AfterIdear":{"name":"优点","content":""},"GoodPoint":{"name":"缺点及风险","content":""},"BadPoint":{"name":"术前锦囊","content":""}}