{"Title":"雾染","Related":{"name":"关联百科","content":[{"relatedId":"591","name":"半永久纹眉"},{"relatedId":"699","name":"根染"}]},"ShorDesc":{"name":"简介","content":"<p class=\"MsoNormal\" align=\"left\"><span style=\"font-family:\n&#x5B8B;&#x4F53;;mso-ascii-font-family:Calibri;mso-ascii-theme-font:minor-latin;mso-fareast-font-family:\n&#x5B8B;&#x4F53;;mso-fareast-theme-font:minor-fareast;mso-hansi-font-family:Calibri;\nmso-hansi-theme-font:minor-latin\">&#x9002;&#x5E94;&#x75C7;&#xFF1A;&#x7709;&#x6BDB;&#x7A00;&#x758F;&#xFF0C;&#x7709;&#x8272;&#x8FC7;&#x6D45;&#x3001;&#x7709;&#x5F62;&#x4E0D;&#x7F8E;&#x89C2;&#x3001;&#x5316;&#x5986;&#x6280;&#x672F;&#x4E0D;&#x8FC7;&#x5173;</span><span lang=\"EN-US\"><o:p></o:p></span></p><p>\n\n</p><p class=\"MsoNormal\" align=\"left\"><span style=\"font-family:\n&#x5B8B;&#x4F53;;mso-ascii-font-family:Calibri;mso-ascii-theme-font:minor-latin;mso-fareast-font-family:\n&#x5B8B;&#x4F53;;mso-fareast-theme-font:minor-fareast;mso-hansi-font-family:Calibri;\nmso-hansi-theme-font:minor-latin\">&#x96FE;&#x67D3;&#x662F;&#x4E00;&#x79CD;&#x7EB9;&#x7709;&#x65B9;&#x6CD5;&#x3002;&#x5C31;&#x662F;&#x5C06;&#x67D3;&#x6599;&#x67D3;&#x6210;&#x81EA;&#x7136;&#x7684;&#x96FE;&#x72B6;&#xFF0C;&#x5176;&#x6548;&#x679C;&#x5C31;&#x50CF;&#x6D82;&#x4E86;&#x7709;&#x7C89;&#x4E00;&#x6837;&#xFF0C;&#x6548;&#x679C;&#x81EA;&#x7136;&#x3002;</span><span lang=\"EN-US\"><o:p></o:p></span></p>"},"Property":{"name":"档案","content":["\n                <li>&#x6CBB;&#x7597;&#x65B9;&#x5F0F;&#xFF1A;<span>&#x6CE8;&#x5C04;</span></li>\n                <li>&#x75BC;&#x75DB;&#x611F;&#xFF1A;<span>1&#x9897;&#x661F;</span><a href=\"gengmei://common_webview?url=http://backend.gmei.com/hybrid/ache_level\">&#x67E5;&#x770B;&#x75BC;&#x75DB;&#x5206;&#x7EA7;</a></li>\n                <li>&#x7EF4;&#x6301;&#x65F6;&#x95F4;&#xFF1A;<span>2-3&#x5E74;</span></li>\n                <li>&#x6CBB;&#x7597;&#x65F6;&#x95F4;&#xFF1A;<span>60-90&#x5206;&#x949F;</span></li>\n                <li>&#x53C2;&#x8003;&#x4EF7;&#x683C;&#xFF1A;<span>5000-10000</span></li>\n                <li>&#x9EBB;&#x9189;&#x65B9;&#x5F0F;&#xFF1A;<span>&#x8868;&#x9762;&#x9EBB;&#x9189;</span></li>\n                <li>&#x662F;&#x5426;&#x4F4F;&#x9662;&#xFF1A;<span>&#x5426;</span></li>\n                \n                <li>&#x62C6;&#x7EBF;&#x65F6;&#x95F4;&#xFF1A;<span>0-0&#x5929;</span></li>\n            "]},"Desc":{"name":"项目／手术原理","content":"<p class=\"MsoNormal\" align=\"left\"><span lang=\"EN-US\">1.</span><span style=\"font-family:&#x5B8B;&#x4F53;;mso-ascii-font-family:Calibri;mso-ascii-theme-font:minor-latin;\nmso-fareast-font-family:&#x5B8B;&#x4F53;;mso-fareast-theme-font:minor-fareast;mso-hansi-font-family:\nCalibri;mso-hansi-theme-font:minor-latin\">&#x8BBE;&#x8BA1;&#x7709;&#x5F62;&#x3002;</span><span lang=\"EN-US\"><o:p></o:p></span></p><p class=\"MsoNormal\" align=\"left\"><span lang=\"EN-US\">2.</span><span style=\"font-family:&#x5B8B;&#x4F53;;mso-ascii-font-family:Calibri;mso-ascii-theme-font:minor-latin;\nmso-fareast-font-family:&#x5B8B;&#x4F53;;mso-fareast-theme-font:minor-fareast;mso-hansi-font-family:\nCalibri;mso-hansi-theme-font:minor-latin\">&#x6807;&#x6CE8;&#x65BD;&#x672F;&#x533A;&#xFF0C;&#x6577;&#x9EBB;&#x836F;&#x3002;</span><span lang=\"EN-US\"><o:p></o:p></span></p><p class=\"MsoNormal\" align=\"left\"><span lang=\"EN-US\">3.</span><span style=\"font-family:&#x5B8B;&#x4F53;;mso-ascii-font-family:Calibri;mso-ascii-theme-font:minor-latin;\nmso-fareast-font-family:&#x5B8B;&#x4F53;;mso-fareast-theme-font:minor-fareast;mso-hansi-font-family:\nCalibri;mso-hansi-theme-font:minor-latin\">&#x6309;&#x7167;&#x672F;&#x524D;&#x8BBE;&#x8BA1;&#xFF0C;&#x5C06;&#x8272;&#x6599;&#x690D;&#x5165;&#x7709;&#x90E8;&#x3002;</span><span lang=\"EN-US\"><o:p></o:p></span></p><p>\n\n\n\n\n\n</p><p class=\"MsoNormal\" align=\"left\"><span lang=\"EN-US\">4.</span><span style=\"font-family:&#x5B8B;&#x4F53;;mso-ascii-font-family:Calibri;mso-ascii-theme-font:minor-latin;\nmso-fareast-font-family:&#x5B8B;&#x4F53;;mso-fareast-theme-font:minor-fareast;mso-hansi-font-family:\nCalibri;mso-hansi-theme-font:minor-latin\">&#x51B0;&#x6577;&#x3002;</span><span lang=\"EN-US\"><o:p></o:p></span></p>"},"Sample":{"name":"效果示例","content":"<img src=\"http://hera.s.gmei.com/itemwiki/2016/10/11/d8b6434d19-w\">"},"BeforIdear":{"name":"效果示例","content":"<p class=\"MsoNormal\" align=\"left\"><span lang=\"EN-US\">1.</span><span style=\"font-family:&#x5B8B;&#x4F53;;mso-ascii-font-family:Calibri;mso-ascii-theme-font:minor-latin;\nmso-fareast-font-family:&#x5B8B;&#x4F53;;mso-fareast-theme-font:minor-fareast;mso-hansi-font-family:\nCalibri;mso-hansi-theme-font:minor-latin\">&#x624B;&#x672F;&#x524D;&#x4E24;&#x5468;&#x5185;&#xFF0C;&#x8BF7;&#x52FF;&#x670D;&#x7528;&#x56FA;&#x9187;&#x6FC0;&#x7D20;&#x548C;&#x963F;&#x65AF;&#x5339;&#x6797;&#x7C7B;&#x6297;&#x51DD;&#x836F;&#x7269;&#x3002;</span><span lang=\"EN-US\"><o:p></o:p></span></p><p class=\"MsoNormal\" align=\"left\"><span lang=\"EN-US\">2.</span><span style=\"font-family:&#x5B8B;&#x4F53;;mso-ascii-font-family:Calibri;mso-ascii-theme-font:minor-latin;\nmso-fareast-font-family:&#x5B8B;&#x4F53;;mso-fareast-theme-font:minor-fareast;mso-hansi-font-family:\nCalibri;mso-hansi-theme-font:minor-latin\">&#x624B;&#x672F;&#x5F53;&#x65E5;&#x4E0D;&#x8981;&#x5316;&#x5986;&#x3002;</span><span lang=\"EN-US\"><o:p></o:p></span></p><p>\n\n\n\n</p><p class=\"MsoNormal\" align=\"left\"><span lang=\"EN-US\">3.</span><span style=\"font-family:&#x5B8B;&#x4F53;;mso-ascii-font-family:Calibri;mso-ascii-theme-font:minor-latin;\nmso-fareast-font-family:&#x5B8B;&#x4F53;;mso-fareast-theme-font:minor-fareast;mso-hansi-font-family:\nCalibri;mso-hansi-theme-font:minor-latin\">&#x5EFA;&#x8BAE;&#x907F;&#x5F00;&#x6708;&#x7ECF;&#x671F;&#xFF0C;&#x598A;&#x5A20;&#x524D;&#xFFFD;&#xFFFD;&#xFFFD;</span><span lang=\"EN-US\">(</span><span style=\"font-family:&#x5B8B;&#x4F53;;mso-ascii-font-family:Calibri;mso-ascii-theme-font:minor-latin;\nmso-fareast-font-family:&#x5B8B;&#x4F53;;mso-fareast-theme-font:minor-fareast;mso-hansi-font-family:\nCalibri;mso-hansi-theme-font:minor-latin\">&#x4E09;&#x4E2A;&#x6708;</span><span lang=\"EN-US\">)</span><span style=\"font-family:&#x5B8B;&#x4F53;;mso-ascii-font-family:Calibri;mso-ascii-theme-font:minor-latin;\nmso-fareast-font-family:&#x5B8B;&#x4F53;;mso-fareast-theme-font:minor-fareast;mso-hansi-font-family:\nCalibri;mso-hansi-theme-font:minor-latin\">&#x6216;&#x598A;&#x5A20;&#x540E;&#x671F;</span><span lang=\"EN-US\">(</span><span style=\"font-family:&#x5B8B;&#x4F53;;mso-ascii-font-family:Calibri;mso-ascii-theme-font:minor-latin;\nmso-fareast-font-family:&#x5B8B;&#x4F53;;mso-fareast-theme-font:minor-fareast;mso-hansi-font-family:\nCalibri;mso-hansi-theme-font:minor-latin\">&#x4E09;&#x4E2A;&#x6708;</span><span lang=\"EN-US\">)</span><span style=\"font-family:&#x5B8B;&#x4F53;;mso-ascii-font-family:Calibri;mso-ascii-theme-font:minor-latin;\nmso-fareast-font-family:&#x5B8B;&#x4F53;;mso-fareast-theme-font:minor-fareast;mso-hansi-font-family:\nCalibri;mso-hansi-theme-font:minor-latin\">&#x3002;</span><span lang=\"EN-US\"><o:p></o:p></span></p>"},"AfterIdear":{"name":"优点","content":"<p class=\"MsoNormal\" align=\"left\"><span lang=\"EN-US\">1.</span><span style=\"font-family:&#x5B8B;&#x4F53;;mso-ascii-font-family:Calibri;mso-ascii-theme-font:minor-latin;\nmso-fareast-font-family:&#x5B8B;&#x4F53;;mso-fareast-theme-font:minor-fareast;mso-hansi-font-family:\nCalibri;mso-hansi-theme-font:minor-latin\">&#x672F;&#x540E;</span><span lang=\"EN-US\">5</span><span style=\"font-family:&#x5B8B;&#x4F53;;mso-ascii-font-family:Calibri;mso-ascii-theme-font:minor-latin;\nmso-fareast-font-family:&#x5B8B;&#x4F53;;mso-fareast-theme-font:minor-fareast;mso-hansi-font-family:\nCalibri;mso-hansi-theme-font:minor-latin\">&#x5929;&#x5185;&#xFF0C;&#x60A3;&#x5904;&#x7ED3;&#x75C2;&#xFF0C;&#x907F;&#x5F00;&#x65BD;&#x672F;&#x90E8;&#x4F4D;&#x6D17;&#x8138;&#xFF0C;&#x4E0D;&#x8981;&#x6CBE;&#x6C34;&#x3002;</span><span lang=\"EN-US\"><o:p></o:p></span></p><p class=\"MsoNormal\" align=\"left\"><span lang=\"EN-US\">2.</span><span style=\"font-family:&#x5B8B;&#x4F53;;mso-ascii-font-family:Calibri;mso-ascii-theme-font:minor-latin;\nmso-fareast-font-family:&#x5B8B;&#x4F53;;mso-fareast-theme-font:minor-fareast;mso-hansi-font-family:\nCalibri;mso-hansi-theme-font:minor-latin\">&#x672F;&#x540E;&#x4E00;&#x5468;&#x5185;&#x4E0D;&#x62BD;&#x70DF;&#xFF0C;&#x4E0D;&#x559D;&#x9152;&#xFF0C;&#x4E0D;&#x5403;&#x8F9B;&#x8FA3;&#x523A;&#x6FC0;&#x6027;&#x98DF;&#x7269;&#xFF0C;&#x4E0D;&#x5403;&#x6D77;&#x9C9C;&#x7C7B;&#x548C;&#x6D77;&#x9C9C;&#x7C7B;&#x4EA7;&#x54C1;&#x3002;</span><span lang=\"EN-US\"><o:p></o:p></span></p><p class=\"MsoNormal\" align=\"left\"><span lang=\"EN-US\">3.</span><span style=\"font-family:&#x5B8B;&#x4F53;;mso-ascii-font-family:Calibri;mso-ascii-theme-font:minor-latin;\nmso-fareast-font-family:&#x5B8B;&#x4F53;;mso-fareast-theme-font:minor-fareast;mso-hansi-font-family:\nCalibri;mso-hansi-theme-font:minor-latin\">&#x4E0D;&#x6E38;&#x6CF3;&#xFF0C;&#x4E0D;&#x6D17;&#x6851;&#x62FF;&#x6D74;&#xFF0C;&#x4E0D;&#x6D17;&#x70ED;&#x6D74;&#xFF0C;&#x4E0D;&#x505A;&#x5267;&#x70C8;&#x8FD0;&#x52A8;&#x3002;</span><span lang=\"EN-US\"><o:p></o:p></span></p><p>\n\n\n\n\n\n</p><p class=\"MsoNormal\" align=\"left\"><span lang=\"EN-US\">4.</span><span style=\"font-family:&#x5B8B;&#x4F53;;mso-ascii-font-family:Calibri;mso-ascii-theme-font:minor-latin;\nmso-fareast-font-family:&#x5B8B;&#x4F53;;mso-fareast-theme-font:minor-fareast;mso-hansi-font-family:\nCalibri;mso-hansi-theme-font:minor-latin\">&#x9075;&#x533B;&#x5631;&#x6D82;&#x62B9;&#x4FEE;&#x62A4;&#x4EA7;&#x54C1;&#x3002;</span><span lang=\"EN-US\"><o:p></o:p></span></p>"},"GoodPoint":{"name":"缺点及风险","content":"<p class=\"MsoNormal\" align=\"left\"><span lang=\"EN-US\">1.</span><span style=\"font-family:&#x5B8B;&#x4F53;;mso-ascii-font-family:Calibri;mso-ascii-theme-font:minor-latin;\nmso-fareast-font-family:&#x5B8B;&#x4F53;;mso-fareast-theme-font:minor-fareast;mso-hansi-font-family:\nCalibri;mso-hansi-theme-font:minor-latin\">&#x6548;&#x679C;&#x4EFF;&#x771F;&#x3001;&#x81EA;&#x7136;&#x3002;</span><span lang=\"EN-US\"><o:p></o:p></span></p><p class=\"MsoNormal\" align=\"left\"><span lang=\"EN-US\">2.</span><span style=\"font-family:&#x5B8B;&#x4F53;;mso-ascii-font-family:Calibri;mso-ascii-theme-font:minor-latin;\nmso-fareast-font-family:&#x5B8B;&#x4F53;;mso-fareast-theme-font:minor-fareast;mso-hansi-font-family:\nCalibri;mso-hansi-theme-font:minor-latin\">&#x5FAE;&#x521B;&#x3001;&#x6062;&#x590D;&#x671F;&#x5F88;&#x77ED;&#x3002;</span><span lang=\"EN-US\"><o:p></o:p></span></p><p>\n\n\n\n</p><p class=\"MsoNormal\" align=\"left\"><span lang=\"EN-US\">3.</span><span style=\"font-family:&#x5B8B;&#x4F53;;mso-ascii-font-family:Calibri;mso-ascii-theme-font:minor-latin;\nmso-fareast-font-family:&#x5B8B;&#x4F53;;mso-fareast-theme-font:minor-fareast;mso-hansi-font-family:\nCalibri;mso-hansi-theme-font:minor-latin\">&#x82B1;&#x8D39;&#x65F6;&#x95F4;&#x8F83;&#x77ED;&#x3002;</span><span lang=\"EN-US\"><o:p></o:p></span></p>"},"BadPoint":{"name":"术前锦囊","content":"<p class=\"MsoNormal\" align=\"left\"><span lang=\"EN-US\">1.</span><span style=\"font-family:&#x5B8B;&#x4F53;;mso-ascii-font-family:Calibri;mso-ascii-theme-font:minor-latin;\nmso-fareast-font-family:&#x5B8B;&#x4F53;;mso-fareast-theme-font:minor-fareast;mso-hansi-font-family:\nCalibri;mso-hansi-theme-font:minor-latin\">&#x6548;&#x679C;&#x53EF;&#x80FD;&#x4E0D;&#x81EA;&#x7136;&#x3001;&#x4E0D;&#x6EE1;&#x610F;&#x3002;</span><span lang=\"EN-US\"><o:p></o:p></span></p><p class=\"MsoNormal\" align=\"left\"><span lang=\"EN-US\">2.</span><span style=\"font-family:&#x5B8B;&#x4F53;;mso-ascii-font-family:Calibri;mso-ascii-theme-font:minor-latin;\nmso-fareast-font-family:&#x5B8B;&#x4F53;;mso-fareast-theme-font:minor-fareast;mso-hansi-font-family:\nCalibri;mso-hansi-theme-font:minor-latin\">&#x64CD;&#x4F5C;&#x4E0D;&#x5F53;&#x6709;&#x611F;&#x67D3;&#x7684;&#x98CE;&#x9669;&#x3002;</span><span lang=\"EN-US\"><o:p></o:p></span></p><p>\n\n\n\n</p><p class=\"MsoNormal\" align=\"left\"><span lang=\"EN-US\">3.</span><span style=\"font-family:&#x5B8B;&#x4F53;;mso-ascii-font-family:Calibri;mso-ascii-theme-font:minor-latin;\nmso-fareast-font-family:&#x5B8B;&#x4F53;;mso-fareast-theme-font:minor-fareast;mso-hansi-font-family:\nCalibri;mso-hansi-theme-font:minor-latin\">&#x8FC7;&#x654F;&#x4F53;&#x8D28;&#x8005;&#x53EF;&#x80FD;&#x5BF9;&#x67D3;&#x6599;&#x8FC7;&#x654F;&#x3002;</span><span lang=\"EN-US\"><o:p></o:p></span></p>"}}