{"Title":"干细胞自体脂肪填充面部","Related":{"name":"关联百科","content":[{"relatedId":"689","name":"玻尿酸填充面部"},{"relatedId":"527","name":"自体脂肪填充面部"},{"relatedId":"483","name":"PRP自体脂肪填充面部"}]},"ShorDesc":{"name":"简介","content":"<p>&#x9002;&#x5E94;&#x75C7;&#xFF1A;&#x9F3B;&#x6881;&#x584C;&#x3001;&#x7709;&#x5F13;&#x584C;&#x3001;&#x4E0B;&#x5DF4;&#x77ED;&#x3001;&#x82F9;&#x679C;&#x808C;&#x4E0D;&#x9971;&#x6EE1;&#x3001;&#x592A;&#x9633;&#x7A74;&#x51F9;&#x9677;&#x3001;&#x98A7;&#x5F13;&#x9AD8;&#x3001;&#x989D;&#x5934;&#x4E0D;&#x9971;&#x6EE1;&#x3001;&#x9762;&#x988A;&#x51F9;&#x9677;&#x3001;&#x5634;&#x5507;&#x8584;&#x3001;&#x6CD5;&#x4EE4;&#x7EB9;&#x3001;&#x6CEA;&#x6C9F;&#x3001;&#x76AE;&#x80A4;&#x677E;&#x5F1B;&#x3001;&#x9762;&#x90E8;&#x4E0B;&#x5782;</p><p>&#x5C06;&#x62BD;&#x53D6;&#x51FA;&#x6765;&#x7684;&#x8102;&#x80AA;&#x4E00;&#x90E8;&#x5206;&#x505A;&#x5206;&#x79BB;&#x5E72;&#x7EC6;&#x80DE;&#x7528;&#xFF0C;&#x7136;&#x540E;&#x4E0E;&#x5176;&#x5B83;&#x8102;&#x80AA;&#x8FDB;&#x884C;&#x6DF7;&#x5408;&#xFF0C;&#x5728;&#x586B;&#x5145;&#x8102;&#x80AA;&#x65F6;&#x52A0;&#x5165;&#x7ECF;&#x5904;&#x7406;&#x7684;&#x8102;&#x80AA;&#x5E72;&#x7EC6;&#x80DE;&#xFF0C;&#x63D0;&#x9AD8;&#x4E86;&#x8102;&#x80AA;&#x7EC4;&#x7EC7;&#x91CC;&#x7684;&#x5E72;&#x7EC6;&#x80DE;&#x7684;&#x6D53;&#x5EA6;&#xFF0C;&#x79FB;&#x690D;&#x5230;&#x81EA;&#x5DF1;&#x9700;&#x8981;&#x8FDB;&#x884C;&#x586B;&#x5145;&#x7684;&#x90E8;&#x4F4D;&#x3002;</p>"},"Property":{"name":"档案","content":["\n                <li>&#x6CBB;&#x7597;&#x65B9;&#x5F0F;&#xFF1A;<span>&#x624B;&#x672F;</span></li>\n                <li>&#x75BC;&#x75DB;&#x611F;&#xFF1A;<span>3&#x9897;&#x661F;</span><a href=\"gengmei://common_webview?url=http://backend.gmei.com/hybrid/ache_level\">&#x67E5;&#x770B;&#x75BC;&#x75DB;&#x5206;&#x7EA7;</a></li>\n                <li>&#x7EF4;&#x6301;&#x65F6;&#x95F4;&#xFF1A;<span>&#x6C38;&#x4E45;</span></li>\n                <li>&#x6CBB;&#x7597;&#x65F6;&#x95F4;&#xFF1A;<span>90-120&#x5206;&#x949F;</span></li>\n                <li>&#x53C2;&#x8003;&#x4EF7;&#x683C;&#xFF1A;<span>20000-100000</span></li>\n                <li>&#x9EBB;&#x9189;&#x65B9;&#x5F0F;&#xFF1A;<span>&#x5168;&#x9EBB;</span></li>\n                <li>&#x662F;&#x5426;&#x4F4F;&#x9662;&#xFF1A;<span>&#x5426;</span></li>\n                \n                <li>&#x62C6;&#x7EBF;&#x65F6;&#x95F4;&#xFF1A;<span>6-8&#x5929;</span></li>\n            "]},"Desc":{"name":"项目／手术原理","content":"<p>1.&#x5168;&#x8EAB;&#x3001;&#x9762;&#x90E8;&#x6E05;&#x6D01;&#x3001;&#x6D88;&#x6BD2;&#x3002;</p><p>2.&#x8FDB;&#x884C;&#x5168;&#x8EAB;&#x9EBB;&#x9189;&#x3002;</p><p>3.&#x5728;&#x5438;&#x8102;&#x90E8;&#x4F4D;&#x6CE8;&#x5165;&#x80BF;&#x80C0;&#x6DB2;&#xFF08;&#x542B;&#x9EBB;&#x9189;&#x3001;&#x6B62;&#x8840;&#x6210;&#x5206;&#xFF09;&#x3001;&#x5C06;&#x8102;&#x80AA;&#x62BD;&#x5438;&#x51FA;&#x6765;&#x3002;</p><p>4.&#x4E00;&#x90E8;&#x5206;&#x8102;&#x80AA;&#x505A;&#x5206;&#x79BB;&#x5E72;&#x7EC6;&#x80DE;&#x7528;&#x3002;</p><p>5.&#x901A;&#x8FC7;&#x9759;&#x7F6E;+&#x79BB;&#x5FC3;&#x6216;&#x9759;&#x7F6E;+&#x8FC7;&#x6EE4;&#x7684;&#x65B9;&#x6CD5;&#x7EAF;&#x5316;&#x8102;&#x80AA;&#x7EC6;&#x80DE;&#x3002;</p><p>6.&#x4E0E;&#x5E72;&#x7EC6;&#x80DE;&#x8FDB;&#x884C;&#x6DF7;&#x5408;&#xFF0C;&#x7136;&#x540E;&#x6CE8;&#x5C04;&#x5230;&#x9762;&#x90E8;&#x51F9;&#x9677;&#x3001;&#x9700;&#x8981;&#x5851;&#x5F62;&#x7684;&#x90E8;&#x4F4D;&#x3002;</p><p>7.&#x5438;&#x8102;&#x5904;&#x7F1D;&#x5408;&#x3001;&#x52A0;&#x538B;&#x5305;&#x624E;&#x3002;</p><p>8.&#x9762;&#x90E8;&#x9488;&#x5B54;&#x4F7F;&#x7528;&#x7EA2;&#x9709;&#x7D20;&#x8F6F;&#x818F;+&#x65E0;&#x83CC;&#x8D34;&#xFF0C;&#x4EE5;&#x9632;&#x611F;&#x67D3;&#xFF0C;&#x6CE8;&#x5C04;&#x8102;&#x80AA;&#x7684;&#x533A;&#x57DF;&#x4F7F;&#x7528;3M&#x8D34;&#xFF0C;&#x4EE5;&#x9632;&#x8102;&#x80AA;&#x79FB;&#x4F4D;&#x4E0B;&#x5782;&#x3002;</p><p><img src=\"http://hera.s.gmei.com/2016/10/12/4b80a27db3\" style=\"width: 470px;\"><br></p>"},"Sample":{"name":"效果示例","content":"<img src=\"http://hera.s.gmei.com/itemwiki/2016/10/12/e085b43893-w\">"},"BeforIdear":{"name":"效果示例","content":"<p>1.&#x4E0E;&#x533B;&#x751F;&#x5145;&#x5206;&#x6C9F;&#x901A;&#x8BBE;&#x8BA1;&#x5168;&#x9762;&#x90E8;&#x586B;&#x5145;&#x65B9;&#x6848;&#x3002;</p><p>2.&#x914D;&#x5408;&#x533B;&#x9662;&#x505A;&#x5E38;&#x89C4;&#x68C0;&#x67E5;&#x3002;</p><p>3.&#x672F;&#x524D;&#x4E24;&#x5468;&#x7981;&#x670D;&#x6297;&#x51DD;&#x836F;&#x7269;&#xFF08;&#x5982;&#x963F;&#x65AF;&#x5339;&#x6797;,&#x7EF4;&#x751F;&#x7D20;E&#x7B49;&#xFF09;&#x3002;</p><p>4.&#x672F;&#x524D;&#x4E00;&#x5468;&#x6212;&#x70DF;&#x9152;&#x3002;</p><p>5.&#x5973;&#x6027;&#x5E94;&#x907F;&#x5F00;&#x6708;&#x7ECF;&#x671F;&#x3001;&#x598A;&#x5A20;&#x671F;&#x548C;&#x54FA;&#x4E73;&#x671F;&#x3002;</p><p>6.&#x672F;&#x524D;&#x4E00;&#x5929;&#x6E05;&#x6D01;&#x5934;&#x9762;&#x4E0E;&#x8EAB;&#x4F53;&#xFF08;&#x672F;&#x540E;7&#x5929;&#x4E0D;&#x80FD;&#x6D17;&#x6FA1;&#xFF09;&#x3002;</p>"},"AfterIdear":{"name":"优点","content":"<p>1.&#x5438;&#x8102;&#x90E8;&#x4F4D;&#x52A0;&#x538B;&#x5305;&#x624E;5-7&#x5929;&#xFF0C;&#x53EF;&#x538B;&#x8FEB;&#x6B62;&#x8840;&#x3001;&#x7F13;&#x89E3;&#x75BC;&#x75DB;&#x3002;</p><p>2.&#x6CE8;&#x5C04;&#x9488;&#x5B54;&#x6D82;&#x7EA2;&#x9709;&#x7D20;&#x8F6F;&#x818F;+&#x8D34;&#x65E0;&#x83CC;&#x8D34;&#xFF0C;7&#x5929;&#x4E0D;&#x80FD;&#x6CBE;&#x6C34;&#x3001;&#x6D17;&#x8138;&#x3002;</p><p>3.&#x7B2C;2-3&#x5929;&#x53BB;&#x533B;&#x9662;&#x6362;&#x836F;&#xFF0C;&#x6216;&#x9075;&#x5FAA;&#x533B;&#x5631;&#x6362;&#x836F;&#xFF0C;&#x4EE5;&#x514D;&#x5438;&#x8102;&#x533A;&#x57DF;&#x4F24;&#x53E3;&#x611F;&#x67D3;&#x3002;</p><p>4.&#x6CE8;&#x5C04;&#x533A;&#x57DF;&#x4E25;&#x7981;&#x51B0;&#x6577;&#x3001;&#x70ED;&#x6577;&#x3001;&#x6309;&#x6469;&#x3001;&#x6324;&#x538B;&#xFF0C;&#x4EE5;&#x514D;&#x5F71;&#x54CD;&#x8102;&#x80AA;&#x6210;&#x6D3B;&#x3002;</p><p>5.&#x672F;&#x540E;3-5&#x5929;&#x670D;&#x7528;&#x6D88;&#x708E;&#x836F;&#xFF08;&#x6216;&#x9075;&#x533B;&#x5631;&#xFF09;&#x3002;</p><p>6.&#x5438;&#x8102;&#x90E8;&#x4F4D;&#x5E94;&#x7A7F;&#x5F39;&#x529B;&#x8863;1-3&#x4E2A;&#x6708;&#xFF0C;&#x6BCF;&#x5929;6-8h&#x3002;</p><p>7.&#x6CE8;&#x5C04;&#x533A;&#x57DF;&#x8D34;3M&#x80F6;&#x5E26;&#xFF0C;&#x4EE5;&#x514D;&#x8102;&#x80AA;&#x79FB;&#x4F4D;&#x3002;</p><p>8.&#x672F;&#x540E;3&#x5929;&#x5185;&#x5C3D;&#x91CF;&#x5403;&#x6D41;&#x98DF;&#x3001;&#x4E0D;&#x8981;&#x505A;&#x9762;&#x90E8;&#x8868;&#x60C5;&#x3001;&#x4E0D;&#x8981;&#x5927;&#x58F0;&#x8BF4;&#x8BDD;&#xFF0C;&#x4EE5;&#x514D;&#x8102;&#x80AA;&#x79FB;&#x4F4D;&#x3002;</p><p>9.&#x4E25;&#x7981;&#x5438;&#x70DF;/&#x95FB;&#x70DF;&#x5473;&#xFF0C;&#x4EE5;&#x514D;&#x5F71;&#x54CD;&#x8102;&#x80AA;&#x6210;&#x6D3B;&#x3002;</p><p>10.&#x624B;&#x672F;&#x540E;3&#x4E2A;&#x6708;&#x5185;&#x4E0D;&#x80FD;&#x51CF;&#x80A5;&#x3001;&#x670D;&#x7528;&#x51CF;&#x80A5;&#x836F;&#x7269;&#x3002;</p>"},"GoodPoint":{"name":"缺点及风险","content":"<p>1.&#x81EA;&#x4F53;&#x8102;&#x80AA;&#x3001;&#x5E72;&#x7EC6;&#x80DE;&#x65E0;&#x6392;&#x5F02;&#x53CD;&#x5E94;&#x3001;&#x5B89;&#x5168;&#x3002;</p><p>2.&#x53EF;&#x4EE5;&#x5728;&#x4E00;&#x5B9A;&#x7A0B;&#x5EA6;&#x4E0A;&#x63D0;&#x9AD8;&#x6210;&#x6D3B;&#x7387;&#x3002;</p><p>3.&#x9762;&#x90E8;&#x548C;&#x8EAB;&#x4F53;&#x53EF;&#x540C;&#x65F6;&#x5851;&#x5F62;&#x3002;</p><p>4.&#x8102;&#x80AA;&#x586B;&#x5145;&#x9762;&#x90E8;&#x53EF;&#x8BA9;&#x9762;&#x90E8;&#x53D8;&#x5F97;&#x7ACB;&#x4F53;&#x3001;&#x7F8E;&#x89C2;&#xFF0C;&#x540C;&#x65F6;&#x6709;&#x53BB;&#x76B1;&#x3001;&#x6297;&#x8870;&#x3001;&#x6539;&#x5584;&#x80A4;&#x8D28;&#x7684;&#x4F5C;&#x7528;&#x3002;</p>"},"BadPoint":{"name":"术前锦囊","content":"<p>1.&#x5438;&#x8102;&#x90E8;&#x4F4D;&#x53EF;&#x80FD;&#x6709;&#x75A4;&#x75D5;&#x3002;</p><p>2.&#x8102;&#x80AA;&#x7EC6;&#x80DE;&#x5B58;&#x6D3B;&#x7387;&#x4E0D;&#x7A33;&#x5B9A;&#xFF0C;&#x901A;&#x5E38;&#x662F;30-70%&#x3001;&#x53EF;&#x80FD;&#x9700;&#x8981;2-3&#x6B21;&#x586B;&#x5145;.</p><p>3.&#x611F;&#x67D3;&#xFF1A;&#x4E00;&#x822C;&#x4E8E;&#x4E00;&#x5468;&#x5DE6;&#x53F3;&#x540E;&#x51FA;&#x73B0;&#xFF0C;&#x5E94;&#x6309;&#x65F6;&#x590D;&#x67E5;&#x3002;</p><p>4.&#x8840;&#x80BF;&#xFF0C;&#x56E0;&#x6B64;&#x672F;&#x524D;&#x548C;&#x672F;&#x540E;&#x7981;&#x7528;&#x6297;&#x51DD;&#x836F;&#x7269;&#x3002;</p><p>5.&#x5438;&#x8102;&#x90E8;&#x4F4D;&#x51F9;&#x51F8;&#x4E0D;&#x5E73;&#xFF1A;&#x5E94;&#x4FDD;&#x6301;&#x7A7F;&#x7D27;&#x8EAB;&#x8863;&#xFF08;&#x88E4;&#xFF09;&#x81F3;&#x5C11;1&#x6708;&#xFF0C;&#x5982;&#x679C;&#x4E0D;&#x80FD;&#x6062;&#x590D;&#xFF0C;&#x9700;&#x8981;&#x505A;&#x4FEE;&#x590D;&#x624B;&#x672F;&#x3002;</p><p>6.&#x8102;&#x80AA;&#x6DB2;&#x5316;&#xFF1A;&#x6CE8;&#x5165;&#x8102;&#x80AA;&#x7EC4;&#x7EC7;&#x8FC7;&#x591A;&#x3001;&#x6CE8;&#x5165;&#x540E;&#x8102;&#x80AA;&#x7EC4;&#x7EC7;&#x81EA;&#x7136;&#x805A;&#x96C6;&#x6210;&#x5757;&#xFF0C;&#x5BFC;&#x81F4;&#x6CE8;&#x5165;&#x7684;&#x8102;&#x80AA;&#x672A;&#x80FD;&#x6210;&#x6D3B;&#x3001;&#x574F;&#x6B7B;&#x3001;&#x6DB2;&#x5316;&#x3002;&#x53D1;&#x751F;&#x8102;&#x80AA;&#x6DB2;&#x5316;&#xFF0C;&#x9700;&#x5230;&#x533B;&#x9662;&#x7A7F;&#x523A;&#x62BD;&#x51FA;&#x6DB2;&#x4F53;&#xFF0C;&#x6216;&#x8D1F;&#x538B;&#x5F15;&#x6D41;&#x3002;</p>"}}