{"Title":"切眉术","Related":{"name":"关联百科","content":[{"relatedId":"199","name":"上睑下垂矫正"},{"relatedId":"671","name":"鱼尾纹"},{"relatedId":"673","name":"眼部松弛"}]},"ShorDesc":{"name":"简介","content":"<p>&#x9002;&#x5E94;&#x75C7;&#xFF1A;&#x7709;&#x578B;&#x77EB;&#x6B63;&#xFF0C;&#x7709;&#x5F13;&#x4F4E;&#x5E73;</p><p>&#x5207;&#x5F00;&#x7709;&#x6BDB;&#x4E0B;&#x6216;&#x7709;&#x6BDB;&#x5468;&#x56F4;&#x7684;&#x76AE;&#x80A4;&#xFF0C;&#x91CD;&#x65B0;&#x7F1D;&#x5408;&#xFF0C;&#x505A;&#x51FA;&#x7406;&#x60F3;&#x7684;&#x7709;&#x5F62;&#x3002;</p>"},"Property":{"name":"档案","content":["\n                <li>&#x6CBB;&#x7597;&#x65B9;&#x5F0F;&#xFF1A;<span>&#x624B;&#x672F;</span></li>\n                <li>&#x75BC;&#x75DB;&#x611F;&#xFF1A;<span>2&#x9897;&#x661F;</span><a href=\"gengmei://common_webview?url=http://backend.gmei.com/hybrid/ache_level\">&#x67E5;&#x770B;&#x75BC;&#x75DB;&#x5206;&#x7EA7;</a></li>\n                <li>&#x7EF4;&#x6301;&#x65F6;&#x95F4;&#xFF1A;<span>&#x6C38;&#x4E45;</span></li>\n                <li>&#x6CBB;&#x7597;&#x65F6;&#x95F4;&#xFF1A;<span>30-30&#x5206;&#x949F;</span></li>\n                <li>&#x53C2;&#x8003;&#x4EF7;&#x683C;&#xFF1A;<span>1800-28000</span></li>\n                <li>&#x9EBB;&#x9189;&#x65B9;&#x5F0F;&#xFF1A;<span>&#x5C40;&#x9EBB;</span></li>\n                <li>&#x662F;&#x5426;&#x4F4F;&#x9662;&#xFF1A;<span>&#x5426;</span></li>\n                \n                <li>&#x62C6;&#x7EBF;&#x65F6;&#x95F4;&#xFF1A;<span>7-10&#x5929;</span></li>\n            "]},"Desc":{"name":"项目／手术原理","content":"<p>1. &#x6E05;&#x6D01;&#x9762;&#x90E8;&#xFF0C;&#x6D88;&#x6BD2;&#x3002;</p><p>2. &#x8BBE;&#x8BA1;&#x3002;</p><p>3. &#x5207;&#x5F00;&#x548C;&#x5207;&#x9664;&#x76AE;&#x80A4;&#x3002;</p><p>4. &#x7F1D;&#x5408;&#x3002;</p><p><img src=\"http://hera.s.gmei.com/2016/10/12/50952a9d7c\" style=\"width: 364px;\"><br></p>"},"Sample":{"name":"效果示例","content":"<img src=\"http://hera.s.gmei.com/itemwiki/2016/10/12/587557a573-w\">"},"BeforIdear":{"name":"效果示例","content":"<p>1&#x3001;&#x5973;&#x6027;&#x907F;&#x5F00;&#x4F8B;&#x5047;&#x671F;&#xFF0C;&#x907F;&#x514D;&#x672F;&#x4E2D;&#x6216;&#x672F;&#x540E;&#x51FA;&#x8840;&#x589E;&#x591A;&#x6216;&#x8005;&#x80BF;&#x80C0;&#x52A0;&#x91CD;&#x3002;</p><p>2&#x3001;&#x624B;&#x672F;&#x524D;&#x4E24;&#x5468;&#x5185;&#xFF0C;&#x8BF7;&#x52FF;&#x670D;&#x7528;&#x56FA;&#x9187;&#x6FC0;&#x7D20;&#x548C;&#x963F;&#x65AF;&#x5339;&#x6797;&#x7C7B;&#x6297;&#x51DD;&#x836F;&#x7269;&#x3002;</p><p>3&#x3001;&#x624B;&#x672F;&#x5F53;&#x65E5;&#x4E0D;&#x8981;&#x5316;&#x5986;&#xFF0C;&#x4E5F;&#x4E0D;&#x8981;&#x6234;&#x88C5;&#x9970;&#x7269;&#x7B49;&#x3002;</p><p>4&#x3001;&#x598A;&#x5A20;&#x524D;&#x671F;(&#x4E09;&#x4E2A;&#x6708;)&#x6216;&#x598A;&#x5A20;&#x540E;&#x671F;(&#x4E09;&#x4E2A;&#x6708;)&#x6682;&#x7F13;&#x624B;&#x672F;&#x3002;</p><p>5&#x3001;&#x7537;&#x6027;&#x9700;&#x8981;&#x63D0;&#x524D;&#x6212;&#x70DF;&#x4E00;&#x5468;&#x3002;</p><p>6&#x3001;&#x5E38;&#x89C4;&#x8EAB;&#x4F53;&#x68C0;&#x67E5;&#x2014;&#x2014;&#x5168;&#x8EAB;&#x68C0;&#x67E5;&#xFF0C;&#x5404;&#x9879;&#x5316;&#x9A8C;&#x68C0;&#x67E5;&#xFF0C;&#x4E2D;&#x3001;&#x8001;&#x5E74;&#x53D7;&#x672F;&#x8005;&#x5FC5;&#x8981;&#x65F6;&#x9700;&#x6D4B;&#x8840;&#x538B;&#x548C;&#x505A;&#x5FC3;&#x7535;&#x56FE;&#x3002;</p>"},"AfterIdear":{"name":"优点","content":"<p>1&#x3001;&#x672F;&#x540E;72&#x5C0F;&#x65F6;&#x5185;&#x53EF;&#x51B0;&#x6577;&#xFF0C;&#x51B0;&#x6577;15-20&#x5206;&#x949F;&#xFF0C;&#x4E00;&#x822C;&#x4E0D;&#x8D85;&#x8FC7;30&#x5206;&#x949F;&#xFF0C;&#x4EE5;&#x514D;&#x51BB;&#x4F24;&#x76AE;&#x80A4;&#xFF0C;3-4&#x5C0F;&#x65F6;&#x51B0;&#x6577;&#x4E00;&#x6B21;&#xFF0C;&#x4E0D;&#x8981;&#x7528;&#x624B;&#x53BB;&#x89E6;&#x6478;&#x4F24;&#x53E3;&#xFF0C;&#x907F;&#x514D;&#x611F;&#x67D3;&#x3002;</p><p>2&#x3001;&#x53E3;&#x670D;3-5&#x5929;&#x6297;&#x751F;&#x7D20;&#x3002;</p><p>3&#x3001;7&#x5929;&#x5185;&#x4FDD;&#x6301;&#x624B;&#x672F;&#x90E8;&#x4F4D;&#x4F24;&#x53E3;&#x6E05;&#x6D01;&#x5E72;&#x71E5;&#xFF0C;&#x62C6;&#x7EBF;&#x524D;&#x4E0D;&#x80FD;&#x6CBE;&#x6C34;&#xFF0C;&#x4E0D;&#x8981;&#x6309;&#x6469;&#x624B;&#x672F;&#x90E8;&#x4F4D;&#x3002;</p><p>4&#x3001;&#x4E0D;&#x62BD;&#x70DF;&#x3001;&#x4E0D;&#x559D;&#x9152;&#xFF0C;&#x4E0D;&#x5403;&#x8165;&#x8FA3;&#x523A;&#x6FC0;&#x6027;&#x98DF;&#x7269;&#xFF0C;&#x4E0D;&#x8981;&#x7528;&#x624B;&#x89E6;&#x6478;&#x6293;&#x63C9;&#x4F24;&#x53E3;&#xFF0C;&#x907F;&#x514D;&#x611F;&#x67D3;&#x51FA;&#x8840;&#x3002;</p>"},"GoodPoint":{"name":"缺点及风险","content":"<p>1.&#x9002;&#x5E94;&#x4EBA;&#x7FA4;&#x8303;&#x56F4;&#x8F83;&#x5E7F;&#x3002;</p><p>2.&#x53EF;&#x540C;&#x65F6;&#x6539;&#x5584;&#x773C;&#x4E0A;&#x90E8;&#x5206;&#x76AE;&#x80A4;&#x677E;&#x5F1B;&#x3002;</p><p>3.&#x672F;&#x540E;&#x6548;&#x679C;&#x660E;&#x663E;&#x3002;</p>"},"BadPoint":{"name":"术前锦囊","content":"<p>1.&#x672F;&#x540E;&#x5207;&#x53E3;&#x90E8;&#x4F4D;&#x4F1A;&#x7559;&#x6709;&#x7622;&#x75D5;&#x3002;</p><p>2.&#x672F;&#x540E;&#x53EF;&#x80FD;&#x51FA;&#x73B0;&#x8840;&#x80BF;&#x548C;&#x5916;&#x5F62;&#x4E0D;&#x7F8E;&#x7B49;&#x5E76;&#x53D1;&#x75C7;&#x3002;</p>"}}