{"Title":"种植牙","Related":{"name":"关联百科","content":[{"relatedId":"629","name":"牙齿矫正"},{"relatedId":"562","name":"美容冠"},{"relatedId":"266","name":"烤瓷牙"}]},"ShorDesc":{"name":"简介","content":"<p>&#x9002;&#x5E94;&#x75C7;&#xFF1A;&#x7259;&#x9F7F;&#x7A00;&#x758F;</p><p>&#x79CD;&#x690D;&#x7259;&#x662F;&#x5C06;&#x91D1;&#x5C5E;&#x79CD;&#x690D;&#x4F53;(&#x76F8;&#x5F53;&#x4E8E;&#x7259;&#x6839;)&#x690D;&#x5165;&#x7259;&#x9F88;&#x4E0B;&#x7684;&#x7259;&#x69FD;&#x9AA8;&#x4E2D;&#xFF0C;&#x901A;&#x5E38;&#x91C7;&#x7528;&#x949B;&#x5408;&#x91D1;&#x79CD;&#x690D;&#x4F53;&#x3002;&#x7136;&#x540E;&#x533B;&#x751F;&#x5728;&#x79CD;&#x690D;&#x4F53;&#x4E0A;&#x9762;&#x4F5C;&#x70E4;&#x74F7;&#x51A0;&#x4FEE;&#x590D;&#xFF0C;&#x5982;&#x679C;&#x9700;&#x8981;&#xFF0C;&#x53EF;&#x4EE5;&#x8003;&#x8651;&#x63A5;&#x53D7;&#x7259;&#x9F88;&#x6210;&#x5F62;&#x624B;&#x672F;&#xFF0C;&#x4EE5;&#x6C42;&#x5B8C;&#x7F8E;&#x7684;&#x8F6F;&#x7EC4;&#x7EC7;&#x7F8E;&#x5B66;&#x6548;&#x679C;&#x3002;</p>"},"Property":{"name":"档案","content":["\n                <li>&#x6CBB;&#x7597;&#x65B9;&#x5F0F;&#xFF1A;<span>&#x53E3;&#x8154;</span></li>\n                <li>&#x75BC;&#x75DB;&#x611F;&#xFF1A;<span>0&#x9897;&#x661F;</span><a href=\"gengmei://common_webview?url=http://backend.gmei.com/hybrid/ache_level\">&#x67E5;&#x770B;&#x75BC;&#x75DB;&#x5206;&#x7EA7;</a></li>\n                <li>&#x7EF4;&#x6301;&#x65F6;&#x95F4;&#xFF1A;<span>&#x6C38;&#x4E45;</span></li>\n                <li>&#x6CBB;&#x7597;&#x65F6;&#x95F4;&#xFF1A;<span>90-180&#x5206;&#x949F;</span></li>\n                <li>&#x53C2;&#x8003;&#x4EF7;&#x683C;&#xFF1A;<span>3500-10000</span></li>\n                <li>&#x9EBB;&#x9189;&#x65B9;&#x5F0F;&#xFF1A;<span>&#x5C40;&#x9EBB;</span></li>\n                <li>&#x662F;&#x5426;&#x4F4F;&#x9662;&#xFF1A;<span>&#x5426;</span></li>\n                \n                <li>&#x62C6;&#x7EBF;&#x65F6;&#x95F4;&#xFF1A;<span>0-0&#x5929;</span></li>\n            "]},"Desc":{"name":"项目／手术原理","content":"<p>1.&#x672F;&#x524D;&#x8BBE;&#x8BA1;&#x65B9;&#x6848;&#x3002;</p><p>2.&#x9EBB;&#x9189;</p><p>3.&#x901A;&#x8FC7;&#x624B;&#x672F;&#x5C06;&#x79CD;&#x690D;&#x4F53;&#x690D;&#x5165;&#x9AA8;&#x5185;&#x3002;</p><p><img src=\"http://hera.s.gmei.com/2016/10/12/8d3d97d2c9\" style=\"width: 316px;\"><br></p>"},"Sample":{"name":"效果示例","content":"<img src=\"http://hera.s.gmei.com/itemwiki/2016/10/12/e001d42728-w\">"},"BeforIdear":{"name":"效果示例","content":"<p>1&#x3001;&#x624B;&#x672F;&#x524D;&#x786E;&#x5B9A;&#x8EAB;&#x4F53;&#x5065;&#x5EB7;&#xFF0C;&#x65E0;&#x4F20;&#x67D3;&#x75C5;&#x6216;&#x5176;&#x4ED6;&#x8EAB;&#x4F53;&#x708E;&#x75C7;&#x3002;</p><p>2&#x3001;&#x672F;&#x524D;&#x4E00;&#x5468;&#x5185;&#x505C;&#x6B62;&#x996E;&#x9152;&#x3001;&#x670D;&#x7528;&#x963F;&#x53F8;&#x5339;&#x6797;&#x3001;&#x7EF4;&#x751F;&#x7D20;E&#x7B49;&#x6269;&#x8840;&#x7BA1;&#x836F;&#x7269;&#x3002;</p><p>3&#x3001;&#x5438;&#x70DF;&#x8005;&#x9700;&#x8981;&#x63D0;&#x524D;&#x4E00;&#x5468;&#x6212;&#x70DF;&#x3002;</p>"},"AfterIdear":{"name":"优点","content":"<p>1.&#x672F;&#x540E;24&#x5C0F;&#x65F6;&#x5185;&#x4E0D;&#x8981;&#x5237;&#x7259;&#x53CA;&#x7528;&#x6E05;&#x6C34;&#xFF0C;&#x56E0;&#x8FC7;&#x9891;&#x6F31;&#x53E3;&#x53EF;&#x80FD;&#x5BFC;&#x81F4;&#x7259;&#x9F7F;&#x6E17;&#x8840;&#xFF0C;&#x4F46;&#x9910;&#x540E;&#x53EF;&#x7528;&#x6F31;&#x53E3;&#x6DB2;&#x6F31;&#x53E3;&#xFF0C;&#x9632;&#x6B62;&#x53E3;&#x5185;&#x98DF;&#x7269;&#x6B8B;&#x6E23;&#x6B8B;&#x7559;&#xFF0C;&#x672F;&#x540E;2&#x5C0F;&#x65F6;&#x5373;&#x53EF;&#x9002;&#x91CF;&#x8FDB;&#x98DF;&#x996E;&#x6C34;&#xFF0C;&#x98DF;&#x7269;&#x4E0D;&#x8981;&#x8FC7;&#x51B7;&#x8FC7;&#x70ED;&#x3002;</p><p>2.&#x672F;&#x540E;&#x5E38;&#x89C4;&#x4F7F;&#x7528;&#x6297;&#x751F;&#x7D20;&#x3002;&#x590D;&#x6742;&#x7684;&#x79CD;&#x690D;&#x624B;&#x672F;&#x9700;&#x8981;&#x9759;&#x8109;&#x5E94;&#x7528;&#x6297;&#x751F;&#x7D20;&#xFF0C;&#x4EE5;&#x9884;&#x9632;&#x611F;&#x67D3;&#x3002;</p><p>3.&#x624B;&#x672F;&#x5F53;&#x5929;&#xFF0C;&#x672F;&#x524D;&#x75C5;&#x4EBA;&#x5E94;&#x6B63;&#x5E38;&#x8FDB;&#x98DF;&#xFF0C;&#x672F;&#x540E;&#x8FDB;&#x98DF;&#x8F6F;&#x98DF;&#x3001;&#x6D41;&#x8D28;&#x7B49;&#x3002;</p><p>4.&#x7531;&#x4E8E;&#x60A3;&#x8005;&#x4F53;&#x8D28;&#x53CA;&#x624B;&#x672F;&#x8FC7;&#x7A0B;&#x4E0D;&#x540C;&#xFF0C;&#x6709;&#x4E9B;&#x4F1A;&#x51FA;&#x73B0;&#x5C40;&#x90E8;&#x6C34;&#x80BF;&#x53CA;&#x7600;&#x6591;&#xFF0C;&#x4E00;&#x822C;&#x6301;&#x7EED;3-5&#x5929;&#x5DE6;&#x53F3;&#x3002;</p><p>5.&#x6B63;&#x5E38;&#x672F;&#x540E;7-10&#x5929;&#x62C6;&#x7EBF;&#xFF0C;&#x53CA;&#x65F6;&#x62C6;&#x7EBF;&#x53EF;&#x4EE5;&#x9884;&#x9632;&#x5C40;&#x90E8;&#x611F;&#x67D3;&#x3002;</p>"},"GoodPoint":{"name":"缺点及风险","content":"<p>1&#x3001;&#x6BD4;&#x4F20;&#x7EDF;&#x5047;&#x7259;&#x6613;&#x4E8E;&#x6E05;&#x6D01;&#x3002;<br></p>"},"BadPoint":{"name":"术前锦囊","content":"<p>1&#x3001;&#x6CBB;&#x7597;&#x5468;&#x671F;&#x957F;&#xFF0C;&#x4E00;&#x822C;&#x9700;&#x8981;&#x4E0A;&#x988C;&#x7259;&#x4E09;&#x4E2A;&#x6708;&#xFF0C;&#x4E0B;&#x988C;&#x7259;&#x516D;&#x4E2A;&#x6708;&#x3002;</p><p>2&#x3001;&#x6CBB;&#x7597;&#x8D39;&#x7528;&#x6BD4;&#x4E00;&#x822C;&#x9576;&#x7259;&#x8D35;&#x7B49;&#x3002;</p>"}}