{"Title":"膨体隆鼻","Related":{"name":"关联百科","content":[{"relatedId":"675","name":"假体+耳软骨隆鼻"},{"relatedId":"677","name":"肋软骨隆鼻"},{"relatedId":"356","name":"硅胶隆鼻"},{"relatedId":"404","name":"埋线隆鼻"},{"relatedId":"222","name":"玻尿酸隆鼻"},{"relatedId":"516","name":"Medpor隆鼻"}]},"ShorDesc":{"name":"简介","content":"<p>&#x9002;&#x5E94;&#x75C7;&#xFF1A;&#x584C;&#x9F3B;&#x6881;&#xFF0C;&#x77ED;&#x9F3B;</p><p>&#x81A8;&#x4F53;&#x6750;&#x6599;&#x662F;&#x4E00;&#x79CD;&#x65B0;&#x578B;&#x7684;&#x6750;&#x6599;&#x2014;&#x2014;&#x805A;&#x56DB;&#x6C1F;&#x4E59;&#x70EF;&#xFF0C;&#x901A;&#x8FC7;&#x624B;&#x672F;&#x65B9;&#x5F0F;&#x690D;&#x5165;&#x5230;&#x9F3B;&#x5185;&#x4EE5;&#x8FBE;&#x5230;&#x9686;&#x9F3B;&#x6548;&#x679C;&#x3002;</p>"},"Property":{"name":"档案","content":["\n                <li>&#x6CBB;&#x7597;&#x65B9;&#x5F0F;&#xFF1A;<span>&#x624B;&#x672F;</span></li>\n                <li>&#x75BC;&#x75DB;&#x611F;&#xFF1A;<span>3&#x9897;&#x661F;</span><a href=\"gengmei://common_webview?url=http://backend.gmei.com/hybrid/ache_level\">&#x67E5;&#x770B;&#x75BC;&#x75DB;&#x5206;&#x7EA7;</a></li>\n                <li>&#x7EF4;&#x6301;&#x65F6;&#x95F4;&#xFF1A;<span>&#x6C38;&#x4E45;</span></li>\n                <li>&#x6CBB;&#x7597;&#x65F6;&#x95F4;&#xFF1A;<span>30-30&#x5206;&#x949F;</span></li>\n                <li>&#x53C2;&#x8003;&#x4EF7;&#x683C;&#xFF1A;<span>10000-45000</span></li>\n                <li>&#x9EBB;&#x9189;&#x65B9;&#x5F0F;&#xFF1A;<span>&#x5C40;&#x9EBB;</span></li>\n                <li>&#x662F;&#x5426;&#x4F4F;&#x9662;&#xFF1A;<span>&#x5426;</span></li>\n                \n                <li>&#x62C6;&#x7EBF;&#x65F6;&#x95F4;&#xFF1A;<span>3-7&#x5929;</span></li>\n            "]},"Desc":{"name":"项目／手术原理","content":"<p>1&#x3001;&#x8BBE;&#x8BA1;&#x96D5;&#x523B;&#x5047;&#x4F53;</p><p>2&#x3001;&#x5207;&#x5F00;&#x624B;&#x672F;&#x90E8;&#x4F4D;&#xFF0C;&#x5265;&#x79BB;&#x76AE;&#x80A4;&#x548C;&#x8F6F;&#x9AA8;&#x7EC4;&#x7EC7;</p><p>3&#x3001;&#x63D2;&#x5165;&#x81A8;&#x4F53;&#x586B;&#x5145;&#x7269;</p><p>4&#x3001;&#x7F1D;&#x5408;&#x5207;&#x53E3;</p><p><img src=\"http://hera.s.gmei.com/2016/10/12/9cc1518ec8\" style=\"width: 261px;\"><br></p>"},"Sample":{"name":"效果示例","content":"<img src=\"http://hera.s.gmei.com/itemwiki/2016/10/12/72c2ffe041-w\">"},"BeforIdear":{"name":"效果示例","content":"<p>1&#x3001;&#x624B;&#x672F;&#x524D;&#x4E24;&#x5468;&#x5185;&#xFF0C;&#x8BF7;&#x52FF;&#x670D;&#x7528;&#x56FA;&#x9187;&#x6FC0;&#x7D20;&#x548C;&#x963F;&#x65AF;&#x5339;&#x6797;&#x7C7B;&#x6297;&#x51DD;&#x836F;&#x7269;&#x3002;</p><p>2&#x3001;&#x624B;&#x672F;&#x5F53;&#x65E5;&#x4E0D;&#x8981;&#x5316;&#x5986;&#xFF0C;&#x4E5F;&#x4E0D;&#x8981;&#x6234;&#x88C5;&#x9970;&#x7269;&#x7B49;&#x3002;</p><p>3&#x3001;&#x4F8B;&#x5047;&#x671F;&#xFF0C;&#x598A;&#x5A20;&#x524D;&#x671F;(&#x4E09;&#x4E2A;&#x6708;)&#x6216;&#x598A;&#x5A20;&#x540E;&#x671F;(&#x4E09;&#x4E2A;&#x6708;)&#x6682;&#x7F13;&#x624B;&#x672F;&#x3002;</p>"},"AfterIdear":{"name":"优点","content":"<p>1.&#x9F3B;&#x8154;&#x4F1A;&#x6709;&#x5C11;&#x91CF;&#x8840;&#x75C2;&#xFF0C;&#x6B21;&#x65E5;&#x6362;&#x836F;&#x4E00;&#x6B21;&#x53EF;&#x6E05;&#x9664;&#xFF0C;&#x53EF;&#x53E3;&#x670D;&#x6297;&#x751F;&#x7D20;3-5&#x5929;&#x3002;</p><p>2.&#x62C6;&#x7EBF;&#x524D;&#x548C;&#x62C6;&#x7EBF;24&#x5C0F;&#x65F6;&#x9F3B;&#x8154;&#x4E0D;&#x80FD;&#x6CBE;&#x6C34;&#x3002;</p><p>3.&#x672F;&#x540E;&#x5C3D;&#x91CF;&#x51CF;&#x5C11;&#x6D3B;&#x52A8;&#xFF0C;&#x9632;&#x6B62;&#x5047;&#x4F53;&#x79FB;&#x4F4D;&#x3002;</p><p>4.&#x672F;&#x540E;&#x4E00;&#x5468;&#x5185;&#x4E0D;&#x62BD;&#x70DF;&#xFF0C;&#x4E0D;&#x559D;&#x9152;&#xFF0C;&#x4E0D;&#x5403;&#x8F9B;&#x8FA3;&#x523A;&#x6FC0;&#x6027;&#x98DF;&#x7269;&#xFF0C;&#x4E0D;&#x5403;&#x6D77;&#x9C9C;&#x7C7B;&#x548C;&#x6D77;&#x9C9C;&#x7C7B;&#x4EA7;&#x54C1;&#x3002;&#x4E0D;&#x6D17;&#x6851;&#x62FF;&#x6D74;&#xFF0C;&#x4E0D;&#x6D17;&#x70ED;&#x6D74;&#xFF0C;&#x4E0D;&#x505A;&#x5267;&#x70C8;&#x8FD0;&#x52A8;&#x3002;</p><p>5.&#x4E24;&#x4E2A;&#x6708;&#x5185;&#x907F;&#x514D;&#x66B4;&#x6652;&#xFF0C;&#x4E0D;&#x4F69;&#x6234;&#x6709;&#x6846;&#x773C;&#x955C;&#xFF0C;&#x4E0D;&#x8981;&#x91CD;&#x7269;&#x649E;&#x51FB;&#x9F3B;&#x90E8;&#xFF0C;&#x4E0D;&#x7528;&#x529B;&#x626D;&#x634F;&#x9F3B;&#x5B50;&#x3002;</p>"},"GoodPoint":{"name":"缺点及风险","content":"<p>1&#x3001;&#x7EF4;&#x6301;&#x65F6;&#x95F4;&#x957F;&#x4E45;&#x3002;</p><p>2&#x3001;&#x4E00;&#x6B21;&#x624B;&#x672F;&#x5373;&#x53EF;&#x3002; </p><p>3&#x3001;&#x672F;&#x540E;&#x6548;&#x679C;&#x8F83;&#x7845;&#x80F6;&#x66F4;&#x81EA;&#x7136;&#x3002;</p>"},"BadPoint":{"name":"术前锦囊","content":"<p>1&#x3001;&#x81A8;&#x4F53;&#x5BB9;&#x6613;&#x4E0E;&#x81EA;&#x8EAB;&#x7EC4;&#x7EC7;&#x957F;&#x5728;&#x4E00;&#x8D77;&#xFF0C;&#x53D6;&#x51FA;&#x6BD4;&#x8F83;&#x56F0;&#x96BE;&#x3002; </p><p>2&#x3001;&#x672F;&#x4E2D;&#x672F;&#x540E;&#x6709;&#x53EF;&#x80FD;&#x53D1;&#x751F;&#x611F;&#x67D3;&#x3002; </p><p>3&#x3001;&#x672F;&#x540E;&#x4F1A;&#x53D1;&#x751F;&#x6392;&#x5F02;&#x53CD;&#x5E94;&#x3002;</p>"}}