{"Title":"朝天鼻矫正","Related":{"name":"关联百科","content":[{"relatedId":"212","name":"鹰钩鼻矫正"},{"relatedId":"213","name":"歪鼻矫正"},{"relatedId":"211","name":"驼峰鼻矫正"},{"relatedId":"215","name":"宽鼻矫正（缩鼻背）"}]},"ShorDesc":{"name":"简介","content":"<p>&#x9002;&#x5E94;&#x75C7;&#xFF1A;&#x671D;&#x5929;&#x9F3B;</p><p>&#x901A;&#x8FC7;&#x624B;&#x672F;&#x6539;&#x53D8;&#x9F3B;&#x6881;&#x9AD8;&#x5EA6;&#x53CA;&#x9F3B;&#x7FFC;&#x957F;&#x5EA6;&#x3002;</p>"},"Property":{"name":"档案","content":["\n                <li>&#x6CBB;&#x7597;&#x65B9;&#x5F0F;&#xFF1A;<span>&#x624B;&#x672F;</span></li>\n                <li>&#x75BC;&#x75DB;&#x611F;&#xFF1A;<span>3&#x9897;&#x661F;</span><a href=\"gengmei://common_webview?url=http://backend.gmei.com/hybrid/ache_level\">&#x67E5;&#x770B;&#x75BC;&#x75DB;&#x5206;&#x7EA7;</a></li>\n                <li>&#x7EF4;&#x6301;&#x65F6;&#x95F4;&#xFF1A;<span>&#x6C38;&#x4E45;</span></li>\n                <li>&#x6CBB;&#x7597;&#x65F6;&#x95F4;&#xFF1A;<span>60-120&#x5206;&#x949F;</span></li>\n                <li>&#x53C2;&#x8003;&#x4EF7;&#x683C;&#xFF1A;<span>10000-30000</span></li>\n                <li>&#x9EBB;&#x9189;&#x65B9;&#x5F0F;&#xFF1A;<span>&#x5168;&#x9EBB;</span></li>\n                <li>&#x662F;&#x5426;&#x4F4F;&#x9662;&#xFF1A;<span>&#x662F;</span></li>\n                <li>&#x4F4F;&#x9662;&#x65F6;&#x95F4;&#xFF1A;<span>0-3&#x5929;</span></li>\n                <li>&#x62C6;&#x7EBF;&#x65F6;&#x95F4;&#xFF1A;<span>5-7&#x5929;</span></li>\n            "]},"Desc":{"name":"项目／手术原理","content":"<p>1.&#x5C06;&#x4E0A;&#x4FA7;&#x8F6F;&#x9AA8;&#x548C;&#x4E0B;&#x4FA7;&#x8F6F;&#x9AA8;&#x5265;&#x79BB;&#x3002;</p><p>2.&#x4EE5;&#x9F3B;&#x4E2D;&#x9694;&#x8F6F;&#x9AA8;&#x6216;&#x8033;&#x8F6F;&#x9AA8;&#x505A;&#x9F3B;&#x6881;&#x7684;&#x5EF6;&#x957F;&#x53CA;&#x652F;&#x6491;&#x3002;</p><p>3.&#x5C06;&#x4E0B;&#x4FA7;&#x9F3B;&#x7FFC;&#x8F6F;&#x9AA8;&#x5F80;&#x4E0B;&#x62C9;&#x957F;&#x3002;</p><p>4.&#x628A;&#x8F6F;&#x9AA8;&#x788E;&#x7247;&#x9644;&#x52A0;&#x5728;&#x9F3B;&#x5C16;&#xFF0C;&#x8C03;&#x6574;&#x9F3B;&#x5C16;&#x9AD8;&#x5EA6;&#x3002;</p><p>5.&#x7F1D;&#x5408;&#x3002;</p><p><img src=\"http://hera.s.gmei.com/2016/10/12/b5bb9122d8\" style=\"width: 668px;\"><br></p>"},"Sample":{"name":"效果示例","content":"<img src=\"http://hera.s.gmei.com/itemwiki/2016/10/12/a1d33f0453-w\">"},"BeforIdear":{"name":"效果示例","content":"<p>1&#x3001;&#x5973;&#x6027;&#x907F;&#x5F00;&#x4F8B;&#x5047;&#x671F;&#xFF0C;&#x907F;&#x514D;&#x672F;&#x4E2D;&#x6216;&#x672F;&#x540E;&#x51FA;&#x8840;&#x589E;&#x591A;&#x6216;&#x8005;&#x80BF;&#x80C0;&#x52A0;&#x91CD;&#x3002;</p><p>2&#x3001;&#x624B;&#x672F;&#x524D;&#x4E24;&#x5468;&#x5185;&#xFF0C;&#x8BF7;&#x52FF;&#x670D;&#x7528;&#x56FA;&#x9187;&#x6FC0;&#x7D20;&#x548C;&#x963F;&#x65AF;&#x5339;&#x6797;&#x7C7B;&#x6297;&#x51DD;&#x836F;&#x7269;&#x3002;</p><p>3&#x3001;&#x624B;&#x672F;&#x5F53;&#x65E5;&#x4E0D;&#x8981;&#x5316;&#x5986;&#xFF0C;&#x4E5F;&#x4E0D;&#x8981;&#x6234;&#x88C5;&#x9970;&#x7269;&#x7B49;&#x3002;</p><p>4&#x3001;&#x598A;&#x5A20;&#x524D;&#x671F;(&#x4E09;&#x4E2A;&#x6708;)&#x6216;&#x598A;&#x5A20;&#x540E;&#x671F;(&#x4E09;&#x4E2A;&#x6708;)&#x6682;&#x7F13;&#x624B;&#x672F;&#x3002;</p><p>5&#x3001;&#x7537;&#x6027;&#x9700;&#x8981;&#x63D0;&#x524D;&#x6212;&#x70DF;&#x4E00;&#x5468;&#x3002;</p><p>6&#x3001;&#x5E38;&#x89C4;&#x8EAB;&#x4F53;&#x68C0;&#x67E5;&#x2014;&#x2014;&#x5168;&#x8EAB;&#x68C0;&#x67E5;&#xFF0C;&#x5404;&#x9879;&#x5316;&#x9A8C;&#x68C0;&#x67E5;&#xFF0C;&#x4E2D;&#x3001;&#x8001;&#x5E74;&#x53D7;&#x672F;&#x8005;&#x5FC5;&#x8981;&#x65F6;&#x9700;&#x6D4B;&#x8840;&#x538B;&#x548C;&#x505A;&#x5FC3;&#x7535;&#x56FE;&#x3002;</p>"},"AfterIdear":{"name":"优点","content":""},"GoodPoint":{"name":"缺点及风险","content":"<p>1&#x3001;&#x4EC5;&#x9700;&#x4E00;&#x6B21;&#x624B;&#x672F;&#x5373;&#x53EF;&#x5B8C;&#x6210;&#x3002;</p><p>2&#x3001;&#x672F;&#x540E;&#x6548;&#x679C;&#x53EF;&#x957F;&#x4E45;&#x4FDD;&#x6301;&#x3002;</p>"},"BadPoint":{"name":"术前锦囊","content":"<p>1&#x3001;&#x624B;&#x672F;&#x8D39;&#x7528;&#x76F8;&#x5BF9;&#x8F83;&#x9AD8;&#x3002;</p><p>2&#x3001;&#x521B;&#x4F24;&#x5927;&#xFF0C;&#x6280;&#x672F;&#x96BE;&#x5EA6;&#x9AD8;&#xFF0C;&#x5177;&#x6709;&#x4E00;&#x5B9A;&#x7684;&#x98CE;&#x9669;&#x6027;&#x3002;</p><p>3&#x3001;&#x672F;&#x540E;&#x6062;&#x590D;&#x65F6;&#x95F4;&#x76F8;&#x5BF9;&#x8F83;&#x957F;&#x3002;</p>"}}