{"Title":"负压吸脂","Related":{"name":"关联百科","content":[{"relatedId":"559","name":"冷冻溶脂"},{"relatedId":"560","name":"超声溶脂"},{"relatedId":"561","name":"射频溶脂"},{"relatedId":"727","name":"无创溶脂"},{"relatedId":"725","name":"水动力吸脂"},{"relatedId":"687","name":"溶脂针"}]},"ShorDesc":{"name":"简介","content":"<p>&#x9002;&#x5E94;&#x75C7;&#xFF1A;&#x8774;&#x8776;&#x8896;&#x3001;&#x80A9;&#x8180;&#x7C97;&#x58EE;&#x3001;&#x8170;&#x8179;&#x6709;&#x8D58;&#x8089;&#x3001;&#x5927;&#x817F;&#x7C97;&#x3001;&#x5C0F;&#x817F;&#x7C97;&#x3001;&#x81C0;&#x5F62;&#x5DEE;&#x3001;&#x526F;&#x4E73;&#x3001;&#x8138;&#x80D6;&#x3001;&#x53CC;&#x4E0B;&#x5DF4;</p><p>&#x8D1F;&#x538B;&#x5438;&#x8102;&#xFF1A;&#x5207;&#x5F00;&#x5FAE;&#x5C0F;&#x521B;&#x53E3;&#xFF0C;&#x6CE8;&#x5165;&#x80BF;&#x80C0;&#x6DB2;&#xFF08;&#x9EBB;&#x9189;+&#x6B62;&#x8840;&#x6210;&#x5206;&#xFF09;&#xFF0C;&#x4F7F;&#x7528;&#x7535;&#x52A8;&#x8D1F;&#x538B;&#x5438;&#x8102;&#x4EEA;&#x6216;&#x6CE8;&#x5C04;&#x5668;&#x8D1F;&#x538B;&#xFF0C;&#x62BD;&#x5438;&#x51FA;&#x76AE;&#x4E0B;&#x591A;&#x4F59;&#x7684;&#x8102;&#x80AA;&#xFF0C;&#x5230;&#x5E95;&#x5851;&#x5F62;&#x3001;&#x51CF;&#x80A5;&#x7684;&#x76EE;&#x7684;&#x3002;</p>"},"Property":{"name":"档案","content":["\n                <li>&#x6CBB;&#x7597;&#x65B9;&#x5F0F;&#xFF1A;<span>&#x624B;&#x672F;</span></li>\n                <li>&#x75BC;&#x75DB;&#x611F;&#xFF1A;<span>3&#x9897;&#x661F;</span><a href=\"gengmei://common_webview?url=http://backend.gmei.com/hybrid/ache_level\">&#x67E5;&#x770B;&#x75BC;&#x75DB;&#x5206;&#x7EA7;</a></li>\n                <li>&#x7EF4;&#x6301;&#x65F6;&#x95F4;&#xFF1A;<span>&#x6C38;&#x4E45;</span></li>\n                <li>&#x6CBB;&#x7597;&#x65F6;&#x95F4;&#xFF1A;<span>90-120&#x5206;&#x949F;</span></li>\n                <li>&#x53C2;&#x8003;&#x4EF7;&#x683C;&#xFF1A;<span>20000-100000</span></li>\n                <li>&#x9EBB;&#x9189;&#x65B9;&#x5F0F;&#xFF1A;<span>&#x5168;&#x9EBB;</span></li>\n                <li>&#x662F;&#x5426;&#x4F4F;&#x9662;&#xFF1A;<span>&#x662F;</span></li>\n                <li>&#x4F4F;&#x9662;&#x65F6;&#x95F4;&#xFF1A;<span>0-3&#x5929;</span></li>\n                <li>&#x62C6;&#x7EBF;&#x65F6;&#x95F4;&#xFF1A;<span>6-8&#x5929;</span></li>\n            "]},"Desc":{"name":"项目／手术原理","content":"<p>1.&#x5168;&#x8EAB;&#x6D88;&#x6BD2;&#x3002;</p><p>2.&#x8FDB;&#x884C;&#x5168;&#x8EAB;&#x9EBB;&#x9189;&#x3002;</p><p>3.&#x5728;&#x5438;&#x8102;&#x90E8;&#x4F4D;&#x5207;&#x53E3;&#x5FAE;&#x5C0F;&#x521B;&#x53E3;&#x3002;</p><p>4.&#x5728;&#x5438;&#x8102;&#x90E8;&#x4F4D;&#x6CE8;&#x5165;&#x63D0;&#x524D;&#x914D;&#x7F6E;&#x597D;&#x7684;&#x80BF;&#x80C0;&#x6DB2;&#x3002;</p><p>5.&#x4F7F;&#x7528;&#x7535;&#x52A8;&#x8D1F;&#x538B;&#x5438;&#x8102;&#x4EEA;&#x5668;&#x6216;&#x6CE8;&#x5C04;&#x5668;&#x5C06;&#x8102;&#x80AA;&#x591A;&#x70B9;&#x3001;&#x591A;&#x5E73;&#x9762;&#x5747;&#x5300;&#x62BD;&#x5438;&#x51FA;&#x3002;</p><p>6.&#x6B62;&#x8840;&#x3001;&#x7F1D;&#x5408;&#x5207;&#x53E3;&#x3001;&#x5305;&#x624E;&#x4F24;&#x53E3;&#x3002;</p><p><img src=\"http://hera.s.gmei.com/2016/10/11/f9534a7545\" style=\"width: 231px;\"><br></p>"},"Sample":{"name":"效果示例","content":"<img src=\"http://hera.s.gmei.com/itemwiki/2016/10/11/8c85dd785d-w\">"},"BeforIdear":{"name":"效果示例","content":"<p>1.&#x4E0E;&#x533B;&#x751F;&#x5145;&#x5206;&#x6C9F;&#x901A;&#xFF0C;&#x786E;&#x8BA4;&#x5438;&#x8102;&#x91CF;&#x4E0E;&#x5438;&#x8102;&#x90E8;&#x4F4D;&#x3002;</p><p>2.&#x914D;&#x5408;&#x533B;&#x9662;&#x505A;&#x5E38;&#x89C4;&#x68C0;&#x67E5;&#x3002;</p><p>3.&#x672F;&#x524D;&#x4E24;&#x5468;&#x7981;&#x670D;&#x6297;&#x51DD;&#x836F;&#x7269;&#xFF08;&#x5982;&#x963F;&#x65AF;&#x5339;&#x6797;,&#x7EF4;&#x751F;&#x7D20;E&#x7B49;&#xFF09;&#x3002;</p><p>4.&#x672F;&#x524D;&#x4E00;&#x5468;&#x6212;&#x70DF;&#x9152;&#x3002;</p><p>5.&#x5973;&#x6027;&#x5E94;&#x907F;&#x5F00;&#x6708;&#x7ECF;&#x671F;&#x3001;&#x598A;&#x5A20;&#x671F;&#x548C;&#x54FA;&#x4E73;&#x671F;&#x3002;</p><p>6.&#x672F;&#x524D;&#x4E00;&#x5929;&#x6E05;&#x6D01;&#x5934;&#x9762;&#x4E0E;&#x8EAB;&#x4F53;&#xFF08;&#x672F;&#x540E;7&#x5929;&#x4E0D;&#x80FD;&#x6D17;&#x6FA1;&#xFF09;&#x3002;</p>"},"AfterIdear":{"name":"优点","content":"<p>1.&#x672F;&#x540E;24h&#x5C3D;&#x91CF;&#x5367;&#x5E8A;&#x4F11;&#x606F;&#xFF0C;&#x907F;&#x514D;&#x8FD0;&#x52A8;&#x3002;&#x884C;&#x5927;&#x817F;&#x3001;&#x5C0F;&#x817F;&#x5438;&#x8102;&#x672F;&#x5E94;&#x9002;&#x5F53;&#x63D0;&#x9AD8;&#x60A3;&#x80A2;&#x3002;</p><p>2.&#x53D1;&#x73B0;&#x6E17;&#x8840;&#xFF0C;&#x66F4;&#x6362;&#x6577;&#x6599;&#x5E76;&#x52A0;&#x538B;&#x5305;&#x624E;&#xFF0C;&#x624B;&#x672F;&#x6B21;&#x65E5;&#x6362;&#x836F;&#x4E00;&#x6B21;&#xFF0C;&#x5982;&#x6709;&#x5F15;&#x6D41;&#x6761;&#xFF0C;&#xFFFD;&#xFFFD;&#xFFFD;3&#x5929;&#x540E;&#x62D4;&#x9664;&#x3002;</p><p>3.&#x5168;&#x5929;&#x7A7F;&#x5851;&#x8EAB;&#x8863;1-3&#x4E2A;&#x6708;&#x3002;</p><p>4.&#x53E3;&#x670D;&#x6297;&#x751F;&#x7D20;3~5&#x5929;&#xFF08;&#x6216;&#x9075;&#x7167;&#x533B;&#x5631;&#xFF09;&#x3002;</p><p>5. 5~7&#x5929;&#x62C6;&#x7EBF;&#xFF0C;&#x62C6;&#x7EBF;&#x524D;&#x4E0D;&#x6CBE;&#x6C34;&#xFF0C;&#x62C6;&#x7EBF;24h&#x540E;&#x53EF;&#x4EE5;&#x6D17;&#x6FA1;&#xFF0C;1&#x4E2A;&#x6708;&#x5185;&#x907F;&#x514D;&#x6851;&#x62FF;&#x6D74;&#x3001;&#x6C60;&#x6D74;&#x3002;</p><p>6.&#x4E0D;&#x62BD;&#x70DF;&#x559D;&#x9152;&#xFF0C;&#x4E0D;&#x5403;&#x8F9B;&#x8FA3;&#x523A;&#x6FC0;&#x6027;&#x98DF;&#x7269;&#xFF0C;&#x7279;&#x522B;&#x662F;&#x6D77;&#x9C9C;&#xFF0C;&#x4E0D;&#x505A;&#x6FC0;&#x70C8;&#x8FD0;&#x52A8;&#x3002;</p>"},"GoodPoint":{"name":"缺点及风险","content":"<p>1.&#x5927;&#x5E45;&#x5EA6;&#x6539;&#x5584;&#x5C40;&#x90E8;&#x80A5;&#x8089;&#x5806;&#x79EF;&#xFF0C;&#x8FBE;&#x5230;&#x5851;&#x5F62;&#x3001;&#x5C40;&#x90E8;&#x51CF;&#x80A5;&#x7684;&#x76EE;&#x7684;&#x3002;</p><p>2.&#x62BD;&#x5438;&#x51FA;&#x7684;&#x8102;&#x80AA;&#x53EF;&#x7528;&#x4E8E;&#x9762;&#x90E8;&#x3001;&#x80F8;&#x90E8;&#x3001;&#x81C0;&#x90E8;&#x5851;&#x5F62;&#x586B;&#x5145;&#x3002;</p><p>3.&#x6548;&#x679C;&#x786E;&#x5207;&#x3001;&#x663E;&#x8457;&#x3002;</p>"},"BadPoint":{"name":"术前锦囊","content":"<p>1.&#x624B;&#x672F;&#x635F;&#x4F24;&#x5927;&#x3001;&#x6062;&#x590D;&#x671F;&#x957F;&#x3001;&#x80BF;&#x80C0;&#x671F;&#x957F;&#xFF08;3-6&#x4E2A;&#x6708;&#xFF09;&#x3002;</p><p>2.&#x53EF;&#x80FD;&#x51FA;&#x73B0;&#x5404;&#x7C7B;&#x5E76;&#x53D1;&#x75C7;&#xFF1A;&#x611F;&#x67D3;&#x3001;&#x5438;&#x8102;&#x533A;&#x57DF;&#x4E0D;&#x5E73;&#xFF08;&#x53EF;&#x4FEE;&#x590D;&#xFF09;&#x3001;&#x53CC;&#x4FA7;&#x4E0D;&#x5BF9;&#x79F0;&#xFF08;&#x53EF;&#x4FEE;&#x590D;&#xFF09;&#x3001;&#x8102;&#x80AA;&#x6813;&#x585E;&#x3001;&#x76AE;&#x80A4;&#x7F3A;&#x8840;&#x574F;&#x6B7B;&#x3001;&#x8272;&#x7D20;&#x6C89;&#x7740;&#xFF08;&#x53EF;&#x6062;&#x590D;&#xFF09;&#x3002;</p>"}}