{"Title":"胡须种植","Related":{"name":"关联百科","content":[{"relatedId":"751","name":"眉毛种植"},{"relatedId":"750","name":"睫毛种植"},{"relatedId":"374","name":"发际线种植"}]},"ShorDesc":{"name":"简介","content":"<p>&#x9002;&#x5E94;&#x75C7;&#xFF1A;&#x80E1;&#x987B;&#x7A00;&#x5C11;&#xFF0C;&#x80E1;&#x987B;&#x7F3A;&#x635F;</p><p>&#x53D6;&#x51FA;&#x90E8;&#x5206;&#x5065;&#x5EB7;&#x6BDB;&#x56CA;&#x7EC4;&#x7EC7;&#xFF0C;&#x7ECF;&#x57F9;&#x517B;&#x540E;&#x6309;&#x7167;&#x6BDB;&#x53D1;&#x751F;&#x957F;&#x65B9;&#x5411;&#x79FB;&#x690D;&#x4E8E;&#x80E1;&#x987B;&#x7F3A;&#x635F;&#x7684;&#x4F4D;&#x7F6E;&#x3002;</p>"},"Property":{"name":"档案","content":["\n                <li>&#x6CBB;&#x7597;&#x65B9;&#x5F0F;&#xFF1A;<span>&#x624B;&#x672F;</span></li>\n                <li>&#x75BC;&#x75DB;&#x611F;&#xFF1A;<span>2&#x9897;&#x661F;</span><a href=\"gengmei://common_webview?url=http://backend.gmei.com/hybrid/ache_level\">&#x67E5;&#x770B;&#x75BC;&#x75DB;&#x5206;&#x7EA7;</a></li>\n                <li>&#x7EF4;&#x6301;&#x65F6;&#x95F4;&#xFF1A;<span>&#x6C38;&#x4E45;</span></li>\n                <li>&#x6CBB;&#x7597;&#x65F6;&#x95F4;&#xFF1A;<span>240-360&#x5206;&#x949F;</span></li>\n                <li>&#x53C2;&#x8003;&#x4EF7;&#x683C;&#xFF1A;<span>20000-60000</span></li>\n                <li>&#x9EBB;&#x9189;&#x65B9;&#x5F0F;&#xFF1A;<span>&#x5C40;&#x9EBB;</span></li>\n                <li>&#x662F;&#x5426;&#x4F4F;&#x9662;&#xFF1A;<span>&#x5426;</span></li>\n                \n                <li>&#x62C6;&#x7EBF;&#x65F6;&#x95F4;&#xFF1A;<span>5-7&#x5929;</span></li>\n            "]},"Desc":{"name":"项目／手术原理","content":"<p>1.&#x8BBE;&#x8BA1;&#x80E1;&#x987B;&#x79CD;&#x690D;&#x5F62;&#x72B6;&#x548C;&#x8303;&#x56F4;&#x3002;</p><p>2.&#x5C06;&#x4F9B;&#x533A;&#x8868;&#x9762;&#x6BDB;&#x53D1;&#x5254;&#x77ED;&#xFF0C;&#x6807;&#x8BB0;&#x63D0;&#x53D6;&#x6BDB;&#x53D1;&#x7684;&#x8303;&#x56F4;&#xFF0C;&#x6D88;&#x6BD2;&#x540E;&#x8FDB;&#x884C;&#x5C40;&#x90E8;&#x9EBB;&#x9189;&#x3002;</p><p>3.&#x94BB;&#x53D6;&#x6BDB;&#x53D1;&#xFF0C;&#x5207;&#x53E3;&#x65E0;&#x9700;&#x7F1D;&#x5408;&#xFF0C;&#x538B;&#x8FEB;&#x6B62;&#x8840;&#x5373;&#x53EF;&#x3002;</p><p>4.&#x5C06;&#x53D6;&#x51FA;&#x7684;&#x6BDB;&#x56CA;&#x56DE;&#x690D;&#x5230;&#x53D7;&#x533A;&#x3002;</p><p>&#x6CBB;&#x7597;&#x540E;&#x79CD;&#x690D;&#x90E8;&#x4F4D;&#x9700;&#x52A0;&#x538B;&#x5305;&#x624E;24&#x5C0F;&#x65F6;&#x3002;</p><p><img src=\"http://hera.s.gmei.com/2016/10/12/bb6f2de4f2\" style=\"width: 640px;\"><br></p>"},"Sample":{"name":"效果示例","content":"<img src=\"http://hera.s.gmei.com/itemwiki/2016/10/12/75b4e965c3-w\">"},"BeforIdear":{"name":"效果示例","content":"<p>1&#x3001;&#x624B;&#x672F;&#x524D;&#x786E;&#x5B9A;&#x8EAB;&#x4F53;&#x5065;&#x5EB7;&#xFF0C;&#x65E0;&#x4F20;&#x67D3;&#x75C5;&#x6216;&#x5176;&#x4ED6;&#x8EAB;&#x4F53;&#x708E;&#x75C7;&#x3002;</p><p>2&#x3001;&#x672F;&#x524D;&#x4E00;&#x5468;&#x5185;&#x505C;&#x6B62;&#x996E;&#x9152;&#x3001;&#x670D;&#x7528;&#x963F;&#x53F8;&#x5339;&#x6797;&#x3001;&#x7EF4;&#x751F;&#x7D20;E&#x7B49;&#x6269;&#x8840;&#x7BA1;&#x836F;&#x7269;&#x3002;</p><p>3&#x3001;&#x5438;&#x70DF;&#x8005;&#x9700;&#x8981;&#x63D0;&#x524D;&#x4E00;&#x5468;&#x6212;&#x70DF;&#x3002;</p><p>4&#x3001;&#x672F;&#x524D;&#x4E00;&#x5929;&#x6E05;&#x6D17;&#x5934;&#x53D1;&#xFF08;&#x672F;&#x540E;5-7&#x5929;&#x4E0D;&#x80FD;&#x6E05;&#x6D17;&#x5934;&#x53D1;&#xFF09;&#x3002;</p>"},"AfterIdear":{"name":"优点","content":"<p>1&#x3001;&#x672F;&#x540E;&#x5E94;&#x9075;&#x4ECE;&#x533B;&#x5631;&#x5BF9;&#x5934;&#x76AE;&#x8840;&#x75C2;&#x8FDB;&#x884C;&#x6E05;&#x7406;&#xFF0C;&#x4EE5;&#x514D;&#x611F;&#x67D3;&#x3002;</p><p>2&#x3001;&#x6BDB;&#x53D1;&#x79FB;&#x690D;&#x533A;&#x57DF;&#x5E94;&#x5C3D;&#x91CF;&#x4FDD;&#x6301;&#x5E72;&#x71E5;&#x3002;</p><p>3&#x3001;&#x5207;&#x5FCC;&#x7528;&#x624B;&#x62A0;&#x6389;&#x75C2;&#xFF0C;&#x4EE5;&#x514D;&#x7834;&#x574F;&#x79FB;&#x690D;&#x7684;&#x6BDB;&#x56CA;&#x3002;</p><p>4&#x3001;&#x672F;&#x540E;5-7&#x5929;&#x53EF;&#x6E05;&#x6D17;&#x5934;&#x53D1;&#xFF0C;&#x4F46;&#x4E0D;&#x80FD;&#x63C9;&#x6413;&#x79CD;&#x690D;&#x6BDB;&#x56CA;&#x7684;&#x90E8;&#x4F4D;&#x3002;</p><p>5&#x3001;&#x6D17;&#x53D1;&#x540E;&#x53EA;&#x80FD;&#x81EA;&#x7136;&#x98CE;&#x5E72;&#xFF0C;&#x4E25;&#x7981;&#x4F7F;&#x7528;&#x5439;&#x98CE;&#x673A;&#x3002;</p><p>6&#x3001;&#x672F;&#x540E;1&#x4E2A;&#x6708;&#x5185;&#x4E25;&#x7981;&#x5267;&#x70C8;&#x8FD0;&#x52A8;&#x3002;</p><p>7&#x3001;&#x4FDD;&#x6301;&#x5065;&#x5EB7;&#x7684;&#x751F;&#x6D3B;&#x4E60;&#x60EF;&#xFF1A;&#x5145;&#x8DB3;&#x7684;&#x7761;&#x7720;&#x3001;&#x5FCC;&#x8F9B;&#x8FA3;&#x6CB9;&#x817B;&#x523A;&#x6FC0;&#x98DF;&#x7269;&#x53CA;&#x70DF;&#x9152;&#x3002;</p>"},"GoodPoint":{"name":"缺点及风险","content":"<p>1. &#x79FB;&#x690D;&#x6BDB;&#x53D1;&#x4E3A;&#x81EA;&#x8EAB;&#x7EC4;&#x7EC7;&#xFF0C;&#x65E0;&#x6392;&#x65A5;&#x53CD;&#x5E94;&#x3002;</p><p>2. &#x79FB;&#x690D;&#x540E;&#x7684;&#x6BDB;&#x53D1;&#x53EF;&#x4FDD;&#x6301;&#x539F;&#x6709;&#x751F;&#x957F;&#x7279;&#x6027;&#xFF0C;&#x672F;&#x540E;&#x6548;&#x679C;&#x8F83;&#x597D;&#x3002;</p><p>3. &#x6548;&#x679C;&#x6C38;&#x4E45;&#x3001;&#x81EA;&#x7136;&#x3002;</p>"},"BadPoint":{"name":"术前锦囊","content":"<p>1. &#x624B;&#x672F;&#x9700;&#x591A;&#x7597;&#x7A0B;&#xFF0C;&#x4E14;&#x6BCF;&#x4E24;&#x4E2A;&#x7597;&#x7A0B;&#x7684;&#x95F4;&#x9694;&#x65F6;&#x95F4;&#x8F83;&#x957F;&#x3002;</p><p>2. &#x624B;&#x672F;&#x4EF7;&#x683C;&#x8F83;&#x4E3A;&#x6602;&#x8D35;&#x3002;</p><p>3. &#x7981;&#x5FCC;&#x4EBA;&#x7FA4;&#x8303;&#x56F4;&#x76F8;&#x5BF9;&#x8F83;&#x5927;&#x3002;</p><p>4.&#x672F;&#x524D;&#x9700;&#x8981;&#x5243;&#x53D1;&#x3002;</p><p>5.&#x53D6;&#x6BDB;&#x56CA;&#x533A;&#x57DF;&#x53EF;&#x80FD;&#x6709;&#x8F7B;&#x5FAE;&#x7622;&#x75D5;&#x3002;</p><p>6.&#x624B;&#x672F;&#x6240;&#x9700;&#x65F6;&#x95F4;&#x8F83;&#x957F;&#x3002;</p>"}}