{"Title":"假体隆鼻修复","Related":{"name":"关联百科","content":[{"relatedId":"684","name":"奥美定隆鼻取出"}]},"ShorDesc":{"name":"简介","content":"<p>&#x9002;&#x5E94;&#x75C7;&#xFF1A;&#x81A8;&#x4F53;&#x611F;&#x67D3;&#x3001;&#x5047;&#x4F53;&#x79FB;&#x4F4D;&#x53D8;&#x5F62;&#x3001;&#x5047;&#x4F53;&#x96D5;&#x523B;&#x5F62;&#x6001;&#x5DEE;&#x3001;&#x5047;&#x4F53;&#x690D;&#x5165;&#x6B6A;&#x659C;&#x3001;&#x5047;&#x4F53;&#x4ECE;&#x9F3B;&#x5934;&#x7A7F;&#x51FA;&#x7B49;</p><p>&#x9488;&#x5BF9;&#x9F3B;&#x6574;&#x5F62;&#x540E;&#x5047;&#x4F53;&#x53EF;&#x80FD;&#x5B58;&#x5728;&#x7684;&#x95EE;&#x9898;&#x8FDB;&#x884C;&#x4FEE;&#x590D;&#x3002;</p>"},"Property":{"name":"档案","content":["\n                <li>&#x6CBB;&#x7597;&#x65B9;&#x5F0F;&#xFF1A;<span>&#x624B;&#x672F;</span></li>\n                <li>&#x75BC;&#x75DB;&#x611F;&#xFF1A;<span>3&#x9897;&#x661F;</span><a href=\"gengmei://common_webview?url=http://backend.gmei.com/hybrid/ache_level\">&#x67E5;&#x770B;&#x75BC;&#x75DB;&#x5206;&#x7EA7;</a></li>\n                <li>&#x7EF4;&#x6301;&#x65F6;&#x95F4;&#xFF1A;<span>&#x6C38;&#x4E45;</span></li>\n                <li>&#x6CBB;&#x7597;&#x65F6;&#x95F4;&#xFF1A;<span>120-180&#x5206;&#x949F;</span></li>\n                <li>&#x53C2;&#x8003;&#x4EF7;&#x683C;&#xFF1A;<span>30000-60000</span></li>\n                <li>&#x9EBB;&#x9189;&#x65B9;&#x5F0F;&#xFF1A;<span>&#x5C40;&#x9EBB;&#xFF0F;&#x5168;&#x9EBB;</span></li>\n                <li>&#x662F;&#x5426;&#x4F4F;&#x9662;&#xFF1A;<span>&#x5426;</span></li>\n                \n                <li>&#x62C6;&#x7EBF;&#x65F6;&#x95F4;&#xFF1A;<span>7-10&#x5929;</span></li>\n            "]},"Desc":{"name":"项目／手术原理","content":"<p>1.&#x8BBE;&#x8BA1;&#x65B9;&#x6848;&#x3002;</p><p>2.&#x6E05;&#x6D01;&#xFF0C;&#x9EBB;&#x9189;&#x3002;</p><p>3.&#x5207;&#x5F00;&#xFF0C;&#x53D6;&#x51FA;&#x5047;&#x4F53;&#x3002;</p><p>4.&#x7F6E;&#x5165;&#x65B0;&#x5047;&#x4F53;&#x3002;</p><p>5.&#x7F1D;&#x5408;&#x3002;</p><p><img src=\"http://hera.s.gmei.com/2016/10/12/89b1a85e75\" style=\"width: 450px;\"><br></p>"},"Sample":{"name":"效果示例","content":"<img src=\"http://hera.s.gmei.com/itemwiki/2016/10/12/7d83e1e37f-w\">"},"BeforIdear":{"name":"效果示例","content":"<p>1&#x3001;&#x624B;&#x672F;&#x524D;&#x786E;&#x5B9A;&#x8EAB;&#x4F53;&#x5065;&#x5EB7;&#xFF0C;&#x65E0;&#x4F20;&#x67D3;&#x75C5;&#x6216;&#x5176;&#x4ED6;&#x8EAB;&#x4F53;&#x708E;&#x75C7;&#x3002;</p><p>2&#x3001;&#x672F;&#x524D;&#x4E0D;&#x8981;&#x5316;&#x5986;&#x3002;</p><p>3&#x3001;&#x672F;&#x524D;&#x4E00;&#x5468;&#x5185;&#x505C;&#x6B62;&#x996E;&#x9152;&#x3001;&#x505C;&#x6B62;&#x670D;&#x7528;&#x6297;&#x51DD;&#x836F;&#x7269;&#x5982;&#x963F;&#x53F8;&#x5339;&#x6797;&#x3001;&#x7EF4;&#x751F;&#x7D20;E&#x3002;</p><p>4&#x3001;&#x5438;&#x70DF;&#x8005;&#x9700;&#x8981;&#x63D0;&#x524D;&#x4E00;&#x5468;&#x6212;&#x70DF;&#x3002;</p><p>5&#x3001;&#x5973;&#x6027;&#x5FC5;&#x987B;&#x907F;&#x5F00;&#x6708;&#x7ECF;&#x671F;&#x3002;</p><p>6&#x3001;&#x672F;&#x540E;6&#x4E2A;&#x6708;&#x4EE5;&#x4E0A;&#x624D;&#x80FD;&#x8FDB;&#x884C;&#x4FEE;&#x590D;&#xFF0C;&#x611F;&#x67D3;&#x95EE;&#x9898;&#x9700;&#x7B49;&#x5230;1&#x5E74;&#x4EE5;&#x540E;&#x3002; </p>"},"AfterIdear":{"name":"优点","content":"<p>1&#x3001;&#x672F;&#x540E;&#x670D;&#x7528;3-5&#x5929;&#x6297;&#x751F;&#x7D20;&#x3002;</p><p>2&#x3001;&#x672F;&#x540E;&#x6BCF;&#x65E5;&#x4F7F;&#x7528;&#x7898;&#x4F0F;&#x3001;&#x65E0;&#x83CC;&#x76D0;&#x6C34;&#x5BF9;&#x4F24;&#x53E3;&#x8FDB;&#x884C;&#x6D88;&#x6BD2;&#x4EE5;&#x514D;&#x611F;&#x67D3;&#x3002;</p><p>3&#x3001;&#x672F;&#x540E;1&#x4E2A;&#x6708;&#x5185;&#x4E0D;&#x80FD;&#x6309;&#x538B;&#x3001;&#x63C9;&#x634F;&#x9F3B;&#x90E8;&#x3002;</p><p>4&#x3001;&#x9075;&#x7167;&#x533B;&#x5631;&#x53CA;&#x65F6;&#x6362;&#x836F;&#x3001;&#x62C6;&#x7EBF;&#x3001;&#x590D;&#x67E5;&#x3002;</p>"},"GoodPoint":{"name":"缺点及风险","content":"<p>1&#x3001;&#x80FD;&#x89E3;&#x51B3;&#x9996;&#x6B21;&#x624B;&#x672F;&#x540E;&#x7684;&#x5404;&#x79CD;&#x95EE;&#x9898;&#x3002;</p>"},"BadPoint":{"name":"术前锦囊","content":"<p>1&#x3001;&#x4E8C;&#x6B21;&#x4FEE;&#x590D;&#x7684;&#x96BE;&#x5EA6;&#x5F88;&#x9AD8;&#x3001;&#x6062;&#x590D;&#x671F;&#x8F83;&#x957F;&#x3002; </p><p>2&#x3001;&#x6709;&#x611F;&#x67D3;&#x7684;&#x53EF;&#x80FD;&#x3002;</p>"}}