{"Title":"V-line改脸型","Related":{"name":"关联百科","content":[{"relatedId":"525","name":"颧弓降低"},{"relatedId":"231","name":"颧骨降低"},{"relatedId":"358","name":"下颌角切除术"}]},"ShorDesc":{"name":"简介","content":"<p>&#x9002;&#x5E94;&#x75C7;&#xFF1A;&#x56FD;&#x5B57;&#x8138;&#x3001;&#x68AF;&#x5F62;&#x8138;&#x3001;&#x5706;&#x8138;</p><p>&#x901A;&#x8FC7;&#x77EB;&#x6B63;&#x80A5;&#x5927;&#x7684;&#x4E0B;&#x988C;&#x7F18;&#x3001;&#x4E0B;&#x988C;&#x89D2;&#xFF0C;&#x6539;&#x5584;&#x540E;&#x7F29;&#x7684;&#x4E0B;&#x5DF4;&#x2014;&#x2014;&#x4E0B;&#x5DF4;&#x622A;&#x9AA8;&#x524D;&#x79FB;&#x6765;&#x5B9E;&#x73B0;V&#x8138;&#x3002;</p>"},"Property":{"name":"档案","content":["\n                <li>&#x6CBB;&#x7597;&#x65B9;&#x5F0F;&#xFF1A;<span>&#x624B;&#x672F;</span></li>\n                <li>&#x75BC;&#x75DB;&#x611F;&#xFF1A;<span>4&#x9897;&#x661F;</span><a href=\"gengmei://common_webview?url=http://backend.gmei.com/hybrid/ache_level\">&#x67E5;&#x770B;&#x75BC;&#x75DB;&#x5206;&#x7EA7;</a></li>\n                <li>&#x7EF4;&#x6301;&#x65F6;&#x95F4;&#xFF1A;<span>&#x6C38;&#x4E45;</span></li>\n                <li>&#x6CBB;&#x7597;&#x65F6;&#x95F4;&#xFF1A;<span>120-180&#x5206;&#x949F;</span></li>\n                <li>&#x53C2;&#x8003;&#x4EF7;&#x683C;&#xFF1A;<span>40000-100000</span></li>\n                <li>&#x9EBB;&#x9189;&#x65B9;&#x5F0F;&#xFF1A;<span>&#x5C40;&#x9EBB;</span></li>\n                <li>&#x662F;&#x5426;&#x4F4F;&#x9662;&#xFF1A;<span>&#x662F;</span></li>\n                <li>&#x4F4F;&#x9662;&#x65F6;&#x95F4;&#xFF1A;<span>2-5&#x5929;</span></li>\n                <li>&#x62C6;&#x7EBF;&#x65F6;&#x95F4;&#xFF1A;<span>10-14&#x5929;</span></li>\n            "]},"Desc":{"name":"项目／手术原理","content":"<p>1. &#x901A;&#x8FC7;&#x4E09;&#x7EF4;CT(3D CT)&#x6765;&#x786E;&#x8BA4;&#x988C;&#x9AA8;&#x6700;&#x539A;&#x7684;&#x90E8;&#x4F4D;&#x3002;</p><p>2.(&#x6B63;&#x9762;&#x6548;&#x679C;)&#x4EE5;&#x6700;&#x539A;&#x6700;&#x5BBD;&#x7684;&#x90E8;&#x4F4D;&#x4E3A;&#x4E2D;&#x5FC3;&#x622A;&#x6389;&#x988C;&#x9AA8;&#x3002;</p><p>3.(&#x4FA7;&#x9762;&#x6548;&#x679C;)&#x6839;&#x636E;&#x957F;&#x5EA6;&#x9002;&#x5F53;&#x7684;&#x622A;&#x4E0B;&#x988C;&#x9AA8;&#x3002;</p><p>4. &#x5B9E;&#x65BD;3D&#x7ACB;&#x4F53;&#x77EB;&#x6B63;&#x56DB;&#x65B9;&#x8138;&#x672F;&#x3002;</p><p>5. &#x988C;&#x9AA8;&#x53D8;&#x7A84;&#x6574;&#x4F53;&#x5F62;&#x6210;V&#x5B57;&#x578B;&#x8138;&#x3002;</p><p><img src=\"http://hera.s.gmei.com/2016/10/12/e0230adf0c\" style=\"width: 668px;\"><br></p>"},"Sample":{"name":"效果示例","content":"<img src=\"http://hera.s.gmei.com/itemwiki/2016/10/12/56a8147d02-w\">"},"BeforIdear":{"name":"效果示例","content":"<p>1&#x3001;&#x505A;&#x5168;&#x8EAB;&#x5E38;&#x89C4;&#x68C0;&#x67E5;&#xFF1A;&#x8840;&#x5E38;&#x89C4;&#x3001;&#x5C3F;&#x5E38;&#x89C4;&#x3001;&#x809D;&#x529F;&#x3001;&#x80BE;&#x529F;&#x3001;&#x5FC3;&#x7535;&#x56FE;&#x3001;&#x8840;&#x538B;&#x3001;&#x7259;&#x9F7F;&#x60C5;&#x51B5;&#xFF08;&#x6709;&#x65E0;&#x86C0;&#x7259;&#x3001;&#x7259;&#x5468;&#x708E;&#xFF09;&#x3001;&#x54AC;&#x5408;&#x60C5;&#x51B5;&#x7B49;&#x3002;</p><p>2&#x3001;&#x505A;&#x5934;&#x9885;CT&#x68C0;&#x67E5;&#xFF0C;&#x4EE5;&#x4FBF;&#x533B;&#x751F;&#x5236;&#x5B9A;&#x624B;&#x672F;&#x65B9;&#x6848;&#x3001;&#x4E86;&#x89E3;&#x9AA8;&#x9ABC;&#x60C5;&#x51B5;&#x3002;</p><p>3&#x3001;&#x907F;&#x5F00;&#x6708;&#x7ECF;&#x671F;&#x3001;&#x907F;&#x514D;&#x611F;&#x5192;&#x3002;</p><p>4&#x3001;&#x672F;&#x524D;&#x4E00;&#x5929;/&#x5F53;&#x5929;&#x8BA4;&#x771F;&#x6E05;&#x6D17;&#x5168;&#x8EAB;&#x3001;&#x5934;&#x9762;&#x90E8;&#xFF08;&#x672F;&#x540E;&#x591A;&#x5929;&#x4E0D;&#x80FD;&#x6D17;&#x5934;&#xFF09;&#x3002;</p><p>5&#x3001;&#x672F;&#x524D;8&#x5C0F;&#x65F6;&#x7981;&#x98DF;&#x7981;&#x6C34;&#xFF08;&#x4EE5;&#x514D;&#x624B;&#x672F;&#x65F6;&#x4EE3;&#x8C22;&#x7269;&#x4E0D;&#x81EA;&#x4E3B;&#x6392;&#x51FA;&#xFF09;&#x3002;</p><p>6&#x3001;&#x529E;&#x7406;&#x4F4F;&#x9662;&#x624B;&#x7EED;&#x3001;&#x8D2D;&#x4E70;&#x5FC5;&#x5907;&#x836F;&#x7269;&#xFF08;&#x5C3D;&#x91CF;&#x6709;&#x5BB6;&#x5C5E;&#x966A;&#x540C;&#xFF09;&#x3002;</p><p>7&#x3001;&#x5973;&#x6027;&#x907F;&#x5F00;&#x4F8B;&#x5047;&#x671F;&#xFF0C;&#x907F;&#x514D;&#x672F;&#x4E2D;&#x6216;&#x672F;&#x540E;&#x51FA;&#x8840;&#x589E;&#x591A;&#x6216;&#x8005;&#x80BF;&#x80C0;&#x52A0;&#x91CD;&#x3002;</p><p>8&#x3001;&#x624B;&#x672F;&#x524D;&#x4E24;&#x5468;&#x5185;&#xFF0C;&#x8BF7;&#x52FF;&#x670D;&#x7528;&#x56FA;&#x9187;&#x6FC0;&#x7D20;&#x548C;&#x963F;&#x65AF;&#x5339;&#x6797;&#x7C7B;&#x6297;&#x51DD;&#x836F;&#x7269;&#x3002;</p><p>9&#x3001;&#x624B;&#x672F;&#x5F53;&#x65E5;&#x4E0D;&#x8981;&#x5316;&#x5986;&#xFF0C;&#x4E5F;&#x4E0D;&#x8981;&#x6234;&#x88C5;&#x9970;&#x7269;&#x7B49;&#x3002;</p><p>10&#x3001;&#x598A;&#x5A20;&#x524D;&#x671F;(&#x4E09;&#x4E2A;&#x6708;)&#x6216;&#x598A;&#x5A20;&#x540E;&#x671F;(&#x4E09;&#x4E2A;&#x6708;)&#x6682;&#x7F13;&#x624B;&#x672F;&#x3002;</p><p>11&#x3001;&#x7537;&#x6027;&#x9700;&#x8981;&#x63D0;&#x524D;&#x6212;&#x70DF;&#x4E00;&#x5468;&#x3002;</p>"},"AfterIdear":{"name":"优点","content":"<p>1&#x3001;&#x672F;&#x540E;&#x4F1A;&#x4F9D;&#x636E;&#x60C5;&#x51B5;&#x653E;&#x7F6E;&#x8D1F;&#x538B;&#x5F15;&#x6D41;&#x7BA1;&#xFF0C;&#x5927;&#x6982;2-3&#x5929;&#x62C6;&#x9664;&#x3002;</p><p>2&#x3001;&#x5168;&#x9EBB;&#x672F;&#x540E;6&#x5C0F;&#x65F6;&#x540E;&#x624D;&#x53EF;&#x996E;&#x6C34;&#x3001;&#x8FDB;&#x98DF;&#x3002;</p><p>3&#x3001;&#x672F;&#x540E;3&#x5929;&#x9700;&#x5F39;&#x6027;&#x7EF7;&#x5E26;&#x5305;&#x624E;&#x3001;&#x672F;&#x540E;2-3&#x5468;&#x9700;&#x8981;&#x4F69;&#x6234;&#x5F39;&#x6027;&#x988C;&#x6258;&#xFF08;&#x5851;&#x5F62;&#x9762;&#x7F69;&#xFF0C;&#x672F;&#x524D;&#x5E94;&#x8D2D;&#x4E70;&#x597D;&#xFF09;&#x3002;</p><p>4&#x3001;&#x670D;&#x7528;3-5&#x5929;&#x6297;&#x751F;&#x7D20;&#x3002;</p><p>5&#x3001;&#x672F;&#x540E;3&#x5929;&#x4E25;&#x683C;&#x8FDB;&#x6D41;&#x98DF;&#xFF0C;4-7&#x5929;&#x53EF;&#x4EE5;&#x98DF;&#x7528;&#x534A;&#x6D41;&#x98DF;&#x3002;</p><p>6&#x3001;&#x53E3;&#x5185;&#x5207;&#x53E3;&#x624B;&#x672F;&#x62C6;&#x7EBF;&#x524D;&#x4E0D;&#x80FD;&#x7528;&#x5237;&#x7259;&#xFF0C;&#x9910;&#x540E;&#x7761;&#x524D;&#x5FC5;&#x987B;&#x7528;&#x533B;&#x7528;&#x6F31;&#x53E3;&#x6C34;&#x6D88;&#x6BD2;&#x53E3;&#x8154;&#x3002;</p><p>7&#x3001;&#x672F;&#x540E;3&#x4E2A;&#x6708;&#x5185;&#x4E25;&#x7981;&#x5267;&#x70C8;&#x8FD0;&#x52A8;&#x3002;</p>"},"GoodPoint":{"name":"缺点及风险","content":"<p>1.&#x5BF9;&#x56DB;&#x65B9;&#x8138;&#x7684;&#x4EBA;&#x7FA4;&#x6709;&#x8F83;&#x597D;&#x7684;&#x6548;&#x679C;&#x3002;</p><p>2. &#x4E00;&#x6B21;&#x624B;&#x672F;&#x5373;&#x53EF;&#x3002;</p><p>3. &#x89C1;&#x6548;&#x5FEB;&#x3002;</p>"},"BadPoint":{"name":"术前锦囊","content":"<p>1&#x3001;&#x8D39;&#x7528;&#x8F83;&#x9AD8;&#x3002;</p><p>2&#x3001;&#x6062;&#x590D;&#x65F6;&#x95F4;&#x957F;&#xFF0C;&#x5BF9;&#x5DE5;&#x4F5C;&#x6216;&#x751F;&#x6D3B;&#x4F1A;&#x5F71;&#x54CD;&#x3002;</p><p>3&#x3001;&#x53EF;&#x80FD;&#x4F1A;&#x51FA;&#x8840;&#x6216;&#x8840;&#x80BF;&#x3001;&#x611F;&#x67D3;&#x3002;</p>"}}