{"Title":"烤瓷牙","Related":{"name":"关联百科","content":[{"relatedId":"562","name":"美容冠"},{"relatedId":"563","name":"牙齿贴面"},{"relatedId":"265","name":"牙齿冷光美白"},{"relatedId":"737","name":"种植牙"}]},"ShorDesc":{"name":"简介","content":"<p>&#x9002;&#x5E94;&#x75C7;&#xFF1A;&#x7259;&#x9F7F;&#x67D3;&#x8272;&#xFF0C;&#x7259;&#x9F7F;&#x4E0D;&#x9F50;</p><p>&#x70E4;&#x74F7;&#x7259;&#x7684;&#x5916;&#x5F62;&#x662F;&#x4E00;&#x79CD;&#x7A7A;&#x5FC3;&#x7259;&#x5957;&#xFF0C;&#x5728;&#x4F7F;&#x7528;&#x8FC7;&#x7A0B;&#x4E2D;&#x9996;&#x5148;&#x9700;&#x8981;&#x5BF9;&#x6B8B;&#x7259;&#x8FDB;&#x884C;&#x78E8;&#x524A;&#x4FEE;&#x6B63;&#xFF0C;&#x7136;&#x540E;&#x6839;&#x636E;&#x6B8B;&#x7259;&#x5177;&#x4F53;&#x60C5;&#x51B5;&#x5236;&#x4F5C;&#x76F8;&#x5E94;&#x89C4;&#x683C;&#x7684;&#x70E4;&#x74F7;&#x7259;&#xFF0C;&#x6700;&#x540E;&#x7528;&#x7C98;&#x8FDE;&#x6750;&#x6599;&#x5C06;&#x70E4;&#x74F7;&#x7259;&#x5957;&#x5728;&#x6B8B;&#x7259;&#x5916;&#x5373;&#x53EF;&#x3002;&#x6309;&#x7167;&#x6210;&#x5206;&#x7684;&#x4E0D;&#x540C;&#x4E5F;&#x53EF;&#x5206;&#x4E3A;&#x8D35;&#x91D1;&#x5C5E;&#x70E4;&#x74F7;&#x7259;&#x548C;&#x975E;&#x8D35;&#x91D1;&#x5C5E;&#x70E4;&#x74F7;&#x7259;&#x3002;</p>"},"Property":{"name":"档案","content":["\n                <li>&#x6CBB;&#x7597;&#x65B9;&#x5F0F;&#xFF1A;<span>&#x53E3;&#x8154;</span></li>\n                <li>&#x75BC;&#x75DB;&#x611F;&#xFF1A;<span>1&#x9897;&#x661F;</span><a href=\"gengmei://common_webview?url=http://backend.gmei.com/hybrid/ache_level\">&#x67E5;&#x770B;&#x75BC;&#x75DB;&#x5206;&#x7EA7;</a></li>\n                <li>&#x7EF4;&#x6301;&#x65F6;&#x95F4;&#xFF1A;<span>&#x957F;&#x4E45;</span></li>\n                <li>&#x6CBB;&#x7597;&#x65F6;&#x95F4;&#xFF1A;<span>60-120&#x5206;&#x949F;</span></li>\n                <li>&#x53C2;&#x8003;&#x4EF7;&#x683C;&#xFF1A;<span>1000-10000</span></li>\n                <li>&#x9EBB;&#x9189;&#x65B9;&#x5F0F;&#xFF1A;<span>&#x5C40;&#x9EBB;</span></li>\n                <li>&#x662F;&#x5426;&#x4F4F;&#x9662;&#xFF1A;<span>&#x5426;</span></li>\n                \n                <li>&#x62C6;&#x7EBF;&#x65F6;&#x95F4;&#xFF1A;<span>0-0&#x5929;</span></li>\n            "]},"Desc":{"name":"项目／手术原理","content":"<p>1. &#x6839;&#x636E;&#x9700;&#x8981;&#x5BF9;&#x60A3;&#x7259;&#x8FDB;&#x884C;&#x8BBE;&#x8BA1;&#x548C;&#x8BB0;&#x5F55;&#x3002;</p><p>2. &#x9EBB;&#x9189;&#x3002;</p><p>3. &#x5BF9;&#x60A3;&#x7259;&#x8FDB;&#x884C;&#x76F8;&#x5173;&#x5904;&#x7406;&#xFF0C;&#x5982;&#x78E8;&#x524A;&#x3001;&#x8C03;&#x6574;&#x7259;&#x9F88;&#x7B49;&#x3002;</p><p>4. &#x53D6;&#x6A21;&#xFF1A;&#x91C7;&#x7528;&#x7845;&#x6A61;&#x80F6;&#x5370;&#x6A21;&#x6750;&#x6599;&#x5236;&#x53D6;&#x5370;&#x6A21;&#x3002;</p><p>5. &#x6BD4;&#x8272;&#xFF1A;&#x5728;&#x81EA;&#x7136;&#x5149;&#x6216;&#x6807;&#x51C6;&#x5149;&#x6E90;&#x4E0B;&#xFF0C;&#x6839;&#x636E;&#x4E34;&#x7259;&#x53CA;&#x60A3;&#x7259;&#x672C;&#x8EAB;&#x7684;&#x989C;&#x8272;&#x9009;&#x53D6;&#x9002;&#x5408;&#x7684;&#x989C;&#x8272;&#x3002;</p><p>6. &#x5236;&#x4F5C;&#x4E34;&#x65F6;&#x7259;&#x51A0;&#xFF0C;&#x800C;&#x540E;&#x8FDB;&#x884C;&#x8BD5;&#x6234;&#x548C;&#x76F8;&#x5173;&#x8C03;&#x6574;&#x3002;</p><p>7. &#x7C98;&#x56FA;:&#x6B63;&#x786E;&#x9009;&#x7528;&#x7C98;&#x63A5;&#x5242;&#x5C06;&#x70E4;&#x74F7;&#x7259;&#x4E0E;&#x4FEE;&#x6B63;&#x540E;&#x7684;&#x6B8B;&#x7259;&#x8FDB;&#x884C;&#x543B;&#x5408;&#x3002;</p><p><img src=\"http://hera.s.gmei.com/2016/10/12/eb682038a6\" style=\"width: 220px;\"><br></p>"},"Sample":{"name":"效果示例","content":"<img src=\"http://hera.s.gmei.com/itemwiki/2016/10/12/8df68cee0c-w\">"},"BeforIdear":{"name":"效果示例","content":"<p>1&#x3001;&#x624B;&#x672F;&#x524D;&#x786E;&#x5B9A;&#x8EAB;&#x4F53;&#x5065;&#x5EB7;&#xFF0C;&#x65E0;&#x4F20;&#x67D3;&#x75C5;&#x6216;&#x5176;&#x4ED6;&#x8EAB;&#x4F53;&#x708E;&#x75C7;&#x3002;</p><p>2&#x3001;&#x672F;&#x524D;&#x4E00;&#x5468;&#x5185;&#x505C;&#x6B62;&#x996E;&#x9152;&#x3001;&#x670D;&#x7528;&#x963F;&#x53F8;&#x5339;&#x6797;&#x3001;&#x7EF4;&#x751F;&#x7D20;E&#x7B49;&#x6269;&#x8840;&#x7BA1;&#x836F;&#x7269;&#x3002;</p><p>3&#x3001;&#x5438;&#x70DF;&#x8005;&#x9700;&#x8981;&#x63D0;&#x524D;&#x4E00;&#x5468;&#x6212;&#x70DF;&#x3002;</p>"},"AfterIdear":{"name":"优点","content":"<p>1&#x3001;&#x521D;&#x65F6;&#x6709;&#x8F7B;&#x5EA6;&#x4E0D;&#x9002;&#x611F;&#xFF0C;&#x60A3;&#x8005;&#x5E94;&#x8010;&#x5FC3;&#x7EC3;&#x4E60;&#x4F7F;&#x7528;&#xFF0C;&#x9010;&#x6E10;&#x9002;&#x5E94;&#x3002;</p><p>2&#x3001;&#x5E94;&#x5403;&#x8F6F;&#x7684;&#x98DF;&#x7269;&#xFF0C;&#x9002;&#x5E94;&#x540E;&#x518D;&#x5403;&#x6B63;&#x5E38;&#x98DF;&#x7269;&#x3002;&#x4E0D;&#x8981;&#x54AC;&#x592A;&#x786C;&#x7684;&#x98DF;&#x7269;&#xFF0C;&#x6BD4;&#x5982;&#x6838;&#x6843;&#x4E00;&#x7C7B;&#x7684;&#x4E1C;&#x897F;&#x3002;</p><p>3&#x3001;&#x521D;&#x671F;&#x4E0E;&#x4FEE;&#x590D;&#x524D;&#x76F8;&#x6BD4;&#xFF0C;&#x4E0A;&#x4E0B;&#x7259;&#x5C16;&#x5BF9;&#x4F4D;&#x53EF;&#x80FD;&#x4F1A;&#x6709;&#x53D8;&#x5316;&#xFF0C;&#x8981;&#x7F13;&#x6162;&#x8FDB;&#x98DF;&#xFF0C;&#x9010;&#x6E10;&#x9002;&#x5E94;&#xFF0C;&#x4EE5;&#x514D;&#x54AC;&#x4F24;&#x988A;&#x820C;&#x7C98;&#x819C;&#x3002;</p><p>4&#x3001;&#x6CE8;&#x610F;&#x4FDD;&#x6301;&#x53E3;&#x8154;&#x6E05;&#x6D01;&#xFF0C;&#x517B;&#x6210;&#x9910;&#x540E;&#x5237;&#x7259;&#x7684;&#x4E60;&#x60EF;&#xFF0C;&#x7259;&#x7F1D;&#x95F4;&#x53EF;&#x4EE5;&#x4F7F;&#x7528;&#x7259;&#x7EBF;&#x6E05;&#x6D01;&#xFF0C;&#x5E76;&#x5B9A;&#x671F;&#x5230;&#x673A;&#x6784;&#x68C0;&#x67E5;&#x3001;&#x6D01;&#x7259;&#x3002;</p><p>5&#x3001;&#x7531;&#x4E8E;&#x7259;&#x4F53;&#x9884;&#x5907;&#x65F6;&#x78E8;&#x9664;&#x4E86;&#x90E8;&#x5206;&#x7259;&#x91C9;&#x8D28;&#xFF0C;&#x521D;&#x65F6;&#xFF0C;&#x4F1A;&#x51FA;&#x73B0;&#x51B7;&#x70ED;&#x654F;&#x611F;&#x6216;&#x75BC;&#x75DB;&#xFF0C;&#x968F;&#x65F6;&#x95F4;&#x63A8;&#x79FB;&#x4F1A;&#x6162;&#x6162;&#x7F13;&#x89E3;&#x3002;</p>"},"GoodPoint":{"name":"缺点及风险","content":"<p>1. &#x8F83;&#x5168;&#x74F7;&#x7259;&#x4EF7;&#x683C;&#x4FBF;&#x5B9C;&#x3002;</p><p>2. &#x672F;&#x540E;&#x53EF;&#x957F;&#x4E45;&#x4FDD;&#x6301;&#x3002;</p><p>3. &#x9002;&#x5E94;&#x8303;&#x56F4;&#x8F83;&#x5E7F;&#xFF0C;&#x5BF9;&#x4E8E;&#x591A;&#x79CD;&#x7259;&#x9F7F;&#x7578;&#x5F62;&#x53EF;&#x540C;&#x65F6;&#x77EB;&#x6B63;&#x3002;</p>"},"BadPoint":{"name":"术前锦囊","content":"<p>1. &#x5E76;&#x53D1;&#x75C7;&#x76F8;&#x5BF9;&#x8F83;&#x591A;&#x3002;</p><p>2. &#x7259;&#x9F7F;&#x989C;&#x8272;&#x906E;&#x76D6;&#x5EA6;&#x76F8;&#x5BF9;&#x5168;&#x74F7;&#x7259;&#x8F83;&#x5DEE;&#x3002;</p><p>3. &#x9700;&#x4E8C;&#x6B21;&#x6CBB;&#x7597;&#x3002;</p>"}}