{"Title":"眶隔脂肪释放","Related":{"name":"关联百科","content":[{"relatedId":"195","name":"外切祛眼袋"},{"relatedId":"194","name":"内切祛眼袋"},{"relatedId":"203","name":"玻尿酸填充泪沟"}]},"ShorDesc":{"name":"简介","content":"<p>&#x9002;&#x5E94;&#x75C7;&#xFF1A;&#x5355;&#x7EAF;&#x773C;&#x8F6E;&#x531D;&#x808C;&#x80A5;&#x539A;&#xFF0C;&#x5355;&#x7EAF;&#x7736;&#x9694;&#x8102;&#x80AA;&#x759D;&#x51FA;&#x8005;&#xFF0C;&#x4E0B;&#x7751;&#x6C9F;&#x533A;&#x660E;&#x663E;&#x51F9;&#x9677;&#x8005;</p><p>&#x773C;&#x888B;&#x5207;&#x9664;&#x672F;&#x65F6;&#x53D6;&#x51FA;&#x7684;&#x8102;&#x80AA;&#x7ECF;&#x8FC7;&#x7EAF;&#x5316;&#x518D;&#x6CE8;&#x5C04;&#x5230;&#x51F9;&#x9677;&#x7684;&#x6CEA;&#x6C9F;&#x5904;&#x3002;&#x987B;&#x4E0E;&#x5185;&#x5207;&#x5916;&#x5207;&#x795B;&#x773C;&#x888B;&#x4E00;&#x8D77;&#x505A;&#xFF0C;&#x8FD9;&#x6837;&#x65E2;&#x80FD;&#x89E3;&#x51B3;&#x81A8;&#x51FA;&#x7684;&#x773C;&#x888B;&#x4E5F;&#x80FD;&#x586B;&#x5E73;&#x51F9;&#x9677;&#x7684;&#x6CEA;&#x6C9F;&#x3002;</p>"},"Property":{"name":"档案","content":["\n                <li>&#x6CBB;&#x7597;&#x65B9;&#x5F0F;&#xFF1A;<span>&#x624B;&#x672F;</span></li>\n                <li>&#x75BC;&#x75DB;&#x611F;&#xFF1A;<span>2&#x9897;&#x661F;</span><a href=\"gengmei://common_webview?url=http://backend.gmei.com/hybrid/ache_level\">&#x67E5;&#x770B;&#x75BC;&#x75DB;&#x5206;&#x7EA7;</a></li>\n                <li>&#x7EF4;&#x6301;&#x65F6;&#x95F4;&#xFF1A;<span>&#x6C38;&#x4E45;</span></li>\n                <li>&#x6CBB;&#x7597;&#x65F6;&#x95F4;&#xFF1A;<span>30-30&#x5206;&#x949F;</span></li>\n                <li>&#x53C2;&#x8003;&#x4EF7;&#x683C;&#xFF1A;<span>3000-25000</span></li>\n                <li>&#x9EBB;&#x9189;&#x65B9;&#x5F0F;&#xFF1A;<span>&#x5C40;&#x9EBB;</span></li>\n                <li>&#x662F;&#x5426;&#x4F4F;&#x9662;&#xFF1A;<span>&#x5426;</span></li>\n                \n                <li>&#x62C6;&#x7EBF;&#x65F6;&#x95F4;&#xFF1A;<span>5-7&#x5929;</span></li>\n            "]},"Desc":{"name":"项目／手术原理","content":"<p>1&#x3001;&#x5207;&#x5F00;&#x773C;&#x5E95;&#x7ED3;&#x819C;&#xFF0C;&#x9732;&#x51FA;&#x8102;&#x80AA;</p><p>2&#x3001;&#x53D6;&#x51FA;&#x8102;&#x80AA;&#xFF0C;&#x7EAF;&#x5316;</p><p>3&#x3001;&#x6CE8;&#x5C04;&#x5230;&#x6CEA;&#x6C9F;</p><p>4&#x3001;&#x7F1D;&#x5408;&#x5207;&#x53E3;</p><p><img src=\"http://hera.s.gmei.com/2016/10/12/95de9e8823\" style=\"width: 500px;\"><br></p>"},"Sample":{"name":"效果示例","content":"<img src=\"http://hera.s.gmei.com/itemwiki/2016/10/12/90618d984c-w\">"},"BeforIdear":{"name":"效果示例","content":"<p>1&#x3001;&#x5973;&#x6027;&#x907F;&#x5F00;&#x4F8B;&#x5047;&#x671F;&#xFF0C;&#x907F;&#x514D;&#x51FA;&#x8840;&#x589E;&#x591A;&#x6216;&#x80BF;&#x80C0;&#x52A0;&#x91CD;&#x3002;</p><p>2&#x3001;&#x624B;&#x672F;&#x524D;&#x4E24;&#x5468;&#x5185;&#xFF0C;&#x8BF7;&#x52FF;&#x670D;&#x7528;&#x56FA;&#x9187;&#x6FC0;&#x7D20;&#x548C;&#x963F;&#x65AF;&#x5339;&#x6797;&#x7C7B;&#x6297;&#x51DD;&#x836F;&#x7269;&#x3002;</p><p>3&#x3001;&#x624B;&#x672F;&#x5F53;&#x65E5;&#x4E0D;&#x8981;&#x5316;&#x5986;&#xFF0C;&#x4E5F;&#x4E0D;&#x8981;&#x6234;&#x88C5;&#x9970;&#x7269;&#x7B49;&#x3002;</p><p>4&#x3001;&#x598A;&#x5A20;&#x524D;&#x671F;(&#x4E09;&#x4E2A;&#x6708;)&#x6216;&#x598A;&#x5A20;&#x540E;&#x671F;(&#x4E09;&#x4E2A;&#x6708;)&#x6682;&#x7F13;&#x624B;&#x672F;&#x3002;</p><p>5&#x3001;&#x7537;&#x6027;&#x9700;&#x8981;&#x63D0;&#x524D;&#x6212;&#x70DF;&#x4E00;&#x5468;&#x3002;</p><p>6&#x3001;&#x5E38;&#x89C4;&#x8EAB;&#x4F53;&#x68C0;&#x67E5;&#x2014;&#x2014;&#x5168;&#x8EAB;&#x68C0;&#x67E5;&#xFF0C;&#x8840;&#x538B;&#x3001;&#x5FC3;&#x7535;&#x56FE;&#x7B49;&#x3002;</p>"},"AfterIdear":{"name":"优点","content":"<p>1. &#x672F;&#x540E;&#x4E0D;&#x8981;&#x8FC7;&#x5EA6;&#x51B0;&#x6577;&#x6216;&#x70ED;&#x6577;&#x4EE5;&#x514D;&#x5F71;&#x54CD;&#x8102;&#x80AA;&#x6210;&#x6D3B;&#x7387; &#x3002;</p><p>2. &#x672F;&#x540E;2&#x5468;&#x5185;&#x5C3D;&#x91CF;&#x4E0D;&#x8981;&#x8FC7;&#x5EA6;&#x7528;&#x773C;&#x3001;4&#x5468;&#x4EE5;&#x540E;&#x65B9;&#x53EF;&#x6234;&#x9690;&#x5F62;&#x773C;&#x955C;&#x3002;</p><p>3.&#x5367;&#x5E8A;&#x4F11;&#x606F;&#x65F6;&#x6700;&#x597D;&#x534A;&#x5367;&#x4F4D;(&#x628A;&#x6795;&#x5934;&#x57AB;&#x9AD8;)&#x4EE5;&#x51CF;&#x8F7B;&#x773C;&#x90E8;&#x80BF;&#x80C0;&#x3002;</p><p>4.&#x4E00;&#x4E2A;&#x6708;&#x5185;&#x6212;&#x70DF;&#x9152;&#x3001;&#x5C3D;&#x91CF;&#x4E0D;&#x8981;&#x5403;&#x8165;&#x8FA3;&#x7B49;&#x523A;&#x6FC0;&#x6027;&#x98DF;&#x7269;&#x3001;&#x4E00;&#x4E2A;&#x6708;&#x5185;&#x4E0D;&#x8981;&#x5316;&#x5986;&#x3002;</p><p>5. &#x4E25;&#x7981;&#x670D;&#x7528;&#x963F;&#x53F8;&#x5339;&#x6797;&#x3001;&#x6CD5;&#x6797;&#xFF0C;&#x6FC0;&#x7D20;&#x53CA;&#x6D3B;&#x8840;&#x5316;&#x6DE4;&#x7C7B;&#x836F;&#x7269;&#x3002;&#x9075;&#x5FAA;&#x533B;&#x5631;&#x670D;&#x7528;&#x6297;&#x751F;&#x7D20;&#x7C7B;&#x836F;&#x7269;&#x3002;</p>"},"GoodPoint":{"name":"缺点及风险","content":"<p>1.&#x53D6;&#x81EA;&#x773C;&#x888B;&#x91CC;&#x591A;&#x4F59;&#x7684;&#x8102;&#x80AA;&#xFF0C;&#x65E0;&#x6392;&#x5F02;&#x53CD;&#x5E94;&#x3002;</p><p>2.&#x6210;&#x6D3B;&#x7684;&#x8102;&#x80AA;&#x53EF;&#x6C38;&#x4E45;&#x7EF4;&#x6301;&#x3002;</p><p>3.&#x65E2;&#x89E3;&#x51B3;&#x4E86;&#x773C;&#x888B;&#x53C8;&#x586B;&#x5E73;&#x4E86;&#x6CEA;&#x6C9F;&#xFF0C;&#x4E00;&#x4E3E;&#x4E24;&#x5F97;&#x3002;</p>"},"BadPoint":{"name":"术前锦囊","content":"<p>1.&#x8102;&#x80AA;&#x5B58;&#x6D3B;&#x7387;&#x4E0D;&#x7A33;&#x5B9A;&#x3002;</p><p>2.&#x8102;&#x80AA;&#x9897;&#x7C92;&#x8F83;&#x5927;&#xFF0C;&#x6548;&#x679C;&#x56E0;&#x4EBA;&#x800C;&#x5F02;&#x3002;</p>"}}