{"Title":"瑞蓝（进口）","Related":{"name":"关联百科","content":[{"relatedId":"689","name":"玻尿酸填充面部"}]},"ShorDesc":{"name":"简介","content":"<p class=\"MsoNormal\" align=\"left\">&#x54C1;&#x724C;&#x540D;&#x79F0;&#xFF1A;&#x745E;&#x84DD;<span lang=\"EN-US\">2</span>&#x53F7;<span lang=\"EN-US\">Restylane</span></p><p class=\"MsoNormal\"><span lang=\"EN-US\"><o:p></o:p></span></p><p class=\"MsoNormal\" align=\"left\">&#x751F;&#x4EA7;&#x5546;&#xFF1A;&#x745E;&#x5178;<span lang=\"EN-US\">Q-Med AB<o:p></o:p></span></p><p class=\"MsoNormal\" align=\"left\">&#x73BB;&#x5C3F;&#x9178;&#x7C7B;&#x578B;&#xFF1A;&#x53CC;&#x76F8;&#xFF08;&#x9897;&#x7C92;&#x578B;&#xFF09;</p><p class=\"MsoNormal\" align=\"left\">&#x54C1;&#x724C;&#x7CFB;&#x5217;&#xFF1A;&#x745E;&#x84DD;2&#x53F7;</p><p class=\"MsoNormal\" align=\"left\"><span lang=\"EN-US\"><o:p></o:p></span></p><p class=\"MsoNormal\" align=\"left\">&#x7EF4;&#x6301;&#x65F6;&#x95F4;&#xFF1A;6&#x4E2A;&#x6708;&#xB1;</p><p class=\"MsoNormal\" align=\"left\">&#x4F5C;&#x7528;&#xFF1A;&#x6539;&#x5584;&#x76B1;&#x7EB9;&#x3001;&#x6CEA;&#x6C9F;&#x3001;&#x9F3B;&#x5507;&#x6C9F;&#x7B49;&#x90E8;&#x4F4D;&#x3002;<span lang=\"EN-US\"><o:p></o:p></span></p><p>\n\n\n\n\n\n\n\n</p><p class=\"MsoNormal\">&#x8BA4;&#x8BC1;&#xFF1A;&#x4E2D;&#x56FD;&#x56FD;&#x5BB6;&#x98DF;&#x54C1;&#x836F;&#x54C1;&#x76D1;&#x7763;&#x7BA1;&#x7406;&#x5C40;&#xFF08;<span lang=\"EN-US\">CFDA</span>&#xFF09;&#x3001;<span lang=\"EN-US\">FDA</span>&#xFF08;&#x7F8E;&#x56FD;&#xFF09;&#x3001;<span lang=\"EN-US\">CE</span>&#xFF08;&#x6B27;&#x76DF;&#xFF09;&#x3002;</p><p class=\"MsoNormal\"><img src=\"http://hera.s.gmei.com/2016/10/14/815c65c50d\" style=\"width: 784px;\"><span style=\"font-size:12.0pt;font-family:&#x5B8B;&#x4F53;;mso-ascii-theme-font:\nminor-fareast;mso-fareast-font-family:&#x5B8B;&#x4F53;;mso-fareast-theme-font:minor-fareast;\nmso-hansi-theme-font:minor-fareast\"><br></span></p>"},"Property":{"name":"档案","content":[]},"Desc":{"name":"项目／手术原理","content":""},"Sample":{"name":"效果示例","content":"<img src=\"http://hera.s.gmei.com/itemwiki/2016/10/14/ab5ac03336-w\">"},"BeforIdear":{"name":"效果示例","content":""},"AfterIdear":{"name":"优点","content":""},"GoodPoint":{"name":"缺点及风险","content":""},"BadPoint":{"name":"术前锦囊","content":""}}