{"Title":"下巴截骨前移","Related":{"name":"关联百科","content":[{"relatedId":"235","name":"硅胶隆下巴"},{"relatedId":"236","name":"膨体隆下巴"},{"relatedId":"237","name":"Medpor隆下巴"},{"relatedId":"232","name":"玻尿酸隆下巴"}]},"ShorDesc":{"name":"简介","content":"<p>&#x9002;&#x5E94;&#x75C7;&#xFF1A;&#x4E0B;&#x5DF4;&#x77ED;&#x5C0F;&#x3001;&#x540E;&#x7F29;&#xFF0C;&#x5634;&#x90E8;&#x8F83;&#x7A81;&#x51FA;</p><p>&#x5C06;&#x988F;&#x90E8;&#x9AA8;&#x8D28;&#x6C34;&#x5E73;&#x5207;&#x5F00;&#x5E76;&#x524D;&#x63A8;&#xFF0C;&#x4EE5;&#x589E;&#x52A0;&#x988F;&#x90E8;&#x7684;&#x7A81;&#x5EA6;&#x3002;</p>"},"Property":{"name":"档案","content":["\n                <li>&#x6CBB;&#x7597;&#x65B9;&#x5F0F;&#xFF1A;<span>&#x624B;&#x672F;</span></li>\n                <li>&#x75BC;&#x75DB;&#x611F;&#xFF1A;<span>4&#x9897;&#x661F;</span><a href=\"gengmei://common_webview?url=http://backend.gmei.com/hybrid/ache_level\">&#x67E5;&#x770B;&#x75BC;&#x75DB;&#x5206;&#x7EA7;</a></li>\n                <li>&#x7EF4;&#x6301;&#x65F6;&#x95F4;&#xFF1A;<span>&#x6C38;&#x4E45;</span></li>\n                <li>&#x6CBB;&#x7597;&#x65F6;&#x95F4;&#xFF1A;<span>60-120&#x5206;&#x949F;</span></li>\n                <li>&#x53C2;&#x8003;&#x4EF7;&#x683C;&#xFF1A;<span>10000-30000</span></li>\n                <li>&#x9EBB;&#x9189;&#x65B9;&#x5F0F;&#xFF1A;<span>&#x5168;&#x9EBB;</span></li>\n                <li>&#x662F;&#x5426;&#x4F4F;&#x9662;&#xFF1A;<span>&#x662F;</span></li>\n                <li>&#x4F4F;&#x9662;&#x65F6;&#x95F4;&#xFF1A;<span>3-5&#x5929;</span></li>\n                <li>&#x62C6;&#x7EBF;&#x65F6;&#x95F4;&#xFF1A;<span>7-9&#x5929;</span></li>\n            "]},"Desc":{"name":"项目／手术原理","content":"<p>1.&#x8BBE;&#x8BA1;</p><p>2.&#x5168;&#x8EAB;&#x9EBB;&#x9189;</p><p>3.&#x5207;&#x5F00;&#x4E0B;&#x988C;&#x524D;&#x5EAD;&#x6C9F;&#x5507;&#x988A;&#x4FA7;&#x9ECF;&#x819C;&#xFF0C;&#x9ECF;&#x819C;&#x4E0B;&#xFF0C;&#x9AA8;&#x819C;&#x81F3;&#x9AA8;&#x9762;</p><p>4.&#x622A;&#x9AA8;</p><p>5.&#x6253;&#x78E8;</p><p>6.&#x7F1D;&#x5408;</p><p><img src=\"http://hera.s.gmei.com/2016/10/12/d37de45dde\" style=\"width: 552px;\"><br></p>"},"Sample":{"name":"效果示例","content":"<img src=\"http://hera.s.gmei.com/itemwiki/2016/10/12/5f2dc75f39-w\">"},"BeforIdear":{"name":"效果示例","content":"<p>1&#x3001;&#x672F;&#x524D;&#x9700;&#x7D20;&#x989C;&#x3002;</p><p>2&#x3001;&#x672F;&#x524D;&#x9700;&#x505A;&#x8EAB;&#x4F53;&#x68C0;&#x67E5;&#x7B49;&#x3002;</p><p>3&#x3001;&#x907F;&#x5F00;&#x6708;&#x7ECF;&#x671F;&#x3001;&#x598A;&#x5A20;&#x671F;&#x3002;</p><p>4&#x3001;&#x672F;&#x524D;3&#x5929;&#x7ED9;&#x4E88;&#x6F31;&#x53E3;&#x6DB2;&#x6F31;&#x53E3;&#xFF0C;&#x6BCF;&#x65E5;3&#x6B21;&#xFF0C;&#x5FC5;&#x8981;&#x65F6;&#x884C;&#x7259;&#x5468;&#x6D01;&#x6CBB;&#x3002;</p>"},"AfterIdear":{"name":"优点","content":"<p>1&#x3001;&#x672F;&#x540E;6-8h&#x8981;&#x7981;&#x98DF;&#x3001;&#x7981;&#x6C34;&#xFF0C;&#x53BB;&#x6795;&#x5E73;&#x5367;&#xFF0C;&#x5934;&#x504F;&#x5411;&#x4E00;&#x8FB9;&#x3002;&#x672F;&#x4E2D;&#x6216;&#x8005;&#x672F;&#x540E;&#x4F1A;&#x8F93;&#x8461;&#x8404;&#x7CD6;&#x6DB2;&#x53EF;&#x4FDD;&#x8BC1;&#x8425;&#x517B;&#x3002;</p><p>2&#x3001;&#x9EBB;&#x9189;&#x6E05;&#x9192;&#x540E;6h&#x53EF;&#x4EE5;&#x6539;&#x4E3A;&#x534A;&#x5367;&#x4F4D;&#x3002;</p><p>3&#x3001;&#x672F;&#x540E;&#x9075;&#x533B;&#x5631;&#x6BCF;&#x65E5;&#x53E3;&#x8154;&#x62A4;&#x7406;&#x4E24;&#x6B21;&#x3002;</p><p>4&#x3001;&#x9075;&#x533B;&#x5631;&#x7528;&#x6297;&#x751F;&#x7D20;&#x3001;&#x6B62;&#x8840;&#x836F;&#x53CA;&#x7EF4;&#x751F;&#x7D20;C&#x7B49;&#x6CBB;&#x7597;&#x3002;</p><p>5&#x3001;&#x672F;&#x540E;&#x4E00;&#x5468;&#x8FDB;&#x6D41;&#x8D28;&#xFF0C;&#x4E00;&#x5468;&#x540E;&#x8FDB;&#x534A;&#x6D41;&#x8D28;&#x996E;&#x98DF;&#xFF0C;&#x4E24;&#x5468;&#x540E;&#x8FDB;&#x8F6F;&#x98DF;&#x3002;</p><p>&#x524D;&#x4E09;&#x5468;&#x5C3D;&#x91CF;&#x4E0D;&#x8981;&#x8FD0;&#x52A8;&#xFF0C;&#x4E00;&#x4E2A;&#x6708;&#x540E;&#x53EF;&#x4EE5;&#x9002;&#x5F53;&#x8FD0;&#x52A8;&#xFF0C;&#x534A;&#x5E74;&#x540E;&#x624D;&#x53EF;&#x4EE5;&#x505A;&#x5267;&#x70C8;&#x8FD0;&#x52A8;&#x3002;</p>"},"GoodPoint":{"name":"缺点及风险","content":"<p>1&#x3001;&#x4ECE;&#x6839;&#x672C;&#x4E0A;&#x89E3;&#x51B3;&#x4E0B;&#x5DF4;&#x77ED;&#x5C0F;&#x540E;&#x7F29;&#x7684;&#x95EE;&#x9898;&#x3002;</p><p>2&#x3001;&#x65E0;&#x6392;&#x65A5;&#x53CD;&#x5E94;&#x3002;</p>"},"BadPoint":{"name":"术前锦囊","content":"<p>1.&#x5BF9;&#x533B;&#x751F;&#x6280;&#x672F;&#x8981;&#x6C42;&#x9AD8;&#x3002;</p><p>2.&#x8D39;&#x7528;&#x8F83;&#x9AD8;&#x3002;</p>"}}