{"Title":"UltraShape优立塑","Related":{"name":"关联百科","content":[{"relatedId":"797","name":"Liposonix热立塑"},{"relatedId":"795","name":"BodyTite射频溶脂"},{"relatedId":"798","name":"CoolSculpting冰美人冷冻溶脂"},{"relatedId":"560","name":"超声溶脂"},{"relatedId":"561","name":"射频溶脂"},{"relatedId":"559","name":"冷冻溶脂"}]},"ShorDesc":{"name":"简介","content":"<p class=\"MsoNormal\" align=\"left\">&#x54C1;&#x724C;&#x540D;&#x79F0;&#xFF1A;<span style=\"background-image: initial; background-attachment: initial; background-size: initial; background-origin: initial; background-clip: initial; background-position: initial; background-repeat: initial;\">UltraShape&#x3001;&#x4F18;&#x7ACB;&#x5851;&#x3001;&#x6B27;&#x8403;&#x5B66;&#xFF08;&#x53F0;&#x6E7E;&#xFF09;</span></p><p class=\"MsoNormal\"><span lang=\"EN-US\"><o:p></o:p></span></p><p class=\"MsoNormal\" align=\"left\">&#x751F;&#x4EA7;&#x5546;&#xFF1A;&#x4EE5;&#x8272;&#x5217;&#x8D5B;&#x8BFA;&#x9F99;&#x516C;&#x53F8;</p><p class=\"MsoNormal\"><span style=\"background-image: initial; background-attachment: initial; background-size: initial; background-origin: initial; background-clip: initial; background-position: initial; background-repeat: initial;\">&#x54C1;&#x724C;&#x7CFB;&#x5217;&#xFF1A;</span><span style=\"background-image: initial; background-attachment: initial; background-size: initial; background-origin: initial; background-clip: initial; background-position: initial; background-repeat: initial;\">UltraShape V3</span><span style=\"background-image: initial; background-attachment: initial; background-size: initial; background-origin: initial; background-clip: initial; background-position: initial; background-repeat: initial;\">&#xFF08;&#x7B2C;&#x4E09;&#x4EE3;&#x4F18;&#x7ACB;&#x5851;&#xFF09;&#x3001;</span><span style=\"background-image: initial; background-attachment: initial; background-size: initial; background-origin: initial; background-clip: initial; background-position: initial; background-repeat: initial;\">UltraShape Power</span><span style=\"background-image: initial; background-attachment: initial; background-size: initial; background-origin: initial; background-clip: initial; background-position: initial; background-repeat: initial;\">&#xFF08;&#x7B2C;&#x56DB;&#x4EE3;&#x4F18;&#x7ACB;&#x5851;&#xFF09;</span></p><p class=\"MsoNormal\" align=\"left\"><span lang=\"EN-US\"><o:p></o:p></span></p><p class=\"MsoNormal\" align=\"left\">&#x7EF4;&#x6301;&#x65F6;&#x95F4;&#xFF1A;&#x957F;&#x4E45;</p><p class=\"MsoNormal\" align=\"left\">&#x4F5C;&#x7528;&#xFF1A;&#x5229;&#x7528;&#x9AD8;&#x9891;&#x805A;&#x7126;&#x8D85;&#x97F3;&#x6CE2;&#xFF08;&#x914D;&#x5408;3D&#x5B9A;&#x4F4D;&#x52A8;&#x6001;&#x79D1;&#x6280;&#xFF09;&#xFF0C;&#x7CBE;&#x51C6;&#x5730;&#x805A;&#x7126;&#x5728;&#x76AE;&#x4E0B;&#x8102;&#x80AA;&#x5C42;&#xFF0C;&#x7834;&#x574F;&#x8102;&#x80AA;&#x7EC6;&#x80DE;&#x8FBE;&#x5230;&#x51CF;&#x8102;&#x3001;&#x5851;&#x5F62;&#x7684;&#x529F;&#x6548;&#x3002;</p><p></p><p class=\"MsoNormal\">&#x8BA4;&#x8BC1;&#xFF1A;<span lang=\"EN-US\">FDA</span>&#xFF08;&#x7F8E;&#x56FD;&#xFF09;&#x3001;CE&#xFF08;&#x6B27;&#x6D32;&#xFF09;&#x3002;</p><p class=\"MsoNormal\"><img src=\"http://hera.s.gmei.com/2016/10/19/d9a7acabca\" style=\"width: 480px;\"><br></p>"},"Property":{"name":"档案","content":[]},"Desc":{"name":"项目／手术原理","content":"<p class=\"MsoNormal\"><span style=\"background-image: initial; background-attachment: initial; background-size: initial; background-origin: initial; background-clip: initial; background-position: initial; background-repeat: initial;\">&#x5229;&#x7528;&#x9AD8;&#x9891;&#x805A;&#x7126;&#x8D85;&#x97F3;&#x6CE2;&#xFF08;&#x914D;&#x5408;3D&#x5B9A;&#x4F4D;&#x52A8;&#x6001;&#x79D1;&#x6280;</span><span style=\"background-image: initial; background-attachment: initial; background-size: initial; background-origin: initial; background-clip: initial; background-position: initial; background-repeat: initial;\">&#xFF09;&#xFF0C;&#x7CBE;&#x51C6;&#x5730;&#x805A;&#x7126;&#x5728;&#x76AE;&#x4E0B;&#x8102;&#x80AA;&#x5C42;&#xFF0C;&#x5728;&#x4E0D;&#x4F24;&#x5BB3;&#x8840;&#x7BA1;&#x3001;&#x795E;&#x7ECF;&#x53CA;&#x7ED3;&#x7F14;&#x7EC4;&#x7EC7;&#x7684;&#x524D;&#x63D0;&#x4E0B;&#xFF0C;&#x9707;&#x788E;&#x8102;&#x80AA;&#x7EC6;&#x80DE;&#x819C;&#xFF0C;&#x7834;&#x574F;&#x8102;&#x80AA;&#x7EC6;&#x80DE;&#x8FBE;&#x5230;&#x51CF;&#x8102;&#x3001;&#x5851;&#x5F62;&#x7684;&#x529F;&#x6548;&#x3002;</span></p><p class=\"MsoNormal\"><img src=\"http://hera.s.gmei.com/2016/10/19/4303f70627\" style=\"width: 521px;\"><span style=\"background-image: initial; background-attachment: initial; background-size: initial; background-origin: initial; background-clip: initial; background-position: initial; background-repeat: initial;\"><br></span></p>"},"Sample":{"name":"效果示例","content":"<img src=\"http://hera.s.gmei.com/itemwiki/2016/10/19/a21898534a-w\">"},"BeforIdear":{"name":"效果示例","content":""},"AfterIdear":{"name":"优点","content":""},"GoodPoint":{"name":"缺点及风险","content":""},"BadPoint":{"name":"术前锦囊","content":""}}