{"Title":"埋线提升","Related":{"name":"关联百科","content":[{"relatedId":"717","name":"射频提升"},{"relatedId":"721","name":"手术大拉皮"},{"relatedId":"404","name":"埋线隆鼻"},{"relatedId":"722","name":"手术小拉皮"},{"relatedId":"718","name":"电波拉皮"},{"relatedId":"480","name":"超声刀"}]},"ShorDesc":{"name":"简介","content":"<p>&#x57CB;&#x7EBF;&#x63D0;&#x5347;&#x5C31;&#x662F;&#x5C06;&#x4E0D;&#x540C;&#x6750;&#x8D28;&#x3001;&#x4E0D;&#x540C;&#x89C4;&#x683C;&#x7684;&#x7EBF;&#xFF0C;&#x4EE5;&#x624B;&#x6CD5;&#x6216;&#x5668;&#x68B0;&#x57CB;&#x4E8E;&#x771F;&#x76AE;&#x6216;&#x76AE;&#x4E0B;&#x7EC4;&#x7EC7;&#xFF0C;&#x8FBE;&#x5230;&#x7D27;&#x81F4;&#x63D0;&#x5347;&#x3001;&#x53BB;&#x76B1;&#x3001;&#x6539;&#x5584;&#x80A4;&#x8D28;&#x7684;&#x76EE;&#x7684;&#x3002;</p><p>&#x9002;&#x5E94;&#x75C7;&#xFF1A;&#x9762;&#x90E8;&#x4E0B;&#x5782;&#x3001;&#x9F3B;&#x5507;&#x6C9F;&#x3001;&#x4E0B;&#x988C;&#x7F18;&#x8F6E;&#x5ED3;&#x4E0D;&#x6E05;&#x6670;&#x3001;&#x53CC;&#x4E0B;&#x5DF4;&#x3001;&#x9C7C;&#x5C3E;&#x7EB9;&#x3001;&#x53E3;&#x89D2;&#x7EB9;&#x3001;&#x9888;&#x7EB9;</p><p><img src=\"http://hera.s.gmei.com/2017/05/15/326b232b0e\" style=\"width: 690px;\"><br></p>"},"Property":{"name":"档案","content":["\n                <li>&#x6CBB;&#x7597;&#x65B9;&#x5F0F;&#xFF1A;<span>&#x624B;&#x672F;</span></li>\n                <li>&#x75BC;&#x75DB;&#x611F;&#xFF1A;<span>2&#x9897;&#x661F;</span><a href=\"gengmei://common_webview?url=http://backend.gmei.com/hybrid/ache_level\">&#x67E5;&#x770B;&#x75BC;&#x75DB;&#x5206;&#x7EA7;</a></li>\n                <li>&#x7EF4;&#x6301;&#x65F6;&#x95F4;&#xFF1A;<span>6-12&#x4E2A;&#x6708;</span></li>\n                <li>&#x6CBB;&#x7597;&#x65F6;&#x95F4;&#xFF1A;<span>40-60&#x5206;&#x949F;</span></li>\n                <li>&#x53C2;&#x8003;&#x4EF7;&#x683C;&#xFF1A;<span>1000-30000</span></li>\n                <li>&#x9EBB;&#x9189;&#x65B9;&#x5F0F;&#xFF1A;<span>&#x5C40;&#x9EBB;</span></li>\n                <li>&#x662F;&#x5426;&#x4F4F;&#x9662;&#xFF1A;<span>&#x5426;</span></li>\n                \n                <li>&#x62C6;&#x7EBF;&#x65F6;&#x95F4;&#xFF1A;<span>0-0&#x5929;</span></li>\n            "]},"Desc":{"name":"项目／手术原理","content":"<p>&#x57CB;&#x7EBF;&#x63D0;&#x5347;&#xFF0C;&#x4E3B;&#x8981;&#x662F;&#x901A;&#x8FC7;&#x4EE5;&#x4E0B;&#x51E0;&#x4E2A;&#x539F;&#x7406;&#x6765;&#x8FBE;&#x5230;&#x7D27;&#x81F4;&#x63D0;&#x5347;&#x3001;&#x53BB;&#x76B1;&#x3001;&#x6539;&#x5584;&#x80A4;&#x8D28;&#x7684;&#x76EE;&#x7684;&#x7684;&#xFF1A;</p><p>1.&#x63D0;&#x5347;&#x4F5C;&#x7528;&#xFF1A;&#x952F;&#x9F7F;&#x7EBF;&#x3001;&#x87BA;&#x65CB;&#x7EBF;&#x53EF;&#x76F4;&#x63A5;&#x63D0;&#x5347;&#x7709;&#x90E8;&#x3001;&#x773C;&#x89D2;&#x3001;&#x9762;&#x4E2D;&#x90E8;&#xFF08;&#x82F9;&#x679C;&#x808C;&#xFF09;&#x3001;&#x4E0B;&#x9762;&#x90E8;&#x8F6E;&#x5ED3;&#xFF08;&#x4E0B;&#x988C;&#x7F18;&#xFF09;&#x7B49;&#x90E8;&#x4F4D;&#x3002;</p><p>2.&#x4EBA;&#x5DE5;&#x97E7;&#x5E26;&#x4F5C;&#x7528;&#xFF1A;&#x952F;&#x9F7F;&#x7EBF;&#x3001;&#x87BA;&#x65CB;&#x7EBF;&#x53EF;&#x5F62;&#x6210;&#x7EA4;&#x7EF4;&#x97E7;&#x5E26;&#xFF0C;&#x5BF9;&#x9762;&#x90E8;&#x7EC4;&#x7EC7;&#x8D77;&#x5230;&#x6301;&#x7EED;&#x7684;&#x7D27;&#x81F4;&#x63D0;&#x5347;&#x4F5C;&#x7528;&#x3002;</p><p>3.&#x586B;&#x5145;&#x4F5C;&#x7528;&#xFF1A;&#x5E73;&#x6ED1;&#x7EBF;&#x3001;&#x87BA;&#x65CB;&#x7EBF;&#x53EF;&#x76F4;&#x63A5;&#x586B;&#x5145;&#x9F3B;&#x5507;&#x6C9F;&#x3001;&#x6CEA;&#x6C9F;&#x3001;&#x9686;&#x9F3B;&#x3001;&#x57AB;&#x7709;&#x5F13;&#x7B49;&#x90E8;&#x4F4D;&#x3002;</p><p>4. &#x7F8E;&#x80A4;&#x4F5C;&#x7528;&#xFF1A;&#x5E73;&#x6ED1;&#x7EBF;&#x7684;&#x57CB;&#x690D;&#x53EF;&#x7D27;&#x81F4;&#x76AE;&#x80A4;&#x3001;&#x63D0;&#x4EAE;&#x80A4;&#x8272;&#x3001;&#x7EC6;&#x5316;&#x6BDB;&#x5B54;&#x3002;</p><p><img src=\"http://hera.s.gmei.com/2016/10/11/edab5b1b37\" style=\"width: 600px;\"><br></p><p> </p><p><br></p><p>&#x57CB;&#x7EBF;&#x63D0;&#x5347;&#x5177;&#x4F53;&#x7684;&#x64CD;&#x4F5C;&#x6B65;&#x9AA4;&#xFF1A;</p><p>1.&#x672F;&#x524D;&#x6C9F;&#x901A;+&#x672F;&#x524D;&#x8BBE;&#x8BA1;&#xFF08;&#x6807;&#x8BB0;&#x57CB;&#x7EBF;&#x4F4D;&#x7F6E;&#xFF09;&#x3002;</p><p>2.&#x9152;&#x7CBE;/&#x7898;&#x4F0F;&#x6D88;&#x6BD2;&#x3002;</p><p>3.&#x8FDB;&#x884C;&#x9EBB;&#x9189;&#xFF1A;&#x5148;&#x505A;&#x672F;&#x533A;&#x7EC4;&#x7EC7;&#x9EBB;&#x9189;&#xFF0C;&#x518D;&#x505A;&#x672F;&#x533A;&#x6D78;&#x6DA6;&#x9EBB;&#x9189;&#xFF08;&#x4E00;&#x79CD;&#x5C40;&#x90E8;&#x9EBB;&#x9189;&#xFF09;&#x3002;</p><p>4.&#x690D;&#x5165;&#x7EBF;&#x6750;&#x3002;</p><p>5.&#x672F;&#x540E;&#x4EE5;&#x7279;&#x6B8A;&#x5F39;&#x529B;&#x9888;&#x988C;&#x5957;&#x9002;&#x5F53;&#x52A0;&#x538B;&#x5305;&#x624E;&#x3002;</p><p><img src=\"http://hera.s.gmei.com/2016/10/11/3874f9ea89\" style=\"width: 623px;\"><br></p><p><br></p><p>&#x76EE;&#x524D;&#xFF0C;&#x5E02;&#x9762;&#x4E0A;&#x6700;&#x5E38;&#x89C1;&#x7684;&#x51E0;&#x79CD;&#x6750;&#x8D28;&#xFF1A;</p><p>&#x2460;PPDO&#x7EBF;&#xFF1A;&#x805A;&#x5BF9;&#x4E8C;&#x6C27;&#x73AF;&#x5DF2;&#x916E;&#xFF0C;&#x76EE;&#x524D;&#x6700;&#x5E38;&#x7528;&#x5230;&#x7684;&#x7EBF;&#xFF0C;&#x5728;PDO&#x7EBF;&#x57FA;&#x7840;&#x4E0A;&#x8FDB;&#x4E00;&#x6B65;&#x63D0;&#x7EAF;&#x800C;&#x6765;&#x7684;&#xFF0C;&#x526F;&#x4F5C;&#x7528;&#x66F4;&#x5C0F;&#x3001;&#x5B89;&#x5168;&#x6027;&#x66F4;&#x9AD8;&#x3002;</p><p>&#x2461;PDO&#x7EBF;&#xFF1A;&#x805A;&#x5BF9;&#x4E8C;&#x7532;&#x57FA;&#x7F9F;&#x5DF2;&#x916E;&#xFF0C;&#x6709;&#x5F88;&#x591A;&#x533B;&#x751F;&#x8BB2;&#x6539;&#x7EBF;&#x4FD7;&#x79F0;&#x4E3A;&#x86CB;&#x767D;&#x7EBF;&#xFF0C;&#x4F46;&#x5B9E;&#x9645;&#x4E0D;&#x5B58;&#x5728;&#x4EFB;&#x4F55;&#x86CB;&#x767D;&#x6210;&#x5206;&#x3002;</p><p>&#x2462;PLLA&#x7EBF;&#xFF1A;&#x5DE6;&#x65CB;&#x805A;&#x4E73;&#x9178;&#xFF0C;&#x4E5F;&#x662F;&#x7AE5;&#x989C;&#x9488;&#xFF08;&#x5851;&#x7136;&#x96C5;&#xFF09;&#x7684;&#x4E3B;&#x8981;&#x6210;&#x5206;&#xFF0C;&#x6548;&#x679C;&#x53EF;&#x7EF4;&#x6301;5-7&#x5E74;&#x4E4B;&#x4E45;&#x3002;</p><p>&#x2463;PGLA&#x7EBF;&#xFF1A;&#x805A;&#x4E59;&#x4E19;&#x4EA4;&#x916F;&#xFF0C;&#x624B;&#x672F;&#x7528;&#x7684;&#x53EF;&#x5438;&#x6536;&#x7F1D;&#x5408;&#x7EBF;&#xFF0C;&#x964D;&#x89E3;&#x4EA7;&#x7269;&#x4E3A;CO2&#x548C;&#x6C34;&#x3002;</p>"},"Sample":{"name":"效果示例","content":"<img src=\"http://hera.s.gmei.com/itemwiki/2016/10/11/a062f51217-w\">"},"BeforIdear":{"name":"效果示例","content":"<p>1.&#x672F;&#x524D;2&#x5468;&#x7981;&#x670D;&#x6297;&#x51DD;&#x836F;&#x7269;&#x3002;</p><p>2.&#x672F;&#x524D;&#x505A;&#x5E38;&#x89C4;&#x4F53;&#x68C0;&#xFF0C;&#x4F20;&#x67D3;&#x75BE;&#x75C5;&#x3001;&#x4E25;&#x91CD;&#x5668;&#x8D28;&#x6027;&#x75BE;&#x75C5;&#x548C;&#x8840;&#x6DB2;&#x75BE;&#x75C5;&#x7684;&#x60A3;&#x8005;&#x4E25;&#x7981;&#x505A;&#x57CB;&#x7EBF;&#x9686;&#x9F3B;&#x3002;</p><p>3.&#x672F;&#x524D;&#x4E00;&#x5929;/&#x5F53;&#x5929;&#x51C0;&#x5934;&#x9762;&#x90E8;&#x3001;&#x7D20;&#x989C;&#x3002;</p><p>4.&#x624B;&#x672F;&#x5FC5;&#x987B;&#x907F;&#x5F00;&#x6708;&#x7ECF;&#x671F;&#x3001;&#x598A;&#x5A20;&#x671F;&#x3002; </p>"},"AfterIdear":{"name":"优点","content":"<p>1.&#x57CB;&#x7EBF;&#x540E;48&#x5C0F;&#x65F6;&#x5185;&#xFF0C;&#x6CBB;&#x7597;&#x90E8;&#x4F4D;&#x4E0D;&#x80FD;&#x6CBE;&#x6C34;&#x3002;</p><p>2.&#x57CB;&#x7EBF;&#x540E;72&#x5C0F;&#x65F6;&#x5185;&#x51B0;&#x6577;&#xFF0C;72&#x5C0F;&#x65F6;&#x540E;&#x70ED;&#x6577;&#xFF08;&#x4F46;&#x8981;&#x9002;&#x5EA6;&#xFF09;&#x3002;</p><p>3.&#x57CB;&#x7EBF;&#x540E;7&#x5929;&#x5185;&#xFF0C;&#x4E0D;&#x6613;&#x505A;&#x5938;&#x5F20;&#x8868;&#x60C5;&#x3001;&#x7528;&#x529B;&#x5480;&#x56BC;&#x6216;&#x8005;&#x5927;&#x529B;&#x6309;&#x6469;&#x6CBB;&#x7597;&#x90E8;&#x4F4D;&#x3002;</p><p>4.&#x57CB;&#x7EBF;&#x540E;1-2&#x5468;&#x5185;&#xFF0C;&#x4E25;&#x7981;&#x84B8;&#x6851;&#x62FF;&#x3001;&#x6C57;&#x84B8;&#x3001;&#x5267;&#x70C8;&#x8FD0;&#x52A8;&#x6216;&#x6E38;&#x6CF3;&#x3002;</p><p>5.&#x57CB;&#x7EBF;&#x540E;3&#x5929;&#x53EF;&#x670D;&#x7528;&#x6297;&#x751F;&#x7D20;&#x3001;&#x6D3B;&#x8840;&#x5316;&#x7600;&#x7C7B;&#x836F;&#x7269;&#x3002;</p><p>6.&#x57CB;&#x7EBF;&#x540E;1&#x4E2A;&#x6708;&#x5185;&#x5E94;&#x6301;&#x7EED;&#x5E26;&#x5F39;&#x529B;&#x9888;&#x988C;&#x5957;&#x3002;</p><p>7.&#x57CB;&#x7EBF;&#x540E;1&#x5E74;&#x5185;&#xFF0C;&#x4E0D;&#x80FD;&#x505A;&#x8D85;&#x58F0;&#x5200;&#x3002;</p>"},"GoodPoint":{"name":"缺点及风险","content":"<p>1.&#x6750;&#x6599;&#x5728;&#x4E34;&#x5E8A;&#x5E94;&#x7528;&#x8D85;&#x8FC7;30&#x5E74;&#xFF0C;&#x975E;&#x5E38;&#x5B89;&#x5168;&#x3002;</p><p>2.&#x624B;&#x672F;&#x5FAE;&#x521B;&#xFF0C;&#x6062;&#x590D;&#x671F;&#x5F88;&#x77ED;&#x3002;</p><p>3.&#x53EF;&#x8FBE;&#x5230;&#x591A;&#x91CD;&#x6297;&#x8870;&#x6548;&#x679C;&#xFF1A;&#x7D27;&#x81F4;&#x63D0;&#x5347;&#x3001;&#x53BB;&#x76B1;&#x3001;&#x586B;&#x5145;&#x3001;&#x6539;&#x5584;&#x80A4;&#x8D28; &#x3002;</p><p>4.&#x591A;&#x6570;&#x7EBF;&#x6750;&#x662F;&#x53EF;&#x5728;&#x4F53;&#x5185;&#x5B8C;&#x5168;&#x964D;&#x89E3;&#x3002;</p><p>5.&#x624B;&#x672F;&#x6548;&#x679C;&#x76F8;&#x5BF9;&#x6BD4;&#x8F83;&#x81EA;&#x7136;&#x3002;</p>"},"BadPoint":{"name":"术前锦囊","content":"<p>1.&#x7EF4;&#x6301;&#x65F6;&#x95F4;&#x8F83;&#x77ED;&#xFF0C;&#x4E00;&#x822C;&#x4E3A;8-12&#x4E2A;&#x6708;&#x3002;</p><p>2.&#x4EF7;&#x683C;&#x76F8;&#x5BF9;&#x8F83;&#x9AD8;&#x3002;</p><p>3.&#x57CB;&#x7EBF;&#x540E;&#x53EF;&#x80FD;&#x4F1A;&#x51FA;&#x73B0;&#x4E0D;&#x540C;&#x7A0B;&#x5EA6;&#x7684;&#x7EA2;&#x3001;&#x80BF;&#x3001;&#x70ED;&#x3001;&#x75DB;&#xFF0C;&#x90FD;&#x662F;&#x6B63;&#x5E38;&#x73B0;&#x8C61;&#x3002;</p><p>4.&#x952F;&#x9F7F;&#x7EBF;&#x690D;&#x5165;&#x540E;&#x4F1A;&#x6709;&#x660E;&#x663E;&#x7684;&#x7D27;&#x7EF7;&#x611F;&#xFF0C;&#x89E6;&#x4E4B;&#x75BC;&#x75DB;&#xFF0C;&#x505A;&#x5938;&#x5F20;&#x8868;&#x60C5;&#x4F1A;&#x6709;&#x7275;&#x62C9;&#x75BC;&#x75DB;&#xFF0C;&#x6570;&#x65E5;&#x540E;&#x81EA;&#x884C;&#x7F13;&#x89E3;&#x3002;</p><p>5.PLLA&#x5E73;&#x6ED1;&#x7EBF;&#x690D;&#x5165;&#x540E;&#x867D;&#x65E0;&#x4E0D;&#x9002;&#x611F;&#xFF0C;&#x4F46;&#x8981;&#x51E0;&#x4E2A;&#x6708;&#x540E;&#x624D;&#x80FD;&#x89C1;&#x6548;&#x3002;</p><p>6.&#x53EF;&#x80FD;&#x53D1;&#x751F;&#x6DE4;&#x9752;&#x3001;&#x611F;&#x67D3;&#x3001;&#x7EBF;&#x4F53;&#x5916;&#x9732;&#x7B49;&#x5E76;&#x53D1;&#x75C7;&#x3002;</p>"}}