{"Title":"祛黄褐斑","Related":{"name":"关联百科","content":[{"relatedId":"645","name":"祛斑祛痣"},{"relatedId":"544","name":"激光祛斑"},{"relatedId":"302","name":"光子嫩肤"},{"relatedId":"429","name":"白瓷娃娃"},{"relatedId":"543","name":"皮秒激光"}]},"ShorDesc":{"name":"简介","content":"<p>&#x9002;&#x5E94;&#x75C7;&#xFF1A;&#x9EC4;&#x8910;&#x6216;&#x6DF1;&#x8910;&#x8272;&#x6591;&#x7247;&#xFF0C;&#x5E38;&#x5BF9;&#x79F0;&#x5206;&#x5E03;&#x4E8E;&#x98A7;&#x988A;&#x90E8;&#xFF0C;&#x4E5F;&#x53EF;&#x80FD;&#x51FA;&#x73B0;&#x5728;&#x7736;&#x5468;&#x3001;&#x524D;&#x989D;&#x3001;&#x4E0A;&#x5507;&#x548C;&#x9F3B;&#x90E8;&#xFF0C;&#x8FB9;&#x7F18;&#x4E00;&#x822C;&#x8F83;&#x660E;&#x663E;&#x3002;</p><p>&#x53EF;&#x7528;&#x6FC0;&#x5149;&#x6216;&#x5F3A;&#x8109;&#x51B2;&#x5149;&#x6CBB;&#x7597;&#xFF1A;&#x5149;&#x5B50;&#x5AE9;&#x80A4;&#x672F;&#x53CA;&#x5E94;&#x7528;Q&#x5F00;&#x5173;&#x6FC0;&#x5149;&#x3002;</p>"},"Property":{"name":"档案","content":["\n                <li>&#x6CBB;&#x7597;&#x65B9;&#x5F0F;&#xFF1A;<span>&#x5149;&#x7535;&#xFF08;&#x6709;&#x521B;&#xFF09;</span></li>\n                <li>&#x75BC;&#x75DB;&#x611F;&#xFF1A;<span>2&#x9897;&#x661F;</span><a href=\"gengmei://common_webview?url=http://backend.gmei.com/hybrid/ache_level\">&#x67E5;&#x770B;&#x75BC;&#x75DB;&#x5206;&#x7EA7;</a></li>\n                <li>&#x7EF4;&#x6301;&#x65F6;&#x95F4;&#xFF1A;<span>&#x6C38;&#x4E45;</span></li>\n                <li>&#x6CBB;&#x7597;&#x65F6;&#x95F4;&#xFF1A;<span>40-60&#x5206;&#x949F;</span></li>\n                <li>&#x53C2;&#x8003;&#x4EF7;&#x683C;&#xFF1A;<span>3000-20000</span></li>\n                <li>&#x9EBB;&#x9189;&#x65B9;&#x5F0F;&#xFF1A;<span>&#x8868;&#x9762;&#x9EBB;&#x9189;</span></li>\n                <li>&#x662F;&#x5426;&#x4F4F;&#x9662;&#xFF1A;<span>&#x5426;</span></li>\n                \n                <li>&#x62C6;&#x7EBF;&#x65F6;&#x95F4;&#xFF1A;<span>0-0&#x5929;</span></li>\n            "]},"Desc":{"name":"项目／手术原理","content":"<p>1. &#x6D01;&#x9762;&#x540E;&#x53D7;&#x672F;&#x8005;&#x5E73;&#x5367;&#x4E8E;&#x8BCA;&#x7597;&#x5E8A;&#x3002;</p><p>2. &#x6234;&#x773C;&#x7F69;&#x4FDD;&#x62A4;&#x53D7;&#x672F;&#x8005;&#x773C;&#x775B;&#x3002;</p><p>3. &#x6CBB;&#x7597;&#x90E8;&#x4F4D;&#x6D82;&#x62B9;&#x51B7;&#x51DD;&#x80F6;&#x3002;</p><p>4. &#x672F;&#x8005;&#x5728;&#x8033;&#x5782;&#x4E0B;&#x65B9;&#x65BD;&#x884C;&#x6D4B;&#x8BD5;&#x5149;&#x6591;&#x3002;</p><p>5. &#x672F;&#x8005;&#x89C2;&#x5BDF;&#x6D4B;&#x8BD5;&#x53CD;&#x5E94;&#xFF0C;&#x9009;&#x62E9;&#x5408;&#x9002;&#x6CBB;&#x7597;&#x53C2;&#x6570;&#x3002;</p><p>6. &#x672F;&#x8005;&#x4F9D;&#x6B21;&#x5728;&#x6CBB;&#x7597;&#x90E8;&#x4F4D;&#x65BD;&#x884C;&#x6CBB;&#x7597;&#x3002;</p><p>7. &#x968F;&#x65F6;&#x5C40;&#x90E8;&#x51B7;&#x6577;&#x3002;</p><p><img src=\"http://hera.s.gmei.com/2016/10/11/2ff49be1f0\" style=\"width: 400px;\"></p>"},"Sample":{"name":"效果示例","content":"<img src=\"http://hera.s.gmei.com/itemwiki/2016/10/11/eeba2b68d7-w\">"},"BeforIdear":{"name":"效果示例","content":"<p>1&#x3001;&#x6CBB;&#x7597;&#x524D;&#x4E00;&#x5468;&#x5185;&#xFF0C;&#x907F;&#x514D;&#x670D;&#x7528;&#x963F;&#x53F8;&#x5339;&#x6797;&#x4E4B;&#x7C7B;&#x836F;&#x7269;&#xFF0C;&#x4EE5;&#x9632;&#x8F7B;&#x6613;&#x6D41;&#x8840;&#x3002;</p><p>2&#x3001;&#x5982;&#x679C;&#x662F;&#x56E0;&#x670D;&#x7528;&#x907F;&#x5B55;&#x836F;&#x5F15;&#x8D77;&#x7684;&#x9EC4;&#x8910;&#x6591;&#xFF0C;&#x5E94;&#x505C;&#x6B62;&#x670D;&#x7528;&#x3002;</p>"},"AfterIdear":{"name":"优点","content":"<p>1&#x3001;&#x6CBB;&#x7597;&#x4E8C;&#x5468;&#x5185;&#xFF0C;&#x539F;&#x5219;&#x4E0A;&#x4E0D;&#x5B9C;&#x64E6;&#x6D17;&#x3002;</p><p>2&#x3001;&#x53EF;&#x6709;&#x8F7B;&#x5EA6;&#x7EA2;&#x80BF;&#xFF0C;&#x6DE1;&#x8910;&#x8272;&#x7684;&#x75C2;&#xFF0C;&#x6CE8;&#x610F;&#x521B;&#x9762;&#x4FDD;&#x62A4;&#x3001;&#x6E05;&#x6D01;&#x53EF;&#x7528;&#x4E9B;&#x6DA6;&#x6ED1;&#x6027;&#x836F;&#x7269;&#xFF0C;&#x7981;&#x6B62;&#x65E9;&#x671F;&#x53BB;&#x75C2;&#xFF0C;&#x8BA9;&#x81EA;&#x884C;&#x8131;&#x843D;&#x3002;</p><p>3&#x3001;&#x5C0F;&#x9762;&#x79EF;&#x6CBB;&#x7597;&#x4EC5;&#x5728;&#x5C40;&#x90E8;&#x51FA;&#x73B0;&#x8F7B;&#x5FAE;&#x80BF;&#x80C0;&#x3002;&#x5927;&#x9762;&#x79EF;&#x6CBB;&#x7597;&#x65F6;&#x7279;&#x522B;&#x662F;&#x773C;&#x775B;&#x5468;&#x56F4;&#x6CBB;&#x7597;&#x4F1A;&#x51FA;&#x73B0;&#x660E;&#x663E;&#x80BF;&#x80C0;&#xFF0C;&#x4E09;&#x3001;&#x4E94;&#x5929;&#x540E;&#x81EA;&#x884C;&#x6D88;&#x5931;&#x3002;</p><p>4&#x3001;&#x7528;&#x542B;&#x6709;&#x6297;&#x654F;&#x3001;&#x6297;&#x708E;&#x3001;&#x4FDD;&#x6E7F;&#x6210;&#x5206;&#x7684;&#x9762;&#x8D34;&#x819C;&#x51B7;&#x6E7F;&#x6577;&#x6216;&#x7528;&#x6BDB;&#x5DFE;&#x5305;&#x88F9;&#x51B0;&#x5757;&#x540E;&#x6577;&#x6FC0;&#x5149;&#x672F;&#x540E;&#x76AE;&#x80A4;&#x3002;</p><p>5&#x3001;&#x82E5;&#x76AE;&#x80A4;&#x51FA;&#x73B0;&#x7EA2;&#x6591;&#x3001;&#x80BF;&#x80C0;&#x3001;&#x6E17;&#x8840;&#x660E;&#x663E;&#xFF0C;&#x53EF;&#x7528;3%&#x787C;&#x9178;&#x6EB6;&#x6DB2;&#x6E7F;&#x6577;&#x3002;</p><p>6&#x3001;&#x6CBB;&#x7597;&#x540E;&#x4E09;&#x4E2A;&#x6708;&#x5185;&#x907F;&#x514D;&#x65E5;&#x6652;&#xFF0C;&#x9632;&#x6652;&#x971C;&#x53EF;&#x9009;&#x7528;UVB&#x9632;&#x6652;&#x6307;&#x6570;&#xFF08;SPF&#xFF09;&gt;30&#xFF1B;UVA&#x9632;&#x62A4;&#x7CFB;&#x6570;&#xFF08;PFA&#xFF09;&gt;++&#x3002;</p>"},"GoodPoint":{"name":"缺点及风险","content":"<p>1&#x3001;&#x53EF;&#x4EE5;&#x6DE1;&#x5316;&#x8272;&#x6591;&#x3002;</p><p>2&#x3001;&#x6709;&#x9009;&#x62E9;&#x5730;&#x8FDB;&#x884C;&#x624B;&#x672F;&#xFF0C;&#x4F7F;&#x76AE;&#x80A4;&#x4E0D;&#x53D7;&#x635F;&#x4F24;&#x3002;</p>"},"BadPoint":{"name":"术前锦囊","content":"<p>1&#x3001;&#x65E0;&#x6CD5;&#x6839;&#x6CBB;&#x3002;</p><p>2&#x3001;&#x60A3;&#x8005;&#x4E3A;&#x7622;&#x75D5;&#x4F53;&#x8D28;&#x8005;&#xFF0C;&#x6709;&#x53EF;&#x80FD;&#x7559;&#x4E0B;&#x7622;&#x75D5;&#x3002;</p><p>3&#x3001;&#x5728;&#x5904;&#x7406;&#x8FC7;&#x7684;&#x90E8;&#x4F4D;&#xFF0C;&#x4F1A;&#x7559;&#x4E0B;&#x6216;&#x6DF1;&#x6216;&#x6D45;&#x7684;&#x6591;&#x70B9;&#x3002;</p>"}}