{"Title":"溶脂针","Related":{"name":"关联百科","content":[{"relatedId":"227","name":"面颊吸脂"},{"relatedId":"498","name":"瘦脸针"},{"relatedId":"522","name":"咬肌切除术"},{"relatedId":"228","name":"祛颊脂垫"}]},"ShorDesc":{"name":"简介","content":"<p>&#x6EB6;&#x8102;&#x9488;&#xFF0C;&#x5373;&#x6CE8;&#x5C04;&#x6EB6;&#x8102;&#xFF0C;&#x662F;&#x5C06;&#x53EF;&#x4EE5;&#x7834;&#x574F;&#x8102;&#x80AA;&#x7EC6;&#x80DE;&#x7684;&#x836F;&#x7269;&#x6CE8;&#x5C04;&#x5230;&#x8102;&#x80AA;&#x80A5;&#x539A;&#x7684;&#x533A;&#x57DF;&#xFF0C;&#x8102;&#x80AA;&#x574F;&#x6B7B;&#x5E76;&#x4EE3;&#x8C22;&#x51FA;&#x4F53;&#x5916;&#xFF08;&#x5927;&#x6982;1-2&#x4E2A;&#x6708;&#xFF09;&#xFF0C;&#x4ECE;&#x800C;&#x8FBE;&#x5230;&#x51CF;&#x80A5;&#x76EE;&#x7684;&#x3002;&#x6EB6;&#x8102;&#x9488;&#x9002;&#x7528;&#x4E8E;&#x5C40;&#x90E8;&#x51CF;&#x80A5;&#xFF0C;&#x800C;&#x975E;&#x5168;&#x8EAB;&#x51CF;&#x80A5;&#x3002;&#x4F46;&#x6211;&#x56FD;&#x836F;&#x76D1;&#x5C40;&#x6CA1;&#x6709;&#x5BA1;&#x6279;&#x4EFB;&#x4F55;&#x54C1;&#x724C;&#x7684;&#x6EB6;&#x8102;&#x9488;&#x3001;&#x8F6E;&#x5ED3;&#x9488;&#xFF0C;&#x6240;&#x4EE5;&#x5728;&#x6211;&#x56FD;&#x6CE8;&#x5C04;&#x6EB6;&#x8102;&#x9488;&#x76EE;&#x524D;&#x662F;&#x4E0D;&#x5408;&#x6CD5;&#x7684;&#x3002;</p><p>&#x9002;&#x5E94;&#x75C7;&#xFF1A;&#x5A74;&#x513F;&#x80A5;&#x3001;&#x8138;&#x80D6;&#x3001;&#x53CC;&#x4E0B;&#x5DF4;&#x3001;&#x5C0F;&#x809A;&#x8169;&#x3001;&#x8774;&#x8776;&#x8896;&#x3001;&#x5927;&#x817F;&#x7C97;&#x3001;&#x5C0F;&#x817F;&#x7C97;&#x3002;</p><p><img src=\"http://hera.s.gmei.com/2017/05/15/6f33387515\" style=\"width: 774px;\"><br></p>"},"Property":{"name":"档案","content":["\n                <li>&#x6CBB;&#x7597;&#x65B9;&#x5F0F;&#xFF1A;<span>&#x6CE8;&#x5C04;</span></li>\n                <li>&#x75BC;&#x75DB;&#x611F;&#xFF1A;<span>1&#x9897;&#x661F;</span><a href=\"gengmei://common_webview?url=http://backend.gmei.com/hybrid/ache_level\">&#x67E5;&#x770B;&#x75BC;&#x75DB;&#x5206;&#x7EA7;</a></li>\n                <li>&#x7EF4;&#x6301;&#x65F6;&#x95F4;&#xFF1A;<span>&#x5927;&#x591A;&#x6570;&#x4EBA;&#x53EF;&#x957F;&#x4E45;&#x4FDD;&#x6301;</span></li>\n                <li>&#x6CBB;&#x7597;&#x65F6;&#x95F4;&#xFF1A;<span>10-20&#x5206;&#x949F;</span></li>\n                <li>&#x53C2;&#x8003;&#x4EF7;&#x683C;&#xFF1A;<span>3800-6800</span></li>\n                <li>&#x9EBB;&#x9189;&#x65B9;&#x5F0F;&#xFF1A;<span>&#x8868;&#x9762;&#x9EBB;&#x9189;</span></li>\n                <li>&#x662F;&#x5426;&#x4F4F;&#x9662;&#xFF1A;<span>&#x5426;</span></li>\n                \n                <li>&#x62C6;&#x7EBF;&#x65F6;&#x95F4;&#xFF1A;<span>0-0&#x5929;</span></li>\n            "]},"Desc":{"name":"项目／手术原理","content":"<p>&#x6EB6;&#x8102;&#x9488;&#x4E3B;&#x8981;&#x542B;&#x6709;&#x4EE5;&#x4E0B;&#x51E0;&#x4E2A;&#x6210;&#x5206;&#xFF1A;</p><p>1.&#x5375;&#x78F7;&#x8102;&#xFF1A;&#x6392;&#x6CB9;&#x5229;&#x5668;&#xFF0C;&#x53EF;&#x4E73;&#x5316;&#x5206;&#x89E3;&#x6CB9;&#x8102;&#xFF0C;&#x964D;&#x4F4E;&#x8840;&#x6DB2;&#x4E2D;&#x7684;&#x7518;&#x6CB9;&#x4E09;&#x916F;&#x3001;&#x80C6;&#x56FA;&#x9187;&#x53CA;&#x4E2D;&#x6027;&#x8102;&#x80AA;&#x9178;&#xFF0C;&#x6E05;&#x7406;&#x8840;&#x7BA1;&#x91CC;&#x7684;&#x8102;&#x8D28;&#x3002;</p><p>2.&#x5DE6;&#x65CB;&#x8089;&#x78B1;&#xFF1A;&#x8F85;&#x52A9;&#x6392;&#x6CB9;&#x5229;&#x5668;&#xFF0C;&#x53EF;&#x52A0;&#x901F;&#x80FD;&#x91CF;&#x4EE3;&#x8C22;&#x901F;&#x7387;&#x548C;&#x8102;&#x7C7B;&#x5438;&#x6536;&#x3002;</p><p>3.&#x7C7B;&#x80F0;&#x5C9B;&#x7D20;&#x751F;&#x957F;&#x56E0;&#x5B50;-1&#xFF1A;&#x52A0;&#x901F;&#x8102;&#x80AA;&#x5206;&#x89E3;&#x3001;&#x6D88;&#x8017;&#x5806;&#x79EF;&#x7684;&#x8102;&#x80AA;&#x3002;</p><p>4.&#x5176;&#x4ED6;&#x6210;&#x5206;&#xFF1A;&#x73BB;&#x5C3F;&#x9178;&#x3001;&#x5496;&#x5561;&#x56E0;&#x3001;&#x9176;&#x3001;&#x8131;&#x6C27;&#x80C6;&#x9178;&#x94A0;&#x7B49;&#x3002;</p><p><img src=\"http://hera.s.gmei.com/2016/10/11/92233be1e2\" style=\"width: 707px;\"><br></p>"},"Sample":{"name":"效果示例","content":"<img src=\"http://hera.s.gmei.com/itemwiki/2016/10/11/e303ddacbf-w\">"},"BeforIdear":{"name":"效果示例","content":"<p>1.&#x6CE8;&#x5C04;&#x5F53;&#x5929;&#x6700;&#x597D;&#x4E0D;&#x8981;&#x5316;&#x5986;&#x3001;&#x4FDD;&#x8BC1;&#x6CE8;&#x5C04;&#x90E8;&#x4F4D;&#x6E05;&#x6D01;&#x3002;</p><p>2.&#x6CE8;&#x5C04;&#x524D;&#x4E0D;&#x8981;&#x670D;&#x7528;&#x6297;&#x51DD;&#x7C7B;&#x836F;&#x7269;&#xFF08;&#x963F;&#x53F8;&#x5339;&#x6797;&#x3001;&#x7EF4;&#x751F;&#x7D20;E&#x7B49;&#xFF09;&#x4EE5;&#x907F;&#x514D;&#x5F71;&#x54CD;&#x51DD;&#x8840;&#x529F;&#x80FD;&#x3002;</p><p>3.&#x6709;&#x836F;&#x7269;&#x8FC7;&#x654F;&#x53F2;&#x6216;&#x5BF9;&#x5927;&#x8C46;&#x8FC7;&#x654F;&#x9700;&#x8981;&#x63D0;&#x524D;&#x544A;&#x77E5;&#x533B;&#x751F;&#x3002;</p><p>4.&#x6709;&#x5FC3;&#x809D;&#x813E;&#x80BA;&#x80BE;&#x75BE;&#x75C5;&#x7684;&#x60A3;&#x8005;&#x4E0D;&#x80FD;&#x6CE8;&#x5C04;&#x6EB6;&#x8102;&#x9488;&#x3002;</p><p>5.&#x5973;&#x6027;&#x5E94;&#x907F;&#x5F00;&#x6708;&#x7ECF;&#x671F;&#x3001;&#x598A;&#x5A20;&#x671F;&#x548C;&#x54FA;&#x4E73;&#x671F;&#x3002;</p>"},"AfterIdear":{"name":"优点","content":"<p>1.&#x6CE8;&#x5C04;&#x540E;4-6&#x5C0F;&#x65F6;&#x6CE8;&#x5C04;&#x90E8;&#x4F4D;&#x4E0D;&#x8981;&#x6CBE;&#x6C34;&#x3002;</p><p>2.&#x6CE8;&#x5C04;3-7&#x5929;&#x5185;&#x4E0D;&#x8981;&#x63C9;&#x6413;&#x6CE8;&#x5C04;&#x90E8;&#x4F4D;&#x3002;</p><p>3.&#x6CE8;&#x5C04;&#x540E;&#x5E94;&#x5C3D;&#x91CF;&#x4F5C;&#x606F;&#x6B63;&#x5E38;&#x3001;&#x996E;&#x98DF;&#x6E05;&#x6DE1;&#x3001;&#x6212;&#x70DF;&#x9152;&#x3002;</p><p>4.&#x6CE8;&#x5C04;&#x540E;&#x53D1;&#x751F;&#x4EFB;&#x4F55;&#x95EE;&#x9898;&#x5E94;&#x53CA;&#x65F6;&#x5C31;&#x533B;&#x3002;</p>"},"GoodPoint":{"name":"缺点及风险","content":"<p>1.&#x65E0;&#x9700;&#x624B;&#x672F;&#x3001;&#x65E0;&#x6062;&#x590D;&#x671F;&#x3002;</p><p>2&#x89C1;&#x6548;&#x8F83;&#x5FEB;&#xFF0C;1-2&#x4E2A;&#x6708;&#x5C31;&#x53EF;&#x770B;&#x5230;&#x6548;&#x679C;&#x3002;</p><p>3&#x76F8;&#x6BD4;&#x4E8E;&#x5438;&#x8102;&#x624B;&#x672F;&#x6765;&#x8BF4;&#xFF0C;&#x5BF9;&#x8EAB;&#x4F53;&#x635F;&#x4F24;&#x7A0B;&#x5EA6;&#x8F83;&#x5C0F;&#xFF08;&#x524D;&#x63D0;&#x662F;&#x5728;&#x6B63;&#x89C4;&#x673A;&#x6784;&#x6CE8;&#x5C04;&#xFF09;&#x3002;</p><p>4&#x574F;&#x6B7B;&#x7684;&#x8102;&#x80AA;&#x7EC6;&#x80DE;&#x53EF;&#x4EE3;&#x8C22;&#x51FA;&#x4F53;&#x5916;&#xFF0C;&#x4E00;&#x822C;&#x4E0D;&#x5B58;&#x5728;&#x53CD;&#x5F39;&#x95EE;&#x9898;&#x3002;</p>"},"BadPoint":{"name":"术前锦囊","content":"<p>1.&#x60F3;&#x8FBE;&#x5230;&#x4E00;&#x5B9A;&#x6548;&#x679C;&#xFF0C;&#x9700;&#x591A;&#x6B21;&#x6CE8;&#x5C04;&#x3002;</p><p>2.&#x6CE8;&#x5C04;&#x540E;&#x4F1A;&#x6709;&#x7EA2;&#x80BF;&#x3001;&#x6DE4;&#x9752;&#x95EE;&#x9898;&#x3002;</p><p>3.&#x5B89;&#x5168;&#x6027;&#x8F83;&#x4F4E;&#x3001;&#x5E76;&#x53D1;&#x75C7;&#xFF08;&#x5F02;&#x5E38;&#x80BF;&#x80C0;&#x3001;&#x5C40;&#x90E8;&#x51F9;&#x9677;&#x3001;&#x611F;&#x67D3;&#x8113;&#x80BF;&#x3001;&#x76AE;&#x80A4;&#x574F;&#x6B7B;&#x7834;&#x6E83;&#x7B49;&#xFF09;&#x6982;&#x7387;&#x8F83;&#x9AD8;&#x3002;</p><p>4.&#x6EB6;&#x8102;&#x9488;&#x6EB6;&#x89E3;&#x8102;&#x80AA;&#x540E;&#xFF0C;&#x9700;&#x8981;&#x673A;&#x4F53;&#x5C06;&#x5176;&#x4EE3;&#x8C22;&#x6389;&#x56E0;&#x6B64;&#x4F1A;&#x589E;&#x52A0;&#x5FC3;&#x810F;&#x4E0E;&#x809D;&#x810F;&#x7684;&#x8D1F;&#x62C5;&#xFF08;&#x6CA1;&#x6709;&#x4EE3;&#x8C22;&#x6389;&#x7684;&#x8102;&#x80AA;&#x5C31;&#x4F1A;&#x574F;&#x6B7B;&#x3001;&#x6DB2;&#x5316;&#x540E;&#x679C;&#x4E5F;&#x975E;&#x5E38;&#x4E25;&#x91CD;&#xFF09;&#x3002;</p><p>5.&#x6EB6;&#x8102;&#x9488;&#x867D;&#x7136;&#x662F;&#x7528;&#x4E8E;&#x8102;&#x80AA;&#x6EB6;&#x89E3;&#xFF0C;&#x5B83;&#x5374;&#x5BF9;&#x808C;&#x8089;&#x3001;&#x76AE;&#x80A4;&#x3001;&#x817A;&#x4F53;&#x3001;&#x8840;&#x7BA1;&#x6709;&#x4F24;&#x5BB3;&#x3002;</p>"}}