{"Title":"SMILE全飞秒","Related":{"name":"关联百科","content":[{"relatedId":"812","name":"LASEK角膜切割"},{"relatedId":"813","name":"LASIK半飞秒"}]},"ShorDesc":{"name":"简介","content":"<p><span style=\"color: rgb(51, 51, 51); font-family: arial, &#x5B8B;&#x4F53;, sans-serif; text-indent: 28px;\">&#x5168;&#x98DE;&#x79D2;&#x5FAE;&#x521B;SMILE&#x89C6;&#x529B;&#x77EB;&#x6B63;&#x624B;&#x672F;&#xFF0C;&#x662F;&#x4E00;&#x79CD;&#x66F4;&#x4E3A;&#x5148;&#x8FDB;&#x7684;&#x6280;&#x672F;&#xFF0C;&#x662F;&#x53EA;&#x91C7;&#x7528;&#x98DE;&#x79D2;&#x6FC0;&#x5149;&#x7684;&#x7279;&#x6B8A;&#x65B9;&#x5F0F;&#xFF0C;&#x9002;&#x5408;&#x4E8E;&#x7279;&#x5B9A;&#x5C48;&#x5149;&#x4E0D;&#x6B63;&#x8303;&#x56F4;&#x7684;&#x60A3;&#x8005;&#xFF0C;&#x4F7F;&#x89C6;&#x529B;&#x6062;&#x590D;&#x6B63;&#x5E38;&#x6807;&#x51C6;&#x3002;</span><br></p>"},"Property":{"name":"档案","content":["\n                <li>&#x6CBB;&#x7597;&#x65B9;&#x5F0F;&#xFF1A;<span>&#x624B;&#x672F;</span></li>\n                <li>&#x75BC;&#x75DB;&#x611F;&#xFF1A;<span>1&#x9897;&#x661F;</span><a href=\"gengmei://common_webview?url=http://backend.gmei.com/hybrid/ache_level\">&#x67E5;&#x770B;&#x75BC;&#x75DB;&#x5206;&#x7EA7;</a></li>\n                <li>&#x7EF4;&#x6301;&#x65F6;&#x95F4;&#xFF1A;<span>&#x5927;&#x591A;&#x6570;&#x4EBA;&#x53EF;&#x957F;&#x4E45;&#x7EF4;&#x6301;</span></li>\n                <li>&#x6CBB;&#x7597;&#x65F6;&#x95F4;&#xFF1A;<span>30-40&#x5206;&#x949F;</span></li>\n                <li>&#x53C2;&#x8003;&#x4EF7;&#x683C;&#xFF1A;<span>5000-30000</span></li>\n                <li>&#x9EBB;&#x9189;&#x65B9;&#x5F0F;&#xFF1A;<span>&#x8868;&#x9762;&#x9EBB;&#x9189;</span></li>\n                <li>&#x662F;&#x5426;&#x4F4F;&#x9662;&#xFF1A;<span>&#x5426;</span></li>\n                \n                <li>&#x62C6;&#x7EBF;&#x65F6;&#x95F4;&#xFF1A;<span>0-0&#x5929;</span></li>\n            "]},"Desc":{"name":"项目／手术原理","content":"<p><span style=\"text-indent: 28px;\">&#x5168;&#x98DE;&#x79D2;&#x6FC0;&#x5149;&#x624B;&#x672F;&#x5168;&#x7A0B;&#x4E2D;&#x4E0D;&#x9700;&#x8981;&#x5236;&#x4F5C;&#x6380;&#x5F00;&#x5F0F;&#x89D2;&#x819C;&#x74E3;&#xFF0C;&#x4E5F;&#x4E0D;&#x6D89;&#x53CA;&#x51C6;&#x5206;&#x5B50;&#x6FC0;&#x5149;&#xFF0C; &#x800C;&#x662F;&#x7528;&#x5168;&#x98DE;&#x79D2;&#x6FC0;&#x5149;&#x5728;&#x89D2;&#x819C;&#x5185;&#x90E8;&#x901A;&#x8FC7;&#x4E8C;&#x6B21;&#x6DF1;&#x5EA6;&#x4E0D;&#x540C;&#x7684;&#x5C42;&#x95F4;&#x7206;&#x7834;&#xFF0C;&#x5C06;&#x8981;&#x5207;&#x524A;&#x7684;&#x89D2;&#x819C;&#x57FA;&#x8D28;&#x5B8C;&#x6574;&#x5851;&#x5F62;&#xFF0C;&#x7136;&#x540E;&#x901A;&#x8FC7;&#x4E00;&#x4E2A;2-4mm&#x7684;&#x5FAE;&#x5C0F;&#x5207;&#x53E3;&#x53D6;&#x51FA;&#xFF0C;&#x5B8C;&#x6210;&#x624B;&#x672F;&#x3002;&#x7531;&#x4E8E;&#x201C;&#x5168;&#x98DE;&#x79D2;&#x201D;&#x624B;&#x672F;&#x4E0D;&#x9700;&#x5236;&#x4F5C;&#x6380;&#x5F00;&#x5F0F;&#x89D2;&#x819C;&#x74E3;&#xFF0C;&#x662F;&#x771F;&#x6B63;&#x4EE5;&#x201C;&#x5207;&#x524A;&#x201D;&#x7684;&#x65B9;&#x5F0F;&#x8FDB;&#x884C;&#x89D2;&#x819C;&#x5C48;&#x5149;&#x5EA6;&#x8C03;&#x6574;&#x3002;&#x6240;&#x4EE5;&#xFF0C;&#x201C;&#x5168;&#x98DE;&#x79D2;&#x201D;&#x6BD4;&#x201C;&#x534A;&#x98DE;&#x79D2;&#x201D;&#x624B;&#x672F;&#x66F4;&#x7CBE;&#x786E;&#x3001;&#x66F4;&#x5B89;&#x5168;&#x3001;&#x66F4;&#x8212;&#x9002;&#xFF0C;&#x672F;&#x540E;&#x6062;&#x590D;&#x66F4;&#x5FEB;</span><span style=\"color: rgb(51, 51, 51); font-family: arial, &#x5B8B;&#x4F53;, sans-serif; text-indent: 28px;\">&#x3002;</span></p><p><img src=\"http://hera.s.gmei.com/2017/04/01/c365deb87e\" style=\"width: 455px;\"><span style=\"color: rgb(51, 51, 51); font-family: arial, &#x5B8B;&#x4F53;, sans-serif; text-indent: 28px;\"><br></span><br></p>"},"Sample":{"name":"效果示例","content":"<img src=\"http://hera.s.gmei.com/itemwiki/2017/04/01/5a8bd56249-w\">"},"BeforIdear":{"name":"效果示例","content":""},"AfterIdear":{"name":"优点","content":"<div class=\"para\" label-module=\"para\" style=\"word-wrap: break-word; margin-bottom: 15px; line-height: 24px; zoom: 1;\">1&#x3001;&#x8FD1;&#x89C6;&#x7F34;&#x6B63;&#x624B;&#x672F;&#x89D2;&#x819C;&#x7EC4;&#x7EC7;&#x4FEE;&#x590D;&#x6709;&#x4E00;&#x4E2A;&#x8FC7;&#x7A0B;&#xFF0C;&#x624B;&#x672F;&#x65E5;&#x5F53;&#x665A;&#xFF0C;&#x4E0D;&#x80FD;&#x968F;&#x610F;&#x6458;&#x4E0B;&#x900F;&#x660E;&#x773C;&#x7F69;&#x3002;</div><div class=\"para\" label-module=\"para\" style=\"word-wrap: break-word; margin-bottom: 15px; line-height: 24px; zoom: 1;\">2&#x3001;&#x624B;&#x672F;&#x540E;&#x7B2C;&#x4E8C;&#x5929;&#x5FC5;&#x987B;&#x5230;&#x533B;&#x9662;&#x590D;&#x67E5;&#xFF0C;&#x68C0;&#x67E5;&#x89C6;&#x529B;&#x3001;&#x5C48;&#x5149;&#x5EA6;&#x3001;&#x89D2;&#x819C;&#x7684;&#x6062;&#x590D;&#x60C5;&#x51B5;&#xFF0C;&#x5E76;&#x5F00;&#x59CB;&#x70B9;&#x672F;&#x540E;&#x7528;&#x836F;&#x3002;</div><div class=\"para\" label-module=\"para\" style=\"word-wrap: break-word; margin-bottom: 15px; line-height: 24px; zoom: 1;\">3&#x3001;&#x624B;&#x672F;&#x540E;&#x4E00;&#x4E2A;&#x6708;&#x5185;&#x5916;&#x51FA;&#x6234;&#x58A8;&#x955C;&#xFFFD;&#xFFFD;&#xFFFD;&#x4EE5;&#x51CF;&#x5C11;&#x7D2B;&#x5916;&#x7EBF;&#x53CA;&#x98CE;&#x6C99;&#x5BF9;&#x773C;&#x775B;&#x7684;&#x523A;&#x6FC0;&#x3002;</div><div class=\"para\" label-module=\"para\" style=\"word-wrap: break-word; margin-bottom: 15px; line-height: 24px; zoom: 1;\">4&#x3001;&#x624B;&#x672F;&#x540E;&#x4E00;&#x5468;&#x3001;&#x4E00;&#x4E2A;&#x6708;&#x3001;&#x534A;&#x5E74;&#x53CA;&#x4E00;&#x5E74;&#x53EF;&#x6765;&#x533B;&#x9662;&#x590D;&#x67E5;&#x3002;&#x53CA;&#x65F6;&#x89C2;&#x5BDF;&#xFF0C;&#x786E;&#x4FDD;&#x83B7;&#x5F97;&#x6700;&#x4F73;&#x7684;&#x89C6;&#x529B;&#x6548;&#x679C;&#x3002;</div>"},"GoodPoint":{"name":"缺点及风险","content":"<div class=\"para\" label-module=\"para\" style=\"word-wrap: break-word; margin-bottom: 15px; line-height: 24px; zoom: 1;\"><b>&#x5168;&#x98DE;&#x79D2;&#x6FC0;&#x5149;SMILE&#x4F18;&#x52BF;&#xFF1A;</b></div><div class=\"para\" label-module=\"para\" style=\"word-wrap: break-word; margin-bottom: 15px; line-height: 24px; zoom: 1;\">1&#x3001;&#x5B83;&#x80FD;&#x5927;&#x5E45;&#x964D;&#x4F4E;&#x624B;&#x672F;&#x98CE;&#x9669;&#x3002;</div><div class=\"para\" label-module=\"para\" style=\"word-wrap: break-word; margin-bottom: 15px; line-height: 24px; zoom: 1;\">2&#x3001;&#x5177;&#x6709;&#x8F83;&#x9AD8;&#x7684;&#x7CBE;&#x786E;&#x5EA6;&#xFF0C;&#x4E0D;&#x53D7;&#x89D2;&#x819C;&#x66F2;&#x7387;&#x5F71;&#x54CD;&#xFF0C;&#x77EB;&#x6B63;&#x8303;&#x56F4;&#x66F4;&#x5E7F;&#x6CDB;&#x3002;&#x76F8;&#x5BF9;&#x907F;&#x514D;&#x4E86;&#x533B;&#x6E90;&#x6027;&#x611F;&#x67D3;&#x3002;</div><div class=\"para\" label-module=\"para\" style=\"word-wrap: break-word; margin-bottom: 15px; line-height: 24px; zoom: 1;\">3&#x3001;&#x672F;&#x540E;&#x89C6;&#x89C9;&#x8D28;&#x91CF;&#x66F4;&#x5B8C;&#x7F8E;&#x3002;&#x7CBE;&#x786E;&#x5B9A;&#x4F4D;&#x5230;&#x6240;&#x9700;&#x7684;&#x5207;&#x5272;&#x6DF1;&#x5EA6;&#xFF0C;&#x5E76;&#x4E14;&#x9884;&#x6D4B;&#x6027;&#x6781;&#x9AD8;&#x3002;</div><div class=\"para\" label-module=\"para\" style=\"word-wrap: break-word; margin-bottom: 15px; line-height: 24px; zoom: 1;\"><span style=\"text-indent: 2em;\">4&#x3001;&#x72EC;&#x7279;&#x7684;&#x89D2;&#x819C;&#x624B;&#x672F;&#x7CFB;&#x7EDF;&#xFF0C;&#x80FD;&#x591F;&#x6539;&#x53D8;&#x5404;&#x79CD;&#x5207;&#x524A;&#x53C2;&#x6570;&#xFF0C;&#x9884;&#x6D4B;&#x6027;&#x6781;&#x9AD8;&#xFF0C;&#x89D2;&#x819C;&#x539A;&#x5EA6;&#x8BEF;&#x5DEE;&#x5927;&#x5927;&#x7F29;&#x5C0F;&#x3002;&#x56E0;&#x6B64;&#x53EF;&#x6CBB;&#x7597;&#x8FC7;&#x5F80;&#x4E0D;&#x80FD;&#x8FDB;&#x884C;&#x624B;&#x672F;&#x7684;&#x9AD8;&#x98CE;&#x9669;&#x60A3;&#x8005;&#x3002;&#x6CBB;&#x7597;&#x53D8;&#x5F97;&#x66F4;&#x5B89;&#x5168;&#x3002;&#x63A5;&#x89E6;&#x955C;&#x9762;&#x8BBE;&#x8BA1;&#x72EC;&#x7279;&#xFF0C;&#x4E0D;&#x540C;&#x89C4;&#x683C;&#x5927;&#x5C0F;&#x9002;&#x5408;&#x4E0D;&#x540C;&#x773C;&#x775B;&#xFF0C;&#x8FD8;&#x80FD;&#x907F;&#x514D;&#x5728;&#x8D1F;&#x538B;&#x5438;&#x5F15;&#x8FC7;&#x7A0B;&#x4E2D;&#x773C;&#x538B;&#x5347;&#x9AD8;&#x5E26;&#x6765;&#x7684;&#x4E0D;&#x9002;&#xFF0C;&#x672F;&#x4E2D;&#x914D;&#x5408;&#x66F4;&#x597D;&#x3002;&#x624B;&#x672F;&#x7684;&#x5168;&#x8FC7;&#x7A0B;&#x5B9E;&#x73B0;&#x4E86;&#x771F;&#x6B63;&#x610F;&#x4E49;&#x4E0A;&#x7684;&#x5FAE;&#x521B;&#x5316;&#xFF0C;&#x4FDD;&#x8BC1;&#x4E86;&#x624B;&#x672F;&#x540E;&#x201C;&#x65E0;&#x5207;&#x53E3;&#x201D;&#x72B6;&#x6001;&#x3002;</span></div>"},"BadPoint":{"name":"术前锦囊","content":""}}