{"Title":"DPL美肤","Related":{"name":"关联百科","content":[{"relatedId":"302","name":"光子嫩肤"},{"relatedId":"655","name":"IPL美肤"},{"relatedId":"654","name":"OPT美肤"}]},"ShorDesc":{"name":"简介","content":"<p class=\"MsoNormal\"><span style=\"font-family:&#x5B8B;&#x4F53;;mso-ascii-font-family:Calibri;\nmso-ascii-theme-font:minor-latin;mso-fareast-font-family:&#x5B8B;&#x4F53;;mso-fareast-theme-font:\nminor-fareast;mso-hansi-font-family:Calibri;mso-hansi-theme-font:minor-latin\">&#x9002;&#x5E94;&#x75C7;&#xFF1A;&#x8272;&#x6591;&#x3001;&#x75D8;&#x75D8;&#x3001;&#x75D8;&#x5370;&#x3001;&#x7EA2;&#x8840;&#x4E1D;&#x3001;&#x76AE;&#x80A4;&#x6CDB;&#x7EA2;&#x3001;&#x76AE;&#x80A4;&#x7C97;&#x7CD9;&#x3001;&#x80A4;&#x8272;&#x6697;&#x6C89;&#x4E0D;&#x5747;&#x5300;&#x3001;&#x6BDB;&#x5B54;&#x7C97;&#x5927;&#x3001;&#x5E72;&#x7EB9;&#x7EC6;&#x7EB9;</span><span lang=\"EN-US\"><o:p></o:p></span></p><p>\n\n</p><p class=\"MsoNormal\" align=\"left\"><span lang=\"EN-US\">DPL</span><span style=\"font-family:&#x5B8B;&#x4F53;;mso-ascii-font-family:Calibri;mso-ascii-theme-font:minor-latin;\nmso-fareast-font-family:&#x5B8B;&#x4F53;;mso-fareast-theme-font:minor-fareast;mso-hansi-font-family:\nCalibri;mso-hansi-theme-font:minor-latin\">&#x7F8E;&#x80A4;&#xFF0C;&#x5168;&#x79F0;&#x662F;</span><span lang=\"EN-US\">Dye\nPulse Light</span><span style=\"font-family:&#x5B8B;&#x4F53;;mso-ascii-font-family:Calibri;\nmso-ascii-theme-font:minor-latin;mso-fareast-font-family:&#x5B8B;&#x4F53;;mso-fareast-theme-font:\nminor-fareast;mso-hansi-font-family:Calibri;mso-hansi-theme-font:minor-latin\">&#xFF0C;&#x5373;&#x610F;&#x601D;&#x662F;&#x201C;&#x67D3;&#x6599;&#x8109;&#x51B2;&#x5149;&#x201D;&#xFF0C;&#x4E5F;&#x53EB;&#x7A84;&#x8C31;&#x5149;&#x5AE9;&#x80A4;&#x3001;&#x7CBE;&#x51C6;&#x8109;&#x51B2;&#x5149;&#x3002;&#x548C;</span><span lang=\"EN-US\">IPL</span><span style=\"font-family:&#x5B8B;&#x4F53;;mso-ascii-font-family:Calibri;\nmso-ascii-theme-font:minor-latin;mso-fareast-font-family:&#x5B8B;&#x4F53;;mso-fareast-theme-font:\nminor-fareast;mso-hansi-font-family:Calibri;mso-hansi-theme-font:minor-latin\">&#x4E00;&#x6837;&#xFF0C;&#x5B83;&#x53EF;&#x4EE5;&#x89E3;&#x51B3;&#x8272;&#x6591;&#x3001;&#x75D8;&#x5370;&#x3001;&#x75D8;&#x75D8;&#x3001;&#x6697;&#x6C89;&#x3001;&#x6BDB;&#x5B54;&#x7C97;&#x5927;&#x7B49;&#x591A;&#x91CD;&#x76AE;&#x80A4;&#x95EE;&#x9898;&#x3002;&#x4E0D;&#x540C;&#x7684;&#x662F;&#xFF0C;</span><span lang=\"EN-US\">DPL</span><span style=\"font-family:&#x5B8B;&#x4F53;;mso-ascii-font-family:Calibri;\nmso-ascii-theme-font:minor-latin;mso-fareast-font-family:&#x5B8B;&#x4F53;;mso-fareast-theme-font:\nminor-fareast;mso-hansi-font-family:Calibri;mso-hansi-theme-font:minor-latin\">&#x53EF;&#x4EE5;&#x6FC0;&#x53D1;&#x51FA;&#x66F4;&#x7CBE;&#x51C6;&#x7684;&#x5149;&#xFF08;&#x8FD9;&#x4E9B;&#x7CBE;&#x51C6;&#x7684;&#x5149;&#x53EF;&#x4EE5;&#x51C6;&#x786E;&#x4F5C;&#x7528;&#x4E8E;&#x9ED1;&#x8272;&#x7D20;&#x3001;&#x8840;&#x7EA2;&#x86CB;&#x767D;&#xFF09;&#xFF0C;&#x56E0;&#x6B64;&#xFF0C;</span><span lang=\"EN-US\">DPL</span><span style=\"font-family:&#x5B8B;&#x4F53;;mso-ascii-font-family:Calibri;\nmso-ascii-theme-font:minor-latin;mso-fareast-font-family:&#x5B8B;&#x4F53;;mso-fareast-theme-font:\nminor-fareast;mso-hansi-font-family:Calibri;mso-hansi-theme-font:minor-latin\">&#x76F8;&#x6BD4;&#x4E8E;</span><span lang=\"EN-US\">IPL</span><span style=\"font-family:&#x5B8B;&#x4F53;;mso-ascii-font-family:Calibri;\nmso-ascii-theme-font:minor-latin;mso-fareast-font-family:&#x5B8B;&#x4F53;;mso-fareast-theme-font:\nminor-fareast;mso-hansi-font-family:Calibri;mso-hansi-theme-font:minor-latin\">&#x6548;&#x679C;&#x6210;&#x500D;&#x63D0;&#x9AD8;&#xFF0C;&#x4E14;&#x6CBB;&#x7597;&#x5468;&#x671F;&#x660E;&#x663E;&#x7F29;&#x77ED;&#x3002;&#x4E0D;&#x540C;&#x4E8E;&#x4F20;&#x7EDF;</span><span lang=\"EN-US\">IPL</span><span style=\"font-family:&#x5B8B;&#x4F53;;mso-ascii-font-family:Calibri;\nmso-ascii-theme-font:minor-latin;mso-fareast-font-family:&#x5B8B;&#x4F53;;mso-fareast-theme-font:\nminor-fareast;mso-hansi-font-family:Calibri;mso-hansi-theme-font:minor-latin\">&#x4F7F;&#x7528;</span><span lang=\"EN-US\">1-2</span><span style=\"font-family:&#x5B8B;&#x4F53;;mso-ascii-font-family:Calibri;\nmso-ascii-theme-font:minor-latin;mso-fareast-font-family:&#x5B8B;&#x4F53;;mso-fareast-theme-font:\nminor-fareast;mso-hansi-font-family:Calibri;mso-hansi-theme-font:minor-latin\">&#x4E2A;&#x8F83;&#x5BBD;&#x6CE2;&#x6BB5;&#x7684;&#x624B;&#x5177;&#xFF08;&#x6CBB;&#x7597;&#x5934;&#xFF09;&#xFF0C;</span><span lang=\"EN-US\">DPL</span><span style=\"font-family:&#x5B8B;&#x4F53;;mso-ascii-font-family:Calibri;\nmso-ascii-theme-font:minor-latin;mso-fareast-font-family:&#x5B8B;&#x4F53;;mso-fareast-theme-font:\nminor-fareast;mso-hansi-font-family:Calibri;mso-hansi-theme-font:minor-latin\">&#x4F7F;&#x7528;&#x591A;&#x4E2A;&#x4E0D;&#x540C;&#x6CE2;&#x957F;&#x3001;&#x7A84;&#x6CE2;&#x6BB5;&#x7684;&#x624B;&#x5177;&#xFF0C;&#x6BCF;&#x4E2A;&#x624B;&#x5177;&#x9488;&#x5BF9;&#x7684;&#x95EE;&#x9898;&#x4E5F;&#x4E0D;&#x540C;&#x3002;</span><span lang=\"EN-US\"><o:p></o:p></span></p>"},"Property":{"name":"档案","content":["\n                <li>&#x6CBB;&#x7597;&#x65B9;&#x5F0F;&#xFF1A;<span>&#x5149;&#x7535;&#xFF08;&#x65E0;&#x521B;&#xFF09;</span></li>\n                <li>&#x75BC;&#x75DB;&#x611F;&#xFF1A;<span>1&#x9897;&#x661F;</span><a href=\"gengmei://common_webview?url=http://backend.gmei.com/hybrid/ache_level\">&#x67E5;&#x770B;&#x75BC;&#x75DB;&#x5206;&#x7EA7;</a></li>\n                <li>&#x7EF4;&#x6301;&#x65F6;&#x95F4;&#xFF1A;<span>&#x56E0;&#x4EBA;&#x800C;&#x5F02;</span></li>\n                <li>&#x6CBB;&#x7597;&#x65F6;&#x95F4;&#xFF1A;<span>30-60&#x5206;&#x949F;</span></li>\n                <li>&#x53C2;&#x8003;&#x4EF7;&#x683C;&#xFF1A;<span>3000-8000</span></li>\n                <li>&#x9EBB;&#x9189;&#x65B9;&#x5F0F;&#xFF1A;<span>&#x65E0;</span></li>\n                <li>&#x662F;&#x5426;&#x4F4F;&#x9662;&#xFF1A;<span>&#x5426;</span></li>\n                \n                <li>&#x62C6;&#x7EBF;&#x65F6;&#x95F4;&#xFF1A;<span>0-0&#x5929;</span></li>\n            "]},"Desc":{"name":"项目／手术原理","content":"<p class=\"MsoNormal\" align=\"left\"><span lang=\"EN-US\">1.500nm</span><span style=\"font-family:&#x5B8B;&#x4F53;;mso-ascii-font-family:Calibri;mso-ascii-theme-font:minor-latin;\nmso-fareast-font-family:&#x5B8B;&#x4F53;;mso-fareast-theme-font:minor-fareast;mso-hansi-font-family:\nCalibri;mso-hansi-theme-font:minor-latin\">&#x7CBE;&#x51C6;&#x5149;&#xFF1A;&#x7528;&#x4E8E;&#x7EA2;&#x8840;&#x4E1D;&#x3001;&#x7EA2;&#x8272;&#x75D8;&#x5370;&#x3001;&#x9762;&#x90E8;&#x6F6E;&#x7EA2;&#x3001;&#x9C9C;&#x7EA2;&#x6591;&#x75E3;&#x7B49;&#x96BE;&#x6CBB;&#x7684;&#x8840;&#x7BA1;&#x75C5;&#x6CBB;&#x7597;&#x3002;</span><span lang=\"EN-US\"><o:p></o:p></span></p><p class=\"MsoNormal\" align=\"left\"><span lang=\"EN-US\">2.550nm</span><span style=\"font-family:&#x5B8B;&#x4F53;;mso-ascii-font-family:Calibri;mso-ascii-theme-font:minor-latin;\nmso-fareast-font-family:&#x5B8B;&#x4F53;;mso-fareast-theme-font:minor-fareast;mso-hansi-font-family:\nCalibri;mso-hansi-theme-font:minor-latin\">&#x7CBE;&#x51C6;&#x5149;&#xFF1A;&#x7528;&#x4E8E;&#x96C0;&#x6591;&#x3001;&#x6652;&#x6591;&#x3001;&#x8001;&#x5E74;&#x6591;&#x7B49;&#x8272;&#x6591;&#x6CBB;&#x7597;&#x3002;</span><span lang=\"EN-US\"><o:p></o:p></span></p><p class=\"MsoNormal\" align=\"left\"><span lang=\"EN-US\">3.570-950nm</span><span style=\"font-family:&#x5B8B;&#x4F53;;mso-ascii-font-family:Calibri;mso-ascii-theme-font:minor-latin;\nmso-fareast-font-family:&#x5B8B;&#x4F53;;mso-fareast-theme-font:minor-fareast;mso-hansi-font-family:\nCalibri;mso-hansi-theme-font:minor-latin\">&#x7CBE;&#x51C6;&#x5149;&#xFF1A;&#x7528;&#x4E8E;&#x76AE;&#x80A4;&#x677E;&#x5F1B;&#x4E0B;&#x5782;&#x3001;&#x76B1;&#x7EB9;&#x3001;&#x76AE;&#x80A4;&#x6697;&#x6C89;&#x3001;&#x76AE;&#x80A4;&#x7C97;&#x7CD9;&#x3001;&#x6BDB;&#x5B54;&#x7C97;&#x5927;&#x7684;&#x6539;&#x5584;&#xFF0C;&#x5176;&#x539F;&#x7406;&#x662F;&#x4FC3;&#x8FDB;&#x6DF1;&#x90E8;&#x80F6;&#x539F;&#x7EA4;&#x7EF4;&#x3001;&#x5F39;&#x6027;&#x7EA4;&#x7EF4;&#x518D;&#x751F;&#x3002;</span><span lang=\"EN-US\"><o:p></o:p></span></p><p class=\"MsoNormal\" align=\"left\"><span lang=\"EN-US\">4.540-950nm</span><span style=\"font-family:&#x5B8B;&#x4F53;;mso-ascii-font-family:Calibri;mso-ascii-theme-font:minor-latin;\nmso-fareast-font-family:&#x5B8B;&#x4F53;;mso-fareast-theme-font:minor-fareast;mso-hansi-font-family:\nCalibri;mso-hansi-theme-font:minor-latin\">&#x7CBE;&#x51C6;&#x5149;&#xFF1A;&#x7528;&#x4E8E;&#x7EA2;&#x8840;&#x4E1D;&#x3001;&#x8272;&#x6591;&#x7684;&#x6CBB;&#x7597;&#xFF0C;&#x540C;&#x65F6;&#x80FD;&#x7F29;&#x5C0F;&#x6BDB;&#x5B54;&#x3001;&#x6539;&#x5584;&#x76AE;&#x80A4;&#x5F39;&#x6027;&#x3001;&#x8BA9;&#x76AE;&#x80A4;&#x53D8;&#x7EC6;&#x817B;&#x3002;</span><span lang=\"EN-US\"><o:p></o:p></span></p><p class=\"MsoNormal\" align=\"left\"><span lang=\"EN-US\">5.420nm</span><span style=\"font-family:&#x5B8B;&#x4F53;;mso-ascii-font-family:Calibri;mso-ascii-theme-font:minor-latin;\nmso-fareast-font-family:&#x5B8B;&#x4F53;;mso-fareast-theme-font:minor-fareast;mso-hansi-font-family:\nCalibri;mso-hansi-theme-font:minor-latin\">&#x7CBE;&#x51C6;&#x5149;&#xFF1A;&#x7528;&#x4E8E;&#x8F7B;&#x4E2D;&#x5EA6;&#x708E;&#x6027;&#x75E4;&#x75AE;&#x6CBB;&#x7597;&#xFF0C;&#x6709;&#x5F3A;&#x529B;&#x7684;&#x6D88;&#x708E;&#x4F5C;&#x7528;&#x3002;</span><span lang=\"EN-US\"><o:p></o:p></span></p><p>\n\n\n\n\n\n\n\n\n\n</p><p class=\"MsoNormal\" align=\"left\"><span lang=\"EN-US\">6.650</span><span style=\"font-family:&#x5B8B;&#x4F53;;mso-ascii-font-family:Calibri;mso-ascii-theme-font:minor-latin;\nmso-fareast-font-family:&#x5B8B;&#x4F53;;mso-fareast-theme-font:minor-fareast;mso-hansi-font-family:\nCalibri;mso-hansi-theme-font:minor-latin\">&#xFF0D;</span><span lang=\"EN-US\">950nm</span><span style=\"font-family:&#x5B8B;&#x4F53;;mso-ascii-font-family:Calibri;mso-ascii-theme-font:minor-latin;\nmso-fareast-font-family:&#x5B8B;&#x4F53;;mso-fareast-theme-font:minor-fareast;mso-hansi-font-family:\nCalibri;mso-hansi-theme-font:minor-latin\">&#x7CBE;&#x51C6;&#x5149;&#xFF1A;&#x7528;&#x4E8E;&#x8131;&#x6BDB;&#xFF0C;&#x6548;&#x679C;&#x663E;&#x8457;&#x3002;</span></p><p class=\"MsoNormal\" align=\"left\"><img src=\"http://hera.s.gmei.com/2016/10/11/895919e69a\" style=\"width: 522px;\"></p><p class=\"MsoNormal\" align=\"left\"><span lang=\"EN-US\"><o:p></o:p></span></p>"},"Sample":{"name":"效果示例","content":"<img src=\"http://hera.s.gmei.com/itemwiki/2016/10/11/c097c6564b-w\">"},"BeforIdear":{"name":"效果示例","content":"<p class=\"MsoNormal\"><span lang=\"EN-US\">1.</span><span style=\"font-family:&#x5B8B;&#x4F53;;\nmso-ascii-font-family:Calibri;mso-ascii-theme-font:minor-latin;mso-fareast-font-family:\n&#x5B8B;&#x4F53;;mso-fareast-theme-font:minor-fareast;mso-hansi-font-family:Calibri;\nmso-hansi-theme-font:minor-latin\">&#x4F7F;&#x7528;&#x5916;&#x7528;&#x7EF4;</span><span lang=\"EN-US\">A</span><span style=\"font-family:&#x5B8B;&#x4F53;;mso-ascii-font-family:Calibri;mso-ascii-theme-font:minor-latin;\nmso-fareast-font-family:&#x5B8B;&#x4F53;;mso-fareast-theme-font:minor-fareast;mso-hansi-font-family:\nCalibri;mso-hansi-theme-font:minor-latin\">&#x9178;&#x836F;&#x818F;&#x6216;&#x8005;&#x795B;&#x6591;&#x4EA7;&#x54C1;&#x7684;&#x4EBA;&#xFF0C;&#x5EFA;&#x8BAE;&#x505C;&#x836F;</span><span lang=\"EN-US\">1</span><span style=\"font-family:&#x5B8B;&#x4F53;;mso-ascii-font-family:Calibri;\nmso-ascii-theme-font:minor-latin;mso-fareast-font-family:&#x5B8B;&#x4F53;;mso-fareast-theme-font:\nminor-fareast;mso-hansi-font-family:Calibri;mso-hansi-theme-font:minor-latin\">&#x5468;&#x540E;&#x5F00;&#x59CB;&#x6CBB;&#x7597;&#x3002;</span><span lang=\"EN-US\"><o:p></o:p></span></p><p class=\"MsoNormal\"><span lang=\"EN-US\">2.</span><span style=\"font-family:&#x5B8B;&#x4F53;;\nmso-ascii-font-family:Calibri;mso-ascii-theme-font:minor-latin;mso-fareast-font-family:\n&#x5B8B;&#x4F53;;mso-fareast-theme-font:minor-fareast;mso-hansi-font-family:Calibri;\nmso-hansi-theme-font:minor-latin\">&#x6CBB;&#x7597;&#x524D;</span><span lang=\"EN-US\">2</span><span style=\"font-family:&#x5B8B;&#x4F53;;mso-ascii-font-family:Calibri;mso-ascii-theme-font:minor-latin;\nmso-fareast-font-family:&#x5B8B;&#x4F53;;mso-fareast-theme-font:minor-fareast;mso-hansi-font-family:\nCalibri;mso-hansi-theme-font:minor-latin\">&#x5468;&#x5185;&#x4E0D;&#x80FD;&#x505A;&#x6FC0;&#x5149;&#x3001;&#x78E8;&#x76AE;&#x3001;&#x679C;&#x9178;&#x6362;&#x80A4;&#x7B49;&#x7F8E;&#x5BB9;&#x9879;&#x76EE;&#x3002;</span><span lang=\"EN-US\"><o:p></o:p></span></p><p class=\"MsoNormal\"><span lang=\"EN-US\">3.</span><span style=\"font-family:&#x5B8B;&#x4F53;;\nmso-ascii-font-family:Calibri;mso-ascii-theme-font:minor-latin;mso-fareast-font-family:\n&#x5B8B;&#x4F53;;mso-fareast-theme-font:minor-fareast;mso-hansi-font-family:Calibri;\nmso-hansi-theme-font:minor-latin\">&#x7597;&#x524D;&#x4E00;&#x4E2A;&#x6708;&#x5185;&#x907F;&#x514D;&#x5F3A;&#x70C8;&#x65E5;&#x6652;&#x6216;&#x505A;&#x5BA4;&#x5916;</span><span lang=\"EN-US\">SPA</span><span style=\"font-family:&#x5B8B;&#x4F53;;mso-ascii-font-family:Calibri;mso-ascii-theme-font:minor-latin;\nmso-fareast-font-family:&#x5B8B;&#x4F53;;mso-fareast-theme-font:minor-fareast;mso-hansi-font-family:\nCalibri;mso-hansi-theme-font:minor-latin\">&#x3002;</span><span lang=\"EN-US\"><o:p></o:p></span></p><p class=\"MsoNormal\"><span lang=\"EN-US\">4.</span><span style=\"font-family:&#x5B8B;&#x4F53;;\nmso-ascii-font-family:Calibri;mso-ascii-theme-font:minor-latin;mso-fareast-font-family:\n&#x5B8B;&#x4F53;;mso-fareast-theme-font:minor-fareast;mso-hansi-font-family:Calibri;\nmso-hansi-theme-font:minor-latin\">&#x53D1;&#x708E;&#x3001;&#x4F24;&#x53E3;&#x5316;&#x8113;&#x7684;&#x76AE;&#x80A4;&#x4E0D;&#x9002;&#x5408;&#x6CBB;&#x7597;&#x3002;</span><span lang=\"EN-US\"><o:p></o:p></span></p><p class=\"MsoNormal\"><span lang=\"EN-US\">5.</span><span style=\"font-family:&#x5B8B;&#x4F53;;\nmso-ascii-font-family:Calibri;mso-ascii-theme-font:minor-latin;mso-fareast-font-family:\n&#x5B8B;&#x4F53;;mso-fareast-theme-font:minor-fareast;mso-hansi-font-family:Calibri;\nmso-hansi-theme-font:minor-latin\">&#x53E3;&#x670D;&#x7EF4;</span><span lang=\"EN-US\">A</span><span style=\"font-family:&#x5B8B;&#x4F53;;mso-ascii-font-family:Calibri;mso-ascii-theme-font:minor-latin;\nmso-fareast-font-family:&#x5B8B;&#x4F53;;mso-fareast-theme-font:minor-fareast;mso-hansi-font-family:\nCalibri;mso-hansi-theme-font:minor-latin\">&#x9178;&#x7684;&#x4EBA;&#xFF0C;&#x5EFA;&#x8BAE;&#x505C;&#x836F;</span><span lang=\"EN-US\">3</span><span style=\"font-family:&#x5B8B;&#x4F53;;mso-ascii-font-family:Calibri;mso-ascii-theme-font:minor-latin;\nmso-fareast-font-family:&#x5B8B;&#x4F53;;mso-fareast-theme-font:minor-fareast;mso-hansi-font-family:\nCalibri;mso-hansi-theme-font:minor-latin\">&#x4E2A;&#x6708;&#x540E;&#x518D;&#x5F00;&#x59CB;&#x6CBB;&#x7597;&#x3002;</span><span lang=\"EN-US\"><o:p></o:p></span></p><p>\n\n\n\n\n\n\n\n\n\n</p><p class=\"MsoNormal\"><span lang=\"EN-US\">6.</span><span style=\"font-family:&#x5B8B;&#x4F53;;\nmso-ascii-font-family:Calibri;mso-ascii-theme-font:minor-latin;mso-fareast-font-family:\n&#x5B8B;&#x4F53;;mso-fareast-theme-font:minor-fareast;mso-hansi-font-family:Calibri;\nmso-hansi-theme-font:minor-latin\">&#x5982;&#x679C;&#x6709;&#x5149;&#x654F;&#x611F;&#x75C5;&#x53F2;&#x3001;&#x76AE;&#x80A4;&#x75C5;&#x53D8;&#x3001;&#x514D;&#x75AB;&#x7CFB;&#x7EDF;&#x5F02;&#x5E38;&#xFF0C;&#x9700;&#x8981;&#x505A;&#x597D;&#x8DDF;&#x533B;&#x751F;&#x7684;&#x6C9F;&#x901A;&#x3002;</span><span lang=\"EN-US\"><o:p></o:p></span></p>"},"AfterIdear":{"name":"优点","content":"<p class=\"MsoNormal\"><span lang=\"EN-US\">1.</span><span style=\"font-family:&#x5B8B;&#x4F53;;\nmso-ascii-font-family:Calibri;mso-ascii-theme-font:minor-latin;mso-fareast-font-family:\n&#x5B8B;&#x4F53;;mso-fareast-theme-font:minor-fareast;mso-hansi-font-family:Calibri;\nmso-hansi-theme-font:minor-latin\">&#x6CBB;&#x7597;&#x540E;&#x76AE;&#x80A4;&#x5E72;&#x71E5;&#xFF0C;&#x5E94;&#x575A;&#x6301;&#x4F7F;&#x7528;&#x4FDD;&#x6E7F;&#x9762;&#x819C;&#x3001;&#x4FEE;&#x590D;&#x9762;&#x819C;&#x6216;</span><span lang=\"EN-US\">EGF</span><span style=\"font-family:&#x5B8B;&#x4F53;;mso-ascii-font-family:Calibri;\nmso-ascii-theme-font:minor-latin;mso-fareast-font-family:&#x5B8B;&#x4F53;;mso-fareast-theme-font:\nminor-fareast;mso-hansi-font-family:Calibri;mso-hansi-theme-font:minor-latin\">&#x8868;&#x76AE;&#x751F;&#x957F;&#x56E0;&#x5B50;&#xFF08;&#x4FEE;&#x590D;&#x80BD;&#xFF09;&#x7B49;&#x4FEE;&#x590D;&#x4EA7;&#x54C1;&#x3002;</span><span lang=\"EN-US\"><o:p></o:p></span></p><p class=\"MsoNormal\"><span lang=\"EN-US\">2.</span><span style=\"font-family:&#x5B8B;&#x4F53;;\nmso-ascii-font-family:Calibri;mso-ascii-theme-font:minor-latin;mso-fareast-font-family:\n&#x5B8B;&#x4F53;;mso-fareast-theme-font:minor-fareast;mso-hansi-font-family:Calibri;\nmso-hansi-theme-font:minor-latin\">&#x6CBB;&#x7597;&#x540E;</span><span lang=\"EN-US\">1</span><span style=\"font-family:&#x5B8B;&#x4F53;;mso-ascii-font-family:Calibri;mso-ascii-theme-font:minor-latin;\nmso-fareast-font-family:&#x5B8B;&#x4F53;;mso-fareast-theme-font:minor-fareast;mso-hansi-font-family:\nCalibri;mso-hansi-theme-font:minor-latin\">&#x4E2A;&#x6708;&#x5185;&#xFF0C;&#x4E25;&#x683C;&#x9632;&#x6652;&#x3002;</span><span lang=\"EN-US\"><o:p></o:p></span></p><p class=\"MsoNormal\"><span lang=\"EN-US\">3.</span><span style=\"font-family:&#x5B8B;&#x4F53;;\nmso-ascii-font-family:Calibri;mso-ascii-theme-font:minor-latin;mso-fareast-font-family:\n&#x5B8B;&#x4F53;;mso-fareast-theme-font:minor-fareast;mso-hansi-font-family:Calibri;\nmso-hansi-theme-font:minor-latin\">&#x65E5;&#x5E38;&#x9700;&#x8981;&#x6E29;&#x548C;&#x6D01;&#x9762;&#xFF0C;&#x4E0D;&#x5EFA;&#x8BAE;&#x4F7F;&#x7528;&#x78E8;&#x7802;&#x53BB;&#x89D2;&#x8D28;&#x6D01;&#x9762;&#x4EA7;&#x54C1;&#x53CA;&#x542B;&#x6709;&#x7682;&#x57FA;&#x7684;&#x6CE1;&#x6CAB;&#x6D17;&#x9762;&#x5976;&#x3002;</span><span lang=\"EN-US\"><o:p></o:p></span></p><p>\n\n\n\n\n\n</p><p class=\"MsoNormal\"><span lang=\"EN-US\">4.</span><span style=\"font-family:&#x5B8B;&#x4F53;;\nmso-ascii-font-family:Calibri;mso-ascii-theme-font:minor-latin;mso-fareast-font-family:\n&#x5B8B;&#x4F53;;mso-fareast-theme-font:minor-fareast;mso-hansi-font-family:Calibri;\nmso-hansi-theme-font:minor-latin\">&#x6CBB;&#x7597;&#x7597;&#x7A0B;&#x5E94;&#x9075;&#x7167;&#x533B;&#x5631;&#xFF0C;&#x4E00;&#x822C;&#x95F4;&#x9694;</span><span lang=\"EN-US\">3-4</span><span style=\"font-family:&#x5B8B;&#x4F53;;mso-ascii-font-family:Calibri;mso-ascii-theme-font:minor-latin;\nmso-fareast-font-family:&#x5B8B;&#x4F53;;mso-fareast-theme-font:minor-fareast;mso-hansi-font-family:\nCalibri;mso-hansi-theme-font:minor-latin\">&#x5468;&#x518D;&#x505A;&#x7B2C;&#x4E8C;&#x6B21;&#x3002;</span><span lang=\"EN-US\"><o:p></o:p></span></p>"},"GoodPoint":{"name":"缺点及风险","content":"<p class=\"MsoNormal\"><span lang=\"EN-US\">1.</span><span style=\"font-family:&#x5B8B;&#x4F53;;\nmso-ascii-font-family:Calibri;mso-ascii-theme-font:minor-latin;mso-fareast-font-family:\n&#x5B8B;&#x4F53;;mso-fareast-theme-font:minor-fareast;mso-hansi-font-family:Calibri;\nmso-hansi-theme-font:minor-latin\">&#x89C1;&#x6548;&#x66F4;&#x5FEB;&#xFF0C;&#x7597;&#x6548;&#x66F4;&#x9AD8;&#xFF0C;&#x6CBB;&#x7597;&#x66F4;&#x5B89;&#x5168;&#x3002;</span><span lang=\"EN-US\"><o:p></o:p></span></p><p class=\"MsoNormal\"><span lang=\"EN-US\">2.</span><span style=\"font-family:&#x5B8B;&#x4F53;;\nmso-ascii-font-family:Calibri;mso-ascii-theme-font:minor-latin;mso-fareast-font-family:\n&#x5B8B;&#x4F53;;mso-fareast-theme-font:minor-fareast;mso-hansi-font-family:Calibri;\nmso-hansi-theme-font:minor-latin\">&#x53EF;&#x540C;&#x65F6;&#x6CBB;&#x7597;&#x8272;&#x6591;&#x3001;&#x75D8;&#x75D8;&#x3001;&#x75D8;&#x5370;&#x3001;&#x80A4;&#x8272;&#x6697;&#x6C89;&#x3001;&#x76AE;&#x80A4;&#x7C97;&#x7CD9;&#x3001;&#x6BDB;&#x5B54;&#x7C97;&#x5927;&#x3001;&#x7EA2;&#x8840;&#x4E1D;&#x7B49;&#x591A;&#x79CD;&#x95EE;&#x9898;&#x3002;</span><span lang=\"EN-US\"><o:p></o:p></span></p><p>\n\n\n\n</p><p class=\"MsoNormal\"><span lang=\"EN-US\">3.</span><span style=\"font-family:&#x5B8B;&#x4F53;;\nmso-ascii-font-family:Calibri;mso-ascii-theme-font:minor-latin;mso-fareast-font-family:\n&#x5B8B;&#x4F53;;mso-fareast-theme-font:minor-fareast;mso-hansi-font-family:Calibri;\nmso-hansi-theme-font:minor-latin\">&#x65E0;&#x505C;&#x5DE5;&#x671F;&#xFF08;&#x6062;&#x590D;&#xFFFD;&#xFFFD;&#xFFFD;&#xFF09;&#xFF0C;&#x5348;&#x9910;&#x5F0F;&#x7F8E;&#x5BB9;&#x3002;</span><span lang=\"EN-US\"><o:p></o:p></span></p>"},"BadPoint":{"name":"术前锦囊","content":"<p class=\"MsoNormal\"><span lang=\"EN-US\">1.</span><span style=\"font-family:&#x5B8B;&#x4F53;;\nmso-ascii-font-family:Calibri;mso-ascii-theme-font:minor-latin;mso-fareast-font-family:\n&#x5B8B;&#x4F53;;mso-fareast-theme-font:minor-fareast;mso-hansi-font-family:Calibri;\nmso-hansi-theme-font:minor-latin\">&#x4EF7;&#x683C;&#x76F8;&#x5BF9;&#x8F83;&#x9AD8;&#x3002;</span><span lang=\"EN-US\"><o:p></o:p></span></p><p>\n\n</p><p class=\"MsoNormal\"><span lang=\"EN-US\">2.</span><span style=\"font-family:&#x5B8B;&#x4F53;;\nmso-ascii-font-family:Calibri;mso-ascii-theme-font:minor-latin;mso-fareast-font-family:\n&#x5B8B;&#x4F53;;mso-fareast-theme-font:minor-fareast;mso-hansi-font-family:Calibri;\nmso-hansi-theme-font:minor-latin\">&#x64CD;&#x4F5C;&#x4E0D;&#x5F53;&#x6709;&#x70EB;&#x4F24;&#x7684;&#x53EF;&#x80FD;&#x6027;&#x3002;</span><span lang=\"EN-US\"><o:p></o:p></span></p>"}}