{"Title":"胸部下垂矫正","Related":{"name":"关联百科","content":[{"relatedId":"338","name":"巨乳缩小"},{"relatedId":"333","name":"手术祛副乳"},{"relatedId":"734","name":"乳头内陷矫正"}]},"ShorDesc":{"name":"简介","content":"<p>&#x9002;&#x5E94;&#x75C7;&#xFF1A;&#x80F8;&#x90E8;&#x4E0B;&#x5782;</p><p>&#x901A;&#x8FC7;&#x624B;&#x672F;&#x63D0;&#x5347;&#x4E0B;&#x5782;&#x7684;&#x4E73;&#x5934;&#x548C;&#x4E73;&#x817A;&#x7EC4;&#x7EC7;&#x81F3;&#x6B63;&#x5E38;&#x4F4D;&#x7F6E;&#xFF0C;&#x91CD;&#x5851;&#x5F62;&#x6001;&#x633A;&#x62D4;&#x7684;&#x4E73;&#x623F;&#x3002;</p>"},"Property":{"name":"档案","content":["\n                <li>&#x6CBB;&#x7597;&#x65B9;&#x5F0F;&#xFF1A;<span>&#x624B;&#x672F;</span></li>\n                <li>&#x75BC;&#x75DB;&#x611F;&#xFF1A;<span>4&#x9897;&#x661F;</span><a href=\"gengmei://common_webview?url=http://backend.gmei.com/hybrid/ache_level\">&#x67E5;&#x770B;&#x75BC;&#x75DB;&#x5206;&#x7EA7;</a></li>\n                <li>&#x7EF4;&#x6301;&#x65F6;&#x95F4;&#xFF1A;<span>&#x6C38;&#x4E45;</span></li>\n                <li>&#x6CBB;&#x7597;&#x65F6;&#x95F4;&#xFF1A;<span>60-180&#x5206;&#x949F;</span></li>\n                <li>&#x53C2;&#x8003;&#x4EF7;&#x683C;&#xFF1A;<span>10000-30000</span></li>\n                <li>&#x9EBB;&#x9189;&#x65B9;&#x5F0F;&#xFF1A;<span>&#x5168;&#x9EBB;</span></li>\n                <li>&#x662F;&#x5426;&#x4F4F;&#x9662;&#xFF1A;<span>&#x5426;</span></li>\n                \n                <li>&#x62C6;&#x7EBF;&#x65F6;&#x95F4;&#xFF1A;<span>5-7&#x5929;</span></li>\n            "]},"Desc":{"name":"项目／手术原理","content":"<p>1. &#x753B;&#x7EBF;&#x5207;&#x5F00;&#x3002;</p><p>2. &#x5265;&#x4E0B;&#x4E73;&#x5934;&#x5468;&#x56F4;&#x7684;&#x76AE;&#x80A4;&#x3002;</p><p>3. &#x7ED9;&#x4E73;&#x5934;&#x627E;&#x65B0;&#x4F4D;&#x7F6E;&#x3002;</p><p>4. &#x7CBE;&#x786E;&#x7F1D;&#x5408;&#x3002;</p><p><img src=\"http://hera.s.gmei.com/2016/10/12/9ff152ce08\" style=\"width: 508px;\"><br></p>"},"Sample":{"name":"效果示例","content":"<img src=\"http://hera.s.gmei.com/itemwiki/2016/10/12/1d9d5e88c1-w\">"},"BeforIdear":{"name":"效果示例","content":"<p>1&#x3001;&#x5973;&#x6027;&#x907F;&#x5F00;&#x4F8B;&#x5047;&#x671F;&#xFF0C;&#x907F;&#x514D;&#x51FA;&#x8840;&#x589E;&#x591A;&#x6216;&#x80BF;&#x80C0;&#x52A0;&#x91CD;&#x3002;</p><p>2&#x3001;&#x624B;&#x672F;&#x524D;&#x4E24;&#x5468;&#x5185;&#xFF0C;&#x8BF7;&#x52FF;&#x670D;&#x7528;&#x56FA;&#x9187;&#x6FC0;&#x7D20;&#x548C;&#x963F;&#x65AF;&#x5339;&#x6797;&#x7C7B;&#x6297;&#x51DD;&#x836F;&#x7269;&#x3002;</p><p>3&#x3001;&#x598A;&#x5A20;&#x524D;&#x671F;(&#x4E09;&#x4E2A;&#x6708;)&#x6216;&#x598A;&#x5A20;&#x540E;&#x671F;(&#x4E09;&#x4E2A;&#x6708;)&#x6682;&#x7F13;&#x624B;&#x672F;&#x3002;</p><p>4&#x3001;&#x5E38;&#x89C4;&#x8EAB;&#x4F53;&#x68C0;&#x67E5;&#x2014;&#x2014;&#x5168;&#x8EAB;&#x68C0;&#x67E5;&#xFF0C;&#x8840;&#x538B;&#x3001;&#x5FC3;&#x7535;&#x56FE;&#x7B49;&#x3002;</p>"},"AfterIdear":{"name":"优点","content":"<p>1&#x3001;&#x624B;&#x672F;&#x5F53;&#x65E5;&#x5E94;&#x5367;&#x5E8A;&#x4F11;&#x606F;&#xFF0C;&#x7B2C;&#x4E8C;&#x5929;&#x53EF;&#x4E0B;&#x5E8A;&#x6D3B;&#x52A8;&#x3002;</p><p>2&#x3001;&#x907F;&#x514D;&#x4E0A;&#x80A2;&#x4E0A;&#x4E3E;&#x52A8;&#x4F5C;&#xFF0C;&#x5FC5;&#x8981;&#x65F6;&#x5728;&#x80F8;&#x4E0A;&#x90E8;&#x53EF;&#x7528;&#x7EF7;&#x5E26;&#x5305;&#x624E;&#x3002;</p><p>3&#x3001;&#x672F;&#x540E;&#x4E0D;&#x53EF;&#x67B6;&#x9A76;&#x8F66;&#x8F86;&#x6216;&#x4ECE;&#x4E8B;&#x9AD8;&#x7A7A;&#x4F5C;&#x4E1A;&#x3002;&#x7761;&#x7720;&#x65F6;&#x5C3D;&#x91CF;&#x4EF0;&#x5367;&#xFF0C;&#x907F;&#x514D;&#x538B;&#x8FEB;&#x4E73;&#x623F;&#x3002;</p><p>4&#x3001;&#x672F;&#x540E;&#x4E94;&#x5929;&#x5185;&#x4E0D;&#x8981;&#x63D0;&#x62CE;&#x91CD;&#x7269;&#x6216;&#x505A;&#x5267;&#x70C8;&#x8FD0;&#x52A8;&#x3002;</p><p>5&#x3001;&#x624B;&#x672F;&#x540E;&#x8BF7;&#x9075;&#x533B;&#x5631;&#xFF0C;&#x6309;&#x65F6;&#x5403;&#x836F;&#xFF0C;&#x8FD9;&#x6837;&#x53EF;&#x4EE5;&#x51CF;&#x8F7B;&#x672F;&#x540E;&#x7684;&#x4E0D;&#x9002;&#x3002;</p><p>6&#x3001;&#x9700;&#x8981;&#x4F69;&#x6234;&#x652F;&#x6301;&#x4E73;&#x7F69;&#x6570;&#x5468;&#xFF0C;&#x76F4;&#x81F3;&#x4E73;&#x623F;&#x7684;&#x80BF;&#x80C0;&#x548C;&#x6DE4;&#x6591;&#x6D88;&#x5931;&#x3002; &#xA0; &#xA0; &#xA0;&#xA0;</p><p>7&#x3001;&#x672F;&#x540E;&#x4E24;&#x5468;&#x5185;&#x5E94;&#x907F;&#x514D;&#x592B;&#x59BB;&#x751F;&#x6D3B;&#x3002;</p>"},"GoodPoint":{"name":"缺点及风险","content":"<p>1&#x3001;&#x9002;&#x5E94;&#x4EBA;&#x7FA4;&#x8303;&#x56F4;&#x8F83;&#x5E7F;&#x3002;</p><p>2&#x3001;&#x6548;&#x679C;&#x76F8;&#x5BF9;&#x8F83;&#x597D;&#x3002;</p>"},"BadPoint":{"name":"术前锦囊","content":"<p>1&#x3001;&#x624B;&#x672F;&#x521B;&#x4F24;&#x8F83;&#x5927;&#x3002;</p>"}}