{"Title":"牙齿陶瓷矫正","Related":{"name":"关联百科","content":[{"relatedId":"459","name":"牙齿隐形矫正"},{"relatedId":"562","name":"美容冠"},{"relatedId":"264","name":"牙齿金属矫正"}]},"ShorDesc":{"name":"简介","content":"<p>&#x9002;&#x5E94;&#x75C7;&#xFF1A;&#x7259;&#x9F7F;&#x4E0D;&#x9F50;&#x3002;</p><p>&#x9676;&#x74F7;&#x6258;&#x69FD;&#x7259;&#x9F7F;&#x77EB;&#x6CBB;&#xFF0C;&#x5B83;&#x6240;&#x4F7F;&#x7528;&#x7684;&#x6258;&#x69FD;&#x8FD1;&#x4E4E;&#x900F;&#x660E;&#xFF0C;&#x7C98;&#x5728;&#x7259;&#x9F7F;&#x4E0A;&#x9690;&#x853D;&#x6027;&#x8F83;&#x597D;&#xFF0C;&#x4F7F;&#x77EB;&#x6CBB;&#x8FC7;&#x7A0B;&#x6084;&#x7136;&#x5B8C;&#x6210;&#x3002;</p>"},"Property":{"name":"档案","content":["\n                <li>&#x6CBB;&#x7597;&#x65B9;&#x5F0F;&#xFF1A;<span>&#x53E3;&#x8154;</span></li>\n                <li>&#x75BC;&#x75DB;&#x611F;&#xFF1A;<span>0&#x9897;&#x661F;</span><a href=\"gengmei://common_webview?url=http://backend.gmei.com/hybrid/ache_level\">&#x67E5;&#x770B;&#x75BC;&#x75DB;&#x5206;&#x7EA7;</a></li>\n                <li>&#x7EF4;&#x6301;&#x65F6;&#x95F4;&#xFF1A;<span>&#x6C38;&#x4E45;</span></li>\n                <li>&#x6CBB;&#x7597;&#x65F6;&#x95F4;&#xFF1A;<span>0-0&#x5206;&#x949F;</span></li>\n                <li>&#x53C2;&#x8003;&#x4EF7;&#x683C;&#xFF1A;<span>10000-60000</span></li>\n                <li>&#x9EBB;&#x9189;&#x65B9;&#x5F0F;&#xFF1A;<span>&#x65E0;</span></li>\n                <li>&#x662F;&#x5426;&#x4F4F;&#x9662;&#xFF1A;<span>&#x5426;</span></li>\n                \n                <li>&#x62C6;&#x7EBF;&#x65F6;&#x95F4;&#xFF1A;<span>0-0&#x5929;</span></li>\n            "]},"Desc":{"name":"项目／手术原理","content":"<p>1.&#x7259;&#x9F7F;&#x7684;&#x5E38;&#x89C4;&#x5904;&#x7406;&#x53CA;&#x6D88;&#x6BD2;&#x3002;</p><p>2.&#x901A;&#x8FC7;&#x77EB;&#x6B63;&#x5668;(&#x7259;&#x5957;)&#x8FDB;&#x884C;&#x4FEE;&#x590D;&#x3002;</p><p>3.&#x7259;&#x5217;&#x6700;&#x540E;&#x7684;&#x7CBE;&#x7EC6;&#x8C03;&#x6574;&#x3002;</p><p><img src=\"http://hera.s.gmei.com/2016/10/11/6fa6a116df\" style=\"width: 400px;\"><br></p>"},"Sample":{"name":"效果示例","content":"<img src=\"http://hera.s.gmei.com/itemwiki/2016/10/11/a2d849941f-w\">"},"BeforIdear":{"name":"效果示例","content":"<p>1.&#x6E05;&#x6D01;&#x53E3;&#x8154;&#x3002;<br></p>"},"AfterIdear":{"name":"优点","content":"<p>1.&#x5728;&#x521D;&#x6234;&#x77EB;&#x6CBB;&#x5668;&#x7684;&#x51E0;&#x5929;&#xFF0C;&#x7259;&#x9F7F;&#x4F1A;&#x6709;&#x9178;&#x8F6F;&#x7684;&#x611F;&#x89C9;&#x53CA;&#x4E0D;&#x9002;&#x611F;&#x3002;&#x6B64;&#x65F6;&#xFF0C;&#x53EF;&#x5403;&#x8F6F;&#x996D;&#x6216;&#x7CA5;&#x4E4B;&#x7C7B;&#x98DF;&#x7269;&#xFF0C;&#x5EA6;&#x8FC7;&#x7EA6;&#x4E00;&#x5468;&#x7684;&#x9002;&#x5E94;&#x671F;&#x540E;&#x53EF;&#x6B63;&#x5E38;&#x996E;&#x98DF;&#xFF08;&#x4F46;&#x4ECD;&#x8981;&#x6CE8;&#x610F;&#x7259;&#x9F7F;&#x53CA;&#x77EB;&#x6B63;&#x5668;&#x7684;&#x62A4;&#x7406;&#xFF09;&#x3002;</p><p>2.&#x7259;&#x9F7F;&#x77EB;&#x6B63;&#x671F;&#x95F4;&#xFF0C;&#x9664;&#x9075;&#x5B88;&#x533B;&#x751F;&#x7684;&#x6307;&#x793A;&#xFF0C;&#x8FD8;&#x8981;&#x5C0F;&#x5FC3;&#x62A4;&#x7406;&#x7259;&#x9F7F;&#x4E0A;&#x7684;&#x77EB;&#x6B63;&#x5668;&#xFF0C;&#x5E94;&#x907F;&#x514D;&#x5403;&#x8D28;&#x5730;&#x8F83;&#x786C;&#x7684;&#x98DF;&#x7269;&#x3002;</p><p>3. &#x513F;&#x7AE5;&#x77EB;&#x6B63;&#x7259;&#x9F7F;&#x65F6;&#xFF0C;&#x9664;&#x4E86;&#x4E0A;&#x8FF0;&#x8981;&#x6CE8;&#x610F;&#x7684;&#x4E8B;&#x9879;&#x5916;&#xFF0C;&#x8FD8;&#x8981;&#x51CF;&#x5C11;&#x5403;&#x96F6;&#x98DF;&#x548C;&#x7CD6;&#x679C;&#x7684;&#x6570;&#x91CF;&#xFF0C;&#x5C24;&#x5176;&#x662F;&#x53E3;&#x9999;&#x7CD6;&#x3002;</p>"},"GoodPoint":{"name":"缺点及风险","content":"<p>1&#x3001;&#x900F;&#x660E;&#x5EA6;&#x66F4;&#x9AD8;&#xFF0C;&#x6258;&#x69FD;&#x66F4;&#x9690;&#x5F62;&#x5316;&#x3002;</p><p>2&#x3001;&#x5185;&#x886C;&#x91D1;&#x5C5E;&#x69FD;&#x6C9F;&#xFF0C;&#x5F3A;&#x56FA;&#x6258;&#x69FD;&#xFF0C;&#x5E76;&#x6709;&#x52A9;&#x4E8E;&#x94A2;&#x4E1D;&#x81EA;&#x7531;&#x6ED1;&#x52A8;&#xFF0C;&#x63D0;&#x9AD8;&#x6CBB;&#x7597;&#x6548;&#x679C;&#x3002;</p><p>3&#x3001;&#x4F69;&#x5E26;&#x66F4;&#x8212;&#x9002;&#xFF0C;&#x7275;&#x5F15;&#x66F4;&#x65B9;&#x4FBF;&#x3002;</p><p>4&#x3001;&#x6258;&#x69FD;&#x62C6;&#x5378;&#x65B9;&#x4FBF;&#x5BB9;&#x6613;&#x3002;</p>"},"BadPoint":{"name":"术前锦囊","content":"<p>1.&#x8D39;&#x7528;&#x8F83;&#x9AD8;&#x3002;</p><p>2.&#x77EB;&#x6B63;&#x65F6;&#x95F4;&#x8F83;&#x957F;&#x3002;</p>"}}