{"Title":"激光祛斑","Related":{"name":"关联百科","content":[{"relatedId":"300","name":"祛黄褐斑"},{"relatedId":"302","name":"光子嫩肤"},{"relatedId":"533","name":"果酸换肤"},{"relatedId":"501","name":"水光针"},{"relatedId":"543","name":"皮秒激光"}]},"ShorDesc":{"name":"简介","content":"<p>&#x9002;&#x5E94;&#x75C7;&#xFF1A;&#x6652;&#x6591;</p><p>&#x6FC0;&#x5149;&#x80FD;&#x6781;&#x4E3A;&#x987A;&#x5229;&#x5730;&#x7A7F;&#x900F;&#x75C5;&#x635F;&#x7684;&#x76AE;&#x80A4;&#xFF0C;&#x8FDB;&#x5165;&#x75C5;&#x635F;&#x90E8;&#x4F4D;&#xFF0C;&#x5E76;&#x5BF9;&#x75C5;&#x635F;&#x90E8;&#x4F4D;&#x7684;&#x8272;&#x7D20;&#x8FDB;&#x884C;&#x6CBB;&#x7597;&#x3002;</p>"},"Property":{"name":"档案","content":["\n                <li>&#x6CBB;&#x7597;&#x65B9;&#x5F0F;&#xFF1A;<span>&#x5149;&#x7535;&#xFF08;&#x6709;&#x521B;&#xFF09;</span></li>\n                <li>&#x75BC;&#x75DB;&#x611F;&#xFF1A;<span>0&#x9897;&#x661F;</span><a href=\"gengmei://common_webview?url=http://backend.gmei.com/hybrid/ache_level\">&#x67E5;&#x770B;&#x75BC;&#x75DB;&#x5206;&#x7EA7;</a></li>\n                <li>&#x7EF4;&#x6301;&#x65F6;&#x95F4;&#xFF1A;<span>&#x6C38;&#x4E45;</span></li>\n                <li>&#x6CBB;&#x7597;&#x65F6;&#x95F4;&#xFF1A;<span>40-60&#x5206;&#x949F;</span></li>\n                <li>&#x53C2;&#x8003;&#x4EF7;&#x683C;&#xFF1A;<span>3000-20000</span></li>\n                <li>&#x9EBB;&#x9189;&#x65B9;&#x5F0F;&#xFF1A;<span>&#x8868;&#x9762;&#x9EBB;&#x9189;</span></li>\n                <li>&#x662F;&#x5426;&#x4F4F;&#x9662;&#xFF1A;<span>&#x5426;</span></li>\n                \n                <li>&#x62C6;&#x7EBF;&#x65F6;&#x95F4;&#xFF1A;<span>0-0&#x5929;</span></li>\n            "]},"Desc":{"name":"项目／手术原理","content":"<p>1.&#x6D17;&#x5E72;&#x51C0;&#x8138;</p><p>2.&#x89C6;&#x60C5;&#x51B5;&#x9009;&#x62E9;&#x9EBB;&#x9189;</p><p>3.&#x6234;&#x773C;&#x7F69;</p><p>4.&#x6D82;&#x51B7;&#x51DD;&#x80F6;</p><p>5.&#x7784;&#x51C6;&#x3001;&#x53D1;&#x5C04;</p><p>6.&#x6FC0;&#x5149;&#x795B;&#x6591;&#x5B8C;&#x6210;</p><p><img src=\"http://hera.s.gmei.com/2016/10/12/e03c8af6f6\" style=\"width: 540px;\"><br></p>"},"Sample":{"name":"效果示例","content":"<img src=\"http://hera.s.gmei.com/itemwiki/2016/10/12/01be2cb36c-w\">"},"BeforIdear":{"name":"效果示例","content":"<p>1&#x3001;&#x60A3;&#x8005;&#x8981;&#x505A;&#x8EAB;&#x4F53;&#x68C0;&#x67E5;&#xFF0C;&#x786E;&#x4FDD;&#x5F69;&#x5149;&#x5AE9;&#x80A4;&#x5BF9;&#x81EA;&#x5DF1;&#x6CA1;&#x6709;&#x4F24;&#x5BB3;&#x3002;</p><p>2&#x3001;&#x6CBB;&#x7597;&#x524D;&#x6E05;&#x6D01;&#x9762;&#x90E8;&#xFF0C;&#x4E0D;&#x80FD;&#x6B8B;&#x7559;&#x5316;&#x5986;&#x54C1;&#x3002;</p>"},"AfterIdear":{"name":"优点","content":"<p>1&#x3001;&#x6FC0;&#x5149;&#x795B;&#x6591;&#x6CBB;&#x7597;&#x540E;&#xFF0C;&#x6CBB;&#x7597;&#x90E8;&#x4F4D;&#x4F1A;&#x6709;&#x707C;&#x70ED;&#x611F;&#x6216;&#x5FAE;&#x91CF;&#x51FA;&#x8840;&#xFF0C;&#x4E0D;&#x5FC5;&#x8FC7;&#x4E8E;&#x62C5;&#x5FC3;&#x3002;&#x4E4B;&#x540E;&#x4F1A;&#x6709;&#x7ED3;&#x75C2;&#x4EA7;&#x751F;&#xFF0C;&#x65E0;&#x9700;&#x7279;&#x6B8A;&#x5904;&#x7406;&#xFF0C;&#x7ED3;&#x75C2;&#x4E00;&#x822C;&#x4F1A;&#x5728;7-10&#x5929;&#x540E;&#x81EA;&#x884C;&#x8131;&#x843D;&#xFF0C;&#x6CE8;&#x610F;&#x4E0D;&#x8981;&#x5F3A;&#x884C;&#x53BB;&#x9664;&#x7ED3;&#x75C2;&#x3002;</p><p>2&#x3001;&#x521A;&#x521A;&#x63A5;&#x53D7;&#x6FC0;&#x5149;&#x6CBB;&#x7597;&#x540E;&#xFF0C;&#x9762;&#x90E8;&#x52A8;&#x4F5C;&#x8981;&#x8F7B;&#x67D4;&#xFF0C;&#x4E0D;&#x8981;&#x4F7F;&#x7528;&#x523A;&#x6FC0;&#x6027;&#x62A4;&#x80A4;&#x7528;&#x54C1;&#x3002;</p><p>3&#x3001;&#x7531;&#x4E8E;&#x4E2A;&#x4EBA;&#x4F53;&#x8D28;&#x548C;&#x76AE;&#x80A4;&#x72B6;&#x51B5;&#x7684;&#x4E0D;&#x540C;&#xFF0C;&#x6FC0;&#x5149;&#x6CBB;&#x7597;&#x540E;&#x7684;&#x53CD;&#x5E94;&#x4E0D;&#x540C;&#xFF0C;&#x4E2A;&#x522B;&#x4EBA;&#x53EF;&#x80FD;&#x4F1A;&#xFFFD;&#xFFFD;&#xFFFD;&#x73B0;&#x4E00;&#x4E9B;&#x7A0B;&#x5EA6;&#x7684;&#x7EA2;&#x80BF;&#x73B0;&#x8C61;&#xFF0C;&#x53EF;&#x4EE5;&#x7528;&#x51B0;&#x6577;&#x7684;&#x65B9;&#x6CD5;&#x6765;&#x7F13;&#x89E3;&#x3002;</p><p>4&#x3001;&#x521A;&#x505A;&#x5B8C;&#x795B;&#x6591;&#x6CBB;&#x7597;&#x7684;&#x90E8;&#x4F4D;&#x5BF9;&#x4E8E;&#x9633;&#x5149;&#x4F1A;&#x5F88;&#x654F;&#x611F;&#xFF0C;&#x6CBB;&#x7597;&#x540E;3&#x4E2A;&#x6708;&#x5230;&#x534A;&#x5E74;&#x5185;&#x8981;&#x6CE8;&#x610F;&#x9632;&#x6652;&#xFF0C;&#x907F;&#x514D;&#x8272;&#x7D20;&#x7684;&#x6C89;&#x79EF;&#x3002;</p><p>5&#x3001;&#x4E00;&#x5468;&#x4E4B;&#x5185;&#x9762;&#x90E8;&#x7981;&#x6C34;&#xFF0C;&#x53EA;&#x80FD;&#x7528;&#x68C9;&#x68D2;&#x6CBE;&#x6C34;&#x5C0F;&#x5FC3;&#x64E6;&#x62ED;&#x773C;&#x775B;&#x5468;&#x56F4;&#x90E8;&#x4F4D;&#x4EE5;&#x514D;&#x9020;&#x6210;&#x7EC6;&#x83CC;&#x611F;&#x67D3;&#x3002;</p><p>6&#x3001;&#x60A3;&#x5904;&#x5E94;&#x6BCF;&#x5929;&#x64E6;&#x62ED;&#x4FEE;&#x590D;&#x56E0;&#x5B50;&#x6216;&#x7EA2;&#x9709;&#x7D20;&#x4EE5;&#x52A0;&#x5FEB;&#x76AE;&#x80A4;&#x4FEE;&#x62A4;&#x3002;</p>"},"GoodPoint":{"name":"缺点及风险","content":"<p>1&#x3001;&#x51C6;&#x786E;&#x6027;&#x9AD8;&#x3001;&#x89C1;&#x6548;&#x5FEB;&#x3002;</p><p>2&#x3001;&#x4E0D;&#x7559;&#x75A4;&#x3002;</p><p>3&#x3001;&#x53EF;&#x6539;&#x5584;&#x80A4;&#x8D28;&#x3002;</p><p>4&#x3001;&#x4E0D;&#x5F71;&#x54CD;&#x6B63;&#x5E38;&#x5DE5;&#x4F5C;&#x548C;&#x751F;&#x6D3B;&#x3002;</p>"},"BadPoint":{"name":"术前锦囊","content":"<p>1&#x3001;&#x6CBB;&#x7597;&#x5468;&#x671F;&#x957F;&#xFF0C;&#x9700;&#x591A;&#x6B21;&#x6CBB;&#x7597;&#x3002;</p><p>2&#x3001;&#x6CBB;&#x7597;&#x8303;&#x56F4;&#x5C0F;&#xFF0C;&#x4E0D;&#x80FD;&#x540C;&#x65F6;&#x6CBB;&#x7597;&#x591A;&#x79CD;&#x76AE;&#x80A4;&#x8001;&#x5316;&#x95EE;&#x9898;&#x3002;</p><p>3&#x3001;&#x4E0D;&#x80FD;&#x6C38;&#x4E45;&#x7EF4;&#x6301;&#x3002;&#xFF08;&#x8109;&#x51B2;&#x6FC0;&#x5149;&#x53EF;&#x4EE5;&#xFF09;</p><p>4&#x3001;&#x76AE;&#x80A4;&#x4F1A;&#x53D8;&#x5F97;&#x654F;&#x611F;&#x3002;</p>"}}