{"Title":"取胸部奥美定","Related":{"name":"关联百科","content":[{"relatedId":"478","name":"胸部假体取出"},{"relatedId":"732","name":"隆胸修复"}]},"ShorDesc":{"name":"简介","content":"<p>&#x9002;&#x5E94;&#x75C7;&#xFF1A;&#x80F8;&#x90E8;&#x6CE8;&#x5C04;&#x5965;&#x7F8E;&#x5B9A;&#x51FA;&#x73B0;&#x5E76;&#x53D1;&#x75C7;</p><p>&#x6CE8;&#x5C04;&#x5965;&#x7F8E;&#x5B9A;&#x51FA;&#x73B0;&#x5E76;&#x53D1;&#x75C7;&#xFF0C;&#x53EF;&#x901A;&#x8FC7;&#x624B;&#x672F;&#x53D6;&#x51FA;&#x5965;&#x7F8E;&#x5B9A;&#x3002;</p>"},"Property":{"name":"档案","content":["\n                <li>&#x6CBB;&#x7597;&#x65B9;&#x5F0F;&#xFF1A;<span>&#x624B;&#x672F;</span></li>\n                <li>&#x75BC;&#x75DB;&#x611F;&#xFF1A;<span>4&#x9897;&#x661F;</span><a href=\"gengmei://common_webview?url=http://backend.gmei.com/hybrid/ache_level\">&#x67E5;&#x770B;&#x75BC;&#x75DB;&#x5206;&#x7EA7;</a></li>\n                <li>&#x7EF4;&#x6301;&#x65F6;&#x95F4;&#xFF1A;<span>&#x6C38;&#x4E45;</span></li>\n                <li>&#x6CBB;&#x7597;&#x65F6;&#x95F4;&#xFF1A;<span>120-180&#x5206;&#x949F;</span></li>\n                <li>&#x53C2;&#x8003;&#x4EF7;&#x683C;&#xFF1A;<span>10000-20000</span></li>\n                <li>&#x9EBB;&#x9189;&#x65B9;&#x5F0F;&#xFF1A;<span>&#x5C40;&#x9EBB;&#xFF0F;&#x5168;&#x9EBB;</span></li>\n                <li>&#x662F;&#x5426;&#x4F4F;&#x9662;&#xFF1A;<span>&#x5426;</span></li>\n                \n                <li>&#x62C6;&#x7EBF;&#x65F6;&#x95F4;&#xFF1A;<span>5-7&#x5929;</span></li>\n            "]},"Desc":{"name":"项目／手术原理","content":"<p>1. &#x753B;&#x7EBF;&#x5207;&#x5F00;&#x3002;</p><p>2. &#x6E05;&#x9664;&#x5965;&#x7F8E;&#x5B9A;&#x3002;</p><p>3. &#x7CBE;&#x786E;&#x7F1D;&#x5408;&#x3002;</p><p><img src=\"http://hera.s.gmei.com/2016/10/13/44e1f07d74\" style=\"width: 300px;\"><br></p>"},"Sample":{"name":"效果示例","content":""},"BeforIdear":{"name":"效果示例","content":"<p>1&#x3001;&#x624B;&#x672F;&#x524D;&#x4E24;&#x5468;&#x5185;&#xFF0C;&#x8BF7;&#x52FF;&#x670D;&#x7528;&#x56FA;&#x9187;&#x6FC0;&#x7D20;&#x548C;&#x963F;&#x65AF;&#x5339;&#x6797;&#x7C7B;&#x6297;&#x51DD;&#x836F;&#x7269;&#x3002;</p><p>2&#x3001;&#x624B;&#x672F;&#x5F53;&#x65E5;&#x4E0D;&#x8981;&#x5316;&#x5986;&#xFF0C;&#x4E5F;&#x4E0D;&#x8981;&#x6234;&#x88C5;&#x9970;&#x7269;&#x7B49;&#xFF0C;&#x672F;&#x524D;&#x505A;&#x597D;&#x6D01;&#x9762;&#x3002;</p><p>3&#x3001;&#x4F8B;&#x5047;&#x671F;&#xFF0C;&#x598A;&#x5A20;&#x524D;&#x671F;(&#x4E09;&#x4E2A;&#x6708;)&#x6216;&#x598A;&#x5A20;&#x540E;&#x671F;(&#x4E09;&#x4E2A;&#x6708;)&#x6682;&#x7F13;&#x624B;&#x672F;&#x3002;</p><p>4&#x3001;&#x672F;&#x524D;&#x9700;&#x8FDB;&#x884C;&#x5E38;&#x89C4;&#x8840;&#x6DB2;&#x3001;&#x5C3F;&#x6DB2;&#x3001;&#x5FC3;&#x7535;&#x56FE;&#x3001;&#x8840;&#x538B;&#x68C0;&#x67E5;&#xFF0C;&#x5982;&#x6709;&#x5FC5;&#x987B;&#x9700;&#x505A;CT&#x68C0;&#x67E5;&#x3002;</p>"},"AfterIdear":{"name":"优点","content":"<p>1.&#x672F;&#x540E;3&#x4E2A;&#x6708;&#x5185;&#x7981;&#x6B62;&#x6309;&#x6469;&#x3002;</p><p>2.&#x672F;&#x540E;&#x4E0D;&#x8981;&#x5728;&#x53D6;&#x51FA;&#x90E8;&#x4F4D;&#x51B0;&#x6577;&#x6216;&#x70ED;&#x6577;&#x3002;</p><p>3.&#x672F;&#x540E;&#x77ED;&#x65F6;&#x95F4;&#x4E4B;&#x5185;&#x8981;&#x907F;&#x514D;&#x505A;&#x5267;&#x70C8;&#x8FD0;&#x52A8;&#x3002;</p><p>4.&#x672F;&#x540E;1&#x5E74;&#x4E4B;&#x5185;&#x8BE5;&#x90E8;&#x4F4D;&#x5C3D;&#x91CF;&#x4E0D;&#x8981;&#x505A;&#x6574;&#x5F62;&#xFF08;&#x5982;&#x6CE8;&#x5C04;&#x6216;&#x586B;&#x5145;&#x79FB;&#x690D;&#x624B;&#x672F;&#xFF09;&#x3002;</p>"},"GoodPoint":{"name":"缺点及风险","content":"<p>1.&#x521B;&#x4F24;&#x8F83;&#x5C0F;&#xFF08;&#x89C6;&#x60C5;&#x51B5;&#x800C;&#x5B9A;&#xFF09;&#x3002;</p><p>2.&#x53D6;&#x51FA;&#x7387;&#x8FBE;&#x5230;90%&#x751A;&#x81F3;&#x63A5;&#x8FD1;100%&#x3002;</p><p>3.&#x4E00;&#x7ECF;&#x53D6;&#x51FA;&#xFF0C;100%&#x63A7;&#x5236;&#x611F;&#x67D3;&#x6392;&#x5F02;&#x7B49;&#x5E76;&#x53D1;&#x75C7;&#x3002;</p>"},"BadPoint":{"name":"术前锦囊","content":"<p>1.&#x624B;&#x672F;&#x96BE;&#x5EA6;&#x5927;&#xFF0C;&#x5BF9;&#x533B;&#x751F;&#x8981;&#x6C42;&#x8F83;&#x9AD8;&#x3002;</p><p>2.&#x6062;&#x590D;&#x65F6;&#x95F4;&#x8F83;&#x4E45;&#x3002;</p><p>3.&#x8D39;&#x7528;&#x6602;&#x8D35;&#x3002;</p><p>4.&#x53EF;&#x80FD;&#x6709;&#x75A4;&#x75D5;&#x3002;</p><p>5.&#x53EF;&#x80FD;&#x611F;&#x67D3;&#x3002;</p>"}}