{"Title":"上睑下垂矫正","Related":{"name":"关联百科","content":[{"relatedId":"484","name":"切开双眼皮"},{"relatedId":"191","name":"微创双眼皮"}]},"ShorDesc":{"name":"简介","content":"<p>&#x9002;&#x5E94;&#x75C7;&#xFF1A;&#x4E0A;&#x7751;&#x4E0B;&#x5782;</p><p>&#x5229;&#x7528;&#x5916;&#x79D1;&#x624B;&#x672F;&#x5C06;&#x4E0D;&#x540C;&#x7A0B;&#x5EA6;&#x4E0D;&#x80FD;&#x53D1;&#x6325;&#x6B63;&#x5E38;&#x529F;&#x80FD;&#x7684;&#x4E0A;&#x7751;&#x63D0;&#x808C;&#x548C;&#x5176;&#x6240;&#x652F;&#x914D;&#x7684;&#x795E;&#x7ECF;&#x8FDB;&#x884C;&#x77EB;&#x6B63;&#xFF0C;&#x4EE5;&#x6062;&#x590D;&#x4E0A;&#x63D0;&#x4E0A;&#x7751;&#x7684;&#x529F;&#x80FD;&#xFF0C;&#x4F7F;&#x4E0B;&#x5782;&#x7684;&#x4E0A;&#x7751;&#x5F97;&#x4EE5;&#x77EB;&#x6B63;&#x3002;</p>"},"Property":{"name":"档案","content":["\n                <li>&#x6CBB;&#x7597;&#x65B9;&#x5F0F;&#xFF1A;<span>&#x624B;&#x672F;</span></li>\n                <li>&#x75BC;&#x75DB;&#x611F;&#xFF1A;<span>2&#x9897;&#x661F;</span><a href=\"gengmei://common_webview?url=http://backend.gmei.com/hybrid/ache_level\">&#x67E5;&#x770B;&#x75BC;&#x75DB;&#x5206;&#x7EA7;</a></li>\n                <li>&#x7EF4;&#x6301;&#x65F6;&#x95F4;&#xFF1A;<span>&#x6C38;&#x4E45;</span></li>\n                <li>&#x6CBB;&#x7597;&#x65F6;&#x95F4;&#xFF1A;<span>60-120&#x5206;&#x949F;</span></li>\n                <li>&#x53C2;&#x8003;&#x4EF7;&#x683C;&#xFF1A;<span>2000-8000</span></li>\n                <li>&#x9EBB;&#x9189;&#x65B9;&#x5F0F;&#xFF1A;<span>&#x5C40;&#x9EBB;</span></li>\n                <li>&#x662F;&#x5426;&#x4F4F;&#x9662;&#xFF1A;<span>&#x5426;</span></li>\n                \n                <li>&#x62C6;&#x7EBF;&#x65F6;&#x95F4;&#xFF1A;<span>0-0&#x5929;</span></li>\n            "]},"Desc":{"name":"项目／手术原理","content":"<p>1.&#x8BBE;&#x8BA1;</p><p>2.&#x5168;&#x8EAB;&#x9EBB;&#x9189;</p><p>3.&#x5207;&#x5F00;&#xFF0C;&#x901A;&#x8FC7;&#x6298;&#x53E0;/&#x7F29;&#x77ED;/&#x7F6E;&#x5165;&#x60AC;&#x540A;&#x6750;&#x6599;&#x7B49;&#xFFFD;&#xFFFD;&#xFFFD;&#x6CD5;&#x77EB;&#x6B63;</p><p>4.&#x7F1D;&#x5408;</p><p><img src=\"http://hera.s.gmei.com/2016/10/12/211303efcb\" style=\"width: 668px;\"><br></p>"},"Sample":{"name":"效果示例","content":"<img src=\"http://hera.s.gmei.com/itemwiki/2016/10/12/749f007f0f-w\">"},"BeforIdear":{"name":"效果示例","content":"<p>1.&#x5973;&#x6027;&#x907F;&#x5F00;&#x6708;&#x7ECF;&#x671F;&#x3001;&#x598A;&#x5A20;&#x524D;&#x671F;(&#x4E09;&#x4E2A;&#x6708;)&#x3001;&#x598A;&#x5A20;&#x540E;&#x671F;(&#x4E09;&#x4E2A;&#x6708;)&#x3002;&#x6708;&#x7ECF;&#x53EF;&#x80FD;&#x4F1A;&#x5BFC;&#x81F4;&#x672F;&#x4E2D;&#x6216;&#x672F;&#x540E;&#x51FA;&#x8840;&#x76F8;&#x5BF9;&#x589E;&#x591A;&#x6216;&#x8005;&#x80BF;&#x80C0;&#x76F8;&#x5BF9;&#x52A0;&#x91CD;&#x73B0;&#x8C61;&#x3002;</p><p>2.&#x624B;&#x672F;&#x524D;&#x4E24;&#x5468;&#x5185;&#xFF0C;&#x8BF7;&#x52FF;&#x670D;&#x7528;&#x56FA;&#x9187;&#x6FC0;&#x7D20;&#x548C;&#x963F;&#x65AF;&#x5339;&#x6797;&#x7B49;&#x6297;&#x51DD;&#x8840;&#x7C7B;&#x836F;&#x7269;&#x548C;&#x8865;&#x54C1;&#x3002;</p><p>3.&#x624B;&#x672F;&#x5F53;&#x65E5;&#x4E0D;&#x8981;&#x5316;&#x5986;&#x3001;&#x6234;&#x88C5;&#x9970;&#x7269;&#x3002;&#x624B;&#x672F;&#x5F53;&#x5929;&#x51C0;&#x9762;&#x3001;&#x6D88;&#x6BD2;&#x3002;</p><p>4.&#x7537;&#x6027;&#x9700;&#x8981;&#x63D0;&#x524D;&#x6212;&#x70DF;&#x4E00;&#x5468;&#x3002;</p><p>5.&#x5E38;&#x89C4;&#x8EAB;&#x4F53;&#x68C0;&#x67E5;&#x2014;&#x2014;&#x5168;&#x8EAB;&#x68C0;&#x67E5;&#x3001;&#x5404;&#x9879;&#x5316;&#x9A8C;&#x68C0;&#x67E5;&#x3002;</p>"},"AfterIdear":{"name":"优点","content":"<p>1&#x3001;&#x672F;&#x540E;&#x538B;&#x8FEB;&#x6B62;&#x8840;&#xFF0C;&#x7EF7;&#x5E26;&#x5305;&#x624E;1-2&#x5929;&#xFF0C;&#x4EE5;&#x9632;&#x8840;&#x80BF;&#x3002; </p><p>2&#x3001;&#x672F;&#x540E;1-3&#x5929;&#x51B0;&#x6577;&#xFF0C;&#x6BCF;&#x5929;&#x4E09;&#x6B21;&#x6BCF;&#x6B21;1&#x5C0F;&#x65F6;&#xFF08;&#x6CE8;&#x610F;&#x4E0D;&#x8981;&#x5F04;&#x6E7F;&#x7EF7;&#x5E26;&#xFF09;</p><p>3&#x3001;&#x53E3;&#x670D;&#x6D88;&#x708E;&#x836F;&#x3001;&#x6B62;&#x8840;&#x836F;3-5&#x5929;</p><p>4&#x3001;&#x62C6;&#x7EBF;&#x524D;&#x6BCF;&#x5929;&#x7528;&#x65E0;&#x83CC;&#x76D0;&#x6C34;&#x6216;&#x533B;&#x7528;&#x9152;</p><p>5&#x3001;&#x672F;&#x540E;2&#x5468;&#x5185;&#x4E0D;&#x8981;&#x770B;&#x7535;&#x89C6;&#x3001;&#x62A5;&#x7EB8;&#xFF0C;&#x5367;&#x5E8A;&#x4F11;&#x606F;&#x65F6;&#x6700;&#x597D;&#x534A;&#x5367;&#x4F4D;(&#x628A;&#x6795;&#x5934;&#x57AB;&#x9AD8;)&#xFF0C;&#x4EE5;&#x51CF;&#x8F7B;&#x773C;&#x7751;&#x90E8;&#x80BF;&#x80C0;&#xFF0C;&#x907F;&#x514D;&#x773C;&#x775B;&#x8FC7;&#x5EA6;&#x75B2;&#x52B3;&#x3002;</p><p>6&#x3001;&#x672F;&#x540E;&#x4E24;&#x5468;&#x5185;&#x4E25;&#x7981;&#x670D;&#x7528;&#x963F;&#x53F8;&#x5339;&#x6797;&#x3001;&#x6CD5;&#x6797;&#xFF0C;&#x6FC0;&#x7D20;&#xFF0C;&#x53CA;&#x6D3B;&#x8840;&#x5316;&#x6DE4;&#x7B49;&#x836F;&#x7269;&#x3002;</p><p>7&#x3001;&#x672F;&#x540E;&#x53EF;&#x4F69;&#x6234;&#x58A8;&#x955C;&#xFF0C;2&#x5468;&#x4EE5;&#x540E;&#x65B9;&#x53EF;&#x6234;&#x9690;&#x5F62;&#x773C;&#x955C;&#xFF0C;1&#x4E2A;&#x6708;&#x4EE5;&#x540E;&#x65B9;&#x53EF;&#x8D34;&#x5047;&#x773C;&#x776B;&#x6BDB;&#x3002;</p><p>8&#x3001;&#x4E00;&#x4E2A;&#x6708;&#x5185;&#x52FF;&#x98DF;&#x70DF;&#x9152;&#x3001;&#x8165;&#x3001;&#x8FA3;&#x7B49;&#x523A;&#x6FC0;&#x6027;&#x98DF;&#x7269;&#xFF0C;&#x7F8A;&#x8089;&#xFF0C;&#x9C7C;&#x7B49;&#xFF0C;&#x4EE5;&#x6E05;&#x6DE1;&#x8425;&#x517B;&#x996E;&#x98DF;&#x4E3A;&#x4F73;&#x3002;&#x4E00;&#x4E2A;&#x6708;&#x5185;&#x4E0D;&#x8981;&#x5316;&#x5986;&#xFF0C;&#x5207;&#x4E0D;&#x53EF;&#x4F7F;&#x7528;&#x542B;&#x6709;&#x91CD;&#x91D1;&#x5C5E;&#x7684;&#x5316;&#x5986;&#x62A4;&#x80A4;&#x54C1;&#xFF0C;&#x6709;&#x53EF;&#x80FD;&#x52A0;&#x91CD;&#x75A4;&#x75D5;&#x589E;&#x751F;&#x3002;</p>"},"GoodPoint":{"name":"缺点及风险","content":"<p>1&#x3001;&#x6539;&#x5584;&#x4E0A;&#x7751;&#x4E0B;&#x5782;&#x3001;&#x77B3;&#x5B54;&#x88AB;&#x906E;&#x76D6;&#x7684;&#x60C5;&#x51B5;&#x3002;</p>"},"BadPoint":{"name":"术前锦囊","content":"<p>1.&#x590D;&#x53D1;&#x7387;&#x8F83;&#x9AD8;&#xFF0C;&#x6240;&#x4EE5;&#x9700;&#x8981;&#x8FC7;&#x5EA6;&#x77EB;&#x6B63;&#x3002;</p><p>2.&#x77EB;&#x6B63;&#x4E0D;&#x5F53;&#x53EF;&#x80FD;&#x5BFC;&#x81F4;&#x53CC;&#x773C;&#x4E0D;&#x5BF9;&#x79F0;&#x3002;</p><p>3.&#x6062;&#x590D;&#x671F;&#x8F83;&#x957F;&#xFF0C;&#x672F;&#x540E;&#x4F1A;&#x6709;&#x6682;&#x65F6;&#x6027;&#x7684;&#x773C;&#x775B;&#x95ED;&#x5408;&#x4E0D;&#x5168;&#x95EE;&#x9898;&#x3002;</p><p>4.&#x6682;&#x65F6;&#x6027;&#x7728;&#x773C;&#x6B21;&#x6570;&#x51CF;&#x5C11;&#x3001;&#x529F;&#x80FD;&#x4E27;&#x5931;&#x3002;</p><p>5.&#x7761;&#x89C9;&#x65F6;&#x773C;&#x7403;&#x4E0D;&#x80FD;&#x81EA;&#x52A8;&#x4E0A;&#x7FFB;&#xFF08;&#x6682;&#x65F6;&#x6027;&#xFF09;&#x3002;</p><p>6.&#x4EE5;&#x4E0A;&#x4E09;&#x79CD;&#x95EE;&#x9898;&#x53EF;&#x80FD;&#x5BFC;&#x81F4;&#x66B4;&#x9732;&#x6027;&#x89D2;&#x819C;&#x708E;&#xFF0C;&#x89D2;&#x819C;&#x6E83;&#x75A1;&#x3002;</p><p>7.&#x53EF;&#x80FD;&#x51FA;&#x73B0;&#x611F;&#x67D3;&#x3001;&#x75A4;&#x75D5;&#x589E;&#x751F;&#x3002;</p>"}}