{"Title":"咬肌切除术","Related":{"name":"关联百科","content":[{"relatedId":"227","name":"面颊吸脂"},{"relatedId":"687","name":"溶脂针"},{"relatedId":"498","name":"瘦脸针"},{"relatedId":"228","name":"祛颊脂垫"}]},"ShorDesc":{"name":"简介","content":"<p>&#x9002;&#x5E94;&#x75C7;&#xFF1A;&#x54AC;&#x808C;&#x80A5;&#x5927;</p><p>&#x901A;&#x8FC7;&#x624B;&#x672F;&#x7684;&#x65B9;&#x6CD5;&#x76F4;&#x63A5;&#x5C06;&#x80A5;&#x5927;&#x7684;&#x54AC;&#x808C;&#x90E8;&#x5206;&#x5207;&#x9664;&#xFF0C;&#x4EE5;&#x6B64;&#x6765;&#x6539;&#x5584;&#x4E0B;&#x988C;&#x89D2;&#x5F62;&#x6001;&#xFF0C;&#x8BA9;&#x5706;&#x8138;&#x3001;&#x65B9;&#x8138;&#x53D8;&#x74DC;&#x5B50;&#x8138;&#x3002;</p>"},"Property":{"name":"档案","content":["\n                <li>&#x6CBB;&#x7597;&#x65B9;&#x5F0F;&#xFF1A;<span>&#x624B;&#x672F;</span></li>\n                <li>&#x75BC;&#x75DB;&#x611F;&#xFF1A;<span>3&#x9897;&#x661F;</span><a href=\"gengmei://common_webview?url=http://backend.gmei.com/hybrid/ache_level\">&#x67E5;&#x770B;&#x75BC;&#x75DB;&#x5206;&#x7EA7;</a></li>\n                <li>&#x7EF4;&#x6301;&#x65F6;&#x95F4;&#xFF1A;<span>&#x6C38;&#x4E45;</span></li>\n                <li>&#x6CBB;&#x7597;&#x65F6;&#x95F4;&#xFF1A;<span>90-120&#x5206;&#x949F;</span></li>\n                <li>&#x53C2;&#x8003;&#x4EF7;&#x683C;&#xFF1A;<span>10000-20000</span></li>\n                <li>&#x9EBB;&#x9189;&#x65B9;&#x5F0F;&#xFF1A;<span>&#x5168;&#x9EBB;</span></li>\n                <li>&#x662F;&#x5426;&#x4F4F;&#x9662;&#xFF1A;<span>&#x5426;</span></li>\n                \n                <li>&#x62C6;&#x7EBF;&#x65F6;&#x95F4;&#xFF1A;<span>7-10&#x5929;</span></li>\n            "]},"Desc":{"name":"项目／手术原理","content":""},"Sample":{"name":"效果示例","content":"<img src=\"http://hera.s.gmei.com/itemwiki/2016/10/12/4d0ae9aceb-w\">"},"BeforIdear":{"name":"效果示例","content":"<p>1&#x3001;&#x505A;&#x5168;&#x8EAB;&#x5E38;&#x89C4;&#x68C0;&#x67E5;&#xFF1A;&#x8840;&#x5E38;&#x89C4;&#x3001;&#x5C3F;&#x5E38;&#x89C4;&#x3001;&#x809D;&#x529F;&#x3001;&#x80BE;&#x529F;&#x3001;&#x5FC3;&#x7535;&#x56FE;&#x3001;&#x8840;&#x538B;&#x7B49;&#x3002;</p><p>2&#x3001;&#x907F;&#x5F00;&#x6708;&#x7ECF;&#x671F;&#x3001;&#x907F;&#x514D;&#x611F;&#x5192;&#x3002;</p><p>3&#x3001;&#x672F;&#x524D;&#x4E00;&#x5929;/&#x5F53;&#x5929;&#x8BA4;&#x771F;&#x6E05;&#x6D17;&#x5168;&#x8EAB;&#x3001;&#x5934;&#x9762;&#x90E8;&#x3002;</p><p>4&#x3001;&#x5982;&#x4F7F;&#x7528;&#x5168;&#x8EAB;&#x9EBB;&#x9189;&#x65B9;&#x6CD5;&#xFF0C;&#x672F;&#x524D;6&#x5C0F;&#x65F6;&#x7981;&#x98DF;&#x7981;&#x6C34;&#xFF08;&#x4EE5;&#x514D;&#x624B;&#x672F;&#x65F6;&#x4EE3;&#x8C22;&#x7269;&#x4E0D;&#x81EA;&#x4E3B;&#x6392;&#x51FA;&#xFF09;&#x3002;</p><p>5&#x3001;&#x7B7E;&#x7F72;&#x624B;&#x672F;&#x540C;&#x610F;&#x4E66;&#x3001;&#x9EBB;&#x9189;&#x540C;&#x610F;&#x4E66;&#x3002;</p><p>6&#x3001;&#x672F;&#x524D;&#x7167;&#x76F8;&#x3002;</p>"},"AfterIdear":{"name":"优点","content":"<p>1&#x3001;&#x672F;&#x540E;&#x5C40;&#x90E8;&#x52A0;&#x538B;&#x5305;&#x624E;3&#x5929;&#x3002;</p><p>2&#x3001;&#x5168;&#x9EBB;&#x672F;&#x540E;4-6&#x5C0F;&#x65F6;&#x540E;&#x624D;&#x53EF;&#x996E;&#x6C34;&#x3001;&#x8FDB;&#x98DF;&#x3002;</p><p>3&#x3001;&#x672F;&#x540E;&#x670D;&#x7528;3-5&#x5929;&#x6297;&#x751F;&#x7D20;&#x3002;</p><p>4&#x3001;&#x672F;&#x540E;3&#x5929;&#x8FDB;&#x6D41;&#x98DF;&#xFF0C;4-7&#x5929;&#x53EF;&#x4EE5;&#x98DF;&#x7528;&#x534A;&#x6D41;&#x98DF;&#x3002;</p><p>5&#x3001;&#x53E3;&#x5185;&#x5207;&#x53E3;&#x624B;&#x672F;&#x62C6;&#x7EBF;&#x524D;&#x4E0D;&#x80FD;&#x5237;&#x7259;&#xFF0C;&#x9910;&#x540E;&#x7761;&#x524D;&#x5FC5;&#x987B;&#x7528;&#x533B;&#x7528;&#x6F31;&#x53E3;&#x6C34;&#x6D88;&#x6BD2;&#x53E3;&#x8154;&#x3002;</p>"},"GoodPoint":{"name":"缺点及风险","content":"<p>1.&#x54AC;&#x808C;&#x662F;&#x5728;&#x53E3;&#x5185;&#x5207;&#x9664;&#xFF0C;&#x8868;&#x9762;&#x4E0D;&#x4F1A;&#x7559;&#x75A4;&#x3002;</p><p>2.&#x6548;&#x679C;&#x6C38;&#x4E45;&#x3002;</p><p>3.&#x5BF9;&#x54AC;&#x808C;&#x80A5;&#x5927;&#x9020;&#x6210;&#x7684;&#x5927;&#x8138;&#x6548;&#x679C;&#x5F88;&#x597D;&#x3002;</p>"},"BadPoint":{"name":"术前锦囊","content":"<p>1&#x3001;&#x76F8;&#x5BF9;&#x4E8E;&#x6CE8;&#x5C04;&#x8089;&#x6BD2;&#x7D20;&#x6765;&#x8BF4;&#xFF0C;&#x526F;&#x4F5C;&#x7528;&#x591A;&#x3001;&#x6062;&#x590D;&#x65F6;&#x95F4;&#x957F;&#x3001;&#x5E76;&#x53D1;&#x75C7;&#x591A;&#x3002;</p>"}}