{"Title":"肉毒素缩鼻头","Related":{"name":"关联百科","content":[{"relatedId":"216","name":"鼻头缩小"},{"relatedId":"376","name":"鼻翼缩小"},{"relatedId":"680","name":"鼻尖抬高"},{"relatedId":"679","name":"鼻尖延长"}]},"ShorDesc":{"name":"简介","content":""},"Property":{"name":"档案","content":[]},"Desc":{"name":"项目／手术原理","content":""},"Sample":{"name":"效果示例","content":""},"BeforIdear":{"name":"效果示例","content":""},"AfterIdear":{"name":"优点","content":"<p>1.&#x9488;&#x773C;&#x5904;&#x6D82;&#x7EA2;&#x9709;&#x7D20;&#x818F;&#xFF0C;24&#x5C0F;&#x65F6;&#x4E0D;&#x6CBE;&#x6C34;&#xFF0C;&#x9488;&#x773C;&#x5904;&#x4E0D;&#x64E6;&#x62A4;&#x80A4;&#x54C1;&#x3002;</p><p>2.&#x6CE8;&#x5C04;&#x540E;48h&#x5185;&#xFF0C;&#x5C3D;&#x91CF;&#x4FDD;&#x6301;&#x6CE8;&#x5C04;&#x90E8;&#x4F4D;&#x9759;&#x6B62;&#xFF0C;&#x52FF;&#x505A;&#x8FC7;&#x591A;&#x7684;&#x9762;&#x90E8;&#x8868;&#x60C5;&#x3002;</p><p>3.&#x6CE8;&#x5C04;&#x540E;3&#x5929;&#x5185;&#x5C3D;&#x91CF;&#x4E0D;&#x8981;&#x84B8;&#x6851;&#x62FF;&#x3001;&#x7528;&#x84B8;&#x6C7D;&#x84B8;&#x8138;&#x3002;</p><p>4.&#x51CF;&#x5C11;&#x8868;&#x60C5;&#x548C;&#x5480;&#x56BC;&#x6D3B;&#x52A8;&#xFF0C;&#x4E0D;&#x5403;&#x8F9B;&#x8FA3;&#x523A;&#x6FC0;&#x6027;&#x98DF;&#x7269;&#xFF0C;&#x4E0D;&#x5480;&#x56BC;&#x8FC7;&#x786C;&#x98DF;&#x7269;&#xFF0C;&#x4E0D;&#x505A;&#x5267;&#x70C8;&#x8FD0;&#x52A8;&#x3002;</p>"},"GoodPoint":{"name":"缺点及风险","content":""},"BadPoint":{"name":"术前锦囊","content":""}}