{"Title":"双美（国产）","Related":{"name":"关联百科","content":[{"relatedId":"714","name":"胶原蛋白除皱"},{"relatedId":"671","name":"鱼尾纹"},{"relatedId":"711","name":"抬头纹"},{"relatedId":"710","name":"法令纹"}]},"ShorDesc":{"name":"简介","content":"<p class=\"MsoNormal\" align=\"left\">&#x54C1;&#x724C;&#x540D;&#x79F0;&#xFF1A;&#x53CC;&#x7F8E;</p><p class=\"MsoNormal\" align=\"left\">&#x751F;&#x4EA7;&#x5546;&#xFF1A;&#x53CC;&#x7F8E;&#x751F;&#x7269;&#x79D1;&#x6280;&#x80A1;&#x4EFD;&#x6709;&#x9650;&#x516C;&#x53F8;</p><p class=\"MsoNormal\" align=\"left\">&#x6210;&#x5206;&#xFF1A;&#x80F6;&#x539F;&#x86CB;&#x767D;</p><p class=\"MsoNormal\" align=\"left\"><span lang=\"EN-US\"><o:p></o:p></span></p><p class=\"MsoNormal\" align=\"left\">&#x7EF4;&#x6301;&#x65F6;&#x95F4;&#xFF1A;12-18&#x4E2A;&#x6708;</p><p class=\"MsoNormal\" align=\"left\">&#x89C4;&#x683C;&#xFF1A;<span style=\"text-align: justify;\">&#x53CC;&#x7F8E;</span><span style=\"text-align: justify;\"> I </span><span style=\"text-align: justify;\">&#x53F7;&#x3001;</span>&#x53CC;&#x7F8E; I &#x53F7;-Plus</p><p class=\"MsoNormal\" align=\"left\">&#x4F5C;&#x7528;&#xFF1A;<span style=\"text-align: justify;\">&#x901A;&#x8FC7;&#x6CE8;&#x5C04;&#xFF0C;&#x589E;&#x52A0;&#x771F;&#x76AE;&#x5C42;&#x7EC4;&#x7EC7;&#x7684;&#x80F6;&#x539F;&#x86CB;&#x767D;&#x542B;&#x91CF;&#xFF0C;&#x4ECE;&#x800C;&#x629A;&#x5E73;&#x76B1;&#x7EB9;&#x96D5;&#x5851;&#x5B8C;&#x7F8E;&#x7684;&#x808C;&#x80A4;&#xFF0C;&#x8BF1;&#x5BFC;&#x81EA;&#x4F53;&#x80F6;&#x539F;&#x589E;&#x751F;&#x4E0E;&#x4FEE;&#x590D;&#xFF0C;&#x4EE4;&#x808C;&#x80A4;&#x5145;&#x6EE1;&#x5F39;&#x6027;&#x4E0E;&#x5149;&#x6CFD;&#x3002;</span></p><p></p><p class=\"MsoNormal\">&#x8BA4;&#x8BC1;&#xFF1A;&#x4E2D;&#x56FD;&#x56FD;&#x5BB6;&#x98DF;&#x54C1;&#x836F;&#x54C1;&#x76D1;&#x7763;&#x7BA1;&#x7406;&#x5C40;&#xFF08;<span lang=\"EN-US\">CFDA</span>&#xFF09;<span style=\"line-height: 1.42857;\">&#x3001;</span><span lang=\"EN-US\" style=\"line-height: 1.42857;\">CE</span><span style=\"line-height: 1.42857;\">&#xFF08;&#x6B27;&#x76DF;&#xFF09;</span><span style=\"line-height: 1.42857;\">&#x3002;</span></p><p class=\"MsoNormal\"><img src=\"http://hera.s.gmei.com/2016/10/18/18720d02be\" style=\"width: 701px;\"></p><p class=\"MsoNormal\"><img src=\"http://hera.s.gmei.com/2016/10/18/b413790dd1\" style=\"width: 697px;\"><br></p>"},"Property":{"name":"档案","content":[]},"Desc":{"name":"项目／手术原理","content":""},"Sample":{"name":"效果示例","content":""},"BeforIdear":{"name":"效果示例","content":""},"AfterIdear":{"name":"优点","content":""},"GoodPoint":{"name":"缺点及风险","content":""},"BadPoint":{"name":"术前锦囊","content":""}}