{"Title":"水光针","Related":{"name":"关联百科","content":[{"relatedId":"537","name":"微针水光"},{"relatedId":"536","name":"玻尿酸精华导入"},{"relatedId":"535","name":"无针水光"},{"relatedId":"432","name":"PRP自体血清美肤"}]},"ShorDesc":{"name":"简介","content":"<p>&#x9002;&#x5E94;&#x75C7;&#xFF1A;&#x76AE;&#x80A4;&#x5E72;&#x71E5;&#x3001;&#x76AE;&#x80A4;&#x7C97;&#x7CD9;&#x3001;&#x6BDB;&#x5B54;&#x7C97;&#x5927;&#x3001;&#x5E72;&#x7EB9;&#x7EC6;&#x7EB9;&#x3001;&#x80A4;&#x8272;&#x4E0D;&#x5747;&#x3001;&#x80A4;&#x8272;&#x6697;&#x6C89;</p><p>&#x5229;&#x7528;&#x591A;&#x9488;&#x5934;&#x7684;&#x6C34;&#x5149;&#x67AA;&#x5C06;&#x73BB;&#x5C3F;&#x9178;&#x3001;&#x80F6;&#x539F;&#x86CB;&#x767D;&#x3001;&#x8089;&#x6BD2;&#x7D20;&#x3001;VC&#x7B49;&#x836F;&#x54C1;&#x76F4;&#x63A5;&#x6CE8;&#x5165;&#x771F;&#x76AE;&#x5C42;&#xFF0C;&#x8FBE;&#x5230;&#x8865;&#x6C34;&#x3001;&#x5AE9;&#x80A4;&#x3001;&#x7F8E;&#x767D;&#x7B49;&#x4F5C;&#x7528;&#x3002;</p>"},"Property":{"name":"档案","content":["\n                <li>&#x6CBB;&#x7597;&#x65B9;&#x5F0F;&#xFF1A;<span>&#x6CE8;&#x5C04;</span></li>\n                <li>&#x75BC;&#x75DB;&#x611F;&#xFF1A;<span>1&#x9897;&#x661F;</span><a href=\"gengmei://common_webview?url=http://backend.gmei.com/hybrid/ache_level\">&#x67E5;&#x770B;&#x75BC;&#x75DB;&#x5206;&#x7EA7;</a></li>\n                <li>&#x7EF4;&#x6301;&#x65F6;&#x95F4;&#xFF1A;<span>&#x56E0;&#x4EBA;&#x800C;&#x5F02;</span></li>\n                <li>&#x6CBB;&#x7597;&#x65F6;&#x95F4;&#xFF1A;<span>60-90&#x5206;&#x949F;</span></li>\n                <li>&#x53C2;&#x8003;&#x4EF7;&#x683C;&#xFF1A;<span>3000-12000</span></li>\n                <li>&#x9EBB;&#x9189;&#x65B9;&#x5F0F;&#xFF1A;<span>&#x65E0;</span></li>\n                <li>&#x662F;&#x5426;&#x4F4F;&#x9662;&#xFF1A;<span>&#x5426;</span></li>\n                \n                <li>&#x62C6;&#x7EBF;&#x65F6;&#x95F4;&#xFF1A;<span>0-0&#x5929;</span></li>\n            "]},"Desc":{"name":"项目／手术原理","content":"<p>1.&#x5916;&#x6577;&#x8868;&#x9762;&#x9EBB;&#x9189;&#x836F;&#x7269;&#x3001;&#x9762;&#x90E8;&#x6D88;&#x6BD2;&#x3002;</p><p>2.&#x7528;&#x6C34;&#x5149;&#x4EEA;&#x5668;&#xFF08;&#x5982;&#x5FB7;&#x739B;&#x838E;&#xFF09;&#x5C06;&#x836F;&#x54C1;&#x5B9A;&#x70B9;&#x3001;&#x5B9A;&#x91CF;&#x7684;&#x6CE8;&#x5C04;&#x5728;&#x771F;&#x76AE;&#x5C42;&#x3002;</p><p>3.&#x51B0;&#x6577;&#x3001;&#x6577;&#x533B;&#x7528;&#x65E0;&#x83CC;&#x8865;&#x6C34;&#x9547;&#x9759;&#x9762;&#x819C;&#x3002;</p><p><img src=\"http://hera.s.gmei.com/2016/10/11/ecd40af274\" style=\"width: 343px;\"><br></p>"},"Sample":{"name":"效果示例","content":"<img src=\"http://hera.s.gmei.com/itemwiki/2016/10/11/4b5a7b6317-w\">"},"BeforIdear":{"name":"效果示例","content":"<p>1.&#x907F;&#x5F00;&#x6708;&#x7ECF;&#x671F;&#x3001;&#x598A;&#x5A20;&#x671F;&#xFF0C;&#x4EE5;&#x514D;&#x52A0;&#x91CD;&#x51FA;&#x8840;&#x548C;&#x80BF;&#x80C0;&#x3002;</p><p>2.&#x672F;&#x524D;7&#x5929;&#x7981;&#x670D;&#x6297;&#x51DD;&#x836F;&#x7269;&#xFF08;&#x5982;&#x963F;&#x53F8;&#x5339;&#x6797;&#xFF09;&#x3002;</p><p>3.&#x7D20;&#x989C;&#xFF0C;&#x6CBB;&#x7597;&#x524D;&#x5145;&#x5206;&#x6D01;&#x9762;&#x3001;&#x6D88;&#x6BD2;&#x6740;&#x83CC;&#x3002;</p><p>4. &#x6CBB;&#x7597;&#x524D;1&#x4E2A;&#x6708;&#x5185;&#xFF0C;&#x907F;&#x514D;&#x66B4;&#x6652;&#x3002;</p>"},"AfterIdear":{"name":"优点","content":"<p>1.&#x6CE8;&#x5C04;&#x540E;&#x7ACB;&#x5373;&#x51B0;&#x6577;&#xFF0C;&#x53EF;&#x7F13;&#x89E3;&#x7EA2;&#x80BF;&#x548C;&#x75BC;&#x75DB;&#x3002;</p><p>2.&#x6CE8;&#x5C04;&#x540E;24h&#x5185;&#xFF0C;&#x9488;&#x773C;&#x4E0D;&#x80FD;&#x6CBE;&#x6C34;&#x3001;&#x4E0D;&#x5B9C;&#x6D17;&#x8138;&#x3001;&#x4FDD;&#x6301;&#x6E05;&#x6D01;&#x5E72;&#x71E5;&#x3002;</p><p>3.&#x4F7F;&#x7528;&#x65E0;&#x83CC;&#x4FDD;&#x6E7F;&#x9762;&#x819C;&#x3001;&#x4FEE;&#x590D;&#x9762;&#x819C;&#x6216;EGF&#x8868;&#x76AE;&#x751F;&#x957F;&#x56E0;&#x5B50;&#xFF08;&#x4FEE;&#x590D;&#x80BD;&#xFF09;&#x7B49;&#x4EA7;&#x54C1;&#x3002;</p><p>4.&#x4E25;&#x683C;&#x9632;&#x6652;&#xFF0C;&#x4F7F;&#x7528;SPF30+&#x7684;&#x9632;&#x6652;&#x971C;&#x3001;&#x58A8;&#x955C;&#x3001;&#x906E;&#x9633;&#x4F1E;&#x3002;</p><p>5.&#x6CBB;&#x7597;&#x540E;1&#x5468;&#x5185;&#xFF0C;&#x4E25;&#x7981;&#x4F7F;&#x7528;&#x542B;&#x523A;&#x6FC0;&#x6027;&#x6210;&#x5206;&#xFF08;&#x679C;&#x9178;&#x3001;&#x6C34;&#x6768;&#x9178;&#x3001;&#x9152;&#x7CBE;&#x3001;&#x9AD8;&#x6D53;&#x5EA6;&#x5DE6;&#x65CB;VC&#x7B49;&#xFF09;&#x7684;&#x62A4;&#x80A4;&#x54C1;&#x3002;</p><p>6.&#x4E25;&#x7981;&#x8F9B;&#x8FA3;&#x523A;&#x6FC0;&#x6027;&#x98DF;&#x7269;&#x3002;</p>"},"GoodPoint":{"name":"缺点及风险","content":"<p>1.&#x5B89;&#x5168;&#x3001;&#x89C1;&#x6548;&#x5FEB;&#x3001;&#x6062;&#x590D;&#x671F;&#x77ED;&#x3002;</p><p>2.&#x8865;&#x6C34;&#x3001;&#x4FDD;&#x6E7F;&#x3001;&#x5AE9;&#x80A4;&#x3001;&#x6539;&#x5584;&#x6697;&#x6C89;&#x3001;&#x6DE1;&#x5316;&#x75D8;&#x5370;&#x75D8;&#x5751;&#x3001;&#x6539;&#x5584;&#x5E72;&#x7EB9;&#x7EC6;&#x7EB9;&#x3002;</p>"},"BadPoint":{"name":"术前锦囊","content":"<p>1.&#x9700;&#x591A;&#x6B21;&#x6CE8;&#x5C04;&#x3001;&#x7EF4;&#x6301;&#x65F6;&#x95F4;&#x8F83;&#x77ED;&#x3002;</p><p>2.&#x6CE8;&#x5C04;&#x540E;&#x76AE;&#x80A4;&#x5C11;&#x91CF;&#x51FA;&#x8840;&#x3001;&#x9762;&#x90E8;&#x53D1;&#x7EA2;&#x3001;3&#x5929;&#x4E0D;&#x80FD;&#x5316;&#x5986;&#x3002;</p>"}}