{"Title":"自体脂肪丰唇","Related":{"name":"关联百科","content":[{"relatedId":"472","name":"M唇"},{"relatedId":"262","name":"玻尿酸丰唇"},{"relatedId":"261","name":"厚唇改薄"},{"relatedId":"471","name":"嘴角上提术"}]},"ShorDesc":{"name":"简介","content":"<p>&#x9002;&#x5E94;&#x75C7;&#xFF1A;&#x5634;&#x5507;&#x8FC7;&#x8584;</p><p>&#x4ECE;&#x53D7;&#x672F;&#x8005;&#x8102;&#x80AA;&#x5806;&#x79EF;&#x7684;&#x90E8;&#x4F4D;&#x62BD;&#x53D6;&#x8102;&#x80AA;&#x9897;&#x7C92;&#xFF0C;&#x7ECF;&#x7279;&#x6B8A;&#x5904;&#x7406;&#x540E;&#x6CE8;&#x5C04;&#x5230;&#x7EA2;&#x5507;&#x76AE;&#x4E0B;&#x3002;</p>"},"Property":{"name":"档案","content":["\n                <li>&#x6CBB;&#x7597;&#x65B9;&#x5F0F;&#xFF1A;<span>&#x624B;&#x672F;</span></li>\n                <li>&#x75BC;&#x75DB;&#x611F;&#xFF1A;<span>2&#x9897;&#x661F;</span><a href=\"gengmei://common_webview?url=http://backend.gmei.com/hybrid/ache_level\">&#x67E5;&#x770B;&#x75BC;&#x75DB;&#x5206;&#x7EA7;</a></li>\n                <li>&#x7EF4;&#x6301;&#x65F6;&#x95F4;&#xFF1A;<span>&#x6C38;&#x4E45;</span></li>\n                <li>&#x6CBB;&#x7597;&#x65F6;&#x95F4;&#xFF1A;<span>30-60&#x5206;&#x949F;</span></li>\n                <li>&#x53C2;&#x8003;&#x4EF7;&#x683C;&#xFF1A;<span>3000-10000</span></li>\n                <li>&#x9EBB;&#x9189;&#x65B9;&#x5F0F;&#xFF1A;<span>&#x5C40;&#x9EBB;&#xFF0F;&#x5168;&#x9EBB;</span></li>\n                <li>&#x662F;&#x5426;&#x4F4F;&#x9662;&#xFF1A;<span>&#x5426;</span></li>\n                \n                <li>&#x62C6;&#x7EBF;&#x65F6;&#x95F4;&#xFF1A;<span>5-7&#x5929;</span></li>\n            "]},"Desc":{"name":"项目／手术原理","content":"<p>1. &#x53EF;&#x53D6;&#x8179;&#x3001;&#x81C0;&#x3001;&#x5927;&#x817F;&#x6216;&#x4E0A;&#x81C2;&#x7B49;&#x5904;&#x7684;&#x8102;&#x80AA;&#xFF0C;&#x7528;&#x5438;&#x8102;&#x6CD5;&#x62BD;&#x51FA;&#x3002;</p><p>2. &#x8102;&#x80AA;&#x9897;&#x7C92;&#x7EAF;&#x5316;&#x3002;</p><p>3. &#x9EBB;&#x9189;&#x3002;</p><p>4. &#x6CE8;&#x5C04;&#xFF1A;&#x5728;&#x6E7F;&#x5507;(&#x5634;&#x5507;&#x5728;&#x53E3;&#x8154;&#x5185;&#x7684;&#x90E8;&#x5206;)&#x9760;&#x8FD1;&#x5634;&#x89D2;&#x7684;&#x4F4D;&#x7F6E;&#x5C06;&#x9488;&#x7BA1;&#x624E;&#x5165;&#xFF0C;&#x7F13;&#x6162;&#x7684;&#x5C06;&#x81EA;&#x4F53;&#x8102;&#x80AA;&#x63A8;&#x5165;&#x3002;</p><p>5. &#x533B;&#x751F;&#x901A;&#x8FC7;&#x6309;&#x6469;&#xFF0C;&#x5C06;&#x6750;&#x6599;&#x5747;&#x5300;&#x63A8;&#x5F00;&#xFF0C;&#x4F7F;&#x5507;&#x8FBE;&#x5230;&#x9971;&#x6EE1;&#x5145;&#x76C8;&#x7684;&#x72B6;&#x6001;&#x3002;</p><p><img src=\"http://hera.s.gmei.com/2016/10/12/044af0f3af\" style=\"width: 554px;\"><br></p>"},"Sample":{"name":"效果示例","content":"<img src=\"http://hera.s.gmei.com/itemwiki/2016/10/12/3b8570f73b-w\">"},"BeforIdear":{"name":"效果示例","content":"<p>1&#x3001;&#x624B;&#x672F;&#x5F53;&#x65E5;&#x4E0D;&#x8981;&#x5316;&#x5986;&#xFF0C;&#x4E5F;&#x4E0D;&#x8981;&#x6234;&#x88C5;&#x9970;&#x7269;&#x7B49;&#x3002;</p><p>2&#x3001;&#x598A;&#x5A20;&#x524D;&#x671F;(&#x4E09;&#x4E2A;&#x6708;)&#x6216;&#x598A;&#x5A20;&#x540E;&#x671F;(&#x4E09;&#x4E2A;&#x6708;)&#x6682;&#x7F13;&#x624B;&#x672F;&#x3002;</p><p>3&#x3001;&#x672F;&#x524D;&#x4E24;&#x5468;&#x7981;&#x670D;&#x6297;&#x51DD;&#x836F;&#x7269;&#xFF08;&#x5982;&#x963F;&#x65AF;&#x5339;&#x6797;,&#x7EF4;&#x751F;&#x7D20;E&#x7B49;&#xFF09;&#x3002;</p><p>4&#x3001;&#x672F;&#x524D;&#x4E00;&#x5468;&#x6212;&#x70DF;&#x9152;&#x3002;</p><p>5&#x3001;&#x5973;&#x751F;&#x5E94;&#x907F;&#x5F00;&#x751F;&#x7406;&#x5468;&#x671F;&#x3002;</p><p>6&#x3001;&#x672F;&#x524D;&#x4E00;&#x5929;&#x6E05;&#x6D01;&#x5934;&#x9762;&#x4E0E;&#x8EAB;&#x4F53;&#xFF08;&#x672F;&#x540E;7&#x5929;&#x4E0D;&#x80FD;&#x6D17;&#x6FA1;&#xFF09;&#x3002;</p><p>7&#x3001;&#x4E0E;&#x533B;&#x751F;&#x5145;&#x5206;&#x6C9F;&#x901A;&#x8BBE;&#x8BA1;&#x5168;&#x9762;&#x90E8;&#x586B;&#x5145;&#x65B9;&#x6848;&#x3002;</p><p>8&#x3001;&#x914D;&#x5408;&#x533B;&#x9662;&#x505A;&#x5168;&#x8EAB;&#x68C0;&#x67E5;&#x3002;</p>"},"AfterIdear":{"name":"优点","content":"<p>1&#x3001;&#x672F;&#x540E;&#x5C3D;&#x91CF;&#x597D;&#x597D;&#x4F11;&#x606F;&#x3002;</p><p>2&#x3001;&#x624B;&#x672F;&#x90E8;&#x4F4D;&#x548C;&#x6CE8;&#x5C04;&#x90E8;&#x4F4D;7&#x5929;&#x4E0D;&#x80FD;&#x6CBE;&#x6C34;&#x3002;</p><p>3&#x3001;&#x9075;&#x7167;&#x533B;&#x5631;&#x670D;&#x6297;&#x751F;&#x7D20;3&#xFF5E;5&#x5929;&#x3002;</p><p>4&#x3001;&#x672F;&#x540E;&#x4E24;&#x5929;&#x5185;&#x8102;&#x80AA;&#x62BD;&#x5438;&#x90E8;&#x4F4D;&#x4F1A;&#x6709;&#x5C11;&#x91CF;&#x8840;&#x6DB2;&#x4E0E;&#x80BF;&#x80C0;&#x6DB2;&#x6E17;&#x51FA;&#xFF0C;&#x5E94;&#x6309;&#x65F6;&#x6765;&#x533B;&#x9662;&#x66F4;&#x6362;&#x3002;</p><p>5&#x3001;&#x672F;&#x540E;&#x5E94;&#x7A7F;&#x5F39;&#x529B;&#x7D27;&#x8EAB;&#x8863;&#xFF08;&#x88E4;&#xFF09;&#x81F3;&#x5C11;1&#x4E2A;&#x6708;&#x3002;</p><p>6 &#x3001;&#x7981;&#x6B62;&#x670D;&#x7528;&#x51CF;&#x80A5;&#x836F;&#x548C;&#x8C03;&#x7406;&#x6708;&#x7ECF;&#x7C7B;&#x836F;&#x7269;&#x3002;</p>"},"GoodPoint":{"name":"缺点及风险","content":"<p>1&#x3001;&#x65E0;&#x6392;&#x5F02;&#x53CD;&#x5E94;&#x3002;</p><p>2&#x3001;&#x6210;&#x6D3B;&#x8102;&#x80AA;&#x7EC6;&#x80DE;&#x53EF;&#x6C38;&#x4E45;&#x5B58;&#x7559;&#x5728;&#x4F53;&#x5185;&#x3002;</p><p>3&#x3001;&#x9762;&#x90E8;&#x548C;&#x8EAB;&#x4F53;&#x53EF;&#x540C;&#x65F6;&#x5851;&#x5F62;&#x3002;</p><p>4&#x3001;&#x7EC4;&#x7EC7;&#x6765;&#x6E90;&#x4E30;&#x5BCC;&#x3002;</p><p>5&#x3001;&#x672F;&#x540E;&#x5B8C;&#x7F8E;&#x903C;&#x771F;&#x3002;</p><p>6&#x3001;&#x8FBE;&#x5230;&#x591A;&#x91CD;&#x6548;&#x679C;&#xFF1A;&#x9664;&#x76B1;&#x3001;&#x586B;&#x5145;&#x5851;&#x5F62;&#x3001;&#x6539;&#x5584;&#x80A4;&#x8D28;&#x3002;</p>"},"BadPoint":{"name":"术前锦囊","content":"<p>1. &#x8102;&#x80AA;&#x79FB;&#x690D;&#x540E;&#x6709;&#x5B58;&#x6D3B;&#x7387;&#x7684;&#x95EE;&#x9898;&#x3002;</p><p>2. &#x4E24;&#x5904;&#x521B;&#x4F24;&#xFF0C;&#x672F;&#x540E;&#x9700;&#x4F11;&#x606F;&#x6570;&#x5929;&#x3002;</p><p>3. &#x9700;&#x591A;&#x6B21;&#x6CE8;&#x5C04;&#x3002;</p>"}}