{"Title":"切开双眼皮","Related":{"name":"关联百科","content":[{"relatedId":"191","name":"微创双眼皮"},{"relatedId":"199","name":"上睑下垂矫正"},{"relatedId":"190","name":"埋线双眼皮"},{"relatedId":"193","name":"开外眼角"},{"relatedId":"192","name":"开内眼角"}]},"ShorDesc":{"name":"简介","content":"<p>&#x9002;&#x5E94;&#x75C7;&#xFF1A;&#x80BF;&#x6CE1;&#x773C; &#x5185;&#x53CC; &#x773C;&#x76AE;&#x677E;&#x5F1B; &#x5355;&#x773C;&#x76AE; &#x4E0A;&#x7751;&#x4E0B;&#x5782;</p><p>&#x6CBF;&#x672F;&#x524D;&#x8BBE;&#x8BA1;&#x597D;&#x7684;&#x5F62;&#x72B6;&#x5207;&#x5F00;&#x76AE;&#x80A4;&#x3001;&#x53BB;&#x9664;&#x591A;&#x4F59;&#x7EC4;&#x7EC7;&#x3001;&#x5F62;&#x6210;&#x53CC;&#x773C;&#x76AE;&#x3002;</p>"},"Property":{"name":"档案","content":["\n                <li>&#x6CBB;&#x7597;&#x65B9;&#x5F0F;&#xFF1A;<span>&#x624B;&#x672F;</span></li>\n                <li>&#x75BC;&#x75DB;&#x611F;&#xFF1A;<span>2&#x9897;&#x661F;</span><a href=\"gengmei://common_webview?url=http://backend.gmei.com/hybrid/ache_level\">&#x67E5;&#x770B;&#x75BC;&#x75DB;&#x5206;&#x7EA7;</a></li>\n                <li>&#x7EF4;&#x6301;&#x65F6;&#x95F4;&#xFF1A;<span>&#x6C38;&#x4E45;</span></li>\n                <li>&#x6CBB;&#x7597;&#x65F6;&#x95F4;&#xFF1A;<span>60-90&#x5206;&#x949F;</span></li>\n                <li>&#x53C2;&#x8003;&#x4EF7;&#x683C;&#xFF1A;<span>5000-20000</span></li>\n                <li>&#x9EBB;&#x9189;&#x65B9;&#x5F0F;&#xFF1A;<span>&#x5C40;&#x9EBB;</span></li>\n                <li>&#x662F;&#x5426;&#x4F4F;&#x9662;&#xFF1A;<span>&#x5426;</span></li>\n                \n                <li>&#x62C6;&#x7EBF;&#x65F6;&#x95F4;&#xFF1A;<span>5-7&#x5929;</span></li>\n            "]},"Desc":{"name":"项目／手术原理","content":"<p>1. &#x672F;&#x524D;&#x8BBE;&#x8BA1;&#x91CD;&#x7751;&#x7EBF;&#x3002;</p><p>2. &#x5C40;&#x90E8;&#x9EBB;&#x9189;&#x3002;</p><p>3. &#x5207;&#x5F00;&#x76AE;&#x80A4;&#xFF0C;&#x53BB;&#x9664;&#x591A;&#x4F59;&#x8102;&#x80AA;&#x3001;&#x90E8;&#x5206;&#x773C;&#x8F6E;&#x531D;&#x808C;&#x548C;&#x677E;&#x5F1B;&#x76AE;&#x80A4;&#x3002;</p><p>4. &#x7F1D;&#x5408;&#xFF0C;&#x5F62;&#x6210;&#x91CD;&#x7751;&#x7EBF;&#x3002;</p><p><img src=\"http://hera.s.gmei.com/2016/10/12/9e5cfbb518\" style=\"width: 478px;\"><br></p>"},"Sample":{"name":"效果示例","content":"<img src=\"http://hera.s.gmei.com/itemwiki/2016/10/12/d29ccebd21-w\">"},"BeforIdear":{"name":"效果示例","content":"<p>1.&#x672F;&#x524D;2&#x5468;&#x7981;&#x670D;&#x6297;&#x51DD;&#x836F;&#x7269;&#xFF08;&#x963F;&#x53F8;&#x5339;&#x6797;&#x3001;&#x56FA;&#x9187;&#x6FC0;&#x7D20;&#x3001;&#x7EF4;&#x751F;&#x7D20;E&#xFF09;&#xFF0C;&#x4EE5;&#x514D;&#x52A0;&#x91CD;&#x672F;&#x540E;&#x8840;&#x80BF;&#x3002;</p><p>2.&#x624B;&#x672F;&#x907F;&#x5F00;&#x6708;&#x7ECF;&#x671F;&#x3001;&#x598A;&#x5A20;&#x671F;&#xFF0C;&#x4EE5;&#x514D;&#x52A0;&#x91CD;&#x672F;&#x540E;&#x51FA;&#x8840;&#x3001;&#x8840;&#x80BF;&#x3002;</p><p>3.&#x624B;&#x672F;&#x524D;&#x4E00;&#x5929;&#x6D17;&#x6FA1;&#x3001;&#x6D17;&#x5934;&#xFF1B;&#x624B;&#x672F;&#x5F53;&#x5929;&#x7D20;&#x989C;&#x3001;&#x51C0;&#x9762;&#x3002;</p><p>4.&#x914D;&#x5408;&#x533B;&#x9662;&#x63A5;&#x53D7;&#x672F;&#x524D;&#x5E38;&#x89C4;&#x68C0;&#x67E5;&#xFF1A;&#x8840;&#x68C0;&#x3001;&#x8840;&#x538B;&#x3001;&#x5FC3;&#x7535;&#x56FE;&#x7B49;&#x3002;</p>"},"AfterIdear":{"name":"优点","content":"<p>1.&#x624B;&#x672F;&#x5F53;&#x5929;&#x52A0;&#x538B;&#x5305;&#x624E;&#x4E0D;&#x53EF;&#x968F;&#x610F;&#x62C6;&#x7EBF;&#xFF0C;&#x7B2C;&#x4E8C;&#x5929;&#x5230;&#x9662;&#x6362;&#x836F;&#x3002;</p><p>2.&#x672F;&#x540E;72&#x5C0F;&#x65F6;&#x5185;&#x51B0;&#x6577;&#xFF0C;&#x4E00;&#x5929;&#x4E09;&#x6B21;&#xFF0C;&#x6BCF;&#x6B21;20-30min&#xFF0C;&#x53EF;&#x6539;&#x5584;&#x51FA;&#x8840;&#x548C;&#x80BF;&#x80C0;&#x3002;</p><p>3.&#x624B;&#x672F;72&#x5C0F;&#x65F6;&#x540E;&#xFF0C;&#x5F00;&#x59CB;&#x8FDB;&#x884C;&#x5C40;&#x90E8;&#x70ED;&#x6577;&#x3002;</p><p>4.&#x624B;&#x672F;&#x62C6;&#x7EBF;48&#x5C0F;&#x65F6;&#x540E;&#xFF0C;&#x65B9;&#x53EF;&#x6CBE;&#x6C34;&#x3001;&#x6D17;&#x8138;&#x3002;</p><p>5.&#x624B;&#x672F;1&#x4E2A;&#x6708;&#x5185;&#xFF0C;&#x5C3D;&#x91CF;&#x4E0D;&#x8981;&#x8FC7;&#x5EA6;&#x7528;&#x773C;&#xFF0C;&#x53EF;&#x5229;&#x4E8E;&#x6062;&#x590D;&#x3001;&#x6D88;&#x80BF;&#x3002;</p><p>6.&#x624B;&#x672F;1&#x4E2A;&#x6708;&#x5185;&#xFF0C;&#x4E0D;&#x8981;&#x753B;&#x6D53;&#x5986;&#x3001;&#x4F7F;&#x7528;&#x542B;&#x91CD;&#x91D1;&#x5C5E;&#x5316;&#x5986;&#x54C1;&#xFF0C;&#x4EE5;&#x9632;&#x75A4;&#x75D5;&#x589E;&#x751F;&#xFF08;&#x53EF;&#x4F7F;&#x7528;&#x795B;&#x75A4;&#x836F;&#xFF09;&#x3002;</p>"},"GoodPoint":{"name":"缺点及风险","content":"<p>1.&#x9002;&#x5408;&#x4EBA;&#x7FA4;&#x5E7F;&#x6CDB;&#xFF08;&#x5404;&#x79CD;&#x5355;&#x773C;&#x76AE;&#x3001;&#x5185;&#x53CC;&#xFF09;&#x3002;</p><p>2.&#x6548;&#x679C;&#x6C38;&#x4E45;&#x3002;</p><p>3.&#x8FD8;&#x53EF;&#x89E3;&#x51B3;&#x773C;&#x76AE;&#x677E;&#x5F1B;&#x3001;&#x80BF;&#x6CE1;&#x773C;&#x7B49;&#x95EE;&#x9898;&#x3002;</p>"},"BadPoint":{"name":"术前锦囊","content":"<p>1.&#x6062;&#x590D;&#x65F6;&#x95F4;&#x76F8;&#x5BF9;&#x8F83;&#x957F;&#x3002;</p><p>2.&#x53EF;&#x80FD;&#x7559;&#x75A4;&#x3002;</p><p>3.&#x5F62;&#x72B6;&#x3001;&#x5BBD;&#x7A84;&#x3001;&#x5BF9;&#x79F0;&#x6027;&#x53EF;&#x80FD;&#x4E0D;&#x6EE1;&#x610F;&#x3002;</p><p>4.&#x672F;&#x540E;&#x53EF;&#x80FD;&#x8840;&#x80BF;&#x3001;&#x6DE4;&#x9752;&#x3002;</p>"}}