{"Title":"水动力吸脂","Related":{"name":"关联百科","content":[{"relatedId":"726","name":"负压吸脂"},{"relatedId":"227","name":"面颊吸脂"},{"relatedId":"797","name":"Liposonix热立塑"},{"relatedId":"796","name":"UltraShape优立塑"},{"relatedId":"561","name":"射频溶脂"}]},"ShorDesc":{"name":"简介","content":"<p>&#x201C;&#x6C34;&#x52A8;&#x529B;&#x5438;&#x8102;&#x201D;&#x7684;&#x5168;&#x79F0;&#x662F;Body-Jet&#x6C34;&#x52A8;&#x529B;&#x8F85;&#x52A9;&#x5438;&#x8102;&#x7CFB;&#x7EDF;&#xFF0C;&#x4E5F;&#x4FD7;&#x79F0;&#x201C;360&#xB0;&#x87BA;&#x65CB;&#x5F0F;&#x6C34;&#x5200;&#x51CF;&#x80A5;&#x201D;&#xFF0C;&#x662F;&#x516C;&#x53F8;&#x5FB7;&#x56FD;HumanMed&#x516C;&#x53F8;&#x7684;&#x4E13;&#x5229;&#x7CFB;&#x7EDF;&#x3002;&#x6838;&#x5FC3;&#x6280;&#x672F;&#x662F;&#x7528;&#x87BA;&#x65CB;&#x5F0F;&#x6C34;&#x5200;&#xFF0C;&#x901A;&#x8FC7;&#x52A0;&#x538B;&#x6C34;&#x6D41;&#x4F5C;&#x7528;&#x4E8E;&#x76EE;&#x6807;&#x7EC4;&#x7EC7;&#xFF0C;&#x6709;&#x9009;&#x62E9;&#x6027;&#x5730;&#x5206;&#x79BB;&#x8102;&#x80AA;&#x7EC6;&#x80DE;&#x3002;</p><p>&#x9002;&#x5E94;&#x75C7;&#xFF1A;&#x624B;&#x81C2;&#x3001;&#x817F;&#x90E8;&#x3001;&#x8170;&#x90E8;&#x7B49;&#x8102;&#x80AA;&#x8FC7;&#x591A;&#x7684;&#x90E8;&#x4F4D;&#x8FDB;&#x884C;&#x51CF;&#x80A5;&#x5851;&#x5F62;&#x3002;</p><p><img src=\"http://hera.s.gmei.com/2017/05/15/3538599793\" style=\"width: 446px;\"><br></p>"},"Property":{"name":"档案","content":["\n                <li>&#x6CBB;&#x7597;&#x65B9;&#x5F0F;&#xFF1A;<span>&#x624B;&#x672F;</span></li>\n                <li>&#x75BC;&#x75DB;&#x611F;&#xFF1A;<span>2&#x9897;&#x661F;</span><a href=\"gengmei://common_webview?url=http://backend.gmei.com/hybrid/ache_level\">&#x67E5;&#x770B;&#x75BC;&#x75DB;&#x5206;&#x7EA7;</a></li>\n                <li>&#x7EF4;&#x6301;&#x65F6;&#x95F4;&#xFF1A;<span>&#x6C38;&#x4E45;</span></li>\n                <li>&#x6CBB;&#x7597;&#x65F6;&#x95F4;&#xFF1A;<span>60-120&#x5206;&#x949F;</span></li>\n                <li>&#x53C2;&#x8003;&#x4EF7;&#x683C;&#xFF1A;<span>5000-20000</span></li>\n                <li>&#x9EBB;&#x9189;&#x65B9;&#x5F0F;&#xFF1A;<span>&#x5C40;&#x9EBB;&#xFF0F;&#x5168;&#x9EBB;</span></li>\n                <li>&#x662F;&#x5426;&#x4F4F;&#x9662;&#xFF1A;<span>&#x5426;</span></li>\n                \n                <li>&#x62C6;&#x7EBF;&#x65F6;&#x95F4;&#xFF1A;<span>0-0&#x5929;</span></li>\n            "]},"Desc":{"name":"项目／手术原理","content":"<p class=\"md-paragraph\"></p><div class=\"para\" label-module=\"para\" style=\"word-wrap: break-word; margin-bottom: 15px; line-height: 24px; zoom: 1;\">&#x80A5;&#x80D6;&#x662F;&#x7531;&#x8102;&#x80AA;&#x4F53;&#x79EF;&#x7684;&#x5927;&#x5C0F;&#x548C;&#x8102;&#x80AA;&#x6570;&#x91CF;&#x6765;&#x51B3;&#x5B9A;&#xFF0C;&#x800C;&#x4EBA;&#x4F53;&#x6210;&#x5E74;&#x4EE5;&#x540E;&#x8102;&#x80AA;&#x6570;&#x91CF;&#x4E00;&#x5B9A;&#x3002;&#x548C;&#x5176;&#x4ED6;&#x51CF;&#x5C0F;<font color=\"#333333\" face=\"arial, &#x5B8B;&#x4F53;, sans-serif\">&#x8102;&#x80AA;&#x7EC6;&#x80DE;&#x4F53;&#x79EF;&#x7684;&#x5438;&#x8102;&#x672F;&#x4E0D;&#x540C;&#x7684;&#x662F;&#xFF0C;&#x6C34;&#x52A8;&#x529B;&#x5438;&#x8102;&#x901A;&#x8FC7;&#x51CF;&#x5C11;&#x4EBA;&#x4F53;&#x4F53;&#x5185;&#x8102;&#x80AA;&#x6570;&#x91CF;&#x6765;&#x8FBE;&#x5230;&#x51CF;&#x80A5;&#x7626;&#x8EAB;&#xFF0C;&#x5C06;&#x5C11;&#x91CF;&#x8102;&#x80AA;&#x7EC6;&#x80DE;&#x6392;&#x9664;&#x4F53;&#x5916;&#x3002;</font></div><div class=\"para\" label-module=\"para\" style=\"word-wrap: break-word; margin-bottom: 15px; line-height: 24px; zoom: 1; clear: both;\">&#x7531;&#x4E8E;&#x4EBA;&#x4F53;&#x8102;&#x80AA;&#x6CA1;&#x6709;&#x518D;&#x751F;&#x590D;&#x5236;&#x529F;&#x80FD;&#xFF0C;&#x53EF;&#x4EE5;&#x5927;&#x5927;&#x964D;&#x4F4E;&#x51CF;&#x80A5;&#x540E;&#x7684;&#x53CD;&#x5F39;&#x51E0;&#x7387;&#x3002;&#x53E6;&#x5916;&#xFF0C;&#x7531;&#x4E8E;&#x64CD;&#x4F5C;&#x65F6;&#x4F1A;&#x6839;&#x636E;&#x8102;&#x80AA;&#x62BD;&#x53D6;&#x91CF;&#x6765;&#x6838;&#x7B97;&#x5E94;&#x8BE5;&#x62BD;&#x53D6;&#x7684;&#x8102;&#x80AA;&#x91CF;&#xFF0C;&#x4E0D;&#x4F1A;&#x51FA;&#x73B0;&#x62BD;&#x53D6;&#x8102;&#x80AA;&#x8FC7;&#x591A;&#x6216;&#x8FC7;&#x5C11;&#x800C;&#x4EA7;&#x751F;&#x7684;&#x5C40;&#x90E8;&#x51F9;&#x51F8;&#x4E0D;&#x5E73;&#x3002;</div><p>&#x6C34;&#x52A8;&#x529B;&#x5438;&#x8102;&#x8FC7;&#x7A0B;&#xFF1A;</p><p>1. &#x5728;&#x5438;&#x8102;&#x90E8;&#x4F4D;&#x5207;&#x5F00;&#x51E0;&#x4E2A;&#x5FAE;&#x5C0F;&#x5207;&#x53E3;&#x3002;</p><p>2. &#x6CE8;&#x5165;&#x5C40;&#x90E8;&#x9EBB;&#x9189;&#x5242;&#x548C;&#x8FD0;&#x8F93;&#x9EBB;&#x9189;&#x836F;&#x7269;&#xFF08;&#x81A8;&#x80C0;&#x8BD5;&#x5242;&#xFF09;&#x3002;</p><p>3. &#x8FDB;&#x884C;&#x6C34;&#x52A8;&#x529B;&#x5438;&#x8102;&#x3002;</p><p><img src=\"http://hera.s.gmei.com/2016/10/11/357ed9dff7\" style=\"width: 557px;\"><br></p><p></p>\n"},"Sample":{"name":"效果示例","content":"<img src=\"http://hera.s.gmei.com/itemwiki/2016/10/11/89ba9fd113-w\">"},"BeforIdear":{"name":"效果示例","content":"<p>1. &#x672F;&#x524D;&#x4E24;&#x5468;&#x5185;&#x52FF;&#x670D;&#x7528;&#x542B;&#x963F;&#x53F8;&#x5339;&#x6797;&#x7684;&#x836F;&#x7269;&#xFF0C;&#x4EE5;&#x514D;&#x964D;&#x4F4E;&#x8840;&#x5C0F;&#x677F;&#x7684;&#x51DD;&#x56FA;&#x529F;&#x80FD;&#x3002;</p><p>2. &#x60A3;&#x6709;&#x9AD8;&#x8840;&#x538B;&#x548C;&#x7CD6;&#x5C3F;&#x75C5;&#x8005;&#xFF0C;&#x672F;&#x524D;&#x5E94;&#x7FD4;&#x5B9E;&#x544A;&#x77E5;&#x533B;&#x751F;&#x75C5;&#x60C5;&#xFF0C;&#x4EE5;&#x4FBF;&#x5927;&#x592B;&#x786E;&#x5B9A;&#x624B;&#x672F;&#x65B9;&#x6848;&#x3002;</p><p>3. &#x5438;&#x8102;&#x672F;&#x524D;&#x786E;&#x5B9A;&#x8EAB;&#x4F53;&#x5065;&#x5EB7;&#xFF0C;&#x65E0;&#x4F20;&#x67D3;&#x6027;&#x75BE;&#x75C5;&#x6216;&#x5176;&#x5B83;&#x8EAB;&#x4F53;&#x708E;&#x75C7;&#x3002;</p><p>4. &#x5438;&#x8102;&#x672F;&#x524D;&#x4E0D;&#x8981;&#x5316;&#x5986;&#x3002;</p><p>5. &#x5973;&#x6027;&#x8981;&#x907F;&#x5F00;&#x6708;&#x7ECF;&#x671F;&#x3001;&#x598A;&#x5A20;&#x671F;&#x3002;</p><p>6. &#x5438;&#x70DF;&#x60A3;&#x8005;&#x672F;&#x524D;&#x5E94;&#x505C;&#x6B62;&#x5438;&#x70DF;2&#x5468;&#x3002;</p><p>7. &#x51C6;&#x5907;&#x5F39;&#x529B;&#x826F;&#x597D;&#x7684;&#x5F39;&#x529B;&#x88E4;&#x6216;&#x8170;&#x90E8;&#x5E26;&#x3002;</p>"},"AfterIdear":{"name":"优点","content":"<p>1. &#x672F;&#x540E;&#x4E00;&#x5929;&#x5E94;&#x6362;&#x7528;&#x9632;&#x6C34;&#x6577;&#x6599;&#x3002;</p><p>2. &#x6C34;&#x52A8;&#x529B;&#x5438;&#x8102;&#x672F;&#x4E2D;&#x51FA;&#x73B0;&#x7684;&#x5207;&#x53E3;&#x901A;&#x5E38;&#x4E0D;&#x9700;&#x8981;&#x7F1D;&#x5408;&#xFF0C;&#x4F1A;&#x5728;&#x51E0;&#x5929;&#x5185;&#x6108;&#x5408;&#xFF0C;&#x5E76;&#x4E14;&#x4E0D;&#x4F1A;&#x7559;&#x4E0B;&#x660E;&#x663E;&#x75A4;&#x75D5;&#x3002;</p><p>3. &#x672F;&#x540E;&#x65E9;&#x671F;&#x53EF;&#x80FD;&#x4F1A;&#x6709;&#x76AE;&#x80A4;&#x7600;&#x6591;&#xFF0C;&#x5448;&#x7D2B;&#x7EA2;&#x8272;&#xFF0C;&#x5C5E;&#x6B63;&#x5E38;&#x73B0;&#x8C61;&#xFF0C;&#x591A;&#x53EF;&#x81EA;&#x884C;&#x6D88;&#x9000;&#xFF0C;&#x4F46;&#x5982;&#x53D1;&#x73B0;&#x672F;&#x540E;&#x62BD;&#x5438;&#x90E8;&#x4F4D;&#x9686;&#x8D77;&#x3001;&#x8272;&#x9ED1;&#x6216;&#x6709;&#x5176;&#x4ED6;&#x5F02;&#x5E38;&#x73B0;&#x8C61;&#x65F6;&#xFF0C;&#x5E94;&#x53CA;&#x65F6;&#x53BB;&#x533B;&#x9662;&#x505A;&#x76F8;&#x5173;&#x5904;&#x7406;&#x3002;</p>"},"GoodPoint":{"name":"缺点及风险","content":"<p>1.&#x7CBE;&#x51C6;&#x5438;&#x8102;&#xFF0C;&#x6062;&#x590D;&#x5FEB;&#xFF0C;&#x62BD;&#x51FA;&#x7684;&#x8102;&#x80AA;&#x53EF;&#x540C;&#x65F6;&#x7528;&#x4E8E;&#x8102;&#x80AA;&#x586B;&#x5145;&#x3002;</p><p>2.&#x5BF9;&#x8840;&#x7BA1;&#x548C;&#x795E;&#x7ECF;&#x7684;&#x635F;&#x4F24;&#x8F83;&#x4F20;&#x7EDF;&#x5438;&#x8102;&#x672F;&#x8981;&#x5C0F;&#x3002;</p><p>3.&#x6CBB;&#x7597;&#x5FEB;&#x901F;&#xFF0C;&#x6548;&#x679C;&#x660E;&#x663E;&#xFF0C;&#x75BC;&#x75DB;&#x611F;&#x5927;&#x5927;&#x964D;&#x4F4E;&#x3002;</p>"},"BadPoint":{"name":"术前锦囊","content":"<p>1. &#x4EF7;&#x683C;&#x6602;&#x8D35;&#x3002;</p><p>2. &#x6062;&#x590D;&#x671F;&#x8F83;&#x957F;&#x3002;</p>"}}