{"Title":"德蔓（国产）","Related":{"name":"关联百科","content":[{"relatedId":"689","name":"玻尿酸填充面部"}]},"ShorDesc":{"name":"简介","content":"<p>&#x54C1;&#x724C;&#x540D;&#x79F0;&#xFF1A;&#x5FB7;&#x8513;Dermallure&#xFF08;&#x542B;&#x9EBB;&#x836F;&#xFF09;</p><p class=\"MsoNormal\" align=\"left\">&#x751F;&#x4EA7;&#x5546;&#xFF1A;&#x534E;&#x7199;&#x751F;&#x7269;&#x79D1;&#x6280;&#x6709;&#x9650;&#x516C;&#x53F8;</p><p class=\"MsoNormal\" align=\"left\">&#x73BB;&#x5C3F;&#x9178;&#x7C7B;&#x578B;&#xFF1A;&#x53CC;&#x76F8;&#xFF08;&#x9897;&#x7C92;&#x578B;&#xFF09;</p><p class=\"MsoNormal\" align=\"left\">&#x54C1;&#x724C;&#x7CFB;&#x5217;&#xFF1A;<span style=\"line-height: 1.42857;\">&#x5FB7;&#x8513;&#x2122;Dermallure</span></p><p class=\"MsoNormal\" align=\"left\">&#x7EF4;&#x6301;&#x65F6;&#x95F4;&#xFF1A;6-12&#x4E2A;&#x6708;</p><p class=\"MsoNormal\" align=\"left\">&#x4F5C;&#x7528;&#xFF1A;&#x8F6F;&#x7EC4;&#x7EC7;&#x586B;&#x5145;&#x3001;&#x6539;&#x5584;&#x6DF1;&#x5EA6;&#x76B1;&#x7EB9;&#x53CA;&#x8F6E;&#x5ED3;&#x5851;&#x5F62;&#x3002;</p><p class=\"MsoNormal\" align=\"left\">&#x8BA4;&#x8BC1;&#xFF1A;<span style=\"line-height: 1.42857;\">&#x4E2D;&#x56FD;&#x56FD;&#x5BB6;&#x98DF;&#x54C1;&#x836F;&#x54C1;&#x76D1;&#x7763;&#x7BA1;&#x7406;&#x5C40;&#xFF08;</span><span lang=\"EN-US\" style=\"line-height: 1.42857;\">CFDA</span><span style=\"line-height: 1.42857;\">&#xFF09;&#x3002;</span></p><p class=\"MsoNormal\" align=\"left\"><img src=\"http://hera.s.gmei.com/2016/10/13/78601a63e1\" style=\"width: 887px;\"><br></p>"},"Property":{"name":"档案","content":[]},"Desc":{"name":"项目／手术原理","content":""},"Sample":{"name":"效果示例","content":"<img src=\"http://hera.s.gmei.com/itemwiki/2016/10/13/0d32bf46c7-w\">"},"BeforIdear":{"name":"效果示例","content":""},"AfterIdear":{"name":"优点","content":""},"GoodPoint":{"name":"缺点及风险","content":""},"BadPoint":{"name":"术前锦囊","content":""}}