{"Title":"宝尼达（国产）","Related":{"name":"关联百科","content":[{"relatedId":"769","name":"逸美（国产）"},{"relatedId":"771","name":"爱贝芙（进口）"}]},"ShorDesc":{"name":"简介","content":"<p class=\"MsoNormal\" align=\"left\">&#x54C1;&#x724C;&#x540D;&#x79F0;&#xFF1A;&#x5B9D;&#x5C3C;&#x8FBE;</p><p class=\"MsoNormal\" align=\"left\">&#x751F;&#x4EA7;&#x5546;&#xFF1A;&#x5317;&#x4EAC;&#x7231;&#x7F8E;&#x5BA2;&#x79D1;&#x6280;&#x53D1;&#x5C55;&#x6709;&#x9650;&#x516C;&#x53F8;</p><p class=\"MsoNormal\" align=\"left\">&#x6210;&#x5206;&#xFF1A;&#x805A;&#x4E59;&#x70EF;&#x9187;&#x5FAE;&#x7403;&#x3001;&#x900F;&#x660E;&#x8D28;&#x9178;&#x94A0;&#xFF08;&#x73BB;&#x5C3F;&#x9178;&#xFF09;&#x3001;&#x7F9F;&#x4E19;&#x57FA;&#x7532;&#x57FA;&#x7EA4;&#x7EF4;&#x7D20;</p><p class=\"MsoNormal\" align=\"left\"><span lang=\"EN-US\"><o:p></o:p></span></p><p class=\"MsoNormal\" align=\"left\">&#x7EF4;&#x6301;&#x65F6;&#x95F4;&#xFF1A;&#x957F;&#x4E45;</p><p class=\"MsoNormal\" align=\"left\">&#x4F5C;&#x7528;&#xFF1A;&#x586B;&#x5145;&#x3001;&#x4FDD;&#x6301;&#x76AE;&#x80A4;&#x5F39;&#x6027;&#xFF0C;&#x80FD;&#x9501;&#x4F4F;&#x5927;&#x91CF;&#x6C34;&#x5206;&#x5B50;&#xFF0C;&#x4F7F;&#x808C;&#x80A4;&#x9971;&#x6EE1;&#x5E74;&#x8F7B;&#x6709;&#x5F39;&#x6027;&#x3002;&#x5176;&#x6709;&#x6548;&#x6210;&#x5206;&#x4F1A;&#x523A;&#x6FC0;&#x76AE;&#x80A4;&#x81EA;&#x8EAB;&#x4EA7;&#x751F;&#x65B0;&#x7684;&#x80F6;&#x539F;&#xFF0C;&#x8D77;&#x5230;&#x5BF9;&#x76B1;&#x7EB9;&#x548C;&#x51F9;&#x9677;&#x957F;&#x671F;&#x586B;&#x5145;&#x7684;&#x4F5C;&#x7528;&#x3002;</p><p></p><p class=\"MsoNormal\">&#x8BA4;&#x8BC1;&#xFF1A;&#x4E2D;&#x56FD;&#x56FD;&#x5BB6;&#x98DF;&#x54C1;&#x836F;&#x54C1;&#x76D1;&#x7763;&#x7BA1;&#x7406;&#x5C40;&#xFF08;<span lang=\"EN-US\">CFDA</span>&#xFF09;&#x3002;</p><p class=\"MsoNormal\"><img src=\"http://hera.s.gmei.com/2016/10/18/ecf5477a2d\" style=\"width: 366px;\"><br></p>"},"Property":{"name":"档案","content":[]},"Desc":{"name":"项目／手术原理","content":""},"Sample":{"name":"效果示例","content":""},"BeforIdear":{"name":"效果示例","content":""},"AfterIdear":{"name":"优点","content":""},"GoodPoint":{"name":"缺点及风险","content":""},"BadPoint":{"name":"术前锦囊","content":""}}