{"Title":"激光脱毛","Related":{"name":"关联百科","content":[{"relatedId":"660","name":"光子脱毛"},{"relatedId":"659","name":"冰点脱毛"}]},"ShorDesc":{"name":"简介","content":"<p>&#x9002;&#x5E94;&#x75C7;&#xFF1A;&#x6BDB;&#x53D1;&#x8F83;&#x91CD;&#x3001;&#x8F83;&#x9ED1;</p><p>&#x5229;&#x7528;&#x6FC0;&#x5149;&#x7684;&#x65B9;&#x5F0F;&#x7834;&#x574F;&#x6BDB;&#x56CA;&#x8FBE;&#x5230;&#x8131;&#x6BDB;&#x6548;&#x679C;&#x3002;</p>"},"Property":{"name":"档案","content":["\n                <li>&#x6CBB;&#x7597;&#x65B9;&#x5F0F;&#xFF1A;<span>&#x5149;&#x7535;&#xFF08;&#x65E0;&#x521B;&#xFF09;</span></li>\n                <li>&#x75BC;&#x75DB;&#x611F;&#xFF1A;<span>1&#x9897;&#x661F;</span><a href=\"gengmei://common_webview?url=http://backend.gmei.com/hybrid/ache_level\">&#x67E5;&#x770B;&#x75BC;&#x75DB;&#x5206;&#x7EA7;</a></li>\n                <li>&#x7EF4;&#x6301;&#x65F6;&#x95F4;&#xFF1A;<span>&#x6C38;&#x4E45;</span></li>\n                <li>&#x6CBB;&#x7597;&#x65F6;&#x95F4;&#xFF1A;<span>30-90&#x5206;&#x949F;</span></li>\n                <li>&#x53C2;&#x8003;&#x4EF7;&#x683C;&#xFF1A;<span>5000-20000</span></li>\n                <li>&#x9EBB;&#x9189;&#x65B9;&#x5F0F;&#xFF1A;<span>&#x65E0;</span></li>\n                <li>&#x662F;&#x5426;&#x4F4F;&#x9662;&#xFF1A;<span>&#x5426;</span></li>\n                \n                <li>&#x62C6;&#x7EBF;&#x65F6;&#x95F4;&#xFF1A;<span>0-0&#x5929;</span></li>\n            "]},"Desc":{"name":"项目／手术原理","content":"<p>1. &#x7B80;&#x5355;&#x795B;&#x6BDB;&#x540E;&#x6D82;&#x6FC0;&#x5149;&#x8131;&#x6BDB;&#x4E13;&#x7528;&#x4E73;&#x80F6;&#x3002;</p><p>2. &#x5F00;&#x59CB;&#x6FC0;&#x5149;&#x8131;&#x6BDB;&#x3002;</p><p>3. &#x64E6;&#x51C0;&#x4E73;&#x80F6;&#x6D82;&#x6297;&#x708E;&#x836F;&#x818F;&#x3002;</p><p><img src=\"http://hera.s.gmei.com/2016/10/12/5dfa48ce2d\" style=\"width: 400px;\"><br></p><p></p><p></p><p></p><p></p><p></p><p></p><p></p>"},"Sample":{"name":"效果示例","content":"<img src=\"http://hera.s.gmei.com/itemwiki/2016/10/12/4d013e96f6-w\">"},"BeforIdear":{"name":"效果示例","content":"<p>1&#x3001;&#x8131;&#x6BDB;&#x524D;&#x6E05;&#x6D17;&#x548C;&#x6D88;&#x6BD2;&#x9700;&#x8981;&#x8131;&#x6BDB;&#x7684;&#x90E8;&#x4F4D;&#x3002;</p><p>2&#x3001;&#x8131;&#x6BDB;&#x524D;&#x52FF;&#x7528;&#x8131;&#x6BDB;&#x818F;&#x3001;&#x8131;&#x6BDB;&#x971C;&#x53CA;&#x5316;&#x5986;&#x54C1;&#x3002;</p><p>3&#x3001;&#x8131;&#x6BDB;&#x524D;&#x7528;&#x6BDB;&#x5DFE;&#x5305;&#x4E0A;&#x51B0;&#x5757;&#x51B7;&#x6577;&#x5728;&#x8131;&#x6BDB;&#x90E8;&#x4F4D;&#x53EF;&#x51CF;&#x8F7B;&#x75BC;&#x75DB;&#x611F;&#x3002;</p>"},"AfterIdear":{"name":"优点","content":"<p>1&#x3001;&#x8131;&#x6BDB;&#x540E;&#x53EF;&#x80FD;&#x4EA7;&#x751F;&#x8F7B;&#x5FAE;&#x7EA2;&#x80BF;&#x6216;&#x654F;&#x611F;&#xFF0C;&#x53EF;&#x51B0;&#x6577;20&#x5206;&#x949F;&#x3002;</p><p>2&#x3001;&#x8131;&#x6BDB;&#x540E;3-7&#x5929;&#x7528;&#x6E29;&#x6C34;&#x6D17;&#x6FA1;&#x3001;&#x51B7;&#x6C34;&#x6D17;&#x8138;&#x3002;</p><p>4&#x3001;&#x8131;&#x6BDB;&#x540E;&#x6CE8;&#x610F;&#x9632;&#x6652;&#x3002;</p>"},"GoodPoint":{"name":"缺点及风险","content":"<p>1&#x3001;&#x8131;&#x6BDB;&#x5F7B;&#x5E95;</p><p>2&#x3001;&#x75DB;&#x82E6;&#x5C0F;</p><p>3&#x3001;&#x8D34;&#x8FD1;&#x81EA;&#x8EAB;&#x80A4;&#x8272;</p><p>4&#x3001;&#x4E0D;&#x4F1A;&#x4F24;&#x5BB3;&#x8868;&#x76AE;</p><p>5&#x3001;&#x901F;&#x5EA6;&#x5FEB;</p>"},"BadPoint":{"name":"术前锦囊","content":"<p>1&#x3001;&#x53EF;&#x80FD;&#x4EA7;&#x751F;&#x8272;&#x7D20;&#x6C89;&#x7740;&#x3002;</p><p>2&#x3001;&#x53EF;&#x80FD;&#x4EA7;&#x751F;&#x53D1;&#x7EA2;&#x53D1;&#x70ED;&#x73B0;&#x8C61;&#xFF0C;&#x6570;&#x5929;&#x540E;&#x81EA;&#x52A8;&#x6D88;&#x9000;&#x3002;</p><p>3&#x3001;&#x90E8;&#x5206;&#x4EBA;&#x6CBB;&#x7597;&#x8FC7;&#x7A0B;&#x6709;&#x523A;&#x75DB;&#x611F;&#x3002;</p><p>4&#x3001;&#x6CBB;&#x7597;&#x7597;&#x7A0B;&#x8F83;&#x957F;&#x3002;</p>"}}