{"Title":"祛妊娠纹","Related":{"name":"关联百科","content":[{"relatedId":"802","name":"离子束激光"},{"relatedId":"551","name":"黄金微针"},{"relatedId":"651","name":"点阵激光"}]},"ShorDesc":{"name":"简介","content":"<p class=\"MsoNormal\" align=\"left\"><span style=\"font-family:\n&#x5B8B;&#x4F53;;mso-ascii-font-family:Calibri;mso-ascii-theme-font:minor-latin;mso-fareast-font-family:\n&#x5B8B;&#x4F53;;mso-fareast-theme-font:minor-fareast;mso-hansi-font-family:Calibri;\nmso-hansi-theme-font:minor-latin\">&#x9002;&#x5E94;&#x75C7;&#xFF1A;&#x598A;&#x5A20;&#x7EB9;&#x3001;&#x80A5;&#x80D6;&#x7EB9;</span><span lang=\"EN-US\"><o:p></o:p></span></p><p>\n\n</p><p class=\"MsoNormal\" align=\"left\"><span style=\"font-family:\n&#x5B8B;&#x4F53;;mso-ascii-font-family:Calibri;mso-ascii-theme-font:minor-latin;mso-fareast-font-family:\n&#x5B8B;&#x4F53;;mso-fareast-theme-font:minor-fareast;mso-hansi-font-family:Calibri;\nmso-hansi-theme-font:minor-latin\">&#x598A;&#x5A20;&#x7EB9;&#x4E3B;&#x8981;&#x7531;&#x4E8E;&#x8179;&#x90E8;&#x81A8;&#x9686;&#x4F7F;&#x76AE;&#x80A4;&#x7684;&#x5F39;&#x529B;&#x7EA4;&#x7EF4;&#x4E0E;&#x80F6;&#x539F;&#x7EA4;&#x7EF4;&#x635F;&#x4F24;&#x6216;&#x65AD;&#x88C2;&#xFF0C;&#x8179;&#x90E8;&#x76AE;&#x80A4;&#x53D8;&#x8584;&#x53D8;&#x7EC6;&#xFF0C;&#x51FA;&#x73B0;&#x4E00;&#x4E9B;&#x5BBD;&#x7A84;&#x4E0D;&#x540C;&#x3001;&#x957F;&#x77ED;&#x4E0D;&#x4E00;&#x7684;&#x7C89;&#x7EA2;&#x8272;&#x6216;&#x7D2B;&#x7EA2;&#x8272;&#x7684;&#x6CE2;&#x6D6A;&#x72B6;&#x82B1;&#x7EB9;&#x3002;&#x5DF2;&#x7ECF;&#x5F62;&#x6210;&#x7684;&#x598A;&#x5A20;&#x7EB9;&#x5F88;&#x96BE;&#x901A;&#x8FC7;&#x5916;&#x90E8;&#x6D82;&#x62B9;&#x836F;&#x7269;&#x3001;&#x62A4;&#x80A4;&#x54C1;&#x6765;&#x795B;&#x9664;&#xFF0C;&#x4E00;&#x822C;&#x53EF;&#x4EE5;&#x901A;&#x8FC7;&#xFF1A;&#x6FC0;&#x5149;&#xFF08;&#x5982;&#x4E8C;&#x6C27;&#x5316;&#x78B3;&#x6FC0;&#x5149;&#x3001;&#x98DE;&#x68AD;&#x6FC0;&#x5149;&#x7B49;&#xFF09;&#x3001;&#x5C04;&#x9891;&#xFF08;&#x5982;&#x70ED;&#x739B;&#x5409;&#x3001;&#x70ED;&#x62C9;&#x63D0;&#x3001;&#x9EC4;&#x91D1;&#x5FAE;&#x96D5;&#x7B49;&#xFF09;&#x3001;&#x9EC4;&#x91D1;&#x5FAE;&#x9488;&#x7B49;&#x5FAE;&#x521B;&#x7269;&#x7406;&#x65B9;&#x6CD5;&#x89E3;&#x51B3;&#x3002;</span><span lang=\"EN-US\"><o:p></o:p></span></p>"},"Property":{"name":"档案","content":["\n                <li>&#x6CBB;&#x7597;&#x65B9;&#x5F0F;&#xFF1A;<span>&#x5149;&#x7535;&#xFF08;&#x6709;&#x521B;&#xFF09;</span></li>\n                <li>&#x75BC;&#x75DB;&#x611F;&#xFF1A;<span>2&#x9897;&#x661F;</span><a href=\"gengmei://common_webview?url=http://backend.gmei.com/hybrid/ache_level\">&#x67E5;&#x770B;&#x75BC;&#x75DB;&#x5206;&#x7EA7;</a></li>\n                <li>&#x7EF4;&#x6301;&#x65F6;&#x95F4;&#xFF1A;<span>&#x6C38;&#x4E45;</span></li>\n                <li>&#x6CBB;&#x7597;&#x65F6;&#x95F4;&#xFF1A;<span>60-90&#x5206;&#x949F;</span></li>\n                <li>&#x53C2;&#x8003;&#x4EF7;&#x683C;&#xFF1A;<span>5000-20000</span></li>\n                <li>&#x9EBB;&#x9189;&#x65B9;&#x5F0F;&#xFF1A;<span>&#x8868;&#x9762;&#x9EBB;&#x9189;</span></li>\n                <li>&#x662F;&#x5426;&#x4F4F;&#x9662;&#xFF1A;<span>&#x5426;</span></li>\n                \n                <li>&#x62C6;&#x7EBF;&#x65F6;&#x95F4;&#xFF1A;<span>0-0&#x5929;</span></li>\n            "]},"Desc":{"name":"项目／手术原理","content":"<p class=\"MsoNormal\" align=\"left\"><span style=\"font-family:\n&#x5B8B;&#x4F53;;mso-ascii-font-family:Calibri;mso-ascii-theme-font:minor-latin;mso-fareast-font-family:\n&#x5B8B;&#x4F53;;mso-fareast-theme-font:minor-fareast;mso-hansi-font-family:Calibri;\nmso-hansi-theme-font:minor-latin\">&#x901A;&#x8FC7;&#x5404;&#x79CD;&#x7269;&#x7406;&#x80FD;&#x91CF;&#x2014;&#x2014;&#x6FC0;&#x5149;&#x3001;&#x7535;&#x78C1;&#x6CE2;&#x3001;&#x58F0;&#x6CE2;&#x53CA;&#x8868;&#x76AE;&#x523A;&#x7A7F;&#x6765;&#x6FC0;&#x53D1;&#x76AE;&#x4E0B;&#x80F6;&#x539F;&#x7EA4;&#x7EF4;&#x548C;&#x5F39;&#x6027;&#x7EA4;&#x7EF4;&#x518D;&#x751F;&#x3001;&#x91CD;&#x7EC4;&#xFF0C;&#x4F7F;&#x76AE;&#x80A4;&#x53D8;&#x5149;&#x6ED1;&#x3001;&#x7D27;&#x81F4;&#x3001;&#x6709;&#x5F39;&#x6027;&#x3002;</span></p><p class=\"MsoNormal\" align=\"left\"><img src=\"http://hera.s.gmei.com/2016/10/11/b4bc2ba4b2\" style=\"width: 539px;\"><span style=\"font-family:\n&#x5B8B;&#x4F53;;mso-ascii-font-family:Calibri;mso-ascii-theme-font:minor-latin;mso-fareast-font-family:\n&#x5B8B;&#x4F53;;mso-fareast-theme-font:minor-fareast;mso-hansi-font-family:Calibri;\nmso-hansi-theme-font:minor-latin\"><br></span><span lang=\"EN-US\"><o:p></o:p></span></p>"},"Sample":{"name":"效果示例","content":"<img src=\"http://hera.s.gmei.com/itemwiki/2016/10/11/05213aa6c5-w\">"},"BeforIdear":{"name":"效果示例","content":""},"AfterIdear":{"name":"优点","content":""},"GoodPoint":{"name":"缺点及风险","content":""},"BadPoint":{"name":"术前锦囊","content":""}}