{"Title":"水氧活肤","Related":{"name":"关联百科","content":[{"relatedId":"535","name":"无针水光"},{"relatedId":"534","name":"小气泡美肤"}]},"ShorDesc":{"name":"简介","content":"<p>&#x9002;&#x5E94;&#x75C7;&#xFF1A;&#x6BDB;&#x5B54;&#x7C97;&#x5927;&#xFF0C;&#x9762;&#x90E8;&#x677E;&#x5F1B;&#xFF0C;&#x5DDD;&#x5B57;&#x7EB9;&#xFF0C;&#x6CD5;&#x4EE4;&#x7EB9;&#xFF0C;&#x53E3;&#x5468;&#x7EB9;</p><p>&#x6C34;&#x6C27;&#x6D3B;&#x80A4;&#x662F;&#x6C34;&#x6C27;&#x6CBB;&#x7597;&#x4EEA;&#x5229;&#x7528;&#x5F3A;&#x538B;&#x6C27;&#x6C14;&#x548C;&#x6C34;&#xFF0C;&#x4EE5;&#x5C0F;&#x4E8E;80&#x5FAE;&#x7C73;&#x7684;&#x5206;&#x5B50;&#x9897;&#x7C92;&#xFF0C;&#x4EE5;&#x55B7;&#x96FE;&#x6D41;&#x4F5C;&#x7528;&#x4E8E;&#x76AE;&#x80A4;&#xFF0C;&#x5C06;&#x6D3B;&#x6027;&#x6C34;&#x5206;&#x5B50;&#x548C;&#x7EAF;&#x6C27;&#x5FEB;&#x901F;&#x7684;&#x8FDB;&#x5165;&#x76AE;&#x80A4;&#x6DF1;&#x5C42;&#xFF0C;&#x52A0;&#x901F;&#x76AE;&#x80A4;&#x66F4;&#x65B0;&#x7684;&#x8425;&#x517B;&#x5438;&#x6536;&#x3002;</p>"},"Property":{"name":"档案","content":["\n                <li>&#x6CBB;&#x7597;&#x65B9;&#x5F0F;&#xFF1A;<span>&#x6CE8;&#x5C04;</span></li>\n                <li>&#x75BC;&#x75DB;&#x611F;&#xFF1A;<span>0&#x9897;&#x661F;</span><a href=\"gengmei://common_webview?url=http://backend.gmei.com/hybrid/ache_level\">&#x67E5;&#x770B;&#x75BC;&#x75DB;&#x5206;&#x7EA7;</a></li>\n                <li>&#x7EF4;&#x6301;&#x65F6;&#x95F4;&#xFF1A;<span>&#x56E0;&#x4EBA;&#x800C;&#x5F02;</span></li>\n                <li>&#x6CBB;&#x7597;&#x65F6;&#x95F4;&#xFF1A;<span>30-60&#x5206;&#x949F;</span></li>\n                <li>&#x53C2;&#x8003;&#x4EF7;&#x683C;&#xFF1A;<span>600-1500</span></li>\n                <li>&#x9EBB;&#x9189;&#x65B9;&#x5F0F;&#xFF1A;<span>&#x65E0;</span></li>\n                <li>&#x662F;&#x5426;&#x4F4F;&#x9662;&#xFF1A;<span>&#x5426;</span></li>\n                \n                <li>&#x62C6;&#x7EBF;&#x65F6;&#x95F4;&#xFF1A;<span>0-0&#x5929;</span></li>\n            "]},"Desc":{"name":"项目／手术原理","content":"<p>1.&#x6D01;&#x9762;</p><p>2.&#x6C34;&#x6C27;&#x7B14;&#x503E;&#x659C;45&#x5EA6;&#xFF0C;&#x8FDB;&#x884C;&#x9762;&#x90E8;&#x6CBB;&#x7597;</p><p>3.&#x5341;&#x6B21;&#x4E3A;&#x4E00;&#x4E2A;&#x7597;&#x7A0B;</p><p><img src=\"http://hera.s.gmei.com/2016/10/12/76d5c7a537\" style=\"width: 482px;\"><br></p>"},"Sample":{"name":"效果示例","content":"<img src=\"http://hera.s.gmei.com/itemwiki/2016/10/12/924e80a90d-w\">"},"BeforIdear":{"name":"效果示例","content":"<p>3.&#x7D20;&#x989C;&#xFF0C;&#x6CBB;&#x7597;&#x524D;&#x5145;&#x5206;&#x6D01;&#x9762;&#x3001;&#x6D88;&#x6BD2;&#x6740;&#x83CC;&#x3002;</p>"},"AfterIdear":{"name":"优点","content":"<p>1.&#x4E25;&#x683C;&#x9632;&#x6652;&#xFF0C;&#x4F7F;&#x7528;SPF30+&#x7684;&#x9632;&#x6652;&#x971C;&#x3001;&#x58A8;&#x955C;&#x3001;&#x906E;&#x9633;&#x4F1E;&#x3002;</p><p>2.&#x6CBB;&#x7597;&#x540E;3&#x5468;&#x5185;&#xFF0C;&#x4E25;&#x7981;&#x4F7F;&#x7528;&#x542B;&#x523A;&#x6FC0;&#x6027;&#x6210;&#x5206;&#xFF08;&#x679C;&#x9178;&#x3001;&#x6C34;&#x6768;&#x9178;&#x3001;&#x9152;&#x7CBE;&#x3001;&#x9AD8;&#x6D53;&#x5EA6;&#x5DE6;&#x65CB;VC&#x7B49;&#xFF09;&#x7684;&#x62A4;&#x80A4;&#x54C1;&#x3002;</p>"},"GoodPoint":{"name":"缺点及风险","content":"<p>1&#x3001;&#x65E0;&#x521B;&#x3001;&#x65E0;&#x6062;&#x590D;&#x671F;</p><p>2&#x3001;&#x5B89;&#x5168;&#x7A33;&#x5B9A;&#x3001;&#x65E0;&#x98CE;&#x9669;</p><p>3&#x3001;&#x8D77;&#x6548;&#x5FEB;</p><p>4&#x3001;&#x6CBB;&#x7597;&#x5168;&#x7A0B;&#x65E0;&#x75BC;&#x75DB;&#x611F; </p>"},"BadPoint":{"name":"术前锦囊","content":"<p>1&#x3001;&#x53EA;&#x9002;&#x5408;&#x76AE;&#x80A4;&#x95EE;&#x9898;&#x4E0D;&#x4E25;&#x91CD;&#x7684;&#x4EBA;</p><p>2&#x3001;&#x7EF4;&#x6301;&#x65F6;&#x95F4;&#x975E;&#x5E38;&#x77ED; </p><p>3&#x3001;&#x9700;&#x8981;&#x6301;&#x7EED;&#x6CBB;&#x7597;</p>"}}