{"Title":"鱼尾纹","Related":{"name":"关联百科","content":[{"relatedId":"366","name":"玻尿酸除皱"},{"relatedId":"302","name":"光子嫩肤"},{"relatedId":"527","name":"自体脂肪填充面部"},{"relatedId":"196","name":"激光祛眼袋"},{"relatedId":"493","name":"肉毒素除皱"}]},"ShorDesc":{"name":"简介","content":"<p>&#x9002;&#x5E94;&#x75C7;&#xFF1A;&#x9C7C;&#x5C3E;&#x7EB9;&#x3002;</p><p>&#x53EF;&#x901A;&#x8FC7;&#x81EA;&#x4F53;&#x8102;&#x80AA;&#x79FB;&#x690D;&#x3001;&#x586B;&#x5145;&#x73BB;&#x5C3F;&#x9178;&#x3001;&#x8089;&#x6BD2;&#x7D20;&#x3001;&#x8089;&#x6BD2;&#x7D20;+&#x73BB;&#x5C3F;&#x9178;&#x3001;&#x6FC0;&#x5149;&#x795B;&#x76B1;&#x7B49;&#x65B9;&#x6CD5;&#x795B;&#x6CD5;&#x4EE4;&#x7EB9;&#x3002;</p>"},"Property":{"name":"档案","content":["\n                <li>&#x6CBB;&#x7597;&#x65B9;&#x5F0F;&#xFF1A;<span>&#x6CE8;&#x5C04;</span></li>\n                <li>&#x75BC;&#x75DB;&#x611F;&#xFF1A;<span>0&#x9897;&#x661F;</span><a href=\"gengmei://common_webview?url=http://backend.gmei.com/hybrid/ache_level\">&#x67E5;&#x770B;&#x75BC;&#x75DB;&#x5206;&#x7EA7;</a></li>\n                <li>&#x7EF4;&#x6301;&#x65F6;&#x95F4;&#xFF1A;<span>6-12&#x4E2A;&#x6708;</span></li>\n                <li>&#x6CBB;&#x7597;&#x65F6;&#x95F4;&#xFF1A;<span>20-60&#x5206;&#x949F;</span></li>\n                <li>&#x53C2;&#x8003;&#x4EF7;&#x683C;&#xFF1A;<span>600-12000</span></li>\n                <li>&#x9EBB;&#x9189;&#x65B9;&#x5F0F;&#xFF1A;<span>&#x5C40;&#x9EBB;</span></li>\n                <li>&#x662F;&#x5426;&#x4F4F;&#x9662;&#xFF1A;<span>&#x5426;</span></li>\n                \n                <li>&#x62C6;&#x7EBF;&#x65F6;&#x95F4;&#xFF1A;<span>0-0&#x5929;</span></li>\n            "]},"Desc":{"name":"项目／手术原理","content":"<p>&#x5982;&#x679C;&#x4F7F;&#x7528;&#x81EA;&#x4F53;&#x8102;&#x80AA;&#x586B;&#x5145;&#xFF0C;&#x5148;&#x8FDB;&#x884C;&#x8102;&#x80AA;&#x62BD;&#x5438;&#x3001;&#x518D;&#x7EAF;&#x5316;&#x8102;&#x80AA;&#x9897;&#x7C92;&#x5907;&#x7528;&#x3002;</p><p>1. &#x6CE8;&#x5C04;&#x90E8;&#x4F4D;&#x76AE;&#x80A4;&#x6D88;&#x6BD2;&#x3002;</p><p>2. &#x8BBE;&#x8BA1;&#x548C;&#x6807;&#x8BB0;&#x6CE8;&#x5C04;&#x70B9;&#x3002;</p><p>4. &#x5C06;&#x836F;&#x7269;&#xFF08;&#x81EA;&#x4F53;&#x8102;&#x80AA;&#x9897;&#x7C92;&#x3001;&#x73BB;&#x5C3F;&#x9178;&#x3001;&#x8089;&#x6BD2;&#x7D20;&#xFF09;&#x6CE8;&#x5C04;&#x5230;&#x6807;&#x8BB0;&#x90E8;&#x4F4D;&#x3002;</p><p><img src=\"http://hera.s.gmei.com/2016/10/11/af6a715cb9\" style=\"width: 383px;\"><br></p>"},"Sample":{"name":"效果示例","content":"<img src=\"http://hera.s.gmei.com/itemwiki/2016/10/11/4fbb084d8d-w\">"},"BeforIdear":{"name":"效果示例","content":"<p>1&#x3001;&#x624B;&#x672F;&#x524D;&#x4E24;&#x5468;&#x5185;&#xFF0C;&#x8BF7;&#x52FF;&#x670D;&#x7528;&#x56FA;&#x9187;&#x6FC0;&#x7D20;&#x548C;&#x963F;&#x65AF;&#x5339;&#x6797;&#x7C7B;&#x6297;&#x51DD;&#x836F;&#x7269;&#x3002;</p><p>2&#x3001;&#x624B;&#x672F;&#x5F53;&#x65E5;&#x4E0D;&#x8981;&#x5316;&#x5986;&#xFF0C;&#x4E5F;&#x4E0D;&#x8981;&#x6234;&#x88C5;&#x9970;&#x7269;&#x7B49;&#xFF0C;&#x672F;&#x524D;&#x505A;&#x597D;&#x6D01;&#x9762;&#x3002;</p><p>3&#x3001;&#x4F8B;&#x5047;&#x671F;&#xFF0C;&#x598A;&#x5A20;&#x524D;&#x671F;(&#x4E09;&#x4E2A;&#x6708;)&#x6216;&#x598A;&#x5A20;&#x540E;&#x671F;(&#x4E09;&#x4E2A;&#x6708;)&#x6682;&#x7F13;&#x624B;&#x672F;&#x3002;</p>"},"AfterIdear":{"name":"优点","content":"<p>1.&#x6CE8;&#x5C04;&#x540E;6-24h&#x5185;&#x907F;&#x514D;&#x6309;&#x6469;&#x53CA;&#x63A5;&#x89E6;&#x6CE8;&#x5C04;&#x90E8;&#x4F4D;&#x4EE5;&#x514D;&#x836F;&#x7269;&#x6269;&#x6563;&#x3002;</p><p>2.&#x6CE8;&#x5C04;&#x540E;&#x7528;&#x624B;&#x638C;&#x6839;&#x6309;&#x538B;5-10&#x5206;&#x949F;&#xFF0C;&#x51B0;&#x6577;15-30&#x5206;&#x949F;&#xFF0C;&#x9488;&#x773C;&#x5904;&#x6D82;&#x7EA2;&#x9709;&#x7D20;&#x818F;&#xFF0C;24&#x5C0F;&#x65F6;&#x4E0D;&#x6CBE;&#x6C34;&#xFF0C;&#x9488;&#x773C;&#x5904;&#x4E0D;&#x64E6;&#x62A4;&#x80A4;&#x54C1;&#x3002;</p><p>3&#x3001;&#x6CE8;&#x5C04;&#x540E;4&#x5C0F;&#x65F6;&#x5019;&#x5185;&#x4E0D;&#x8981;&#x505A;&#x5267;&#x70C8;&#x8FD0;&#x52A8;&#xFF0C;&#x4FDD;&#x6301;&#x8EAB;&#x4F53;&#x76F4;&#x7ACB;&#x6027;&#xFF0C;&#x4E0D;&#x8981;&#x8EBA;&#x5367;&#x548C;&#x957F;&#x65F6;&#x95F4;&#x5F2F;&#x8170;&#xFF0C;&#x4EE5;&#x514D;&#x5F15;&#x8D77;&#x773C;&#x7751;&#x4E0B;&#x5782;&#x3002;</p><p>4&#x3001;&#x6CE8;&#x5C04;&#x90E8;&#x4F4D;1&#x5929;&#x5185;&#x4E0D;&#x80FD;&#x6CBE;&#x6C34;&#x3001;&#x4E0D;&#x80FD;&#x5316;&#x5986;&#x3001;&#x4E0D;&#x8981;&#x505A;&#x8FC7;&#x5EA6;&#x8868;&#x60C5;&#x808C;&#x6D3B;&#x52A8;&#xFF0C;&#x907F;&#x514D;&#x5F3A;&#x529B;&#x7684;&#x9762;&#x90E8;&#x6309;&#x6469;&#x3002;</p><p>5.&#x4E00;&#x5468;&#x5185;&#x4E0D;&#x8981;&#x5403;&#x8F9B;&#x8FA3;&#x3001;&#x6D77;&#x9C9C;&#x7B49;&#x98DF;&#x7269;&#x3001;&#x4E0D;&#x8981;&#x62BD;&#x70DF;&#x559D;&#x9152;&#x3002;</p><p>6&#x3001;&#x81EA;&#x4F53;&#x8102;&#x80AA;&#x586B;&#x5145;&#x624B;&#x672F;&#x90E8;&#x4F4D;&#x548C;&#x6CE8;&#x5C04;&#x90E8;&#x4F4D;7&#x5929;&#x4E0D;&#x80FD;&#x6CBE;&#x6C34;&#x3002;</p><p>7&#x3001;&#x81EA;&#x4F53;&#x8102;&#x80AA;&#x586B;&#x5145;&#x672F;&#x540E;&#x9075;&#x7167;&#x533B;&#x5631;&#x670D;&#x6297;&#x751F;&#x7D20;3&#xFF5E;5&#x5929;&#x3002;</p><p>8&#x3001;&#x81EA;&#x4F53;&#x8102;&#x80AA;&#x586B;&#x5145;&#x672F;&#x540E;&#x4E24;&#x5929;&#x5185;&#x8102;&#x80AA;&#x62BD;&#x5438;&#x90E8;&#x4F4D;&#x4F1A;&#x6709;&#x5C11;&#x91CF;&#x8840;&#x6DB2;&#x4E0E;&#x80BF;&#x80C0;&#x6DB2;&#x6E17;&#x51FA;&#xFF0C;&#x5E94;&#x6309;&#x65F6;&#x6765;&#x533B;&#x9662;&#x66F4;&#x6362;&#x3002;</p><p>9&#x3001;&#x81EA;&#x4F53;&#x8102;&#x80AA;&#x586B;&#x5145;&#x672F;&#x540E;&#x5E94;&#x7A7F;&#x5F39;&#x529B;&#x7D27;&#x8EAB;&#x8863;&#xFF08;&#x88E4;&#xFF09;&#x81F3;&#x5C11;1&#x4E2A;&#x6708;&#x3002;</p><p>10&#x3001;&#x81EA;&#x4F53;&#x8102;&#x80AA;&#x586B;&#x5145;&#x672F;&#x540E;&#x7981;&#x6B62;&#x670D;&#x7528;&#x51CF;&#x80A5;&#x836F;&#x548C;&#x8C03;&#x7406;&#x6708;&#x7ECF;&#x7C7B;&#x836F;&#x7269;&#x3002;</p>"},"GoodPoint":{"name":"缺点及风险","content":"<p>1. &#x6CE8;&#x5C04;&#x521B;&#x4F24;&#x5C0F;&#x3002;</p><p>2. &#x6CE8;&#x5C04;&#x9664;&#x76B1;&#x89C1;&#x6548;&#x5FEB;&#xFF0C;&#x65E0;&#x9700;&#x6062;&#x590D;&#x671F;&#x3002;</p><p>3. &#x81EA;&#x4F53;&#x8102;&#x80AA;&#x586B;&#x5145;&#x662F;&#x81EA;&#x4F53;&#x7EC4;&#x7EC7;&#x65E0;&#x6392;&#x5F02;&#x53CD;&#x5E94;&#x3002;</p>"},"BadPoint":{"name":"术前锦囊","content":"<p>1.&#x6CE8;&#x5C04;&#x9664;&#x76B1;&#x6548;&#x679C;&#x7EF4;&#x6301;&#x8F83;&#x77ED;&#x3002;&#xA0;</p><p>2. &#x9700;&#x591A;&#x6B21;&#x6CE8;&#x5C04;&#x3002;</p><p>3.&#x53EF;&#x80FD;&#x51FA;&#x73B0;&#x53D1;&#x7EA2;&#x3001;&#x80BF;&#x80C0;&#x3001;&#x7619;&#x75D2;&#x3001;&#x6DE4;&#x8840;&#x751A;&#x81F3;&#x611F;&#x67D3;&#x7B49;&#x75C7;&#x72B6;&#x3002;</p><p>4.&#x8102;&#x80AA;&#x9897;&#x7C92;&#x79FB;&#x690D;&#x7684;&#x5B58;&#x6D3B;&#x7387;&#x4E0D;&#x9AD8;&#x3001;&#x62BD;&#x5438;&#x540E;&#x5C40;&#x90E8;&#x6F5C;&#x5728;&#x7684;&#x521B;&#x9762;&#x8F83;&#x5927;&#x3001;&#x5C40;&#x90E8;&#x76AE;&#x80A4;&#x53EF;&#x80FD;&#x4F1A;&#x51F9;&#x51F8;&#x4E0D;&#x5E73;&#x3002;</p>"}}