{"Title":"自体脂肪隆胸","Related":{"name":"关联百科","content":[{"relatedId":"726","name":"负压吸脂"},{"relatedId":"725","name":"水动力吸脂"},{"relatedId":"331","name":"假体隆胸"}]},"ShorDesc":{"name":"简介","content":"<p>&#x9002;&#x5E94;&#x75C7;&#xFF1A;&#x5E73;&#x80F8;&#x3001;&#x5C40;&#x90E8;&#x8102;&#x80AA;&#x80A5;&#x539A;&#x3001;&#x80F8;&#x5F62;&#x4E0D;&#x9971;&#x6EE1;&#x3001;&#x80F8;&#x90E8;&#x4E0D;&#x5BF9;&#x79F0;</p><p>&#x4ECE;&#x8089;&#x591A;&#x7684;&#x90E8;&#x4F4D;&#xFF08;&#x5927;&#x817F;&#x3001;&#x8170;&#x8179;&#x3001;&#x81C0;&#x90E8;&#x7B49;&#xFF09;&#x62BD;&#x53D6;&#x8102;&#x80AA;&#xFF0C;&#x7ECF;&#x8102;&#x80AA;&#x7EC6;&#x80DE;&#x7EAF;&#x5316;&#x540E;&#x6CE8;&#x5C04;&#x5230;&#x4E73;&#x623F;&#x4E0A;&#x3002;</p>"},"Property":{"name":"档案","content":["\n                <li>&#x6CBB;&#x7597;&#x65B9;&#x5F0F;&#xFF1A;<span>&#x624B;&#x672F;</span></li>\n                <li>&#x75BC;&#x75DB;&#x611F;&#xFF1A;<span>4&#x9897;&#x661F;</span><a href=\"gengmei://common_webview?url=http://backend.gmei.com/hybrid/ache_level\">&#x67E5;&#x770B;&#x75BC;&#x75DB;&#x5206;&#x7EA7;</a></li>\n                <li>&#x7EF4;&#x6301;&#x65F6;&#x95F4;&#xFF1A;<span>&#x6C38;&#x4E45;</span></li>\n                <li>&#x6CBB;&#x7597;&#x65F6;&#x95F4;&#xFF1A;<span>90-120&#x5206;&#x949F;</span></li>\n                <li>&#x53C2;&#x8003;&#x4EF7;&#x683C;&#xFF1A;<span>20000-50000</span></li>\n                <li>&#x9EBB;&#x9189;&#x65B9;&#x5F0F;&#xFF1A;<span>&#x5168;&#x9EBB;</span></li>\n                <li>&#x662F;&#x5426;&#x4F4F;&#x9662;&#xFF1A;<span>&#x5426;</span></li>\n                \n                <li>&#x62C6;&#x7EBF;&#x65F6;&#x95F4;&#xFF1A;<span>6-8&#x5929;</span></li>\n            "]},"Desc":{"name":"项目／手术原理","content":"<p>1.&#x5168;&#x8EAB;&#x6D88;&#x6BD2;&#x3002;</p><p>2.&#x5728;&#x5438;&#x8102;&#x90E8;&#x4F4D;&#x5F00;&#x4E00;&#x4E2A;&#x5FAE;&#x5C0F;&#x5207;&#x53E3;&#xFF0C;&#x914D;&#x5236;&#x80BF;&#x80C0;&#x6DB2;&#xFF0C;&#x6CE8;&#x5165;&#x5438;&#x8102;&#x90E8;&#x4F4D;&#x3002;</p><p>3.&#x5C06;&#x8102;&#x80AA;&#x591A;&#x70B9;&#x3001;&#x591A;&#x5E73;&#x9762;&#x5747;&#x5300;&#x5438;&#x51FA;&#x3002;</p><p>4.&#x7ECF;&#x8FC7;&#x9759;&#x7F6E;+&#x79BB;&#x5FC3;&#x6216;&#x9759;&#x7F6E;+&#x7EB1;&#x5E03;/&#x6F0F;&#x6597;&#x8FC7;&#x6EE4;&#x7684;&#x65B9;&#x6CD5;&#x7EAF;&#x5316;&#x8102;&#x80AA;&#x7EC6;&#x80DE;&#x3002;</p><p>5.&#x5C06;&#x8102;&#x80AA;&#x591A;&#x70B9;&#x3001;&#x591A;&#x96A7;&#x9053;&#x3001;&#x591A;&#x5E73;&#x9762;&#x5747;&#x5300;&#x6CE8;&#x5C04;&#x5230;&#x4E73;&#x623F;&#x4E0A;&#x3002;</p><p>6.&#x5C06;&#x5207;&#x53E3;&#x6B62;&#x8840;&#x3001;&#x7F1D;&#x5408;&#x3001;&#x52A0;&#x538B;&#x5305;&#x624E;&#x3002;</p><p><img src=\"http://hera.s.gmei.com/2016/10/11/6b6edc22fc\" style=\"width: 966px;\"><br></p>"},"Sample":{"name":"效果示例","content":"<img src=\"http://hera.s.gmei.com/itemwiki/2016/10/11/18aefa9a02-w\">"},"BeforIdear":{"name":"效果示例","content":"<p>1.&#x5E38;&#x89C4;&#x672F;&#x524D;&#x68C0;&#x67E5;&#xFF1A;&#x8840;&#x68C0;&#x3001;&#x5C3F;&#x68C0;&#x3001;&#x8840;&#x538B;&#x3001;&#x5FC3;&#x7535;&#x56FE;&#x7B49;&#x3002;</p><p>2.&#x672F;&#x524D;&#x5145;&#x5206;&#x6C9F;&#x901A;&#xFF1A;&#x5047;&#x4F53;&#x690D;&#x5165;&#x540E;&#x7684;&#x6548;&#x679C;&#x3001;&#x5047;&#x4F53;&#x5C3A;&#x5BF8;&#x3001;&#x5047;&#x4F53;&#x5F62;&#x72B6;&#x3001;&#x5047;&#x4F53;&#x6750;&#x8D28;&#x53CA;&#x672F;&#x540E;&#x53EF;&#x80FD;&#x5B58;&#x5728;&#x7684;&#x5E76;&#x53D1;&#x75C7;&#x548C;&#x6062;&#x590D;&#x671F;&#x6CE8;&#x610F;&#x4E8B;&#x9879;&#x3002;</p><p>3.&#x5973;&#x6027;&#x5FC5;&#x987B;&#x907F;&#x5F00;&#x6708;&#x7ECF;&#x671F;&#x3001;&#x598A;&#x5A20;&#x671F;&#x3001;&#x54FA;&#x4E73;&#x671F;&#x3002;</p><p>4.&#x672F;&#x524D;&#x4E00;&#x5929;&#x5F7B;&#x5E95;&#x6E05;&#x6D17;&#x5934;&#x9762;&#x3001;&#x8EAB;&#x4F53;&#xFF08;&#x672F;&#x540E;7-8&#x5929;&#x4E0D;&#x80FD;&#x6DCB;&#x6D74;&#x3001;&#x6CE1;&#x6FA1;&#xFF0C;&#x4F24;&#x53E3;&#x4E0D;&#x80FD;&#x6CBE;&#x6C34;&#xFF09;</p><p>5.&#x5982;&#x6709;&#x5FC5;&#x8981;&#xFF0C;&#x529E;&#x7406;&#x4F4F;&#x9662;&#x624B;&#x7EED;&#x3001;&#x8D2D;&#x4E70;&#x6D88;&#x708E;&#x836F;&#x7269;&#x53CA;&#x6291;&#x5236;&#x75A4;&#x75D5;&#x589E;&#x751F;&#x836F;&#x7269;&#x3002;</p>"},"AfterIdear":{"name":"优点","content":"<p>1.&#x5438;&#x8102;&#x90E8;&#x4F4D;&#x52A0;&#x538B;&#x5305;&#x624E;5-7&#x5929;&#xFF0C;&#x7B2C;&#x4E8C;&#x5929;&#x53BB;&#x533B;&#x9662;&#x6362;&#x836F;&#x3002;</p><p>2.&#x6CE8;&#x5C04;&#x9488;&#x5B54;&#x6D82;&#x7EA2;&#x9709;&#x7D20;&#x8F6F;&#x818F;+&#x8D34;&#x65E0;&#x83CC;&#x8D34;&#xFF0C;7&#x5929;&#x4E0D;&#x80FD;&#x6D17;&#x6FA1;&#x3002;</p><p>3.&#x5982;&#x5438;&#x8102;&#x533A;&#x57DF;&#x6E17;&#x8840;&#xFF0C;&#x53EF;&#x5728;&#x6E17;&#x51FA;&#x90E8;&#x4F4D;&#x8986;&#x76D6;&#x65E0;&#x83CC;&#x68C9;&#x57AB;&#x6216;&#x9632;&#x6E17;&#x6577;&#x6599;&#x3002;</p><p>4.&#x6CE8;&#x5C04;&#x533A;&#x57DF;&#x4E25;&#x7981;&#x51B0;&#x6577;&#x3001;&#x70ED;&#x6577;&#x3001;&#x6309;&#x6469;&#x3001;&#x6324;&#x538B;&#xFF0C;&#x4EE5;&#x514D;&#x5F71;&#x54CD;&#x8102;&#x80AA;&#x6210;&#x6D3B;&#x3002;</p><p>5.&#x672F;&#x540E;3-5&#x5929;&#x670D;&#x7528;&#x6D88;&#x708E;&#x836F;&#xFF08;&#x6216;&#x9075;&#x533B;&#x5631;&#xFF09;&#x3002;</p><p>6.&#x5438;&#x8102;&#x533A;&#x57DF;6~8&#x5929;&#x62C6;&#x7EBF;&#xFF0C;&#x62C6;&#x7EBF;&#x540E;24h&#x65B9;&#x53EF;&#x6CBE;&#x6C34;&#x3002;</p><p>7.&#x5438;&#x8102;&#x90E8;&#x4F4D;&#x5E94;&#x7A7F;&#x5F39;&#x529B;&#x8863;1-3&#x4E2A;&#x6708;&#xFF0C;&#x6BCF;&#x5929;6-8h&#x3002;</p><p>8.&#x4E25;&#x7981;&#x5438;&#x70DF;/&#x95FB;&#x70DF;&#x5473;&#xFF0C;&#x4EE5;&#x514D;&#x5F71;&#x54CD;&#x8102;&#x80AA;&#x6210;&#x6D3B;&#x3002;</p><p>9.&#x4E0D;&#x53EF;&#x4F7F;&#x52B2;&#x6413;&#x63C9;&#x3001;&#x6309;&#x538B;&#x80F8;&#x90E8;&#xFF0C;&#x53EF;&#x53E3;&#x670D;&#x7EF4;&#x751F;&#x7D20;E&#x6216;&#x9759;&#x8109;&#x6CE8;&#x5C04;&#x4E39;&#x53C2;&#xFF0C;&#x4FC3;&#x8FDB;&#x8102;&#x80AA;&#x6210;&#x6D3B;&#x3002;</p><p>10.&#x9650;&#x5236;&#x4E0A;&#x81C2;&#x6D3B;&#x52A8;&#x3001;&#x5C3D;&#x91CF;&#x4E0D;&#x7A7F;&#x6234;&#x94A2;&#x6258;&#x5185;&#x8863;&#x6216;&#x7D27;&#x8EAB;&#x8863;&#xFF0C;&#x4EE5;&#x514D;&#x5F71;&#x54CD;&#x8102;&#x80AA;&#x6210;&#x6D3B;&#x3002;</p>"},"GoodPoint":{"name":"缺点及风险","content":"<p>1.&#x624B;&#x611F;&#x66F4;&#x81EA;&#x7136;&#xFF0C;100%&#x65E0;&#x5F02;&#x7269;&#x611F;&#x3002;</p><p>2.&#x9686;&#x80F8;&#x4E0E;&#x51CF;&#x80A5;&#x4E00;&#x7BAD;&#x53CC;&#x96D5;&#x3002;</p><p>3.&#x76F8;&#x5BF9;&#x4E8E;&#x5047;&#x4F53;&#x9686;&#x80F8;&#x6765;&#x8BF4;&#xFF0C;&#x624B;&#x672F;&#x521B;&#x4F24;&#x8F83;&#x5C0F;&#x3001;&#x6062;&#x590D;&#x901F;&#x5EA6;&#x8F83;&#x5FEB;&#x3002;</p><p>4.&#x81EA;&#x4F53;&#x8102;&#x80AA;&#x4E0D;&#x5B58;&#x5728;&#x6392;&#x5F02;&#x53CD;&#x5E94;&#x3002;</p>"},"BadPoint":{"name":"术前锦囊","content":"<p>1.&#x624B;&#x672F;&#x53EF;&#x80FD;&#x51FA;&#x73B0;&#x8102;&#x80AA;&#x6DB2;&#x5316;&#x3001;&#x5F62;&#x6210;&#x7ED3;&#x8282;&#x7684;&#x95EE;&#x9898;&#x3002;</p><p>2.&#x8102;&#x80AA;&#x5B58;&#x6D3B;&#x7387;&#x901A;&#x5E38;50%&#x4EE5;&#x4E0B;&#xFF0C;&#x60F3;&#x8FBE;&#x5230;&#x7406;&#x60F3;&#x7F69;&#x676F;&#xFF0C;&#x9700;&#x8981;&#x505A;2-3&#x6B21;&#x624B;&#x672F;&#x3002;</p><p>3.&#x5438;&#x8102;&#x533A;&#x57DF;&#x53EF;&#x80FD;&#x6709;&#x6DE4;&#x9752;&#x3001;&#x51F9;&#x51F8;&#x4E0D;&#x5E73;&#x3001;&#x7ED3;&#x8282;&#x3001;&#x8102;&#x80AA;&#x6813;&#x585E;&#x7B49;&#x95EE;&#x9898;&#x3002;</p><p>4.&#x8102;&#x80AA;&#x91CF;&#x5C11;&#x7684;&#x4EBA;&#xFF0C;&#x5F88;&#x96BE;&#x8FBE;&#x5230;&#x7406;&#x60F3;&#x6548;&#x679C;&#x3002;</p>"}}