{"Title":"手术小拉皮","Related":{"name":"关联百科","content":[{"relatedId":"721","name":"手术大拉皮"},{"relatedId":"671","name":"鱼尾纹"},{"relatedId":"720","name":"手术抗衰"},{"relatedId":"710","name":"法令纹"},{"relatedId":"717","name":"射频提升"},{"relatedId":"480","name":"超声刀"},{"relatedId":"481","name":"埋线提升"},{"relatedId":"718","name":"电波拉皮"}]},"ShorDesc":{"name":"简介","content":"<p>&#x9002;&#x5E94;&#x75C7;&#xFF1A;&#x9762;&#x90E8;&#x76AE;&#x80A4;&#x677E;&#x5F1B;&#x3002;</p><p>&#x901A;&#x8FC7;&#x5FAE;&#x5C0F;&#x5207;&#x53E3;&#xFF0C;&#x5373;&#x53EF;&#x5728;&#x76F4;&#x89C6;&#x4E0B;&#x786E;&#x5207;&#x8FBE;&#x5230;&#x6DF1;&#x5C42;&#x7EC4;&#x7EC7;&#x7ED3;&#x6784;&#x60AC;&#x63D0;&#xFF0C;&#x53BB;&#x9664;&#x591A;&#x4F59;&#x76AE;&#x80A4;&#xFF0C;&#x6700;&#x7EC8;&#x53BB;&#x9664;&#x9762;&#x90E8;&#x62C9;&#x76AE;&#x9664;&#x76B1;&#x3002;</p>"},"Property":{"name":"档案","content":["\n                <li>&#x6CBB;&#x7597;&#x65B9;&#x5F0F;&#xFF1A;<span>&#x624B;&#x672F;</span></li>\n                <li>&#x75BC;&#x75DB;&#x611F;&#xFF1A;<span>0&#x9897;&#x661F;</span><a href=\"gengmei://common_webview?url=http://backend.gmei.com/hybrid/ache_level\">&#x67E5;&#x770B;&#x75BC;&#x75DB;&#x5206;&#x7EA7;</a></li>\n                <li>&#x7EF4;&#x6301;&#x65F6;&#x95F4;&#xFF1A;<span>10&#x5E74;&#x4EE5;&#x4E0A;</span></li>\n                <li>&#x6CBB;&#x7597;&#x65F6;&#x95F4;&#xFF1A;<span>60-120&#x5206;&#x949F;</span></li>\n                <li>&#x53C2;&#x8003;&#x4EF7;&#x683C;&#xFF1A;<span>5000-20000</span></li>\n                <li>&#x9EBB;&#x9189;&#x65B9;&#x5F0F;&#xFF1A;<span>&#x5C40;&#x9EBB;&#xFF0F;&#x5168;&#x9EBB;</span></li>\n                <li>&#x662F;&#x5426;&#x4F4F;&#x9662;&#xFF1A;<span>&#x5426;</span></li>\n                \n                <li>&#x62C6;&#x7EBF;&#x65F6;&#x95F4;&#xFF1A;<span>5-7&#x5929;</span></li>\n            "]},"Desc":{"name":"项目／手术原理","content":"<p>1.&#x6E05;&#x6D01;&#x3001;&#x9EBB;&#x9189;&#x3002;</p><p>2.&#x5728;&#x989D;&#x3001;&#x989E;&#x90E8;&#x3001;&#x8033;&#x6735;&#x524D;&#x4F5C;2-3&#x5C0F;&#x5207;&#x53E3;&#x3002;</p><p>3.&#x501F;&#x52A9;&#x5185;&#x7AA5;&#x955C;&#x505A;&#x76AE;&#x80A4;&#x808C;&#x8089;&#x6DF1;&#x5C42;&#x7684;&#x5206;&#x79BB;&#x3002;</p><p>4.&#x7F1D;&#x5408;&#x3002;</p><p><img src=\"http://hera.s.gmei.com/2016/10/11/a9a95a2e07\" style=\"width: 668px;\"><br></p>"},"Sample":{"name":"效果示例","content":"<img src=\"http://hera.s.gmei.com/itemwiki/2016/10/11/a7fe77f67b-w\">"},"BeforIdear":{"name":"效果示例","content":"<p>1.&#x672F;&#x524D;&#x4E00;&#x5929;&#x6D17;&#x6FA1;&#x3001;&#x6D17;&#x5934;&#xFF0C;&#x672F;&#x533A;&#x76AE;&#x80A4;&#x5E94;&#x7740;&#x91CD;&#x6E05;&#x6D17;&#x3002;</p><p>2.&#x672F;&#x524D;1&#x4E2A;&#x6708;&#x4E0D;&#x80FD;&#x670D;&#x7528;&#x6297;&#x51DD;&#x836F;&#x7269;&#x3002;</p><p>3.&#x672F;&#x524D;&#x914D;&#x5408;&#x533B;&#x751F;&#x505A;&#x597D;&#x5168;&#x9762;&#x7684;&#x8EAB;&#x4F53;&#x68C0;&#x67E5;&#xFF0C;&#x5C24;&#x5176;&#x662F;&#x51DD;&#x8840;&#x529F;&#x80FD;&#x662F;&#x5426;&#x6B63;&#x5E38;&#x3002;</p><p>4.&#x672F;&#x524D;4&#x5C0F;&#x65F6;&#x4E0D;&#x80FD;&#x8FDB;&#x98DF;&#x3001;&#x996E;&#x6C34;&#x3002;</p>"},"AfterIdear":{"name":"优点","content":"<p>1&#x3001;&#x5E94;&#x6CE8;&#x610F;&#x4FDD;&#x6301;&#x5207;&#x53E3;&#x6E05;&#x6D01;&#x536B;&#x751F;&#xFF0C;&#x7981;&#x6B62;&#x5207;&#x53E3;&#x6CBE;&#x6C34;&#xFF0C;&#x4EE5;&#x514D;&#x5BFC;&#x81F4;&#x672F;&#x540E;&#x611F;&#x67D3;&#x73B0;&#x8C61;&#x7684;&#x53D1;&#x751F;&#x3002;</p><p>2&#x3001;&#x9762;&#x90E8;&#x4F1A;&#x6709;&#x8F7B;&#x5FAE;&#x80BF;&#x80C0;&#x73B0;&#x8C61;&#x53D1;&#x751F;&#xFF0C;&#x8FD9;&#x662F;&#x672F;&#x540E;&#x7684;&#x6B63;&#x5E38;&#x73B0;&#x8C61;&#xFF0C;&#x4E00;&#x822C;2&#x5230;3&#x5929;&#x540E;&#x80BF;&#x80C0;&#x5C31;&#x4F1A;&#x6D88;&#x5931;&#xFF0C;&#x53EF;&#x901A;&#x8FC7;&#x5C40;&#x90E8;&#x51B0;&#x6577;&#x7684;&#x65B9;&#x6CD5;&#x6765;&#x7F13;&#x89E3;&#x80BF;&#x80C0;&#x3002;</p><p>3&#x3001;&#x5E94;&#x9075;&#x533B;&#x5631;&#x52FF;&#x670D;&#x6D3B;&#x8840;&#x836F;&#x7269;&#xFF0C;&#x4EE5;&#x514D;&#x672F;&#x540E;&#x51FA;&#x8840;&#x73B0;&#x8C61;&#x53D1;&#x751F;&#x3002;</p><p>4&#x3001;&#x5E94;&#x907F;&#x514D;&#x505A;&#x5267;&#x70C8;&#x7684;&#x9762;&#x90E8;&#x52A8;&#x4F5C;&#xFF0C;&#x4EE5;&#x514D;&#x5F15;&#x8D77;&#x5207;&#x53E3;&#x51FA;&#x8840;&#x3002;</p><p>5&#x3001;&#x5E94;&#x7981;&#x98DF;&#x8F9B;&#x8FA3;&#x523A;&#x6FC0;&#x548C;&#x6D77;&#x9C9C;&#x98DF;&#x7269;&#xFF0C;&#x4EE5;&#x514D;&#x5F71;&#x54CD;&#x672F;&#x540E;&#xFFFD;&#xFFFD;&#xFFFD;&#x590D;&#x3002;</p>"},"GoodPoint":{"name":"缺点及风险","content":"<p>1.&#x521B;&#x4F24;&#x5C0F;&#xFF0C;&#x6062;&#x590D;&#x5FEB;&#x3002;</p><p>2.&#x5E74;&#x8F7B;&#x5E45;&#x5EA6;&#x8F83;&#x5927;&#xFF0C;&#x7EF4;&#x6301;&#x65F6;&#x95F4;&#x957F;&#xFF0C;&#x53EF;&#x5E74;&#x8F7B;10&#x2014;15&#x5C81;&#x3002;</p><p>3.&#x5305;&#x624E;&#x65F6;&#x95F4;&#x77ED;&#x3001;&#x80BF;&#x80C0;&#x8F7B;&#x3001;&#x6062;&#x590D;&#x8F83;&#x5FEB;&#xFF0C;&#x5916;&#x89C2;&#x5207;&#x53E3;&#x4E0D;&#x660E;&#x663E;&#x3002;</p>"},"BadPoint":{"name":"术前锦囊","content":"<p>1&#x3001;&#x5BF9;&#x64CD;&#x4F5C;&#x8981;&#x6C42;&#x4E25;&#x683C;&#x3002;</p><p>2&#x3001;&#x53EF;&#x80FD;&#x5F15;&#x8D77;&#x53D1;&#x708E;&#x3001;&#x611F;&#x67D3;&#x7B49;&#x3002;</p>"}}