{"Title":"点阵激光","Related":{"name":"关联百科","content":[{"relatedId":"656","name":"滚轮微针"},{"relatedId":"802","name":"离子束激光"}]},"ShorDesc":{"name":"简介","content":"<p>&#x9002;&#x5E94;&#x75C7;&#xFF1A;&#x75D8;&#x5751;&#x3001;&#x51F9;&#x9677;&#x578B;&#x75A4;&#x75D5;&#x3001;&#x76AE;&#x80A4;&#x7C97;&#x7CD9;&#x3001;&#x7EC6;&#x7EB9;&#x3001;&#x6BDB;&#x5B54;&#x7C97;&#x5927;&#x3001;&#x76AE;&#x80A4;&#x677E;&#x5F1B;</p><p>&#x70B9;&#x9635;&#x6FC0;&#x5149;&#x53EF;&#x523A;&#x6FC0;&#x771F;&#x76AE;&#x5C42;&#x80F6;&#x539F;&#x518D;&#x751F;&#x3001;&#x91CD;&#x7EC4;&#xFF0C;&#x4EE5;&#x6B64;&#x8FBE;&#x5230;&#x6539;&#x5584;&#x51F9;&#x9677;&#x578B;&#x75D8;&#x5751;&#xFF08;&#x4F1A;&#x5265;&#x8131;&#x3001;&#x7ED3;&#x75C2;&#xFF09;&#x3001;&#x7EC6;&#x7EB9;&#x3001;&#x6BDB;&#x5B54;&#x7C97;&#x5927;&#x53CA;&#x76AE;&#x80A4;&#x677E;&#x5F1B;&#x7684;&#x4F5C;&#x7528;&#x3002;</p>"},"Property":{"name":"档案","content":["\n                <li>&#x6CBB;&#x7597;&#x65B9;&#x5F0F;&#xFF1A;<span>&#x5149;&#x7535;&#xFF08;&#x6709;&#x521B;&#xFF09;</span></li>\n                <li>&#x75BC;&#x75DB;&#x611F;&#xFF1A;<span>2&#x9897;&#x661F;</span><a href=\"gengmei://common_webview?url=http://backend.gmei.com/hybrid/ache_level\">&#x67E5;&#x770B;&#x75BC;&#x75DB;&#x5206;&#x7EA7;</a></li>\n                <li>&#x7EF4;&#x6301;&#x65F6;&#x95F4;&#xFF1A;<span>&#x6C38;&#x4E45;</span></li>\n                <li>&#x6CBB;&#x7597;&#x65F6;&#x95F4;&#xFF1A;<span>40-60&#x5206;&#x949F;</span></li>\n                <li>&#x53C2;&#x8003;&#x4EF7;&#x683C;&#xFF1A;<span>3000-8000</span></li>\n                <li>&#x9EBB;&#x9189;&#x65B9;&#x5F0F;&#xFF1A;<span>&#x8868;&#x9762;&#x9EBB;&#x9189;</span></li>\n                <li>&#x662F;&#x5426;&#x4F4F;&#x9662;&#xFF1A;<span>&#x5426;</span></li>\n                \n                <li>&#x62C6;&#x7EBF;&#x65F6;&#x95F4;&#xFF1A;<span>0-0&#x5929;</span></li>\n            "]},"Desc":{"name":"项目／手术原理","content":"<p>1.&#x6E05;&#x6D01;&#x76AE;&#x80A4;&#x3001;&#x6D88;&#x6BD2;&#x3002;</p><p>2.&#x5916;&#x6577;&#x8868;&#x9762;&#x9EBB;&#x9189;&#x836F;&#x7269;&#x3002;</p><p>3.&#x8FDB;&#x884C;&#x6CBB;&#x7597;&#x3002;</p><p>4.&#x51B0;&#x6577;&#x3002;</p><p><img src=\"http://hera.s.gmei.com/2016/10/11/7e427199cd\" style=\"width: 900px;\"><br></p>"},"Sample":{"name":"效果示例","content":"<img src=\"http://hera.s.gmei.com/itemwiki/2016/10/11/5f10e650a0-w\">"},"BeforIdear":{"name":"效果示例","content":"<p>1.&#x6CBB;&#x7597;&#x524D;1&#x4E2A;&#x6708;&#x5185;&#x4E0D;&#x80FD;&#x66B4;&#x6652;&#x3002;</p><p>2.&#x6CBB;&#x7597;&#x524D;&#x5F53;&#x5929;/&#x524D;&#x4E00;&#x5929;&#x6D17;&#x5934;&#x3001;&#x6D01;&#x9762;&#xFF0C;&#x6CBB;&#x7597;&#x5F53;&#x5929;&#x7D20;&#x989C;&#x3002;</p><p>3.&#x907F;&#x5F00;&#x6708;&#x7ECF;&#x671F;&#x3001;&#x598A;&#x5A20;&#x671F;&#x3001;&#x54FA;&#x4E73;&#x671F;&#x3002;</p><p>4.&#x6709;&#x5149;&#x654F;&#x53F2;&#x9700;&#x63D0;&#x524D;&#x544A;&#x77E5;&#x533B;&#x751F;&#x3002;</p><p>5. &#x6CBB;&#x7597;&#x524D;1-2&#x4E2A;&#x6708;&#x5185;&#x5C3D;&#x91CF;&#x4E0D;&#x8981;&#x505A;&#x9AD8;&#x6D53;&#x5EA6;&#x679C;&#x9178;&#x6362;&#x80A4;&#x3001;&#x5265;&#x8131;&#x578B;&#x6FC0;&#x5149;&#xFF08;&#x5982;&#x70B9;&#x9635;&#x6FC0;&#x5149;&#xFF09;&#x3001;&#x975E;&#x5265;&#x8131;&#x578B;&#x5149;&#x7535;&#x6CBB;&#x7597;&#xFF08;&#x5982;&#x5149;&#x5B50;&#x5AE9;&#x80A4;&#x3001;&#x767D;&#x74F7;&#x5A03;&#x5A03;&#x3001;&#x8D85;&#x58F0;&#x5200;&#x3001;&#x70ED;&#x739B;&#x5409;&#xFF09;&#x3002;</p><p>6. &#x672F;&#x524D;7&#x5929;&#x7981;&#x670D;&#x6297;&#x51DD;&#x836F;&#x7269;&#xFF08;&#x5982;&#x963F;&#x53F8;&#x5339;&#x6797;&#xFF09;&#x3002;</p>"},"AfterIdear":{"name":"优点","content":"<p>1.&#x6CBB;&#x7597;&#x540E;72&#x5C0F;&#x65F6;&#x5185;&#x51B0;&#x6577;&#xFF0C;&#x4E00;&#x6B21;&#x51B0;&#x6577;20-30&#x5206;&#x949F;&#xFF0C;&#x53EF;&#x6539;&#x5584;&#x7EA2;&#x80BF;&#x3001;&#x75BC;&#x75DB;&#x3002;</p><p>2.&#x6CBB;&#x7597;&#x540E;3-7&#x5929;&#x5185;&#xFF0C;&#x76AE;&#x80A4;&#x4E0D;&#x80FD;&#x6CBE;&#x6C34;&#xFF0C;&#x4EE5;&#x514D;&#x4F24;&#x53E3;&#x611F;&#x67D3;&#x3002;</p><p>3.&#x7ED3;&#x75C2;&#x540E;&#x53EF;&#x9002;&#x5F53;&#x6E05;&#x6D01;&#x9762;&#x90E8;&#xFF0C;&#x4F46;&#x4E0D;&#x8981;&#x62A0;&#x6389;&#x75C2;&#x76AE;&#xFF0C;&#x4EE5;&#x514D;&#x7559;&#x75A4;&#x3001;&#x8272;&#x6C89;&#x3002;</p><p>4.&#x6CBB;&#x7597;&#x540E;1&#x4E2A;&#x6708;&#x5185;&#xFF0C;&#x4F7F;&#x7528;&#x8868;&#x76AE;&#x4FEE;&#x590D;&#x55B7;&#x96FE;&#xFF0C;&#x5982;EGF&#x8868;&#x76AE;&#x751F;&#x957F;&#x56E0;&#x5B50;&#x3001;&#x4FEE;&#x590D;&#x80BD;&#x7B49;&#x3002;</p><p>5.&#x5B8C;&#x5168;&#x8131;&#x75C2;&#x540E;&#xFF0C;&#x4F7F;&#x7528;&#x6FC0;&#x5149;&#x672F;&#x540E;&#x4E13;&#x7528;&#x7684;&#x4FDD;&#x6E7F;&#x3001;&#x4FEE;&#x590D;&#x9762;&#x819C;&#x3002;</p><p>6.&#x4E25;&#x683C;&#x9632;&#x6652;&#xFF0C;&#x4F7F;&#x7528;SPF30+&#x7684;&#x9632;&#x6652;&#x971C;&#x3001;&#x58A8;&#x955C;&#x3001;&#x906E;&#x9633;&#x4F1E;&#x3002;</p><p>7.&#x6CBB;&#x7597;&#x540E;2&#x5468;&#x5185;&#xFF0C;&#x4E25;&#x7981;&#x8F9B;&#x8FA3;&#x523A;&#x6FC0;&#x98DF;&#x7269;&#x3002;</p><p>8.&#x9700;&#x8981;&#x95F4;&#x9694;&#x81F3;&#x5C11;3&#x4E2A;&#x6708;&#xFF0C;&#x624D;&#x80FD;&#x8FDB;&#x884C;&#x7B2C;&#x4E8C;&#x6B21;&#x6CBB;&#x7597;&#x3002;</p>"},"GoodPoint":{"name":"缺点及风险","content":"<p>1.&#x6CBB;&#x7597;&#x4E00;&#x6B21;&#xFF0C;&#x5C31;&#x53EF;&#x6539;&#x5584;&#x75D8;&#x5751;&#x3001;&#x51F9;&#x9677;&#x578B;&#x75A4;&#x75D5;&#x3001;&#x76AE;&#x80A4;&#x7C97;&#x7CD9;&#x3001;&#x6BDB;&#x5B54;&#x7C97;&#x5927;&#x3001;&#x76AE;&#x80A4;&#x677E;&#x5F1B;&#x7684;&#x95EE;&#x9898;&#x3002;</p>"},"BadPoint":{"name":"术前锦囊","content":"<p>1.&#x6CBB;&#x7597;&#x51F9;&#x9677;&#x578B;&#x75A4;&#x75D5;&#x4F1A;&#x5265;&#x8131;&#x8868;&#x76AE;&#x3001;&#x7ED3;&#x75C2;&#xFF0C;&#x9700;&#x8981;&#x4E00;&#x6BB5;&#x65F6;&#x95F4;&#x7684;&#x6062;&#x590D;&#x671F;&#xFF08;&#x505C;&#x5DE5;&#x671F;&#x5927;&#x6982;5-7&#x5929;&#xFF09;&#x3002;</p><p>2.&#x6CBB;&#x7597;&#x540E;&#x5F53;&#x5929;&#xFF0C;&#x76AE;&#x80A4;&#x4F1A;&#x7EA2;&#x80BF;&#x3001;&#x75BC;&#x75DB;&#x3002;</p><p>3.&#x6CBB;&#x7597;&#x540E;1-2&#x4E2A;&#x6708;&#x5185;&#xFF0C;&#x6CBB;&#x7597;&#x53EF;&#x80FD;&#x4F1A;&#x53D1;&#x7EA2;&#x3002;</p><p>4.&#x6709;&#x8272;&#x6C89;&#x7684;&#x98CE;&#x9669;&#x3002;</p>"}}