{"Title":"Liposonix热立塑","Related":{"name":"关联百科","content":[{"relatedId":"796","name":"UltraShape优立塑"},{"relatedId":"795","name":"BodyTite射频溶脂"},{"relatedId":"798","name":"CoolSculpting冰美人冷冻溶脂"},{"relatedId":"560","name":"超声溶脂"},{"relatedId":"561","name":"射频溶脂"},{"relatedId":"559","name":"冷冻溶脂"}]},"ShorDesc":{"name":"简介","content":"<p class=\"MsoNormal\" align=\"left\">&#x54C1;&#x724C;&#x540D;&#x79F0;&#xFF1A;Liposonix&#x70ED;&#x7ACB;&#x5851;</p><p class=\"MsoNormal\"><span lang=\"EN-US\"><o:p></o:p></span></p><p class=\"MsoNormal\" align=\"left\">&#x751F;&#x4EA7;&#x5546;&#xFF1A;&#x7F8E;&#x56FD;Solta&#x516C;&#x53F8;</p><p class=\"MsoNormal\" align=\"left\"><span lang=\"EN-US\"><o:p></o:p></span></p><p class=\"MsoNormal\" align=\"left\">&#x7EF4;&#x6301;&#x65F6;&#x95F4;&#xFF1A;&#x957F;&#x4E45;</p><p class=\"MsoNormal\" align=\"left\">&#x4F5C;&#x7528;&#xFF1A;<span style=\"text-align: justify;\">&#x8FD0;&#x7528;&#x975E;&#x4FB5;&#x5165;&#x5F0F;&#x805A;&#x7126;&#x8D85;&#x97F3;&#x6CE2;&#xFF0C;&#x4F20;&#x9012;&#x7684;&#x80FD;&#x91CF;&#x53EF;&#x4EE5;&#x7834;&#x574F;&#x76AE;&#x4E0B;&#x8102;&#x80AA;&#x7EC6;&#x80DE;&#xFF0C;&#x8FBE;&#x5230;&#x5851;&#x5F62;&#x7684;&#x6548;&#x679C;&#xFF0C;&#x6BCF;&#x6B21;&#x6CBB;&#x7597;&#x53EF;&#x4EE5;&#x51CF;&#x5C11;&#x5E73;&#x5747;2.5cm&#x56F4;&#x5EA6;</span>&#x3002;</p><p class=\"MsoNormal\" align=\"left\">&#x89C1;&#x6548;&#x65F6;&#x95F4;&#xFF1A;8-12&#x5468;&#x3002;</p><p></p><p class=\"MsoNormal\">&#x8BA4;&#x8BC1;&#xFF1A;<span lang=\"EN-US\">FDA</span>&#xFF08;&#x7F8E;&#x56FD;&#xFF09;&#x3001;CE&#xFF08;&#x6B27;&#x6D32;&#xFF09;&#x3002;</p>"},"Property":{"name":"档案","content":[]},"Desc":{"name":"项目／手术原理","content":"<p><span style=\"text-indent: 28px;\">&#x901A;&#x8FC7;&#x96C6;&#x4E2D;&#x6CBB;&#x7597;&#x7684;HIFU&#x805A;&#x7126;&#x8D85;&#x97F3;&#x6CE2;&#x6280;&#x672F;&#xFF0C;&#x6DF1;&#x5165;&#x76AE;&#x4E0B;1.3cm&#x5904;&#x8FDB;&#x884C;&#x6CBB;&#x7597;&#xFF0C;&#x5E72;&#x6270;&#x76AE;&#x4E0B;&#x8102;&#x80AA;&#x7EC4;&#x7EC7;&#x7684;&#x70ED;&#x7EC6;&#x80DE;&#xFF0C;&#x5229;&#x7528;&#x70ED;&#x91CF;&#x6C38;&#x4E45;&#x6027;&#x5730;&#x7834;&#x574F;&#x76AE;&#x4E0B;&#x8102;&#x80AA;&#xFF0C;&#x76F4;&#x63A5;&#x51CF;&#x5C11;&#x8102;&#x80AA;&#x91CF;&#x7684;&#x540C;&#x65F6;&#xFF0C;&#x523A;&#x6FC0;&#x80F6;&#x539F;&#x86CB;&#x767D;&#x6536;&#x7F29;&#x4E0E;&#x589E;&#x539A;&#xFF0C;&#x8FC5;&#x901F;&#x586B;&#x8865;&#x6D88;&#x878D;&#x8102;&#x80AA;&#x540E;&#x51FA;&#x73B0;&#x7684;&#x7A7A;&#x9699;&#x3002;&#x4F7F;&#x808C;&#x80A4;&#x5E73;&#x6574;&#x5149;&#x6ED1;&#x4F9D;&#x65E7;&#xFF0C;&#x6C34;&#x6DA6;&#x7D27;&#x81F4;&#x3002;</span></p><p><img src=\"http://hera.s.gmei.com/2016/10/19/b1414dbb03\" style=\"width: 571px;\"><span style=\"text-indent: 28px;\"><br></span><br></p>"},"Sample":{"name":"效果示例","content":"<img src=\"http://hera.s.gmei.com/itemwiki/2016/10/19/575cd535de-w\">"},"BeforIdear":{"name":"效果示例","content":""},"AfterIdear":{"name":"优点","content":""},"GoodPoint":{"name":"缺点及风险","content":""},"BadPoint":{"name":"术前锦囊","content":""}}