{"Title":"BodyTite射频溶脂","Related":{"name":"关联百科","content":[{"relatedId":"797","name":"Liposonix热立塑"},{"relatedId":"796","name":"UltraShape优立塑"},{"relatedId":"798","name":"CoolSculpting冰美人冷冻溶脂"},{"relatedId":"560","name":"超声溶脂"},{"relatedId":"561","name":"射频溶脂"},{"relatedId":"559","name":"冷冻溶脂"}]},"ShorDesc":{"name":"简介","content":"<p class=\"MsoNormal\" align=\"left\">&#x54C1;&#x724C;&#x540D;&#x79F0;&#xFF1A;BodyTite&#x9EC4;&#x91D1;&#x5FAE;&#x96D5;&#x5C04;&#x9891;&#x5E73;&#x53F0;</p><p class=\"MsoNormal\"><span lang=\"EN-US\"><o:p></o:p></span></p><p class=\"MsoNormal\" align=\"left\">&#x751F;&#x4EA7;&#x5546;&#xFF1A;&#x4EE5;&#x8272;&#x5217;invasix&#x516C;&#x53F8;&#xFF08;http://www.invasix.com/&#xFF09;</p><p class=\"MsoNormal\" align=\"left\">&#x4EE3;&#x7406;&#x5546;&#xFF1A;Peninsula(&#x534A;&#x5C9B;)&#x533B;&#x7597;&#x96C6;&#x56E2;&#x65D7;&#x4E0B;&#x91CD;&#x5E86;&#x9A70;&#x9A8B;&#x534A;&#x5C9B;&#x751F;&#x7269;&#x79D1;&#x6280;&#x6709;&#x9650;&#x516C;&#x53F8;&#x3002;</p><p class=\"MsoNormal\" align=\"left\"><span lang=\"EN-US\"><o:p></o:p></span></p><p class=\"MsoNormal\" align=\"left\">&#x7EF4;&#x6301;&#x65F6;&#x95F4;&#xFF1A;&#x6EB6;&#x8102;&#x6548;&#x679C;&#x53EF;&#x8FBE;&#x6C38;&#x4E45;&#xFF1B;&#x7D27;&#x80A4;&#x6548;&#x679C;&#x53EF;&#x7EF4;&#x6301;5&#x5E74;&#x4EE5;&#x4E0A;&#x3002;</p><p class=\"MsoNormal\" align=\"left\">&#x4F5C;&#x7528;&#xFF1A;&#x5229;&#x7528;&#x5176;&#x5185;&#x90E8;&#x7535;&#x6781;&#x4E0E;&#x5916;&#x90E8;&#x7535;&#x6781;&#x4EA7;&#x751F;RF&#x7535;&#x6D41;&#x4F5C;&#x7528;&#x4E8E;&#x9776;&#x7EC4;&#x7EC7;&#x3002;&#x5728;&#x591A;&#x4F59;&#x8102;&#x80AA;&#x6DB2;&#x5316;&#x5BFC;&#x51FA;&#x7684;&#x540C;&#x65F6;&#xFF0C;&#x5C04;&#x9891;&#x80FD;&#x91CF;&#x8FD8;&#x4F1A;&#x4F7F;&#x4FDD;&#x7559;&#x4E0B;&#x7684;&#x8102;&#x80AA;&#x7EC4;&#x7EC7;&#x51DD;&#x56FA;&#x5E76;&#x6536;&#x7F29;&#xFF0C;&#x5B89;&#x5168;&#x6EB6;&#x89E3;&#x8102;&#x80AA;&#x3001;&#x51DD;&#x56FA;&#x8840;&#x7BA1;&#x548C;&#x7D27;&#x81F4;&#x76AE;&#x80A4;&#x5F62;&#x4F53;&#x91CD;&#x5851;&#x4E09;&#x91CD;&#x594F;&#x3002;</p><p></p><p class=\"MsoNormal\">&#x8BA4;&#x8BC1;&#xFF1A;&#x4E2D;&#x56FD;&#x56FD;&#x5BB6;&#x98DF;&#x54C1;&#x836F;&#x54C1;&#x76D1;&#x7763;&#x7BA1;&#x7406;&#x5C40;&#xFF08;<span lang=\"EN-US\">CFDA</span>&#xFF09;&#x3001;<span lang=\"EN-US\">FDA</span>&#xFF08;&#x7F8E;&#x56FD;&#xFF09;&#x3001;CE&#xFF08;&#x6B27;&#x6D32;&#xFF09;&#x3002;</p><p class=\"MsoNormal\"><img src=\"http://hera.s.gmei.com/2016/10/19/73c760ff17\" style=\"width: 776px;\"><br></p>"},"Property":{"name":"档案","content":[]},"Desc":{"name":"项目／手术原理","content":"<p class=\"MsoNormal\" align=\"justify\"><span style=\"text-align: left;\">&#x901A;&#x8FC7;RF&#x7535;&#x6D41;&#x52A0;&#x70ED;&#x76AE;&#x80A4;&#xFF0C;&#x8BE5;&#x7535;&#x6D41;&#x4ECE;&#x5185;&#x90E8;&#x7535;&#x6781;&#x6D41;&#x5411;&#x5916;&#x90E8;&#x7535;&#x6781;&#xFF1B;&#x5185;&#x90E8;&#x7535;&#x6781;&#x7F6E;&#x4E8E;&#x76AE;&#x4E0B;&#xFF0C;&#x5916;&#x90E8;&#x7535;&#x6781;&#x7F6E;&#x4E8E;&#x76F8;&#x5E94;&#x76AE;&#x80A4;&#x7684;&#x4E0A;&#x65B9;&#xFF1B;&#x5BF9;&#x60F3;&#x8981;&#x6CBB;&#x7597;&#x7684;&#x9776;&#x7EC4;&#x7EC7;&#x8FDB;&#x884C;&#x9009;&#x62E9;&#x6027;&#x7684;&#x52A0;&#x70ED;&#xFF1B;&#x6DB2;&#x5316;&#x548C;&#x7834;&#x574F;&#x8102;&#x80AA;&#x7EC6;&#x80DE;&#x7684;&#x540C;&#x65F6;&#x4F7F;&#x8F6F;&#x7EC4;&#x7EC7;&#x5927;&#x9762;&#x79EF;&#x6536;&#x7F29;&#xFF0C;&#x5728;&#x51CF;&#x5C11;&#x8102;&#x80AA;&#x7684;&#x540C;&#x65F6;&#x8FBE;&#x5230;&#x7D27;&#x81F4;&#x63D0;&#x5347;&#xFF0C;&#x4ECE;&#x800C;&#x5B9E;&#x73B0;&#x9762;&#x90E8;&#x5E74;&#x8F7B;&#x5316;&#x548C;&#x8EAB;&#x4F53;&#x5851;&#x5F62;&#x3002;</span></p><p class=\"MsoNormal\" align=\"justify\" style=\"text-align: left; \">&#x793A;&#x610F;&#x56FE;1</p><p class=\"MsoNormal\" align=\"justify\"><img src=\"http://hera.s.gmei.com/2016/10/28/48f98385ab\" style=\"width: 703.951px; height: 400px;\"><span style=\"text-align: left;\"><br></span></p><p class=\"MsoNormal\" align=\"justify\"><span style=\"text-align: left;\"><br></span></p><p class=\"MsoNormal\" align=\"justify\" style=\"text-align: left; \">&#x793A;&#x610F;&#x56FE;2</p><p><img src=\"http://hera.s.gmei.com/2016/10/19/ff389b0f91\" style=\"width: 706px; height: 448.269px;\"></p><p><br></p><p>&#x5177;&#x4F53;&#x6CBB;&#x7597;&#x8FC7;&#x7A0B;&#x793A;&#x610F;&#x56FE;&#x2193;</p><p><br></p><p><img src=\"http://hera.s.gmei.com/2016/10/28/188fb2eb0a\" style=\"width: 1251px;\"><br></p>"},"Sample":{"name":"效果示例","content":"<img src=\"http://hera.s.gmei.com/itemwiki/2016/10/28/68016cf2f4-w\">"},"BeforIdear":{"name":"效果示例","content":""},"AfterIdear":{"name":"优点","content":""},"GoodPoint":{"name":"缺点及风险","content":""},"BadPoint":{"name":"术前锦囊","content":""}}