{"Title":"玻尿酸丰唇","Related":{"name":"关联百科","content":[{"relatedId":"472","name":"M唇"},{"relatedId":"263","name":"自体脂肪丰唇"},{"relatedId":"262","name":"玻尿酸丰唇"},{"relatedId":"261","name":"厚唇改薄"},{"relatedId":"471","name":"嘴角上提术"}]},"ShorDesc":{"name":"简介","content":"<p>&#x9002;&#x5E94;&#x75C7;&#xFF1A;&#x8584;&#x5507;&#x3001;&#x5507;&#x73E0;&#x4E0D;&#x660E;&#x663E;&#x3001;&#x4E0B;&#x5507;&#x5507;&#x6C9F;&#x4E0D;&#x660E;&#x663E;&#x3001;&#x5634;&#x5507;&#x4E0D;&#x9971;&#x6EE1;&#x3001;&#x5507;&#x5F62;&#x4E0D;&#x597D;&#x770B;&#x3001;&#x5507;&#x7EB9;&#x660E;&#x663E;</p><p>&#x5C06;&#x4E2D;&#x5C0F;&#x5206;&#x5B50;&#x7684;&#x73BB;&#x5C3F;&#x9178;&#x6CE8;&#x5C04;&#x5230;&#x5634;&#x5507;&#x9700;&#x8981;&#x5851;&#x5F62;&#x7684;&#x90E8;&#x4F4D;&#xFF1A;&#x5507;&#x73E0;&#x3001;&#x5507;&#x5CF0;&#x3001;&#x5507;&#x7EA2;&#x7F18;&#x3001;&#x4E0B;&#x5507;&#x7B49;&#xFF0C;&#x8FBE;&#x5230;&#x8BA9;&#x5507;&#x5F62;&#x53D8;&#x7ACB;&#x4F53;&#x3001;&#x7F8E;&#x89C2;&#x7684;&#x6548;&#x679C;&#x3002;&#x73BB;&#x5C3F;&#x9178;&#x4E30;&#x5507;&#x9664;&#x4E86;&#x80FD;&#x6539;&#x5584;&#x5507;&#x5F62;&#xFF0C;&#x8FD8;&#x80FD;&#x5927;&#x5E45;&#x5EA6;&#x51CF;&#x5C11;&#x5507;&#x7EB9;&#x3001;&#x7ED9;&#x5507;&#x90E8;&#x8865;&#x6C34;&#x3002;</p>"},"Property":{"name":"档案","content":["\n                <li>&#x6CBB;&#x7597;&#x65B9;&#x5F0F;&#xFF1A;<span>&#x6CE8;&#x5C04;</span></li>\n                <li>&#x75BC;&#x75DB;&#x611F;&#xFF1A;<span>1&#x9897;&#x661F;</span><a href=\"gengmei://common_webview?url=http://backend.gmei.com/hybrid/ache_level\">&#x67E5;&#x770B;&#x75BC;&#x75DB;&#x5206;&#x7EA7;</a></li>\n                <li>&#x7EF4;&#x6301;&#x65F6;&#x95F4;&#xFF1A;<span>3-6&#x4E2A;&#x6708;</span></li>\n                <li>&#x6CBB;&#x7597;&#x65F6;&#x95F4;&#xFF1A;<span>10-20&#x5206;&#x949F;</span></li>\n                <li>&#x53C2;&#x8003;&#x4EF7;&#x683C;&#xFF1A;<span>3000-10000</span></li>\n                <li>&#x9EBB;&#x9189;&#x65B9;&#x5F0F;&#xFF1A;<span>&#x8868;&#x9762;&#x9EBB;&#x9189;</span></li>\n                <li>&#x662F;&#x5426;&#x4F4F;&#x9662;&#xFF1A;<span>&#x5426;</span></li>\n                \n                <li>&#x62C6;&#x7EBF;&#x65F6;&#x95F4;&#xFF1A;<span>0-0&#x5929;</span></li>\n            "]},"Desc":{"name":"项目／手术原理","content":"<p>1.&#x6D82;&#x62B9;&#x8868;&#x9762;&#x9EBB;&#x9189;&#x5242;/&#x51B0;&#x6577;&#x3002;</p><p>2.&#x6CBB;&#x7597;&#x90E8;&#x4F4D;&#x6D88;&#x6BD2;&#x3002;&#x6E05;&#x6D01;&#x3001;&#x6D88;&#x6BD2;&#x5507;&#x90E8;&#x3002;</p><p>3.&#x6839;&#x636E;&#x672F;&#x524D;&#x8BBE;&#x8BA1;&#x8FDB;&#x884C;&#x6CE8;&#x5C04;&#x3001;&#x6309;&#x538B;&#x3002;</p><p>4.&#x51B0;&#x6577;&#x3002;</p><p><img src=\"http://hera.s.gmei.com/2016/10/11/9b65c07a64\" style=\"width: 323px;\"><br></p>"},"Sample":{"name":"效果示例","content":"<img src=\"http://hera.s.gmei.com/itemwiki/2016/10/11/b59c4fdd38-w\">"},"BeforIdear":{"name":"效果示例","content":"<p>1.&#x73BB;&#x5C3F;&#x9178;&#x6CE8;&#x5C04;&#x5F53;&#x5929;&#x6700;&#x597D;&#x4E0D;&#x8981;&#x5316;&#x5986;&#x3001;&#x4FDD;&#x8BC1;&#x9762;&#x90E8;&#x6E05;&#x6D01;&#x3002;</p><p>2.&#x6CE8;&#x5C04;&#x524D;&#x4E0D;&#x8981;&#x670D;&#x7528;&#x6297;&#x51DD;&#x7C7B;&#x836F;&#x7269;&#xFF08;&#x963F;&#x53F8;&#x5339;&#x6797;&#x3001;&#x7EF4;&#x751F;&#x7D20;E&#x7B49;&#xFF09;&#x4EE5;&#x907F;&#x514D;&#x5F71;&#x54CD;&#x51DD;&#x8840;&#x529F;&#x80FD;&#x3002;</p><p>3.&#x598A;&#x5A20;&#x671F;&#x3001;&#x54FA;&#x4E73;&#x671F;&#x5987;&#x5973;&#x9700;&#x63D0;&#x524D;&#x544A;&#x77E5;&#x533B;&#x751F;&#x3002;</p>"},"AfterIdear":{"name":"优点","content":"<p>1.&#x6CE8;&#x5C04;&#x540E;4-6&#x5C0F;&#x65F6;&#x6CE8;&#x5C04;&#x9488;&#x773C;&#x4E0D;&#x8981;&#x6CBE;&#x6C34;&#x3002;</p><p>2.&#x6CE8;&#x5C04;3-7&#x5929;&#x5185;&#x4E0D;&#x8981;&#x63C9;&#x6413;&#x5507;&#x90E8;&#x4EE5;&#x514D;&#x53D8;&#x5F62;&#x3002;</p><p>3.&#x6CE8;&#x5C04;&#x540E;&#x5C3D;&#x91CF;&#x907F;&#x514D;&#x84B8;&#x6851;&#x62FF;&#x3001;&#x65E5;&#x5149;&#x6D74;&#x4EE5;&#x514D;&#x73BB;&#x5C3F;&#x9178;&#x5438;&#x6536;&#x8FC7;&#x5FEB;&#x3002;</p><p>4.&#x6CE8;&#x5C04;&#x540E;7&#x5929;&#x5185;&#xFF0C;&#x6212;&#x70DF;&#x9152;&#x3001;&#x7981;&#x98DF;&#x8F9B;&#x8FA3;&#x523A;&#x6FC0;&#x7269;&#x3002;</p>"},"GoodPoint":{"name":"缺点及风险","content":"<p>1.&#x51E0;&#x4E4E;&#x65E0;&#x521B;&#x3001;&#x65E0;&#x6062;&#x590D;&#x671F;&#x3002;</p><p>2.&#x6548;&#x679C;&#x7406;&#x60F3;&#x3002;</p><p>3.&#x5E76;&#x53D1;&#x75C7;&#x5C11;&#x3001;&#x5B89;&#x5168;&#x3002;</p><p>4.&#x4E0D;&#x4F1A;&#x7559;&#x75A4;&#x3002;</p>"},"BadPoint":{"name":"术前锦囊","content":"<p>1.&#x7EF4;&#x6301;&#x65F6;&#x95F4;&#x77ED;&#x3001;&#x9700;&#x8981;&#x53CD;&#x590D;&#x6CE8;&#x5C04;&#x3002;</p><p>2.&#x6CE8;&#x5C04;&#x65F6;&#x53EF;&#x80FD;&#x6709;&#x8F7B;&#x5FAE;&#x75BC;&#x75DB;&#x3002;</p><p>3.&#x6CE8;&#x5C04;&#x540E;&#x53EF;&#x80FD;&#x6709;3&#x5929;&#x7684;&#x8F7B;&#x5FAE;&#x80BF;&#x80C0;&#x671F;&#x3002;</p>"}}