{"Title":"美白针","Related":{"name":"关联百科","content":[{"relatedId":"302","name":"光子嫩肤"},{"relatedId":"429","name":"白瓷娃娃"},{"relatedId":"543","name":"皮秒激光"},{"relatedId":"533","name":"果酸换肤"},{"relatedId":"295","name":"黑脸娃娃"},{"relatedId":"501","name":"水光针"}]},"ShorDesc":{"name":"简介","content":"<p>&#x9002;&#x5E94;&#x75C7;&#xFF1A;&#x6652;&#x9ED1;&#x3001;&#x80A4;&#x8272;&#x4E0D;&#x5747;&#x3001;&#x8272;&#x6591;&#x3001;&#x80A4;&#x8272;&#x6697;&#x6C89;&#x3001;&#x76AE;&#x80A4;&#x7C97;&#x7CD9;</p><p>&#x5C06;&#x6CE8;&#x5C04;&#x578B;&#x836F;&#x7269;&#xFF1A;&#x7EF4;&#x751F;&#x7D20;C&#x3001;&#x8FD8;&#x539F;&#x578B;&#x8C37;&#x80F1;&#x7518;&#x80BD;&#x3001;&#x4F20;&#x660E;&#x9178;&#x7B49;&#x901A;&#x8FC7;&#x9759;&#x8109;&#x70B9;&#x6EF4;&#x7684;&#x65B9;&#x5F0F;&#x6CE8;&#x5165;&#x4EBA;&#x4F53;&#x5185;&#xFF0C;&#x4EE5;&#x8FBE;&#x5230;&#x7F8E;&#x767D;&#x3001;&#x6297;&#x6C27;&#x5316;&#x3001;&#x6291;&#x5236;&#x9ED1;&#x8272;&#x7D20;&#x7684;&#x4F5C;&#x7528;&#x3002;</p>"},"Property":{"name":"档案","content":["\n                <li>&#x6CBB;&#x7597;&#x65B9;&#x5F0F;&#xFF1A;<span>&#x6CE8;&#x5C04;</span></li>\n                <li>&#x75BC;&#x75DB;&#x611F;&#xFF1A;<span>0&#x9897;&#x661F;</span><a href=\"gengmei://common_webview?url=http://backend.gmei.com/hybrid/ache_level\">&#x67E5;&#x770B;&#x75BC;&#x75DB;&#x5206;&#x7EA7;</a></li>\n                <li>&#x7EF4;&#x6301;&#x65F6;&#x95F4;&#xFF1A;<span>1-2&#x5E74;</span></li>\n                <li>&#x6CBB;&#x7597;&#x65F6;&#x95F4;&#xFF1A;<span>60-90&#x5206;&#x949F;</span></li>\n                <li>&#x53C2;&#x8003;&#x4EF7;&#x683C;&#xFF1A;<span>10000-30000</span></li>\n                <li>&#x9EBB;&#x9189;&#x65B9;&#x5F0F;&#xFF1A;<span>&#x65E0;</span></li>\n                <li>&#x662F;&#x5426;&#x4F4F;&#x9662;&#xFF1A;<span>&#x5426;</span></li>\n                \n                <li>&#x62C6;&#x7EBF;&#x65F6;&#x95F4;&#xFF1A;<span>0-0&#x5929;</span></li>\n            "]},"Desc":{"name":"项目／手术原理","content":"<p>1.&#x5BF9;&#x6CE8;&#x5C04;&#x90E8;&#x4F4D;&#x6D88;&#x6BD2;&#x3002;</p><p>2.&#x8FD8;&#x539F;&#x578B;&#x8C37;&#x80F1;&#x7518;&#x80BD;+&#x7EF4;&#x751F;&#x7D20;C+&#x751F;&#x7406;&#x76D0;&#x6C34;/&#x8461;&#x8404;&#x7CD6;&#x6CE8;&#x5C04;&#x6DB2;&#x5FEB;&#x6EF4;30&#x5206;&#x949F;&#x3002;</p><p>3.&#x4F20;&#x660E;&#x9178;+&#x751F;&#x7406;&#x76D0;&#x6C34;/&#x8461;&#x7CD6;&#x7CD6;&#x6CE8;&#x5C04;&#x6DB2;&#x6162;&#x6EF4;60&#x5206;&#x949F;&#x3002;</p><p>4.&#x5728;&#x533B;&#x9662;&#x9759;&#x5750;&#x3001;&#x4F11;&#x606F;20-30&#x5206;&#x949F;&#x3002;</p><p><img src=\"http://hera.s.gmei.com/2016/10/11/e16c38b317\" style=\"width: 560px;\"><br></p>"},"Sample":{"name":"效果示例","content":"<img src=\"http://hera.s.gmei.com/itemwiki/2016/10/11/8a0a009635-w\">"},"BeforIdear":{"name":"效果示例","content":"<p>1.&#x6CE8;&#x5C04;&#x524D;&#x4E00;&#x4E2A;&#x6708;&#x5185;&#x4E25;&#x7981;&#x66B4;&#x6652;&#x3002;</p><p>2.&#x6709;&#x5FC3;&#x8840;&#x7BA1;&#x75BE;&#x75C5;&#x3001;&#x9AD8;&#x8840;&#x538B;&#x3001;&#x80BE;&#x810F;&#x529F;&#x80FD;&#x4E0D;&#x5168;&#x3001;&#x6025;&#x6162;&#x6027;&#x809D;&#x75C5;&#x3001;&#x514D;&#x75AB;&#x7CFB;&#x7EDF;&#x75BE;&#x75C5;&#x7684;&#x4EBA;&#x4E0D;&#x80FD;&#x8FDB;&#x884C;&#x6CE8;&#x5C04;&#x3002;</p><p>3.&#x957F;&#x671F;&#x670D;&#x7528;&#x6FC0;&#x7D20;&#x7C7B;&#x836F;&#x7269;&#xFF08;&#x5982;&#x907F;&#x5B55;&#x836F;&#xFF09;&#x3001;&#x9752;&#x9709;&#x7D20;&#x3001;&#x5C3F;&#x6FC0;&#x9176;&#x3001;&#x7EF4;&#x751F;&#x7D20;B12&#x3001;&#x7532;&#x8418;&#x918C;&#x3001;&#x6CDB;&#x9178;&#x9499;&#x3001;&#x4E73;&#x6E05;&#x9178;&#x3001;&#x6297;&#x7EC4;&#x80FA;&#x5236;&#x5242;&#x3001;&#x78FA;&#x80FA;&#x836F;&#x3001;&#x56DB;&#x73AF;&#x7D20;&#x3001;&#x51DD;&#x8840;&#x9176;&#x539F;&#x590D;&#x5408;&#x7269;&#x7B49;&#x836F;&#x7269;&#x7684;&#x4EBA;&#x7FA4;&#x4E25;&#x7981;&#x6CE8;&#x5C04;&#x3002;</p><p>4.&#x5973;&#x6027;&#x5E94;&#x907F;&#x5F00;&#x6708;&#x7ECF;&#x671F;&#x3001;&#x598A;&#x5A20;&#x671F;&#x53CA;&#x54FA;&#x4E73;&#x671F;&#x3002;</p>"},"AfterIdear":{"name":"优点","content":"<p>1.&#x6CE8;&#x5C04;&#x540E;1&#x4E2A;&#x6708;&#x5185;&#x6CE8;&#x610F;&#x9632;&#x6652;&#x3002;</p><p>2.&#x7597;&#x7A0B;&#x671F;&#x95F4;&#x53CA;&#x7ED3;&#x675F;&#x540E;&#x4E00;&#x4E2A;&#x6708;&#x5185;&#x4E25;&#x7981;&#x98DF;&#x7528;&#x5927;&#x91CF;&#x6D77;&#x9C9C;&#x3001;&#x8F9B;&#x8FA3;&#x523A;&#x6FC0;&#x98DF;&#x7269;&#x6216;&#x5438;&#x70DF;&#x996E;&#x9152;&#x3002;</p><p>3.&#x4E25;&#x7981;&#x71AC;&#x591C;&#x3002;</p><p>4.&#x7597;&#x7A0B;&#x671F;&#x95F4;&#x53CA;&#x7ED3;&#x675F;&#x540E;&#x4E00;&#x4E2A;&#x6708;&#x5185;&#xFF0C;&#x4E25;&#x7981;&#x670D;&#x7528;&#x6FC0;&#x7D20;&#x7C7B;&#x836F;&#x7269;&#xFF08;&#x5982;&#x907F;&#x5B55;&#x836F;&#xFF09;&#x3001;&#x9752;&#x9709;&#x7D20;&#x3001;&#x5C3F;&#x6FC0;&#x9176;&#x3001;&#x7EF4;&#x751F;&#x7D20;B12&#x3001;&#x7532;&#x8418;&#x918C;&#x3001;&#x6CDB;&#x9178;&#x9499;&#x3001;&#x4E73;&#x6E05;&#x9178;&#x3001;&#x6297;&#x7EC4;&#x80FA;&#x5236;&#x5242;&#x3001;&#x78FA;&#x80FA;&#x836F;&#x3001;&#x56DB;&#x73AF;&#x7D20;&#x3001;&#x51DD;&#x8840;&#x9176;&#x539F;&#x590D;&#x5408;&#x7269;&#x7B49;&#x836F;&#x7269;&#x3002;</p>"},"GoodPoint":{"name":"缺点及风险","content":"<p>1.&#x771F;&#x6B63;&#x80FD;&#x591F;&#x5FEB;&#x901F;&#x3001;&#x6709;&#x6548;&#x3001;&#x65E0;&#x521B;&#x7684;&#x8FBE;&#x5230;&#x8FD8;&#x539F;&#x7F8E;&#x767D;&#x4F5C;&#x7528;&#x3002;</p><p>2.&#x8FD8;&#x53EF;&#x6539;&#x5584;&#x8272;&#x6591;&#x3001;&#x76AE;&#x80A4;&#x7C97;&#x7CD9;&#x3001;&#x6697;&#x6C89;&#x3001;&#x80A4;&#x8272;&#x4E0D;&#x5747;&#x7684;&#x95EE;&#x9898;&#x3002;</p><p>3.&#x6548;&#x679C;&#x7EF4;&#x6301;&#x65F6;&#x95F4;&#x8F83;&#x957F;&#x3002;</p>"},"BadPoint":{"name":"术前锦囊","content":"<p>1.&#x5BF9;&#x76AE;&#x80A4;&#x5929;&#x751F;&#x9EDD;&#x9ED1;&#x7684;&#x4EBA;&#x6548;&#x679C;&#x5FAE;&#x5F31;&#x3002;</p><p>2.&#x6709;&#x5FC3;&#x8840;&#x7BA1;&#x75BE;&#x75C5;&#x3001;&#x9AD8;&#x8840;&#x538B;&#x3001;&#x80BE;&#x810F;&#x529F;&#x80FD;&#x4E0D;&#x5168;&#x3001;&#x6025;&#x6162;&#x6027;&#x809D;&#x75C5;&#x3001;&#x514D;&#x75AB;&#x7CFB;&#x7EDF;&#x75BE;&#x75C5;&#x7684;&#x4EBA;&#x4E0D;&#x80FD;&#x6253;&#x7F8E;&#x767D;&#x9488;&#x3002;</p><p>3.&#x6CE8;&#x5C04;&#x540E;&#x53EF;&#x80FD;&#x6709;&#x77ED;&#x6682;&#x7684;&#x5FC3;&#x8DF3;&#x52A0;&#x5FEB;&#x3001;&#x5934;&#x6655;&#x3001;&#x6076;&#x5FC3;&#x53CA;&#x836F;&#x7269;&#x8FC7;&#x654F;&#x3001;&#x9759;&#x8109;&#x708E;&#x7684;&#x98CE;&#x9669;&#x3002;</p>"}}