{"Title":"睫毛种植","Related":{"name":"关联百科","content":[{"relatedId":"667","name":"倒睫毛矫正"},{"relatedId":"594","name":"半永久纹眼线"},{"relatedId":"374","name":"发际线种植"},{"relatedId":"703","name":"半永久纹美瞳线"}]},"ShorDesc":{"name":"简介","content":"<p>&#x9002;&#x5E94;&#x75C7;&#xFF1A;&#x776B;&#x6BDB;&#x7A00;&#x758F;</p><p>&#x53D6;&#x51FA;&#x90E8;&#x5206;&#x5065;&#x5EB7;&#x6BDB;&#x56CA;&#x7EC4;&#x7EC7;&#xFF0C;&#x7ECF;&#x57F9;&#x517B;&#x540E;&#xFF0C;&#x79FB;&#x690D;&#x5230;&#x776B;&#x6BDB;&#x5904;&#xFF0C;&#x6BDB;&#x56CA;&#x5B58;&#x6D3B;&#x540E;&#x53EF;&#x957F;&#x51FA;&#x65B0;&#x7684;&#x776B;&#x6BDB;&#x3002;</p>"},"Property":{"name":"档案","content":["\n                <li>&#x6CBB;&#x7597;&#x65B9;&#x5F0F;&#xFF1A;<span>&#x624B;&#x672F;</span></li>\n                <li>&#x75BC;&#x75DB;&#x611F;&#xFF1A;<span>2&#x9897;&#x661F;</span><a href=\"gengmei://common_webview?url=http://backend.gmei.com/hybrid/ache_level\">&#x67E5;&#x770B;&#x75BC;&#x75DB;&#x5206;&#x7EA7;</a></li>\n                <li>&#x7EF4;&#x6301;&#x65F6;&#x95F4;&#xFF1A;<span>&#x6C38;&#x4E45;</span></li>\n                <li>&#x6CBB;&#x7597;&#x65F6;&#x95F4;&#xFF1A;<span>90-120&#x5206;&#x949F;</span></li>\n                <li>&#x53C2;&#x8003;&#x4EF7;&#x683C;&#xFF1A;<span>10000-30000</span></li>\n                <li>&#x9EBB;&#x9189;&#x65B9;&#x5F0F;&#xFF1A;<span>&#x5C40;&#x9EBB;</span></li>\n                <li>&#x662F;&#x5426;&#x4F4F;&#x9662;&#xFF1A;<span>&#x5426;</span></li>\n                \n                <li>&#x62C6;&#x7EBF;&#x65F6;&#x95F4;&#xFF1A;<span>7-14&#x5929;</span></li>\n            "]},"Desc":{"name":"项目／手术原理","content":"<p>1&#x3001;&#x8BBE;&#x8BA1;&#x79CD;&#x690D;&#x776B;&#x6BDB;&#x90E8;&#x4F4D;&#x3002;</p><p>2&#x3001;&#x5728;&#x540E;&#x6795;&#x90E8;&#x6807;&#x8BB0;&#x5207;&#x53D6;&#x8303;&#x56F4;&#x3002;</p><p>3&#x3001;&#x5207;&#x53D6;&#x5E26;&#x6709;&#x6BDB;&#x56CA;&#x7684;&#x5934;&#x76AE;&#x6761;&#xFF0C;&#x653E;&#x5165;&#x57F9;&#x517B;&#x76BF;&#x4E2D;&#x57F9;&#x517B;&#x3002;</p><p>4&#x3001;&#x7F1D;&#x5408;&#x5207;&#x53E3;&#x3002;</p><p>5&#x3001;&#x5C06;&#x5206;&#x79BB;&#x597D;&#x7684;&#x6BDB;&#x56CA;&#x79FB;&#x690D;&#x5230;&#x8BBE;&#x8BA1;&#x597D;&#x7684;&#x776B;&#x6BDB;&#x6839;&#x90E8;&#x3002;</p><p>6&#x3001;&#x7F1D;&#x5408;&#x5305;&#x624E;&#x3002;</p><p><img src=\"http://hera.s.gmei.com/2016/10/12/32e019dcdd\" style=\"width: 408px;\"><br></p>"},"Sample":{"name":"效果示例","content":"<img src=\"http://hera.s.gmei.com/itemwiki/2016/10/12/d3e0249b5d-w\">"},"BeforIdear":{"name":"效果示例","content":"<p>1&#x3001;&#x624B;&#x672F;&#x524D;&#x4E24;&#x5468;&#x5185;&#xFF0C;&#x8BF7;&#x52FF;&#x670D;&#x7528;&#x56FA;&#x9187;&#x6FC0;&#x7D20;&#x548C;&#x963F;&#x65AF;&#x5339;&#x6797;&#x7C7B;&#x6297;&#x51DD;&#x836F;&#x7269;&#x3002;</p><p>2&#x3001;&#x624B;&#x672F;&#x524D;&#x6E05;&#x6D17;&#x5934;&#x53D1;&#xFF0C;&#x5F53;&#x65E5;&#x4E0D;&#x8981;&#x5316;&#x5986;&#xFF0C;&#x4E5F;&#x4E0D;&#x8981;&#x6234;&#x88C5;&#x9970;&#x7269;&#x7B49;&#x3002;</p><p>3&#x3001;&#x4F8B;&#x5047;&#x671F;&#xFF0C;&#x598A;&#x5A20;&#x524D;&#x671F;(&#x4E09;&#x4E2A;&#x6708;)&#x6216;&#x598A;&#x5A20;&#x540E;&#x671F;(&#x4E09;&#x4E2A;&#x6708;)&#x6682;&#x7F13;&#x624B;&#x672F;&#x3002;</p>"},"AfterIdear":{"name":"优点","content":"<p>1&#x3001;&#x672F;&#x540E;&#x4F1A;&#x6709;&#x5C11;&#x8BB8;&#x6E17;&#x8840;&#xFF0C;&#x4E0D;&#x9700;&#x8981;&#x6E05;&#x7406;&#xFF0C;&#x4E0D;&#x80FD;&#x78B0;&#x5230;&#x776B;&#x6BDB;&#xFF0C;&#x4E0D;&#x80FD;&#x7275;&#x62C9;&#x776B;&#x6BDB;&#x3002;</p><p>2&#x3001;&#x62C6;&#x7EBF;&#x540E;24&#x5C0F;&#x65F6;&#x53EF;&#x6CBE;&#x6C34;&#x3002;</p><p>3&#x3001;4-7&#x5929;&#x6362;&#x836F;&#x4E00;&#x6B21;&#xFF0C;&#x6E05;&#x9664;&#x8FC7;&#x591A;&#x7684;&#x8840;&#x75C2;&#xFF0C;&#x4F46;&#x4E0D;&#x80FD;&#x5B8C;&#x5168;&#x6E05;&#x9664;&#xFF0C;&#x6B64;&#x671F;&#x6BDB;&#x56CA;&#x56FA;&#x5B9A;&#xFF0C;&#x4F46;&#x4E0D;&#x7A33;&#x5B9A;&#x3002;</p><p>4&#x3001;&#x6D17;&#x53D1;&#x540E;&#x53EA;&#x80FD;&#x81EA;&#x7136;&#x98CE;&#x5E72;&#xFF0C;&#x4E25;&#x7981;&#x4F7F;&#x7528;&#x5439;&#x98CE;&#x673A;&#x3002;</p><p>5&#x3001;3-6&#x4E2A;&#x6708;&#x5185;&#xFF0C;&#x6BDB;&#x53D1;&#x751F;&#x957F;&#xFF0C;&#x53EF;&#x4FEE;&#x526A;&#x957F;&#x5EA6;&#x3002;</p><p>6&#x3001;&#x672F;&#x540E;1&#x4E2A;&#x6708;&#x5185;&#x4E25;&#x7981;&#x5267;&#x70C8;&#x8FD0;&#x52A8;&#xFF0C;&#x4FDD;&#x8BC1;&#x5145;&#x8DB3;&#x7684;&#x7761;&#x7720;&#x3001;&#x5FCC;&#x8F9B;&#x8FA3;&#x6CB9;&#x817B;&#x523A;&#x6FC0;&#x98DF;&#x7269;&#x53CA;&#x70DF;&#x9152;&#x3002;</p>"},"GoodPoint":{"name":"缺点及风险","content":"<p>1. &#x6BDB;&#x56CA;&#x635F;&#x4F24;&#x8F83;&#x5C0F;&#x3002;</p><p>2. &#x4E00;&#x6B21;&#x79FB;&#x690D;&#x6BDB;&#x53D1;&#x91CF;&#x76F8;&#x5BF9;&#x8F83;&#x591A;&#x3002;</p><p>3. &#x6210;&#x6D3B;&#x7387;&#x9AD8;&#x3002;</p>"},"BadPoint":{"name":"术前锦囊","content":"<p>1&#x3001;&#x540E;&#x6795;&#x90E8;&#x4F1A;&#x9057;&#x7559;&#x7EC6;&#x7EBF;&#x578B;&#x7622;&#x75D5;&#x3002;</p><p>2&#x3001;&#x79FB;&#x690D;&#x540E;&#x8131;&#x843D;&#x671F;&#x65F6;&#x95F4;&#x8F83;&#x957F;&#x3002;</p><p>3&#x3001;&#x624B;&#x672F;&#x65F6;&#x95F4;&#x8F83;&#x957F;&#x3002;</p><p>4&#x3001;&#x4F24;&#x53E3;&#x53EF;&#x80FD;&#x51FA;&#x73B0;&#x611F;&#x67D3;&#x3001;&#x80BF;&#x80C0;&#x3002;</p>"}}