{"Title":"Medpor隆鼻","Related":{"name":"关联百科","content":[{"relatedId":"675","name":"假体+耳软骨隆鼻"},{"relatedId":"677","name":"肋软骨隆鼻"},{"relatedId":"356","name":"硅胶隆鼻"},{"relatedId":"355","name":"膨体隆鼻"},{"relatedId":"404","name":"埋线隆鼻"},{"relatedId":"222","name":"玻尿酸隆鼻"}]},"ShorDesc":{"name":"简介","content":"<p>&#x9002;&#x5E94;&#x75C7;&#xFF1A;&#x77ED;&#x9F3B;&#xFF0C;&#x584C;&#x9F3B;&#x6881;</p><p>Medpor&#x662F;&#x4E00;&#x79CD;&#x5047;&#x4F53;&#x690D;&#x5165;&#x6750;&#x6599;&#xFF0C;&#x60F0;&#x6027;&#x5F88;&#x5F3A;&#x4E0D;&#x6613;&#x6709;&#x6392;&#x5F02;&#x53CD;&#x5E94;&#xFF0C;&#x7531;&#x4E8E;&#x591A;&#x5B54;&#x7684;&#x7279;&#x70B9;&#xFF0C;&#x7EC4;&#x7EC7;&#x76F8;&#x5BB9;&#x6027;&#x5F88;&#x597D;&#xFF0C;&#x4E0D;&#x6613;&#x53D1;&#x751F;&#x677E;&#x52A8;&#x3001;&#x79FB;&#x4F4D;&#x95EE;&#x9898;&#x3002;</p>"},"Property":{"name":"档案","content":["\n                <li>&#x6CBB;&#x7597;&#x65B9;&#x5F0F;&#xFF1A;<span>&#x624B;&#x672F;</span></li>\n                <li>&#x75BC;&#x75DB;&#x611F;&#xFF1A;<span>3&#x9897;&#x661F;</span><a href=\"gengmei://common_webview?url=http://backend.gmei.com/hybrid/ache_level\">&#x67E5;&#x770B;&#x75BC;&#x75DB;&#x5206;&#x7EA7;</a></li>\n                <li>&#x7EF4;&#x6301;&#x65F6;&#x95F4;&#xFF1A;<span>&#x6C38;&#x4E45;</span></li>\n                <li>&#x6CBB;&#x7597;&#x65F6;&#x95F4;&#xFF1A;<span>60-90&#x5206;&#x949F;</span></li>\n                <li>&#x53C2;&#x8003;&#x4EF7;&#x683C;&#xFF1A;<span>40000-60000</span></li>\n                <li>&#x9EBB;&#x9189;&#x65B9;&#x5F0F;&#xFF1A;<span>&#x5C40;&#x9EBB;</span></li>\n                <li>&#x662F;&#x5426;&#x4F4F;&#x9662;&#xFF1A;<span>&#x5426;</span></li>\n                \n                <li>&#x62C6;&#x7EBF;&#x65F6;&#x95F4;&#xFF1A;<span>5-7&#x5929;</span></li>\n            "]},"Desc":{"name":"项目／手术原理","content":"<p>1.&#x6839;&#x636E;&#x60A3;&#x8005;&#x81EA;&#x8EAB;&#x60C5;&#x51B5;&#x8BBE;&#x8BA1;&#x96D5;&#x523B;&#x5047;&#x4F53;&#x3002; </p><p>2.&#x6839;&#x636E;&#x8BBE;&#x8BA1;&#x5207;&#x5F00;&#x624B;&#x672F;&#x90E8;&#x4F4D;&#x3002;</p><p>3.&#x5265;&#x79BB;&#x9F3B;&#x5B50;&#x91CC;&#x8FB9;&#x7684;&#x76AE;&#x80A4;&#x548C;&#x9F3B;&#x7AA6;&#x7684;&#x8F6F;&#x9AA8;&#x7EC4;&#x7EC7;&#x3002;</p><p>4.&#x901A;&#x8FC7;&#x5265;&#x79BB;&#x5F97;&#x5230;&#x63F7;&#x5165;&#x586B;&#x5145;&#x7269;&#x7684;&#x7A7A;&#x95F4;&#x3002;</p><p>5.&#x63D2;&#x5165;&#x586B;&#x5145;&#x7269;&#x3002;</p><p>6.&#x7F1D;&#x5408;&#x3002;</p><p><img src=\"http://hera.s.gmei.com/2016/10/12/c520e230ee\" style=\"width: 394px;\"><br></p>"},"Sample":{"name":"效果示例","content":"<img src=\"http://hera.s.gmei.com/itemwiki/2016/10/12/c84eef4868-w\">"},"BeforIdear":{"name":"效果示例","content":"<p>1&#x3001;&#x5973;&#x6027;&#x907F;&#x5F00;&#x4F8B;&#x5047;&#x671F;&#xFF0C;&#x907F;&#x514D;&#x672F;&#x4E2D;&#x6216;&#x672F;&#x540E;&#x51FA;&#x8840;&#x589E;&#x591A;&#x6216;&#x8005;&#x80BF;&#x80C0;&#x52A0;&#x91CD;&#x3002;</p><p>2&#x3001;&#x624B;&#x672F;&#x524D;&#x4E24;&#x5468;&#x5185;&#xFF0C;&#x8BF7;&#x52FF;&#x670D;&#x7528;&#x56FA;&#x9187;&#x6FC0;&#x7D20;&#x548C;&#x963F;&#x65AF;&#x5339;&#x6797;&#x7C7B;&#x6297;&#x51DD;&#x836F;&#x7269;&#x3002;</p><p>3&#x3001;&#x624B;&#x672F;&#x5F53;&#x65E5;&#x4E0D;&#x8981;&#x5316;&#x5986;&#xFF0C;&#x4E5F;&#x4E0D;&#x8981;&#x6234;&#x88C5;&#x9970;&#x7269;&#x7B49;&#x3002;</p><p>4&#x3001;&#x598A;&#x5A20;&#x524D;&#x671F;(&#x4E09;&#x4E2A;&#x6708;)&#x6216;&#x598A;&#x5A20;&#x540E;&#x671F;(&#x4E09;&#x4E2A;&#x6708;)&#x6682;&#x7F13;&#x624B;&#x672F;&#x3002;</p><p>5&#x3001;&#x7537;&#x6027;&#x9700;&#x8981;&#x63D0;&#x524D;&#x6212;&#x70DF;&#x4E00;&#x5468;&#x3002;</p><p>6&#x3001;&#x5E38;&#x89C4;&#x8EAB;&#x4F53;&#x68C0;&#x67E5;&#x2014;&#x2014;&#x5168;&#x8EAB;&#x68C0;&#x67E5;&#xFF0C;&#x5404;&#x9879;&#x5316;&#x9A8C;&#x68C0;&#x67E5;&#xFF0C;&#x4E2D;&#x3001;&#x8001;&#x5E74;&#x53D7;&#x672F;&#x8005;&#x5FC5;&#x8981;&#x65F6;&#x9700;&#x6D4B;&#x8840;&#x538B;&#x548C;&#x505A;&#x5FC3;&#x7535;&#x56FE;&#x3002;</p>"},"AfterIdear":{"name":"优点","content":"<p>1.&#x672F;&#x540E;72h&#x5185;&#x51B0;&#x6577;30~40min&#xFF0C;&#x65E9;&#x3001;&#x4E2D;&#x3001;&#x665A;&#x5404;&#x6577;&#x4E00;&#x6B21;&#xFF0C;&#x53EF;&#x4EE5;&#x6539;&#x5584;&#x80BF;&#x80C0;&#x548C;&#x75BC;&#x75DB;&#x3002;</p><p>2.&#x7B2C;2-3&#x5929;&#x53BB;&#x533B;&#x9662;&#x6362;&#x836F;&#xFF0C;&#x6216;&#x9075;&#x5FAA;&#x533B;&#x5631;&#x6362;&#x836F;&#x3002;</p><p>3.&#x4F24;&#x53E3;&#x505C;&#x6B62;&#x6E17;&#x8840;&#x540E;&#xFF0C;&#x62C6;&#x7EBF;&#x524D;&#xFF0C;&#x6BCF;&#x65E5;&#x7528;3%&#x7684;&#x53CC;&#x6C27;&#x6C34;/&#x7898;&#x4F0F;/&#x65E0;&#x83CC;&#x76D0;&#x6C34;&#x6D88;&#x6BD2;&#x4F24;&#x53E3;&#xFF0C;&#x518D;&#x6D82;&#x62B9;&#x5C11;&#x91CF;&#x6297;&#x751F;&#x7D20;&#x7C7B;&#x836F;&#x7269;&#x3002;</p><p>4.&#x672F;&#x540E;3-5&#x5929;&#x670D;&#x7528;&#x6D88;&#x708E;&#x836F;&#xFF08;&#x6216;&#x9075;&#x533B;&#x5631;&#xFF09;&#xFF0C;&#x5C3D;&#x91CF;&#x4E0D;&#x8981;&#x4F4E;&#x5934;&#x3001;&#x7761;&#x89C9;&#x5C06;&#x6795;&#x5934;&#x57AB;&#x9AD8;&#xFF0C;&#x53EF;&#x4EE5;&#x7F13;&#x89E3;&#x80BF;&#x80C0;&#x3002;</p><p>&#x53EF;&#x8FDB;&#x884C;&#x5C40;&#x90E8;&#x70ED;&#x6577;&#xFF0C;&#x4FC3;&#x8FDB;&#x80BF;&#x80C0;&#x6D88;&#x9000;&#x3002;</p><p>5.&#x4F24;&#x53E3;&#x505C;&#x6B62;&#x6E17;&#x8840;&#x540E;&#xFF0C;&#x62C6;&#x7EBF;&#x524D;&#xFF0C;&#x6BCF;&#x65E5;&#x7528;3%&#x7684;&#x53CC;&#x6C27;&#x6C34;/&#x7898;&#x4F0F;/&#x65E0;&#x83CC;&#x76D0;&#x6C34;&#x6D88;&#x6BD2;&#x4F24;&#x53E3;&#xFF0C;&#x518D;&#x6D82;&#x62B9;&#x5C11;&#x91CF;&#x6297;&#x751F;&#x7D20;&#x7C7B;&#x836F;&#x7269;&#x3002;</p><p>6.&#x672A;&#x7ECF;&#x533B;&#x751F;&#x5141;&#x8BB8;&#xFF0C;&#x4E0D;&#x53EF;&#x968F;&#x610F;&#x6458;&#x6389;&#x9F3B;&#x90E8;&#x4FDD;&#x62A4;/&#x5851;&#x5F62;&#x5668;&#x3002;</p><p>7.&#x672F;&#x540E;6-8&#x5929;&#x62C6;&#x7EBF;&#xFF0C;&#x62C6;&#x7EBF;&#x524D;&#x5FC5;&#x987B;&#x4FDD;&#x6301;&#x4F24;&#x53E3;&#x5E72;&#x71E5;&#xFF08;&#x62C6;&#x7EBF;48h&#x4E4B;&#x540E;&#x53EF;&#x6CBE;&#x6C34;&#xFF09;&#x3001;&#x4E0D;&#x80FD;&#x6D17;&#x8138;&#xFF08;&#x4F24;&#x53E3;&#x5728;&#x9F3B;&#x8154;&#x91CC;&#x9664;&#x5916;&#xFF09;&#x3002;</p><p>8.&#x672F;&#x540E;1&#x4E2A;&#x6708;&#x5185;&#x4E0D;&#x5F97;&#x4F69;&#x6234;&#x773C;&#x955C;&#x3001;&#x4E0D;&#x5F97;&#x6316;&#x9F3B;&#x5B54;&#x3001;&#x4E0D;&#x80FD;&#x6324;&#x538B;&#x6216;&#x7528;&#x529B;&#x63C9;&#x9F3B;&#x5B50;&#x3002;</p><p>9.1&#x4E2A;&#x6708;&#x5185;&#x4E0D;&#x8981;&#x5316;&#x5986;&#xFF0C;&#x9632;&#x6B62;&#x75A4;&#x75D5;&#x589E;&#x751F;&#x3002;&#x53EF;&#x4F7F;&#x7528;&#x75A4;&#x514B;&#x7B49;&#x795B;&#x75A4;&#x836F;&#x7269;&#x3002;</p><p>10.&#x672F;&#x540E;3&#x4E2A;&#x6708;&#x5185;&#xFF0C;&#x7981;&#x98DF;&#x8F9B;&#x8FA3;&#x523A;&#x6FC0;&#x3001;&#x6D77;&#x9C9C;&#x98DF;&#x7269;&#xFF0C;&#x9632;&#x6B62;&#x4F24;&#x53E3;&#x589E;&#x751F;&#x3002;&#x4E0D;&#x505A;&#x8DF3;&#x6C34;&#x3001;&#x8E66;&#x6781;&#x3001;&#x9A6C;&#x62C9;&#x677E;&#x7B49;&#x5267;&#x70C8;&#x8FD0;&#x52A8;&#x3002;</p>"},"GoodPoint":{"name":"缺点及风险","content":"<p>1&#x3001;&#x60F0;&#x6027;&#x6750;&#x6599;&#xFF0C;&#x4E0D;&#x6613;&#x6392;&#x5F02;&#x3001;&#x6781;&#x4E3A;&#x5B89;&#x5168;&#x3002;</p><p>2&#x3001;&#x591A;&#x5B54;&#x7279;&#x70B9;&#xFF0C;&#x53EF;&#x4FC3;&#x8FDB;&#x8840;&#x7BA1;&#x5316;&#xFF0C;&#x4E0D;&#x6613;&#x53D1;&#x751F;&#x611F;&#x67D3;&#x3002;</p><p>3&#x3001;&#x4E00;&#x7ECF;&#x690D;&#x5165;&#xFF0C;&#x53EF;&#x7EC8;&#x8EAB;&#x643A;&#x5E26;&#x3002;</p><p>4&#x3001;&#x5982;&#x679C;&#x4E0D;&#x6EE1;&#x610F;&#xFF0C;&#x53EF;&#x968F;&#x65F6;&#x53D6;&#x51FA;&#xFF0C;&#x53D6;&#x51FA;&#x7684;&#x96BE;&#x5EA6;&#x5C0F;&#x4E8E;&#x81A8;&#x4F53;&#x3002;</p>"},"BadPoint":{"name":"术前锦囊","content":"<p>1&#x3001;&#x786C;&#x5EA6;&#x8F83;&#x9AD8;&#xFF0C;&#x53EA;&#x9002;&#x5408;&#x589E;&#x9AD8;&#x9F3B;&#x80CC;&#xFF0C;&#x4E0D;&#x9002;&#x5408;&#x505A;&#x9F3B;&#x5934;&#x5851;&#x5F62;&#x3002;</p><p>2&#x3001;&#x548C;&#x7845;&#x80F6;&#x3001;&#x81A8;&#x4F53;&#x76F8;&#x6BD4;&#xFF0C;&#x4EF7;&#x683C;&#x6700;&#x4E3A;&#x6602;&#x8D35;&#x3002;</p><p>3&#x3001;Medpor&#x6750;&#x8D28;&#x8F83;&#x786C;&#xFF0C;&#x5BF9;&#x533B;&#x751F;&#x7684;&#x7ECF;&#x9A8C;&#x548C;&#x6280;&#x672F;&#x8981;&#x6C42;&#x6BD4;&#x8F83;&#x9AD8;&#x3002;</p>"}}