{"Title":"伊婉（进口）","Related":{"name":"关联百科","content":[{"relatedId":"689","name":"玻尿酸填充面部"}]},"ShorDesc":{"name":"简介","content":"<p class=\"MsoNormal\">&#x54C1;&#x724C;&#x540D;&#x79F0;&#xFF1A;&#x4F0A;&#x5A49;<span lang=\"EN-US\">YVOIRE</span></p><p class=\"MsoNormal\">&#x751F;&#x4EA7;&#x5546;&#xFF1A;<span lang=\"EN-US\">LG</span>&#x751F;&#x547D;&#x79D1;&#x5B66;<br></p><p class=\"MsoNormal\">&#x73BB;&#x5C3F;&#x9178;&#x7C7B;&#x578B;&#xFF1A;&#x53CC;&#x76F8;&#xFF08;&#x9897;&#x7C92;&#x578B;&#xFF09;</p><p class=\"MsoNormal\">&#x54C1;&#x724C;&#x7CFB;&#x5217;&#xFF1A;&#x4F0A;&#x5A49;classic s&#x3001;<span style=\"line-height: 1.42857;\">&#x4F0A;&#x5A49;c</span><span style=\"line-height: 1.42857;\">lassic plus&#xFF08;&#x9EBB;&#x836F;&#x7248;&#xFF09;&#x3001;</span><span style=\"line-height: 1.42857;\">&#x4F0A;&#x5A49;volume s&#x3001;</span><span style=\"line-height: 1.42857;\">&#x4F0A;&#x5A49;volume plus&#xFF08;&#x9EBB;&#x836F;&#x7248;&#xFF09;</span></p><p class=\"MsoNormal\"><span lang=\"EN-US\"><o:p></o:p></span></p><p class=\"MsoNormal\">&#x7EF4;&#x6301;&#x65F6;&#x95F4;&#xFF1A;<span style=\"line-height: 1.42857;\">&#x4F0A;&#x5A49;classic s/</span><span style=\"line-height: 1.42857;\">&#x4F0A;&#x5A49;c</span><span style=\"line-height: 1.42857;\">lassic plus&#xFF08;&#x9EBB;&#x836F;&#x7248;&#xFF09;6&#x4E2A;&#x6708;&#xB1;&#xFF1B;</span><span style=\"line-height: 1.42857;\">&#x4F0A;&#x5A49;volume s/</span><span style=\"line-height: 1.42857;\">&#x4F0A;&#x5A49;volume plus&#xFF08;&#x9EBB;&#x836F;&#x7248;&#xFF09;6-12&#x4E2A;&#x6708;</span></p><p class=\"MsoNormal\">&#x4F5C;&#x7528;&#xFF1A;<span style=\"line-height: 1.42857;\">&#x4F0A;&#x5A49;classic s/</span><span style=\"line-height: 1.42857;\">&#x4F0A;&#x5A49;c</span><span style=\"line-height: 1.42857;\">lassic plus&#xFF08;&#x9EBB;&#x836F;&#x7248;&#xFF09;&#x6539;&#x5584;&#x6D45;&#x5C42;&#x76B1;&#x7EB9;</span>&#x3001;&#x8F6F;&#x7EC4;&#x7EC7;&#x586B;&#x5145;&#xFF1B;<span style=\"line-height: 1.42857;\">&#x4F0A;&#x5A49;volume s/</span><span style=\"line-height: 1.42857;\">&#x4F0A;&#x5A49;volume plus&#xFF08;&#x9EBB;&#x836F;&#x7248;&#xFF09;&#x8F6F;&#x7EC4;&#x7EC7;</span><span style=\"line-height: 1.42857;\">&#x586B;&#x5145;&#x3001;&#x6539;&#x5584;&#x6DF1;&#x5EA6;&#x76B1;&#x7EB9;&#x53CA;&#x8F6E;&#x5ED3;&#x5851;&#x5F62;&#x3002;</span></p><p>\n\n\n\n\n\n\n\n\n\n\n\n\n\n\n\n\n\n</p><p class=\"MsoNormal\">&#x8BA4;&#x8BC1;&#xFF1A;&#x4E2D;&#x56FD;&#x56FD;&#x5BB6;&#x98DF;&#x54C1;&#x836F;&#x54C1;&#x76D1;&#x7763;&#x7BA1;&#x7406;&#x5C40;&#xFF08;<span lang=\"EN-US\">CFDA</span>&#xFF09;&#x3001;<span lang=\"EN-US\">KFDA</span>&#xFF08;&#x97E9;&#x56FD;&#xFF09;&#x3001;<span lang=\"EN-US\">CE</span>&#x8BA4;&#x8BC1;&#xFF1B;&#x539F;&#x6599;&#x83B7;&#x6B27;&#x6D32;&#x836F;&#x54C1;&#x8D28;&#x91CF;&#x7BA1;&#x7406;&#x5C40;&#xFF08;<span lang=\"EN-US\">EDQM</span>&#xFF09;&#x3001;<span lang=\"EN-US\">FDA</span>&#xFF08;&#x7F8E;&#x56FD;&#xFF09;&#x8BA4;&#x8BC1;&#x3002;</p>"},"Property":{"name":"档案","content":[]},"Desc":{"name":"项目／手术原理","content":""},"Sample":{"name":"效果示例","content":""},"BeforIdear":{"name":"效果示例","content":""},"AfterIdear":{"name":"优点","content":""},"GoodPoint":{"name":"缺点及风险","content":""},"BadPoint":{"name":"术前锦囊","content":""}}