{"Title":"脂肪填充卧蚕","Related":{"name":"关联百科","content":[{"relatedId":"201","name":"玻尿酸填充卧蚕"},{"relatedId":"403","name":"真皮垫卧蚕"}]},"ShorDesc":{"name":"简介","content":"<p>&#x9002;&#x5E94;&#x75C7;&#xFF1A;&#x5367;&#x8695;&#x4E0D;&#x660E;&#x663E;&#x3001;&#x65E0;&#x5367;&#x8695;</p><p>&#x4ECE;&#x53D7;&#x672F;&#x8005;&#x8102;&#x80AA;&#x5806;&#x79EF;&#x7684;&#x90E8;&#x4F4D;&#x62BD;&#x53D6;&#x8102;&#x80AA;&#x9897;&#x7C92;&#xFF0C;&#x7ECF;&#x7279;&#x6B8A;&#x5904;&#x7406;&#x540E;&#x6CE8;&#x5C04;&#x5230;&#x5367;&#x8695;&#x90E8;&#x4F4D;&#xFF0C;&#x4EE5;&#x6539;&#x5584;&#x5C0F;&#x5367;&#x8695;&#x7B49;&#x95EE;&#x9898;&#x3002;</p>"},"Property":{"name":"档案","content":["\n                <li>&#x6CBB;&#x7597;&#x65B9;&#x5F0F;&#xFF1A;<span>&#x624B;&#x672F;</span></li>\n                <li>&#x75BC;&#x75DB;&#x611F;&#xFF1A;<span>2&#x9897;&#x661F;</span><a href=\"gengmei://common_webview?url=http://backend.gmei.com/hybrid/ache_level\">&#x67E5;&#x770B;&#x75BC;&#x75DB;&#x5206;&#x7EA7;</a></li>\n                <li>&#x7EF4;&#x6301;&#x65F6;&#x95F4;&#xFF1A;<span>6-12&#x4E2A;&#x6708;</span></li>\n                <li>&#x6CBB;&#x7597;&#x65F6;&#x95F4;&#xFF1A;<span>30-30&#x5206;&#x949F;</span></li>\n                <li>&#x53C2;&#x8003;&#x4EF7;&#x683C;&#xFF1A;<span>4500-19800</span></li>\n                <li>&#x9EBB;&#x9189;&#x65B9;&#x5F0F;&#xFF1A;<span>&#x5C40;&#x9EBB;</span></li>\n                <li>&#x662F;&#x5426;&#x4F4F;&#x9662;&#xFF1A;<span>&#x5426;</span></li>\n                \n                <li>&#x62C6;&#x7EBF;&#x65F6;&#x95F4;&#xFF1A;<span>5-7&#x5929;</span></li>\n            "]},"Desc":{"name":"项目／手术原理","content":"<p>1. &#x6D17;&#x8138;&#x540E;&#x9EBB;&#x9189;&#x3002;</p><p>2. &#x5728;&#x8179;&#x90E8;&#x6216;&#x5927;&#x817F;&#x6839;&#x90E8;&#x62BD;&#x53D6;&#x8102;&#x80AA;&#x3002;</p><p>3. &#x7CBE;&#x7EAF;&#x63D0;&#x53D6;&#x8102;&#x80AA;&#x540E;&#xFF0C;&#x6CE8;&#x5C04;&#x5230;&#x773C;&#x5E95;&#x3002;</p><p>4. &#x8F7B;&#x634F;&#x6CE8;&#x5C04;&#x90E8;&#x4F4D;&#xFF0C;&#x5851;&#x9020;&#x5367;&#x8695;&#x5F62;&#x72B6;&#x3002;</p><p><img src=\"http://hera.s.gmei.com/2016/10/12/c7d340ef8b\" style=\"width: 552px;\"><br></p>"},"Sample":{"name":"效果示例","content":"<img src=\"http://hera.s.gmei.com/itemwiki/2016/10/12/395eb8219d-w\">"},"BeforIdear":{"name":"效果示例","content":"<p>1&#x3001;&#x624B;&#x672F;&#x524D;&#x4E24;&#x5468;&#x5185;&#xFF0C;&#x8BF7;&#x52FF;&#x670D;&#x7528;&#x542B;&#x6709;&#x963F;&#x53F8;&#x5339;&#x6797;&#x7C7B;&#x836F;&#x7269;&#x3002;</p><p>2&#x3001;&#x4E3A;&#x9632;&#x6B62;&#x611F;&#x67D3;&#xFF0C;&#x5987;&#x5973;&#x6708;&#x7ECF;&#x671F;&#x3001;&#x598A;&#x5A20;&#x671F;&#x4E0D;&#x80FD;&#x505A;&#x3002;</p>"},"AfterIdear":{"name":"优点","content":"<p>1&#x3001;&#x672F;&#x540E;&#x5C3D;&#x53EF;&#x80FD;&#x51CF;&#x5C11;&#x6D3B;&#x52A8;&#xFF0C;&#x4EE5;&#x5229;&#x4E8E;&#x6062;&#x590D;&#x548C;&#x6D88;&#x80BF;&#xFF0C;&#x4F46;&#x65E0;&#x987B;&#x5367;&#x5E8A;&#x4F11;&#x606F;&#x3002;</p><p>2&#x3001;&#x9075;&#x7167;&#x533B;&#x5631;&#x53E3;&#x670D;&#x6D88;&#x708E;&#x836F;3&#xFF5E;5&#x5929;&#x3002;</p>"},"GoodPoint":{"name":"缺点及风险","content":"<p>1&#x3001;&#x81EA;&#x4F53;&#x7EC4;&#x7EC7;&#x65E0;&#x4EFB;&#x4F55;&#x6392;&#x65A5;&#x53CD;&#x5E94;&#x3002;</p><p>2&#x3001;&#x521B;&#x4F24;&#x5C0F;&#xFF0C;&#x5BF9;&#x751F;&#x6D3B;&#x5DE5;&#x4F5C;&#x5F71;&#x54CD;&#x5C0F;&#x3002;</p>"},"BadPoint":{"name":"术前锦囊","content":"<p>1&#x3001;&#x5E94;&#x7528;&#x8303;&#x56F4;&#x5C40;&#x9650;&#x3002;</p><p>2&#x3001;&#x8102;&#x80AA;&#x79FB;&#x690D;&#x7684;&#x6210;&#x6D3B;&#x7387;&#x8F83;&#x4F4E;&#x3002;</p><p>3&#x3001;&#x6CBB;&#x7597;&#x6B21;&#x6570;&#x591A;&#xFF0C;&#x6CBB;&#x7597;&#x65F6;&#x95F4;&#x957F;&#x3002;</p><p>4&#x3001;&#x53EF;&#x80FD;&#x51FA;&#x73B0;&#x611F;&#x67D3;&#x51FA;&#x8840;&#x6216;&#x8005;&#x8102;&#x80AA;&#x6DB2;&#x5316;&#x3002;</p>"}}