{"Title":"玻尿酸填充卧蚕","Related":{"name":"关联百科","content":[{"relatedId":"403","name":"真皮垫卧蚕"},{"relatedId":"401","name":"脂肪填充卧蚕"}]},"ShorDesc":{"name":"简介","content":"<p>&#x9002;&#x5E94;&#x75C7;&#xFF1A;&#x5367;&#x8695;&#x4E0D;&#x660E;&#x663E;</p><p>&#x5C06;&#x5C0F;&#x5206;&#x5B50;&#x73BB;&#x5C3F;&#x9178;&#x76F4;&#x63A5;&#x6CE8;&#x5C04;&#x3001;&#x5851;&#x5F62;&#x51FA;&#x5367;&#x8695;&#x7684;&#x6548;&#x679C;&#x3002;</p>"},"Property":{"name":"档案","content":["\n                <li>&#x6CBB;&#x7597;&#x65B9;&#x5F0F;&#xFF1A;<span>&#x6CE8;&#x5C04;</span></li>\n                <li>&#x75BC;&#x75DB;&#x611F;&#xFF1A;<span>1&#x9897;&#x661F;</span><a href=\"gengmei://common_webview?url=http://backend.gmei.com/hybrid/ache_level\">&#x67E5;&#x770B;&#x75BC;&#x75DB;&#x5206;&#x7EA7;</a></li>\n                <li>&#x7EF4;&#x6301;&#x65F6;&#x95F4;&#xFF1A;<span>3-6&#x4E2A;&#x6708;</span></li>\n                <li>&#x6CBB;&#x7597;&#x65F6;&#x95F4;&#xFF1A;<span>10-20&#x5206;&#x949F;</span></li>\n                <li>&#x53C2;&#x8003;&#x4EF7;&#x683C;&#xFF1A;<span>5000-10000</span></li>\n                <li>&#x9EBB;&#x9189;&#x65B9;&#x5F0F;&#xFF1A;<span>&#x8868;&#x9762;&#x9EBB;&#x9189;</span></li>\n                <li>&#x662F;&#x5426;&#x4F4F;&#x9662;&#xFF1A;<span>&#x5426;</span></li>\n                \n                <li>&#x62C6;&#x7EBF;&#x65F6;&#x95F4;&#xFF1A;<span>0-0&#x5929;</span></li>\n            "]},"Desc":{"name":"项目／手术原理","content":"<p>1.&#x51B0;&#x6577;&#x773C;&#x90E8;/&#x6577;&#x8868;&#x9762;&#x9EBB;&#x9189;&#x836F;&#x7269;&#x3002;</p><p>2.&#x6CE8;&#x5C04;&#x73BB;&#x5C3F;&#x9178;&#x3002;</p><p>3.&#x51B0;&#x6577;&#x3002;</p><p><img src=\"http://hera.s.gmei.com/2016/10/12/e27245581e\" style=\"width: 157px;\"></p>"},"Sample":{"name":"效果示例","content":"<img src=\"http://hera.s.gmei.com/itemwiki/2016/10/11/f57e422065-w\">"},"BeforIdear":{"name":"效果示例","content":"<p>1.&#x73BB;&#x5C3F;&#x9178;&#x6CE8;&#x5C04;&#x5F53;&#x5929;&#x6700;&#x597D;&#x4E0D;&#x8981;&#x5316;&#x5986;&#x3001;&#x4FDD;&#x8BC1;&#x9762;&#x90E8;&#x6E05;&#x6D01;&#x3002;</p><p>2.&#x6CE8;&#x5C04;&#x524D;&#x4E0D;&#x8981;&#x670D;&#x7528;&#x6297;&#x51DD;&#x7C7B;&#x836F;&#x7269;&#xFF08;&#x963F;&#x53F8;&#x5339;&#x6797;&#x3001;&#x7EF4;&#x751F;&#x7D20;E&#x7B49;&#xFF09;&#x4EE5;&#x907F;&#x514D;&#x5F71;&#x54CD;&#x51DD;&#x8840;&#x529F;&#x80FD;&#x3002;</p><p>3.&#x598A;&#x5A20;&#x671F;&#x3001;&#x54FA;&#x4E73;&#x671F;&#x5987;&#x5973;&#x9700;&#x63D0;&#x524D;&#x544A;&#x77E5;&#x533B;&#x751F;&#x3002;</p>"},"AfterIdear":{"name":"优点","content":"<p>1.&#x6CE8;&#x5C04;&#x540E;4-6&#x5C0F;&#x65F6;&#x6CE8;&#x5C04;&#x9488;&#x773C;&#x4E0D;&#x8981;&#x6CBE;&#x6C34;&#x3002;</p><p>2.&#x6CE8;&#x5C04;3-7&#x5929;&#x5185;&#x4E0D;&#x8981;&#x63C9;&#x6413;&#x5507;&#x90E8;&#x4EE5;&#x514D;&#x53D8;&#x5F62;&#x3002;</p><p>3.&#x6CE8;&#x5C04;&#x540E;&#x5C3D;&#x91CF;&#x907F;&#x514D;&#x84B8;&#x6851;&#x62FF;&#x3001;&#x65E5;&#x5149;&#x6D74;&#x4EE5;&#x514D;&#x73BB;&#x5C3F;&#x9178;&#x5438;&#x6536;&#x8FC7;&#x5FEB;&#x3002;</p><p>4.&#x6CE8;&#x5C04;&#x540E;7&#x5929;&#x5185;&#xFF0C;&#x6212;&#x70DF;&#x9152;&#x3001;&#x7981;&#x98DF;&#x8F9B;&#x8FA3;&#x523A;&#x6FC0;&#x7269;&#x3002;</p>"},"GoodPoint":{"name":"缺点及风险","content":"<p>1.&#x89C1;&#x6548;&#x5FEB;&#x3002;</p><p>2.&#x6548;&#x679C;&#x6BD4;&#x8F83;&#x81EA;&#x7136;&#x3002;</p><p>3.&#x5B89;&#x5168;&#x3001;&#x526F;&#x4F5C;&#x7528;&#x6781;&#x5C11;&#x3002;</p><p>4.&#x6CE8;&#x5C04;&#x8FC7;&#x7A0B;&#x65E0;&#x521B;&#x65E0;&#x75DB;&#xFF0C;&#x65E0;&#x6062;&#x590D;&#x671F;&#x3002;</p><p>5.&#x6548;&#x679C;&#x4E0D;&#x6EE1;&#x610F;&#x53EF;&#x901A;&#x8FC7;&#x73BB;&#x5C3F;&#x9178;&#x6EB6;&#x89E3;&#x9176;&#x8FDB;&#x884C;&#x6EB6;&#x89E3;&#x3002;</p>"},"BadPoint":{"name":"术前锦囊","content":"<p>1.&#x6548;&#x679C;&#x7EF4;&#x6301;&#x8F83;&#x77ED;&#x3001;&#x9700;&#x591A;&#x6B21;&#x6CE8;&#x5C04;&#x3002;</p><p>2.&#x73BB;&#x5C3F;&#x9178;&#x6CE8;&#x5C04;&#x5367;&#x8695;&#x53EF;&#x80FD;&#x9020;&#x6210;&#x4E0D;&#x81EA;&#x7136;&#x7684;&#x73B0;&#x8C61;&#x3002;</p>"}}