{"Title":"酒窝成形术","Related":{"name":"关联百科","content":[]},"ShorDesc":{"name":"简介","content":"<p>&#x9002;&#x5E94;&#x75C7;&#xFF1A;&#x65E0;&#x9152;&#x7A9D;</p><p>&#x53E3;&#x5185;&#x5207;&#x53E3;&#xFF0C;&#x7F1D;&#x624E;&#x5F62;&#x6210;&#x9152;&#x7A9D;&#x3002;</p>"},"Property":{"name":"档案","content":["\n                <li>&#x6CBB;&#x7597;&#x65B9;&#x5F0F;&#xFF1A;<span>&#x624B;&#x672F;</span></li>\n                <li>&#x75BC;&#x75DB;&#x611F;&#xFF1A;<span>2&#x9897;&#x661F;</span><a href=\"gengmei://common_webview?url=http://backend.gmei.com/hybrid/ache_level\">&#x67E5;&#x770B;&#x75BC;&#x75DB;&#x5206;&#x7EA7;</a></li>\n                <li>&#x7EF4;&#x6301;&#x65F6;&#x95F4;&#xFF1A;<span>&#x6C38;&#x4E45;</span></li>\n                <li>&#x6CBB;&#x7597;&#x65F6;&#x95F4;&#xFF1A;<span>20-60&#x5206;&#x949F;</span></li>\n                <li>&#x53C2;&#x8003;&#x4EF7;&#x683C;&#xFF1A;<span>4000-6000</span></li>\n                <li>&#x9EBB;&#x9189;&#x65B9;&#x5F0F;&#xFF1A;<span>&#x5C40;&#x9EBB;</span></li>\n                <li>&#x662F;&#x5426;&#x4F4F;&#x9662;&#xFF1A;<span>&#x5426;</span></li>\n                \n                <li>&#x62C6;&#x7EBF;&#x65F6;&#x95F4;&#xFF1A;<span>5-7&#x5929;</span></li>\n            "]},"Desc":{"name":"项目／手术原理","content":"<p>1&#x3001;&#x5728;&#x4E0E;&#x9762;&#x988A;&#x90E8;&#x8BBE;&#x8BA1;&#x70B9;&#x76F8;&#x5BF9;&#x5904;&#x7684;&#x53E3;&#x5185;&#x9ECF;&#x819C;&#x505A;&#x5207;&#x53E3;</p><p>2&#x3001;&#x53BB;&#x9664;&#x5207;&#x53E3;&#x5468;&#x8FB9;&#x7684;&#x808C;&#x7EA4;&#x7EF4;</p><p>3&#x3001;&#x518D;&#x5C06;&#x988A;&#x9ECF;&#x819C;&#x4E0E;&#x8BBE;&#x8BA1;&#x70B9;&#x5904;&#x7684;&#x771F;&#x76AE;&#x5C42;&#x7F1D;&#x5408;</p><p><img src=\"http://hera.s.gmei.com/2016/10/12/f3d89ae1d4\" style=\"width: 617px;\"><br></p>"},"Sample":{"name":"效果示例","content":"<img src=\"http://hera.s.gmei.com/itemwiki/2016/10/12/1b38b39cfa-w\">"},"BeforIdear":{"name":"效果示例","content":"<p>1&#x3001;&#x5973;&#x6027;&#x907F;&#x5F00;&#x4F8B;&#x5047;&#x671F;&#xFF0C;&#x907F;&#x514D;&#x51FA;&#x8840;&#x589E;&#x591A;&#x6216;&#x80BF;&#x80C0;&#x52A0;&#x91CD;&#x3002;</p><p>2&#x3001;&#x624B;&#x672F;&#x524D;&#x4E24;&#x5468;&#x5185;&#xFF0C;&#x8BF7;&#x52FF;&#x670D;&#x7528;&#x56FA;&#x9187;&#x6FC0;&#x7D20;&#x548C;&#x963F;&#x65AF;&#x5339;&#x6797;&#x7C7B;&#x6297;&#x51DD;&#x836F;&#x7269;&#x3002;</p><p>3&#x3001;&#x624B;&#x672F;&#x5F53;&#x65E5;&#x4E0D;&#x8981;&#x5316;&#x5986;&#xFF0C;&#x4E5F;&#x4E0D;&#x8981;&#x6234;&#x88C5;&#x9970;&#x7269;&#x7B49;&#x3002;</p><p>4&#x3001;&#x598A;&#x5A20;&#x524D;&#x671F;(&#x4E09;&#x4E2A;&#x6708;)&#x6216;&#x598A;&#x5A20;&#x540E;&#x671F;(&#x4E09;&#x4E2A;&#x6708;)&#x6682;&#x7F13;&#x624B;&#x672F;&#x3002;</p><p>5&#x3001;&#x7537;&#x6027;&#x9700;&#x8981;&#x63D0;&#x524D;&#x6212;&#x70DF;&#x4E00;&#x5468;&#x3002;</p><p>6&#x3001;&#x5E38;&#x89C4;&#x8EAB;&#x4F53;&#x68C0;&#x67E5;&#x2014;&#x2014;&#x5168;&#x8EAB;&#x68C0;&#x67E5;&#xFF0C;&#x8840;&#x538B;&#x3001;&#x5FC3;&#x7535;&#x56FE;&#x7B49;&#x3002;</p>"},"AfterIdear":{"name":"优点","content":"<p>1.&#x672F;&#x540E;&#x6CE8;&#x610F;&#x53E3;&#x8154;&#x536B;&#x751F;&#xFF0C;&#x996D;&#x540E;&#x53CA;&#x7761;&#x524D;&#x7528;&#x787C;&#x9178;&#x6F31;&#x53E3;&#x6DB2;&#x6216;&#x751F;&#x7406;&#x76D0;&#x6C34;&#x7C7B;&#x6EB6;&#x6DB2;&#x6F31;&#x53E3;&#xFF0C;&#x6BCF;&#x5929;5-6&#x6B21;&#x6700;&#x4E3A;&#x9002;&#x5B9C;&#x3002;</p><p>2.&#x672F;&#x540E;3&#x5929;&#x5185;&#x5403;&#x6D41;&#x98DF;&#x6216;&#x534A;&#x6D41;&#x98DF;&#xFF0C;&#x907F;&#x514D;&#x8FC7;&#x786C;&#x7684;&#x98DF;&#x7269;&#x3002;</p><p>3.&#x624B;&#x672F;&#x62C6;&#x7EBF;48&#x5C0F;&#x65F6;&#x540E;&#xFF0C;&#x65B9;&#x53EF;&#x6CBE;&#x6C34;&#x3002;</p><p>4.&#x624B;&#x672F;1&#x4E2A;&#x6708;&#x5185;&#xFF0C;&#x4E0D;&#x8981;&#x753B;&#x6D53;&#x5986;&#x3001;&#x4F7F;&#x7528;&#x542B;&#x91CD;&#x91D1;&#x5C5E;&#x5316;&#x5986;&#x54C1;&#xFF0C;&#x4EE5;&#x9632;&#x75A4;&#x75D5;&#x589E;&#x751F;&#xFF08;&#x53EF;&#x4F7F;&#x7528;&#x795B;&#x75A4;&#x836F;&#xFF09;&#x3002;</p><p>5.&#x4E00;&#x6708;&#x5185;&#xFF0C;&#x4E0D;&#x62BD;&#x70DF;&#x4E0D;&#x559D;&#x9152;&#xFF0C;&#x4E0D;&#x5403;&#x8F9B;&#x8FA3;&#x523A;&#x6FC0;&#x6027;&#x98DF;&#x7269;&#x3002;</p>"},"GoodPoint":{"name":"缺点及风险","content":"<p>1.&#x4E00;&#x6B21;&#x624B;&#x672F;&#x5373;&#x53EF;&#x3002;</p><p>2.&#x65E0;&#x660E;&#x663E;&#x624B;&#x672F;&#x75D5;&#x8FF9;&#x3002;</p>"},"BadPoint":{"name":"术前锦囊","content":"<p>1.&#x521D;&#x671F;&#x6548;&#x679C;&#x4E0D;&#x592A;&#x81EA;&#x7136;&#x3002;</p><p>2.&#x6062;&#x590D;&#x671F;&#x8F83;&#x957F;&#x3002;</p><p>3.&#x5207;&#x53E3;&#x5728;&#x53E3;&#x5185;&#xFF0C;&#x8FDB;&#x98DF;&#x6613;&#x611F;&#x67D3;&#x3002;</p><p>4.&#x53EF;&#x80FD;&#x635F;&#x4F24;&#x8840;&#x7BA1;&#x53CA;&#x9762;&#x90E8;&#x795E;&#x7ECF;&#x3002;</p>"}}