{"Title":"欣菲聆（国产）","Related":{"name":"关联百科","content":[{"relatedId":"689","name":"玻尿酸填充面部"}]},"ShorDesc":{"name":"简介","content":"<p class=\"MsoNormal\">&#x54C1;&#x724C;&#x540D;&#x79F0;&#xFF1A;&#x6B23;&#x83F2;&#x8046;<span lang=\"EN-US\">Singfiller</span></p><p class=\"MsoNormal\">&#x751F;&#x4EA7;&#x5546;&#xFF1A;&#x676D;&#x5DDE;&#x534F;&#x5408;&#x533B;&#x7597;&#x7528;&#x54C1;&#x6709;&#x9650;&#x516C;&#x53F8;</p><p class=\"MsoNormal\">&#x73BB;&#x5C3F;&#x9178;&#x7C7B;&#x578B;&#xFF1A;&#x53CC;&#x76F8;&#xFF08;&#x9897;&#x7C92;&#x578B;&#xFF09;</p><p class=\"MsoNormal\">&#x54C1;&#x724C;&#x7CFB;&#x5217;&#xFF1A;&#x6B23;&#x83F2;&#x8046;<span lang=\"EN-US\">Singfiller</span></p><p class=\"MsoNormal\"><span lang=\"EN-US\"><o:p></o:p></span></p><p class=\"MsoNormal\">&#x7EF4;&#x6301;&#x65F6;&#x95F4;&#xFF1A;6-12&#x4E2A;&#x6708;</p><p class=\"MsoNormal\">&#x4F5C;&#x7528;&#xFF1A;&#x9664;&#x76B1;&#x3001;&#x8F6F;&#x7EC4;&#x7EC7;&#x586B;&#x5145;&#x3001;&#x8F6E;&#x5ED3;&#x5851;&#x5F62;&#x3002;<span lang=\"EN-US\"><o:p></o:p></span></p><p>\n\n\n\n\n\n\n\n\n\n\n\n\n\n\n\n</p><p class=\"MsoNormal\">&#x8BA4;&#x8BC1;&#xFF1A;&#x4E2D;&#x56FD;&#x56FD;&#x5BB6;&#x98DF;&#x54C1;&#x836F;&#x54C1;&#x76D1;&#x7763;&#x7BA1;&#x7406;&#x5C40;&#xFF08;<span lang=\"EN-US\">CFDA</span>&#xFF09;&#x3002;</p><p class=\"MsoNormal\"><img src=\"http://hera.s.gmei.com/2016/10/14/dae229f78c\" style=\"width: 775px;\"><br></p>"},"Property":{"name":"档案","content":[]},"Desc":{"name":"项目／手术原理","content":""},"Sample":{"name":"效果示例","content":""},"BeforIdear":{"name":"效果示例","content":""},"AfterIdear":{"name":"优点","content":""},"GoodPoint":{"name":"缺点及风险","content":""},"BadPoint":{"name":"术前锦囊","content":""}}