{"Title":"硅胶隆鼻","Related":{"name":"关联百科","content":[{"relatedId":"675","name":"假体+耳软骨隆鼻"},{"relatedId":"355","name":"膨体隆鼻"},{"relatedId":"677","name":"肋软骨隆鼻"},{"relatedId":"222","name":"玻尿酸隆鼻"},{"relatedId":"516","name":"Medpor隆鼻"},{"relatedId":"404","name":"埋线隆鼻"}]},"ShorDesc":{"name":"简介","content":"<p>&#x9002;&#x5E94;&#x75C7;&#xFF1A;&#x584C;&#x9F3B;&#x6881;&#xFF0C;&#x77ED;&#x9F3B;</p><p>&#x5C06;&#x533B;&#x7528;&#x56FA;&#x4F53;&#x7845;&#x80F6;&#x5047;&#x4F53;&#x57CB;&#x5165;&#x9F3B;&#x80CC;&#x7B4B;&#x819C;&#x4E0B;&#x9762;&#xFF0C;&#x4F7F;&#x9F3B;&#x6881;&#x6216;&#x9F3B;&#x5C16;&#x7A81;&#x8D77;&#xFF0C;&#x4ECE;&#x800C;&#x6539;&#x53D8;&#x9F3B;&#x5B50;&#x7684;&#x5F62;&#x72B6;&#x3002;</p>"},"Property":{"name":"档案","content":["\n                <li>&#x6CBB;&#x7597;&#x65B9;&#x5F0F;&#xFF1A;<span>&#x624B;&#x672F;</span></li>\n                <li>&#x75BC;&#x75DB;&#x611F;&#xFF1A;<span>3&#x9897;&#x661F;</span><a href=\"gengmei://common_webview?url=http://backend.gmei.com/hybrid/ache_level\">&#x67E5;&#x770B;&#x75BC;&#x75DB;&#x5206;&#x7EA7;</a></li>\n                <li>&#x7EF4;&#x6301;&#x65F6;&#x95F4;&#xFF1A;<span>&#x6C38;&#x4E45;</span></li>\n                <li>&#x6CBB;&#x7597;&#x65F6;&#x95F4;&#xFF1A;<span>60-90&#x5206;&#x949F;</span></li>\n                <li>&#x53C2;&#x8003;&#x4EF7;&#x683C;&#xFF1A;<span>3000-10000</span></li>\n                <li>&#x9EBB;&#x9189;&#x65B9;&#x5F0F;&#xFF1A;<span>&#x5C40;&#x9EBB;</span></li>\n                <li>&#x662F;&#x5426;&#xFFFD;&#xFFFD;&#xFFFD;&#x9662;&#xFF1A;<span>&#x5426;</span></li>\n                \n                <li>&#x62C6;&#x7EBF;&#x65F6;&#x95F4;&#xFF1A;<span>5-7&#x5929;</span></li>\n            "]},"Desc":{"name":"项目／手术原理","content":"<p>1&#x3001;&#x5728;&#x4E00;&#x4FA7;&#x7684;&#x9F3B;&#x5B54;&#x5185;&#x4FA7;&#x4F5C;&#x76AE;&#x80A4;&#x5207;&#x53E3;&#x3002;</p><p>2&#x3001;&#x901A;&#x8FC7;&#x5668;&#x68B0;&#x5F62;&#x6210;&#x76F8;&#x5E94;&#x7684;&#x96A7;&#x9053;&#xFF0C;&#x5C06;&#x7845;&#x80F6;&#x5047;&#x4F53;&#x690D;&#x5165;&#x3002;</p><p>3&#x3001;&#x89C2;&#x5BDF;&#x9F3B;&#x5916;&#x5F62;&#x3002;</p><p>4&#x3001;&#x7F1D;&#x5408;&#x5207;&#x53E3;&#x3002;</p><p><img src=\"http://hera.s.gmei.com/2016/10/12/b74bbcde2e\" style=\"width: 529px;\"><br></p>"},"Sample":{"name":"效果示例","content":"<img src=\"http://hera.s.gmei.com/itemwiki/2016/10/12/a227a58b40-w\">"},"BeforIdear":{"name":"效果示例","content":"<p>1&#x3001;&#x624B;&#x672F;&#x524D;&#x4E24;&#x5468;&#x5185;&#xFF0C;&#x8BF7;&#x52FF;&#x670D;&#x7528;&#x56FA;&#x9187;&#x6FC0;&#x7D20;&#x548C;&#x963F;&#x65AF;&#x5339;&#x6797;&#x7C7B;&#x6297;&#x51DD;&#x836F;&#x7269;&#x3002;</p><p>2&#x3001;&#x624B;&#x672F;&#x5F53;&#x65E5;&#x4E0D;&#x8981;&#x5316;&#x5986;&#xFF0C;&#x4E5F;&#x4E0D;&#x8981;&#x6234;&#x88C5;&#x9970;&#x7269;&#x7B49;&#x3002;</p><p>3&#x3001;&#x4F8B;&#x5047;&#x671F;&#xFF0C;&#x598A;&#x5A20;&#x524D;&#x671F;(&#x4E09;&#x4E2A;&#x6708;)&#x6216;&#x598A;&#x5A20;&#x540E;&#x671F;(&#x4E09;&#x4E2A;&#x6708;)&#x6682;&#x7F13;&#x624B;&#x672F;&#x3002;</p>"},"AfterIdear":{"name":"优点","content":"<p>1.&#x9F3B;&#x8154;&#x4F1A;&#x6709;&#x5C11;&#x91CF;&#x8840;&#x75C2;&#xFF0C;&#x6B21;&#x65E5;&#x6362;&#x836F;&#x4E00;&#x6B21;&#x53EF;&#x6E05;&#x9664;&#xFF0C;&#x53EF;&#x53E3;&#x670D;&#x6297;&#x751F;&#x7D20;3-5&#x5929;&#x3002;</p><p>2.&#x62C6;&#x7EBF;&#x524D;&#x548C;&#x62C6;&#x7EBF;24&#x5C0F;&#x65F6;&#x9F3B;&#x8154;&#x4E0D;&#x80FD;&#x6CBE;&#x6C34;&#x3002;</p><p>3.&#x672F;&#x540E;&#x4E00;&#x5468;&#x5185;&#x4E0D;&#x62BD;&#x70DF;&#xFF0C;&#x4E0D;&#x559D;&#x9152;&#xFF0C;&#x4E0D;&#x5403;&#x8F9B;&#x8FA3;&#x523A;&#x6FC0;&#x6027;&#x98DF;&#x7269;&#xFF0C;&#x4E0D;&#x5403;&#x6D77;&#x9C9C;&#x7C7B;&#x548C;&#x6D77;&#x9C9C;&#x7C7B;&#x4EA7;&#x54C1;&#x3002;&#x4E0D;&#x6D17;&#x6851;&#x62FF;&#x6D74;&#xFF0C;&#x4E0D;&#x6D17;&#x70ED;&#x6D74;&#xFF0C;&#x4E0D;&#x505A;&#x5267;&#x70C8;&#x8FD0;&#x52A8;&#x3002;</p><p>4.&#x4E24;&#x4E2A;&#x6708;&#x5185;&#x4E0D;&#x4F69;&#x6234;&#x6709;&#x6846;&#x773C;&#x955C;&#xFF0C;&#x4E0D;&#x8981;&#x91CD;&#x7269;&#x649E;&#x51FB;&#x9F3B;&#x90E8;&#xFF0C;&#x4E0D;&#x7528;&#x529B;&#x626D;&#x634F;&#x9F3B;&#x5B50;&#x3002;</p>"},"GoodPoint":{"name":"缺点及风险","content":"<p>1&#x3001;&#x7EF4;&#x6301;&#x65F6;&#x95F4;&#x6C38;&#x4E45;&#x3002; </p><p>2&#x3001;&#x4E00;&#x6B21;&#x624B;&#x672F;&#x5373;&#x53EF;&#x3002; </p><p>3&#x3001;&#x672F;&#x540E;&#x53D1;&#x751F;&#x611F;&#x67D3;&#x548C;&#x6392;&#x5F02;&#x53CD;&#x5E94;</p>"},"BadPoint":{"name":"术前锦囊","content":"<p>1&#x3001;&#x9700;&#x8981;&#x624B;&#x672F;&#x5207;&#x53E3;&#xFF0C;&#x53EF;&#x80FD;&#x7559;&#x75A4;&#x3002; </p><p>2&#x3001;&#x672F;&#x540E;&#x6709;&#x53EF;&#x80FD;&#x51FA;&#x73B0;&#x5047;&#x4F53;&#x523A;&#x7A7F;&#x9F3B;&#x5934;&#x3002; </p><p>3&#x3001;&#x672F;&#x540E;&#x6709;&#x53EF;&#x80FD;&#x51FA;&#x73B0;&#x5047;&#x4F53;&#x6B6A;&#x659C;&#x3002;</p>"}}