{"Title":"瘦腿针","Related":{"name":"关联百科","content":[{"relatedId":"726","name":"负压吸脂"},{"relatedId":"450","name":"瘦肩针"},{"relatedId":"687","name":"溶脂针"},{"relatedId":"725","name":"水动力吸脂"}]},"ShorDesc":{"name":"简介","content":"<p>&#x9002;&#x5E94;&#x75C7;&#xFF1A;&#x808C;&#x8089;&#x578B;&#x5C0F;&#x817F;</p><p>&#x5373;A&#x578B;&#x8089;&#x6BD2;&#x7D20;&#x9488;&#x5242;&#xFF0C;&#x6CE8;&#x5C04;&#x540E;&#xFF0C;&#x901A;&#x8FC7;&#x963B;&#x65AD;&#x808C;&#x8089;&#x548C;&#x795E;&#x7ECF;&#x95F4;&#x7684;&#x4FE1;&#x606F;&#x4F20;&#x5BFC;&#x4F7F;&#x817F;&#x90E8;&#x808C;&#x8089;&#x840E;&#x7F29;&#x3001;&#x53D8;&#x5C0F;&#xFF0C;&#x4ECE;&#x800C;&#x8FBE;&#x5230;&#x7626;&#x817F;&#x7684;&#x6548;&#x679C;&#x3002;</p>"},"Property":{"name":"档案","content":["\n                <li>&#x6CBB;&#x7597;&#x65B9;&#x5F0F;&#xFF1A;<span>&#x6CE8;&#x5C04;</span></li>\n                <li>&#x75BC;&#x75DB;&#x611F;&#xFF1A;<span>1&#x9897;&#x661F;</span><a href=\"gengmei://common_webview?url=http://backend.gmei.com/hybrid/ache_level\">&#x67E5;&#x770B;&#x75BC;&#x75DB;&#x5206;&#x7EA7;</a></li>\n                <li>&#x7EF4;&#x6301;&#x65F6;&#x95F4;&#xFF1A;<span>3-6&#x4E2A;&#x6708;</span></li>\n                <li>&#x6CBB;&#x7597;&#x65F6;&#x95F4;&#xFF1A;<span>10-20&#x5206;&#x949F;</span></li>\n                <li>&#x53C2;&#x8003;&#x4EF7;&#x683C;&#xFF1A;<span>6800-12800</span></li>\n                <li>&#x9EBB;&#x9189;&#x65B9;&#x5F0F;&#xFF1A;<span>&#x65E0;</span></li>\n                <li>&#x662F;&#x5426;&#x4F4F;&#x9662;&#xFF1A;<span>&#x5426;</span></li>\n                \n                <li>&#x62C6;&#x7EBF;&#x65F6;&#x95F4;&#xFF1A;<span>0-0&#x5929;</span></li>\n            "]},"Desc":{"name":"项目／手术原理","content":"<p>1&#x3001;&#x9762;&#x90E8;&#x8BCA;&#x65AD;</p><p>2&#x3001;&#x786E;&#x5B9A;&#x6CE8;&#x5C04;&#x70B9;</p><p>3&#x3001;&#x6CE8;&#x5C04;&#x836F;&#x7269;</p><p>4&#x3001;&#x6CE8;&#x5C04;&#x5B8C;&#x6210;</p><p><img src=\"http://hera.s.gmei.com/2016/10/12/4c96de2796\" style=\"width: 434px;\"><br></p>"},"Sample":{"name":"效果示例","content":"<img src=\"http://hera.s.gmei.com/itemwiki/2016/10/12/16ececd24e-w\">"},"BeforIdear":{"name":"效果示例","content":"<p>1&#x3001;&#x624B;&#x672F;&#x524D;&#x4E24;&#x5468;&#x5185;&#xFF0C;&#x8BF7;&#x52FF;&#x670D;&#x7528;&#x56FA;&#x9187;&#x6FC0;&#x7D20;&#x548C;&#x963F;&#x65AF;&#x5339;&#x6797;&#x7C7B;&#x6297;&#x51DD;&#x836F;&#x7269;&#x3002;</p><p>2&#x3001;&#x6CE8;&#x5C04;&#x5F53;&#x65E5;&#x4E0D;&#x8981;&#x5316;&#x5986;&#xFF0C;&#x4E5F;&#x4E0D;&#x8981;&#x6234;&#x88C5;&#x9970;&#x7269;&#x7B49;&#x3002;</p><p>3&#x3001;&#x4F8B;&#x5047;&#x671F;&#xFF0C;&#x598A;&#x5A20;&#x524D;&#x671F;(&#x4E09;&#x4E2A;&#x6708;)&#x6216;&#x598A;&#x5A20;&#x540E;&#x671F;(&#x4E09;&#x4E2A;&#x6708;)&#x6682;&#x7F13;&#x6CE8;&#x5C04;&#x3002;</p>"},"AfterIdear":{"name":"优点","content":"<p>1.&#x6CE8;&#x5C04;&#x540E;6&#x5C0F;&#x65F6;&#x5185;&#x4E0D;&#x8981;&#x89E6;&#x78B0;&#x6CE8;&#x5C04;&#x533A;&#x57DF;&#x3001;&#x4E0D;&#x8981;&#x6CBE;&#x6C34;&#x3002;</p><p>2.&#x6CE8;&#x5C04;&#x540E;&#x53EF;&#x51B0;&#x6577;15-30&#x5206;&#x949F;&#x3002;</p><p>3.&#x4E0D;&#x505A;&#x5267;&#x70C8;&#x8FD0;&#x52A8;&#xFF0C;&#x4E0D;&#x8981;&#x6309;&#x6469;&#x5C0F;&#x817F;&#x4EE5;&#x514D;&#x836F;&#x7269;&#x6269;&#x6563;&#x3002;</p><p>4.&#x6CE8;&#x5C04;&#x540E;&#x4E00;&#x5468;&#x5185;&#x4E0D;&#x8981;&#x5403;&#x8F9B;&#x8FA3;&#x3001;&#x6D77;&#x9C9C;&#x7B49;&#x98DF;&#x7269;&#x3001;&#x4E0D;&#x8981;&#x62BD;&#x70DF;&#x559D;&#x9152;&#x3002;</p>"},"GoodPoint":{"name":"缺点及风险","content":"<p>1&#x3001;&#x5BF9;&#x5C0F;&#x817F;&#x808C;&#x8089;&#x5851;&#x5F62;&#x7684;&#x6548;&#x679C;&#x6781;&#x597D;&#x3002;</p><p>2&#x3001;&#x5BF9;&#x808C;&#x8089;&#x578B;&#x5C0F;&#x817F;&#x7626;&#x817F;&#x6548;&#x679C;&#x975E;&#x5E38;&#x660E;&#x663E;&#x3002;</p><p>3&#x3001;&#x5B89;&#x5168;&#x3001;&#x98CE;&#x9669;&#x5C0F;&#x3002;</p><p>4&#x3001;&#x65E0;&#x521B;&#x3001;&#x65E0;&#x9700;&#x6062;&#x590D;&#x671F;&#x3002;</p>"},"BadPoint":{"name":"术前锦囊","content":"<p>1&#x3001;&#x4E0D;&#x80FD;&#x89E3;&#x51B3;&#x6240;&#x6709;&#x7C7B;&#x578B;&#x7684;&#x201C;&#x5C0F;&#x7C97;&#x817F;&#x201D;</p><p>2&#x3001;&#x7EF4;&#x6301;&#x65F6;&#x95F4;&#x77ED;&#xFF0C;&#x9700;&#x8981;&#x53CD;&#x590D;&#x6CE8;&#x5C04;</p><p>3&#x3001;&#x6CE8;&#x5C04;&#x540E;&#x65E9;&#x671F;&#xFF0C;&#x8FD0;&#x52A8;&#x65F6;&#x5C0F;&#x817F;&#x4F1A;&#x6709;&#x8F7B;&#x5FAE;&#x7684;&#x201C;&#x65E0;&#x529B;&#x611F;&#x201D;&#x3002;</p><p>4&#x3001;&#x53EF;&#x80FD;&#x6709;&#x6682;&#x65F6;&#x6027;&#x7684;&#x5C40;&#x90E8;&#x80BF;&#x80C0;&#x6216;&#x7600;&#x6591;&#x3002;</p>"}}