{"Title":"外切祛眼袋","Related":{"name":"关联百科","content":[{"relatedId":"194","name":"内切祛眼袋"},{"relatedId":"196","name":"激光祛眼袋"},{"relatedId":"508","name":"眶隔脂肪释放"}]},"ShorDesc":{"name":"简介","content":"<p>&#x9002;&#x5E94;&#x75C7;&#xFF1A;&#x6CEA;&#x6C9F;&#x578B;&#x773C;&#x888B;&#xFF0C;&#x8870;&#x8001;&#x578B;&#x773C;&#x888B;</p><p>&#x5207;&#x5F00;&#x76AE;&#x80A4;&#xFF0C;&#x53BB;&#x9664;&#x90E8;&#x5206;&#x773C;&#x8F6E;&#x531D;&#x808C;&#x53CA;&#x7736;&#x8188;&#x8102;&#x80AA;&#xFF0C;&#x9002;&#x91CF;&#x5207;&#x9664;&#x677E;&#x5F1B;&#x7684;&#x4E0B;&#x773C;&#x7751;&#x76AE;&#x80A4;&#x3002;</p>"},"Property":{"name":"档案","content":["\n                <li>&#x6CBB;&#x7597;&#x65B9;&#x5F0F;&#xFF1A;<span>&#x624B;&#x672F;</span></li>\n                <li>&#x75BC;&#x75DB;&#x611F;&#xFF1A;<span>2&#x9897;&#x661F;</span><a href=\"gengmei://common_webview?url=http://backend.gmei.com/hybrid/ache_level\">&#x67E5;&#x770B;&#x75BC;&#x75DB;&#x5206;&#x7EA7;</a></li>\n                <li>&#x7EF4;&#x6301;&#x65F6;&#x95F4;&#xFF1A;<span>&#x6C38;&#x4E45;</span></li>\n                <li>&#x6CBB;&#x7597;&#x65F6;&#x95F4;&#xFF1A;<span>30-30&#x5206;&#x949F;</span></li>\n                <li>&#x53C2;&#x8003;&#x4EF7;&#x683C;&#xFF1A;<span>5000-18000</span></li>\n                <li>&#x9EBB;&#x9189;&#x65B9;&#x5F0F;&#xFF1A;<span>&#x5C40;&#x9EBB;</span></li>\n                <li>&#x662F;&#x5426;&#x4F4F;&#x9662;&#xFF1A;<span>&#x5426;</span></li>\n                \n                <li>&#x62C6;&#x7EBF;&#x65F6;&#x95F4;&#xFF1A;<span>5-7&#x5929;</span></li>\n            "]},"Desc":{"name":"项目／手术原理","content":"<p>1&#x3001;&#x8BBE;&#x8BA1;&#x65B9;&#x6848;</p><p>2&#x3001;&#x5207;&#x5F00;&#x76AE;&#x80A4;</p><p>3&#x3001;&#x53D6;&#x51FA;&#x591A;&#x4F59;&#x8102;&#x80AA;</p><p>4&#x3001;&#x7F1D;&#x5408;&#x5207;&#x53E3;</p><p><img src=\"http://hera.s.gmei.com/2016/10/12/c9802653c5\" style=\"width: 561px;\"><br></p><p><br></p>"},"Sample":{"name":"效果示例","content":"<img src=\"http://hera.s.gmei.com/itemwiki/2016/10/12/ad5ffb4c50-w\">"},"BeforIdear":{"name":"效果示例","content":"<p>1&#x3001;&#x5973;&#x6027;&#x907F;&#x5F00;&#x4F8B;&#x5047;&#x671F;&#xFF0C;&#x907F;&#x514D;&#x51FA;&#x8840;&#x589E;&#x591A;&#x6216;&#x80BF;&#x80C0;&#x52A0;&#x91CD;&#x3002;</p><p>2&#x3001;&#x624B;&#x672F;&#x524D;&#x4E24;&#x5468;&#x5185;&#xFF0C;&#x8BF7;&#x52FF;&#x670D;&#x7528;&#x56FA;&#x9187;&#x6FC0;&#x7D20;&#x548C;&#x963F;&#x65AF;&#x5339;&#x6797;&#x7C7B;&#x6297;&#x51DD;&#x836F;&#x7269;&#x3002;</p><p>3&#x3001;&#x624B;&#x672F;&#x5F53;&#x65E5;&#x4E0D;&#x8981;&#x5316;&#x5986;&#xFF0C;&#x4E5F;&#x4E0D;&#x8981;&#x6234;&#x88C5;&#x9970;&#x7269;&#x7B49;&#x3002;</p><p>4&#x3001;&#x598A;&#x5A20;&#x524D;&#x671F;(&#x4E09;&#x4E2A;&#x6708;)&#x6216;&#x598A;&#x5A20;&#x540E;&#x671F;(&#x4E09;&#x4E2A;&#x6708;)&#x6682;&#x7F13;&#x624B;&#x672F;&#x3002;</p><p>5&#x3001;&#x7537;&#x6027;&#x9700;&#x8981;&#x63D0;&#x524D;&#x6212;&#x70DF;&#x4E00;&#x5468;&#x3002;</p><p>6&#x3001;&#x5E38;&#x89C4;&#x8EAB;&#x4F53;&#x68C0;&#x67E5;&#x2014;&#x2014;&#x5168;&#x8EAB;&#x68C0;&#x67E5;&#xFF0C;&#x8840;&#x538B;&#x3001;&#x5FC3;&#x7535;&#x56FE;&#x7B49;&#x3002;</p>"},"AfterIdear":{"name":"优点","content":"<p>1.&#x672F;&#x540E;72&#x5C0F;&#x65F6;&#x5185;&#x51B0;&#x6577;&#xFF0C;&#x4E00;&#x5929;&#x4E09;&#x6B21;&#xFF0C;&#x6BCF;&#x6B21;20-30min&#xFF0C;&#x53EF;&#x6539;&#x5584;&#x51FA;&#x8840;&#x548C;&#x80BF;&#x80C0;&#x3002;</p><p>2.&#x624B;&#x672F;72&#x5C0F;&#x65F6;&#x540E;&#xFF0C;&#x5F00;&#x59CB;&#x8FDB;&#x884C;&#x5C40;&#x90E8;&#x70ED;&#x6577;&#x3002;</p><p>3.&#x624B;&#x672F;&#x62C6;&#x7EBF;48&#x5C0F;&#x65F6;&#x540E;&#xFF0C;&#x65B9;&#x53EF;&#x6CBE;&#x6C34;&#x3001;&#x6D17;&#x8138;&#x3002;</p><p>4.&#x624B;&#x672F;1&#x4E2A;&#x6708;&#x5185;&#xFF0C;&#x5C3D;&#x91CF;&#x4E0D;&#x8981;&#x8FC7;&#x5EA6;&#x7528;&#x773C;&#xFF0C;&#x4E0D;&#x8981;&#x753B;&#x6D53;&#x5986;&#x3001;&#x4F7F;&#x7528;&#x542B;&#x91CD;&#x91D1;&#x5C5E;&#x5316;&#x5986;&#x54C1;&#xFF0C;&#x4EE5;&#x9632;&#x75A4;&#x75D5;&#x589E;&#x751F;&#xFF08;&#x53EF;&#x4F7F;&#x7528;&#x795B;&#x75A4;&#x836F;&#xFF09;&#x3002;</p>"},"GoodPoint":{"name":"缺点及风险","content":"<p>1.&#x624B;&#x672F;&#x64CD;&#x4F5C;&#x7B80;&#x5355;&#x3002;</p><p>2.&#x635F;&#x4F24;&#x5C0F;&#xFF0C;&#x80BF;&#x80C0;&#x4E0D;&#x660E;&#x663E;&#x3002;</p><p>3.&#x65E0;&#x660E;&#x663E;&#x624B;&#x672F;&#x75D5;&#x8FF9;&#x3002;</p>"},"BadPoint":{"name":"术前锦囊","content":"<p>1.&#x4E0D;&#x80FD;&#x540C;&#x65F6;&#x8FDB;&#x884C;&#x76AE;&#x80A4;&#x548C;&#x773C;&#x8F6E;&#x531D;&#x808C;&#x7684;&#x6574;&#x5F62;&#x3002;</p><p>2.&#x4E0D;&#x9002;&#x5408;&#x4E0B;&#x773C;&#x7751;&#x76AE;&#x80A4;&#x677E;&#x5F1B;&#x3001;&#x76B1;&#x7EB9;&#x660E;&#x663E;&#x7684;&#x4EBA;&#x7FA4;&#x3002;</p>"}}