{"Title":"白瓷娃娃","Related":{"name":"关联百科","content":[{"relatedId":"302","name":"光子嫩肤"},{"relatedId":"295","name":"黑脸娃娃"}]},"ShorDesc":{"name":"简介","content":"<p>&#x9002;&#x5E94;&#x75C7;&#xFF1A;&#x76AE;&#x80A4;&#x6697;&#x6C89;&#x3001;&#x8272;&#x6591;&#x3001;&#x80A4;&#x8272;&#x4E0D;&#x5747;&#x3001;&#x76AE;&#x80A4;&#x7C97;&#x7CD9;&#x3001;&#x6BDB;&#x5B54;&#x7C97;&#x5927;&#x3001;&#x5E72;&#x7EB9;&#x7EC6;&#x7EB9;&#x3001;&#x76AE;&#x80A4;&#x677E;&#x5F1B;</p><p>&#x8C03;Q&#x5F00;&#x5173;&#x6FC0;&#x5149;&#x7167;&#x5C04;&#x5728;&#x9762;&#x90E8;&#xFF0C;&#x53EF;&#x77AC;&#x95F4;&#x51FB;&#x788E;&#x771F;&#x76AE;&#x5C42;&#x3001;&#x8868;&#x76AE;&#x5C42;&#x7684;&#x9ED1;&#x8272;&#x7D20;&#xFF0C;&#x88AB;&#x4EBA;&#x4F53;&#x5DE8;&#x566C;&#x7EC6;&#x80DE;&#x541E;&#x5E76;&#xFF0C;&#x5E76;&#x4EE3;&#x8C22;&#x51FA;&#x53BB;&#xFF1B;&#x4EE5;&#x6B64;&#x8FBE;&#x5230;&#x795B;&#x9664;&#x591A;&#x4F59;&#x9ED1;&#x8272;&#x7D20;&#x3001;&#x7F8E;&#x767D;&#x7684;&#x4F5C;&#x7528;&#x3002;&#x53E6;&#x5916;&#xFF0C;Q&#x6FC0;&#x5149;&#x8FD8;&#x80FD;&#x523A;&#x6FC0;&#x771F;&#x76AE;&#x5C42;&#x80F6;&#x539F;&#x518D;&#x751F;&#xFF0C;&#x6709;&#x6539;&#x5584;&#x80A4;&#x8D28;&#x3001;&#x5E72;&#x7EB9;&#x7EC6;&#x7EB9;&#x7684;&#x4F5C;&#x7528;&#x3002;</p>"},"Property":{"name":"档案","content":["\n                <li>&#x6CBB;&#x7597;&#x65B9;&#x5F0F;&#xFF1A;<span>&#x5149;&#x7535;&#xFF08;&#x65E0;&#x521B;&#xFF09;</span></li>\n                <li>&#x75BC;&#x75DB;&#x611F;&#xFF1A;<span>0&#x9897;&#x661F;</span><a href=\"gengmei://common_webview?url=http://backend.gmei.com/hybrid/ache_level\">&#x67E5;&#x770B;&#x75BC;&#x75DB;&#x5206;&#x7EA7;</a></li>\n                <li>&#x7EF4;&#x6301;&#x65F6;&#x95F4;&#xFF1A;<span>&#x56E0;&#x4EBA;&#x800C;&#x5F02;</span></li>\n                <li>&#x6CBB;&#x7597;&#x65F6;&#x95F4;&#xFF1A;<span>30-60&#x5206;&#x949F;</span></li>\n                <li>&#x53C2;&#x8003;&#x4EF7;&#x683C;&#xFF1A;<span>2000-5000</span></li>\n                <li>&#x9EBB;&#x9189;&#x65B9;&#x5F0F;&#xFF1A;<span>&#x65E0;</span></li>\n                <li>&#x662F;&#x5426;&#x4F4F;&#x9662;&#xFF1A;<span>&#x5426;</span></li>\n                \n                <li>&#x62C6;&#x7EBF;&#x65F6;&#x95F4;&#xFF1A;<span>0-0&#x5929;</span></li>\n            "]},"Desc":{"name":"项目／手术原理","content":"<p>1.&#x6D01;&#x9762;&#x3002;</p><p>2.&#x4F7F;&#x7528;&#x8C03;Q&#x5F00;&#x5173;&#x6FC0;&#x5149;&#x7167;&#x5C04;&#x3002;</p><p>3.&#x4F7F;&#x7528;&#x51B7;&#x85CF;&#x8FC7;&#x7684;&#x533B;&#x7528;&#x4FDD;&#x6E7F;&#x65E0;&#x83CC;&#x9762;&#x819C;&#xFF0C;&#x4EE5;&#x8FBE;&#x5230;&#x4FDD;&#x6E7F;&#x548C;&#x9547;&#x9759;&#x4F5C;&#x7528;&#x3002;</p><p>&#x6CE8;&#xFF1A;&#x5E38;&#x7528;&#x3001;&#x8F83;&#x77E5;&#x540D;&#x7684;&#x4EEA;&#x5668;&#x6709;&#xFF1A;&#x7F8E;&#x56FD;Medlite C6&#x6FC0;&#x5149;&#xFF08;&#x9ED1;&#xFF09;&#x3001;&#x6B27;&#x6D32;&#x4E4B;&#x661F;QX-Max&#x70B9;&#x9635;&#x795B;&#x6591;&#x738B;&#xFF08;&#x767D;&#xFF09;&#x3002;</p><p><img src=\"http://hera.s.gmei.com/2016/10/11/ef243db59e\" style=\"width: 387px;\"><br></p>"},"Sample":{"name":"效果示例","content":"<img src=\"http://hera.s.gmei.com/itemwiki/2016/10/11/8af33d9228-w\">"},"BeforIdear":{"name":"效果示例","content":"<p>1.&#x6CBB;&#x7597;&#x524D;1&#x4E2A;&#x6708;&#x5185;&#x4E0D;&#x80FD;&#x66B4;&#x6652;&#x3002;</p><p>2.&#x6CBB;&#x7597;&#x524D;1-2&#x4E2A;&#x6708;&#x5185;&#x5C3D;&#x91CF;&#x4E0D;&#x8981;&#x505A;&#x9AD8;&#x6D53;&#x5EA6;&#x679C;&#x9178;&#x6362;&#x80A4;&#x3001;&#x5265;&#x8131;&#x578B;&#x6FC0;&#x5149;&#xFF08;&#x5982;&#x70B9;&#x9635;&#x6FC0;&#x5149;&#xFF09;&#x3001;&#x975E;&#x5265;&#x8131;&#x578B;&#x5149;&#x7535;&#x6CBB;&#x7597;&#xFF08;&#x5982;&#x5149;&#x5B50;&#x5AE9;&#x80A4;&#x3001;&#x767D;&#x74F7;&#x5A03;&#x5A03;&#x3001;&#x8D85;&#x58F0;&#x5200;&#x3001;&#x70ED;&#x739B;&#x5409;&#xFF09;&#x3002;</p><p>3.&#x6CBB;&#x7597;&#x524D;&#x4E0D;&#x8981;&#x5316;&#x5986;&#x3002;</p><p>4.&#x76AE;&#x80A4;&#x5982;&#x6709;&#x5149;&#x654F;&#x53F2;&#xFF0C;&#x9700;&#x63D0;&#x524D;&#x544A;&#x77E5;&#x533B;&#x751F;&#x3002;</p>"},"AfterIdear":{"name":"优点","content":"<p>1.&#x4E25;&#x683C;&#x9632;&#x6652;&#xFF0C;&#x4F7F;&#x7528;SPF30+&#x7684;&#x9632;&#x6652;&#x971C;&#x3001;&#x58A8;&#x955C;&#x3001;&#x906E;&#x9633;&#x4F1E;&#x3002;</p><p>2.&#x6CE8;&#x610F;&#x76AE;&#x80A4;&#x4FDD;&#x6E7F;&#xFF0C;&#x4F7F;&#x7528;&#x4FDD;&#x6E7F;&#x3001;&#x4FEE;&#x590D;&#x9762;&#x819C;&#x3001;&#x9762;&#x971C;&#x3002;</p><p>3.&#x6CBB;&#x7597;&#x540E;2&#x5468;&#x5185;&#x4E0D;&#x8981;&#x4F7F;&#x7528;&#x542B;&#x523A;&#x6FC0;&#x6027;&#x6210;&#x5206;&#xFF08;&#x679C;&#x9178;&#x3001;&#x6C34;&#x6768;&#x9178;&#x3001;&#x9152;&#x7CBE;&#x3001;&#x9AD8;&#x6D53;&#x5EA6;&#x5DE6;&#x65CB;VC&#x7B49;&#xFF09;&#x7684;&#x62A4;&#x80A4;&#x54C1;&#x3002;</p><p>4.&#x5149;&#x7535;&#x9879;&#x76EE;&#x6CBB;&#x7597;&#x95F4;&#x9694;&#x4E0D;&#x80FD;&#x592A;&#x77ED;&#xFF0C;&#x901A;&#x5E38;3-4&#x4EE5;&#x4E0A;&#x505A;&#x4E00;&#x6B21;&#x3002;</p>"},"GoodPoint":{"name":"缺点及风险","content":"<p>1.&#x6CBB;&#x7597;&#x5168;&#x7A0B;&#x65E0;&#x75DB;&#x3001;&#x8212;&#x9002;&#x3001;&#x65E0;&#x521B;&#x3001;&#x5B89;&#x5168;&#x3002;</p><p>2&#x6CBB;&#x7597;&#x5FEB;&#x901F;&#x3001;&#x65E0;&#x9700;&#x6062;&#x590D;&#x671F;&#x3002;</p><p>3.&#x7F8E;&#x767D;&#x3001;&#x795B;&#x6591;&#x3001;&#x6539;&#x5584;&#x6697;&#x6C89;&#x3001;&#x80A4;&#x8272;&#x4E0D;&#x5747;&#x3001;&#x76AE;&#x80A4;&#x7C97;&#x7CD9;&#x3001;&#x6BDB;&#x5B54;&#x7C97;&#x5927;&#x7684;&#x6548;&#x679C;&#x975E;&#x5E38;&#x663E;&#x8457;&#x3002;</p><p>4.&#x6709;&#x4E00;&#x5B9A;&#x6539;&#x5584;&#x5E72;&#x7EB9;&#x7EC6;&#x7EB9;&#x3001;&#x76AE;&#x80A4;&#x677E;&#x5F1B;&#x7684;&#x6297;&#x8870;&#x4F5C;&#x7528;&#x3002;</p>"},"BadPoint":{"name":"术前锦囊","content":"<p>1.&#x9700;&#x8981;&#x591A;&#x6B21;&#x3001;&#x6309;&#x7597;&#x7A0B;&#x6CBB;&#x7597;&#xFF0C;&#x4E00;&#x822C;&#x4E00;&#x7597;&#x7A0B;3-5&#x6B21;&#xFF0C;&#x4E0D;&#x80FD;&#x6C38;&#x4E45;&#x7EF4;&#x6301;&#x3002;</p><p>2.&#x6CBB;&#x7597;&#x540E;&#x53EF;&#x80FD;&#x6709;&#x77ED;&#x6682;&#x7684;&#x523A;&#x75DB;&#x3001;&#x7EA2;&#x80BF;&#xFF0C;&#x4E00;&#x822C;&#x7B2C;2&#x5929;&#x4F1A;&#x6062;&#x590D;&#x3002;</p><p>3.&#x5BF9;&#x9ED1;&#x8272;&#x3001;&#x7D2B;&#x8272;&#x75D8;&#x5370;&#x6548;&#x679C;&#x663E;&#x8457;&#xFF0C;&#x7EA2;&#x8272;&#x75D8;&#x5370;&#x6548;&#x679C;&#x4E0D;&#x663E;&#x8457;&#x3002;</p>"}}