{"Title":"宽鼻矫正（缩鼻背）","Related":{"name":"关联百科","content":[{"relatedId":"214","name":"朝天鼻矫正"},{"relatedId":"212","name":"鹰钩鼻矫正"},{"relatedId":"213","name":"歪鼻矫正"},{"relatedId":"211","name":"驼峰鼻矫正"}]},"ShorDesc":{"name":"简介","content":"<p class=\"MsoNormal\" align=\"left\"><span style=\"font-family:\n&#x5B8B;&#x4F53;;mso-ascii-font-family:Calibri;mso-ascii-theme-font:minor-latin;mso-fareast-font-family:\n&#x5B8B;&#x4F53;;mso-fareast-theme-font:minor-fareast;mso-hansi-font-family:Calibri;\nmso-hansi-theme-font:minor-latin\">&#x9002;&#x5E94;&#x75C7;&#xFF1A;&#x9F3B;&#x6881;&#x5BBD;&#x5927;</span><span lang=\"EN-US\"><o:p></o:p></span></p><p>\n\n</p><p class=\"MsoNormal\" align=\"left\"><span style=\"font-family:\n&#x5B8B;&#x4F53;;mso-ascii-font-family:Calibri;mso-ascii-theme-font:minor-latin;mso-fareast-font-family:\n&#x5B8B;&#x4F53;;mso-fareast-theme-font:minor-fareast;mso-hansi-font-family:Calibri;\nmso-hansi-theme-font:minor-latin\">&#x5BBD;&#x9F3B;&#x77EB;&#x6B63;&#x662F;&#x7528;&#x5916;&#x79D1;&#x624B;&#x672F;&#x7684;&#x65B9;&#x6CD5;&#x5207;&#x9664;&#x591A;&#x4F59;&#x9F3B;&#x9AA8;&#x3001;&#x9F3B;&#x8F6F;&#x9AA8;&#xFF0C;&#x4EE5;&#x6B64;&#x77EB;&#x6B63;&#x9F3B;&#x6881;&#x8FC7;&#x4E8E;&#x5BBD;&#x5927;&#x7684;&#x95EE;&#x9898;&#x3002;</span><span lang=\"EN-US\"><o:p></o:p></span></p>"},"Property":{"name":"档案","content":["\n                <li>&#x6CBB;&#x7597;&#x65B9;&#x5F0F;&#xFF1A;<span>&#x624B;&#x672F;</span></li>\n                <li>&#x75BC;&#x75DB;&#x611F;&#xFF1A;<span>3&#x9897;&#x661F;</span><a href=\"gengmei://common_webview?url=http://backend.gmei.com/hybrid/ache_level\">&#x67E5;&#x770B;&#x75BC;&#x75DB;&#x5206;&#x7EA7;</a></li>\n                <li>&#x7EF4;&#x6301;&#x65F6;&#x95F4;&#xFF1A;<span>&#x6C38;&#x4E45;</span></li>\n                <li>&#x6CBB;&#x7597;&#x65F6;&#x95F4;&#xFF1A;<span>90-120&#x5206;&#x949F;</span></li>\n                <li>&#x53C2;&#x8003;&#x4EF7;&#x683C;&#xFF1A;<span>40000-60000</span></li>\n                <li>&#x9EBB;&#x9189;&#x65B9;&#x5F0F;&#xFF1A;<span>&#x5168;&#x9EBB;</span></li>\n                <li>&#x662F;&#x5426;&#x4F4F;&#x9662;&#xFF1A;<span>&#x662F;</span></li>\n                <li>&#x4F4F;&#x9662;&#x65F6;&#x95F4;&#xFF1A;<span>3-5&#x5929;</span></li>\n                <li>&#x62C6;&#x7EBF;&#x65F6;&#x95F4;&#xFF1A;<span>7-8&#x5929;</span></li>\n            "]},"Desc":{"name":"项目／手术原理","content":"<p class=\"MsoNormal\" align=\"left\"><span lang=\"EN-US\">1.</span><span style=\"font-family:&#x5B8B;&#x4F53;;mso-ascii-font-family:Calibri;mso-ascii-theme-font:minor-latin;\nmso-fareast-font-family:&#x5B8B;&#x4F53;;mso-fareast-theme-font:minor-fareast;mso-hansi-font-family:\nCalibri;mso-hansi-theme-font:minor-latin\">&#x5168;&#x5934;&#x9762;&#x90E8;&#x3001;&#x9F3B;&#x90E8;&#xFF08;&#x9F3B;&#x5B54;&#xFF09;&#x6D88;&#x6BD2;&#x3002;</span><span lang=\"EN-US\"><o:p></o:p></span></p><p class=\"MsoNormal\" align=\"left\"><span lang=\"EN-US\">2.</span><span style=\"font-family:&#x5B8B;&#x4F53;;mso-ascii-font-family:Calibri;mso-ascii-theme-font:minor-latin;\nmso-fareast-font-family:&#x5B8B;&#x4F53;;mso-fareast-theme-font:minor-fareast;mso-hansi-font-family:\nCalibri;mso-hansi-theme-font:minor-latin\">&#x8FDB;&#x884C;&#x5168;&#x8EAB;&#x9EBB;&#x9189;&#x3002;</span><span lang=\"EN-US\"><o:p></o:p></span></p><p class=\"MsoNormal\" align=\"left\"><span lang=\"EN-US\">3.</span><span style=\"font-family:&#x5B8B;&#x4F53;;mso-ascii-font-family:Calibri;mso-ascii-theme-font:minor-latin;\nmso-fareast-font-family:&#x5B8B;&#x4F53;;mso-fareast-theme-font:minor-fareast;mso-hansi-font-family:\nCalibri;mso-hansi-theme-font:minor-latin\">&#x5207;&#x9664;&#x591A;&#x4F59;&#x9F3B;&#x9AA8;&#x3001;&#x9F3B;&#x8F6F;&#x9AA8;&#x3002;</span><span lang=\"EN-US\"><o:p></o:p></span></p><p class=\"MsoNormal\" align=\"left\"><span lang=\"EN-US\">4.</span><span style=\"font-family:&#x5B8B;&#x4F53;;mso-ascii-font-family:Calibri;mso-ascii-theme-font:minor-latin;\nmso-fareast-font-family:&#x5B8B;&#x4F53;;mso-fareast-theme-font:minor-fareast;mso-hansi-font-family:\nCalibri;mso-hansi-theme-font:minor-latin\">&#x7F1D;&#x5408;&#x624B;&#x672F;&#x5207;&#x53E3;&#x3002;</span><span lang=\"EN-US\"><o:p></o:p></span></p><p>\n\n\n\n\n\n\n\n</p><p class=\"MsoNormal\" align=\"left\"><span lang=\"EN-US\">5.</span><span style=\"font-family:&#x5B8B;&#x4F53;;mso-ascii-font-family:Calibri;mso-ascii-theme-font:minor-latin;\nmso-fareast-font-family:&#x5B8B;&#x4F53;;mso-fareast-theme-font:minor-fareast;mso-hansi-font-family:\nCalibri;mso-hansi-theme-font:minor-latin\">&#x52A0;&#x538B;&#x5305;&#x624E;&#xFF0C;&#x9632;&#x6B62;&#x8840;&#x80BF;&#x3002;</span></p><p class=\"MsoNormal\" align=\"left\"><img src=\"http://hera.s.gmei.com/2016/10/11/af81833ff8\" style=\"width: 331px;\"><span style=\"font-family:&#x5B8B;&#x4F53;;mso-ascii-font-family:Calibri;mso-ascii-theme-font:minor-latin;\nmso-fareast-font-family:&#x5B8B;&#x4F53;;mso-fareast-theme-font:minor-fareast;mso-hansi-font-family:\nCalibri;mso-hansi-theme-font:minor-latin\"><br></span><span lang=\"EN-US\"><o:p></o:p></span></p>"},"Sample":{"name":"效果示例","content":"<img src=\"http://hera.s.gmei.com/itemwiki/2016/10/11/5b48133426-w\">"},"BeforIdear":{"name":"效果示例","content":"<p class=\"MsoNormal\" align=\"left\"><span lang=\"EN-US\">1.</span><span style=\"font-family:&#x5B8B;&#x4F53;;mso-ascii-font-family:Calibri;mso-ascii-theme-font:minor-latin;\nmso-fareast-font-family:&#x5B8B;&#x4F53;;mso-fareast-theme-font:minor-fareast;mso-hansi-font-family:\nCalibri;mso-hansi-theme-font:minor-latin\">&#x5973;&#x6027;&#x907F;&#x5F00;&#x4F8B;&#x5047;&#x671F;&#xFF0C;&#x907F;&#x514D;&#x672F;&#x4E2D;&#x6216;&#x672F;&#x540E;&#x51FA;&#x8840;&#x589E;&#x591A;&#x6216;&#x8005;&#x80BF;&#x80C0;&#x52A0;&#x91CD;&#x3002;</span><span lang=\"EN-US\"><o:p></o:p></span></p><p class=\"MsoNormal\" align=\"left\"><span lang=\"EN-US\">2.</span><span style=\"font-family:&#x5B8B;&#x4F53;;mso-ascii-font-family:Calibri;mso-ascii-theme-font:minor-latin;\nmso-fareast-font-family:&#x5B8B;&#x4F53;;mso-fareast-theme-font:minor-fareast;mso-hansi-font-family:\nCalibri;mso-hansi-theme-font:minor-latin\">&#x624B;&#x672F;&#x524D;&#x4E24;&#x5468;&#x5185;&#xFF0C;&#x8BF7;&#x52FF;&#x670D;&#x7528;&#x56FA;&#x9187;&#x6FC0;&#x7D20;&#x548C;&#x963F;&#x65AF;&#x5339;&#x6797;&#x7C7B;&#x6297;&#x51DD;&#x836F;&#x7269;&#x3002;</span><span lang=\"EN-US\"><o:p></o:p></span></p><p class=\"MsoNormal\" align=\"left\"><span lang=\"EN-US\">3.</span><span style=\"font-family:&#x5B8B;&#x4F53;;mso-ascii-font-family:Calibri;mso-ascii-theme-font:minor-latin;\nmso-fareast-font-family:&#x5B8B;&#x4F53;;mso-fareast-theme-font:minor-fareast;mso-hansi-font-family:\nCalibri;mso-hansi-theme-font:minor-latin\">&#x624B;&#x672F;&#x5F53;&#x65E5;&#x4E0D;&#x8981;&#x5316;&#x5986;&#xFF0C;&#x4E5F;&#x4E0D;&#x8981;&#x6234;&#x88C5;&#x9970;&#x7269;&#x7B49;&#x3002;</span><span lang=\"EN-US\"><o:p></o:p></span></p><p class=\"MsoNormal\" align=\"left\"><span lang=\"EN-US\">4.</span><span style=\"font-family:&#x5B8B;&#x4F53;;mso-ascii-font-family:Calibri;mso-ascii-theme-font:minor-latin;\nmso-fareast-font-family:&#x5B8B;&#x4F53;;mso-fareast-theme-font:minor-fareast;mso-hansi-font-family:\nCalibri;mso-hansi-theme-font:minor-latin\">&#x598A;&#x5A20;&#x524D;&#x671F;</span><span lang=\"EN-US\">(</span><span style=\"font-family:&#x5B8B;&#x4F53;;mso-ascii-font-family:Calibri;mso-ascii-theme-font:minor-latin;\nmso-fareast-font-family:&#x5B8B;&#x4F53;;mso-fareast-theme-font:minor-fareast;mso-hansi-font-family:\nCalibri;mso-hansi-theme-font:minor-latin\">&#x4E09;&#x4E2A;&#x6708;</span><span lang=\"EN-US\">)</span><span style=\"font-family:&#x5B8B;&#x4F53;;mso-ascii-font-family:Calibri;mso-ascii-theme-font:minor-latin;\nmso-fareast-font-family:&#x5B8B;&#x4F53;;mso-fareast-theme-font:minor-fareast;mso-hansi-font-family:\nCalibri;mso-hansi-theme-font:minor-latin\">&#x6216;&#x598A;&#x5A20;&#x540E;&#x671F;</span><span lang=\"EN-US\">(</span><span style=\"font-family:&#x5B8B;&#x4F53;;mso-ascii-font-family:Calibri;mso-ascii-theme-font:minor-latin;\nmso-fareast-font-family:&#x5B8B;&#x4F53;;mso-fareast-theme-font:minor-fareast;mso-hansi-font-family:\nCalibri;mso-hansi-theme-font:minor-latin\">&#x4E09;&#x4E2A;&#x6708;</span><span lang=\"EN-US\">)</span><span style=\"font-family:&#x5B8B;&#x4F53;;mso-ascii-font-family:Calibri;mso-ascii-theme-font:minor-latin;\nmso-fareast-font-family:&#x5B8B;&#x4F53;;mso-fareast-theme-font:minor-fareast;mso-hansi-font-family:\nCalibri;mso-hansi-theme-font:minor-latin\">&#x6682;&#x7F13;&#x624B;&#x672F;&#x3002;</span><span lang=\"EN-US\"><o:p></o:p></span></p><p class=\"MsoNormal\" align=\"left\"><span lang=\"EN-US\">5.</span><span style=\"font-family:&#x5B8B;&#x4F53;;mso-ascii-font-family:Calibri;mso-ascii-theme-font:minor-latin;\nmso-fareast-font-family:&#x5B8B;&#x4F53;;mso-fareast-theme-font:minor-fareast;mso-hansi-font-family:\nCalibri;mso-hansi-theme-font:minor-latin\">&#x7537;&#x6027;&#x9700;&#x8981;&#x63D0;&#x524D;&#x6212;&#x70DF;&#x4E00;&#x5468;&#x3002;</span><span lang=\"EN-US\"><o:p></o:p></span></p><p class=\"MsoNormal\" align=\"left\"><span lang=\"EN-US\">6.</span><span style=\"font-family:&#x5B8B;&#x4F53;;mso-ascii-font-family:Calibri;mso-ascii-theme-font:minor-latin;\nmso-fareast-font-family:&#x5B8B;&#x4F53;;mso-fareast-theme-font:minor-fareast;mso-hansi-font-family:\nCalibri;mso-hansi-theme-font:minor-latin\">&#x5E38;&#x89C4;&#x8EAB;&#x4F53;&#x68C0;&#x67E5;&#x2014;&#x2014;&#x5168;&#x8EAB;&#x68C0;&#x67E5;&#xFF0C;&#x5404;&#x9879;&#x5316;&#x9A8C;&#x68C0;&#x67E5;&#xFF0C;&#x4E2D;&#x3001;&#x8001;&#x5E74;&#x53D7;&#x672F;&#x8005;&#x5FC5;&#x8981;&#x65F6;&#x9700;&#x6D4B;&#x8840;&#x538B;&#x548C;&#x505A;&#x5FC3;&#x7535;&#x56FE;&#x3002;</span><span lang=\"EN-US\"><o:p></o:p></span></p><p class=\"MsoNormal\" align=\"left\"><span lang=\"EN-US\">7. </span><span style=\"font-family:&#x5B8B;&#x4F53;;mso-ascii-font-family:Calibri;mso-ascii-theme-font:minor-latin;\nmso-fareast-font-family:&#x5B8B;&#x4F53;;mso-fareast-theme-font:minor-fareast;mso-hansi-font-family:\nCalibri;mso-hansi-theme-font:minor-latin\">&#x624B;&#x672F;&#x524D;&#x9762;&#x90E8;&#x4E0D;&#x80FD;&#x6709;&#x4EFB;&#x4F55;&#x7684;&#x5E26;&#x7EC6;&#x83CC;&#x7684;&#x75C5;&#x7076;</span><span lang=\"EN-US\">:</span><span style=\"font-family:&#x5B8B;&#x4F53;;mso-ascii-font-family:Calibri;\nmso-ascii-theme-font:minor-latin;mso-fareast-font-family:&#x5B8B;&#x4F53;;mso-fareast-theme-font:\nminor-fareast;mso-hansi-font-family:Calibri;mso-hansi-theme-font:minor-latin\">&#x5982;&#x6BDB;&#x56CA;&#x708E;&#x3001;&#x7596;&#x80BF;&#x3001;&#x75E4;&#x75AE;&#x3001;&#x6025;&#x6027;&#x773C;&#x708E;&#x3001;&#x9F3B;&#x7AA6;&#x708E;&#x7B49;&#x3002;</span></p>"},"AfterIdear":{"name":"优点","content":"<p class=\"MsoNormal\" align=\"left\"><span lang=\"EN-US\">1.</span><span style=\"font-family:&#x5B8B;&#x4F53;;mso-ascii-font-family:Calibri;mso-ascii-theme-font:minor-latin;\nmso-fareast-font-family:&#x5B8B;&#x4F53;;mso-fareast-theme-font:minor-fareast;mso-hansi-font-family:\nCalibri;mso-hansi-theme-font:minor-latin\">&#x672F;&#x540E;</span><span lang=\"EN-US\">72h</span><span style=\"font-family:&#x5B8B;&#x4F53;;mso-ascii-font-family:Calibri;mso-ascii-theme-font:minor-latin;\nmso-fareast-font-family:&#x5B8B;&#x4F53;;mso-fareast-theme-font:minor-fareast;mso-hansi-font-family:\nCalibri;mso-hansi-theme-font:minor-latin\">&#x5185;&#x51B0;&#x6577;</span><span lang=\"EN-US\">30~40min</span><span style=\"font-family:&#x5B8B;&#x4F53;;mso-ascii-font-family:Calibri;mso-ascii-theme-font:minor-latin;\nmso-fareast-font-family:&#x5B8B;&#x4F53;;mso-fareast-theme-font:minor-fareast;mso-hansi-font-family:\nCalibri;mso-hansi-theme-font:minor-latin\">&#xFF0C;&#x65E9;&#x3001;&#x4E2D;&#x3001;&#x665A;&#x5404;&#x6577;&#x4E00;&#x6B21;&#xFF0C;&#x53EF;&#x4EE5;&#x6539;&#x5584;&#x80BF;&#x80C0;&#x548C;&#x75BC;&#x75DB;&#x3002;</span><span lang=\"EN-US\"><o:p></o:p></span></p><p class=\"MsoNormal\" align=\"left\"><span lang=\"EN-US\">2.</span><span style=\"font-family:&#x5B8B;&#x4F53;;mso-ascii-font-family:Calibri;mso-ascii-theme-font:minor-latin;\nmso-fareast-font-family:&#x5B8B;&#x4F53;;mso-fareast-theme-font:minor-fareast;mso-hansi-font-family:\nCalibri;mso-hansi-theme-font:minor-latin\">&#x7B2C;</span><span lang=\"EN-US\">2-3</span><span style=\"font-family:&#x5B8B;&#x4F53;;mso-ascii-font-family:Calibri;mso-ascii-theme-font:minor-latin;\nmso-fareast-font-family:&#x5B8B;&#x4F53;;mso-fareast-theme-font:minor-fareast;mso-hansi-font-family:\nCalibri;mso-hansi-theme-font:minor-latin\">&#x5929;&#x53BB;&#x533B;&#x9662;&#x6362;&#x836F;&#xFF0C;&#x6216;&#x9075;&#x5FAA;&#x533B;&#x5631;&#x6362;&#x836F;&#x3002;</span><span lang=\"EN-US\"><o:p></o:p></span></p><p class=\"MsoNormal\" align=\"left\"><span lang=\"EN-US\">3.</span><span style=\"font-family:&#x5B8B;&#x4F53;;mso-ascii-font-family:Calibri;mso-ascii-theme-font:minor-latin;\nmso-fareast-font-family:&#x5B8B;&#x4F53;;mso-fareast-theme-font:minor-fareast;mso-hansi-font-family:\nCalibri;mso-hansi-theme-font:minor-latin\">&#x4F24;&#x53E3;&#x505C;&#x6B62;&#x6E17;&#x8840;&#x540E;&#xFF0C;&#x62C6;&#x7EBF;&#x524D;&#xFF0C;&#x6BCF;&#x65E5;&#x7528;</span><span lang=\"EN-US\">3%</span><span style=\"font-family:&#x5B8B;&#x4F53;;mso-ascii-font-family:Calibri;\nmso-ascii-theme-font:minor-latin;mso-fareast-font-family:&#x5B8B;&#x4F53;;mso-fareast-theme-font:\nminor-fareast;mso-hansi-font-family:Calibri;mso-hansi-theme-font:minor-latin\">&#x7684;&#x53CC;&#x6C27;&#x6C34;</span><span lang=\"EN-US\">/</span><span style=\"font-family:&#x5B8B;&#x4F53;;mso-ascii-font-family:Calibri;\nmso-ascii-theme-font:minor-latin;mso-fareast-font-family:&#x5B8B;&#x4F53;;mso-fareast-theme-font:\nminor-fareast;mso-hansi-font-family:Calibri;mso-hansi-theme-font:minor-latin\">&#x7898;&#x4F0F;</span><span lang=\"EN-US\">/</span><span style=\"font-family:&#x5B8B;&#x4F53;;mso-ascii-font-family:Calibri;\nmso-ascii-theme-font:minor-latin;mso-fareast-font-family:&#x5B8B;&#x4F53;;mso-fareast-theme-font:\nminor-fareast;mso-hansi-font-family:Calibri;mso-hansi-theme-font:minor-latin\">&#x65E0;&#x83CC;&#x76D0;&#x6C34;&#x6D88;&#x6BD2;&#x4F24;&#x53E3;&#xFF0C;&#x518D;&#x6D82;&#x62B9;&#x5C11;&#x91CF;&#x6297;&#x751F;&#x7D20;&#x7C7B;&#x836F;&#x7269;&#x3002;</span><span lang=\"EN-US\"><o:p></o:p></span></p><p class=\"MsoNormal\" align=\"left\"><span lang=\"EN-US\">4.</span><span style=\"font-family:&#x5B8B;&#x4F53;;mso-ascii-font-family:Calibri;mso-ascii-theme-font:minor-latin;\nmso-fareast-font-family:&#x5B8B;&#x4F53;;mso-fareast-theme-font:minor-fareast;mso-hansi-font-family:\nCalibri;mso-hansi-theme-font:minor-latin\">&#x672F;&#x540E;</span><span lang=\"EN-US\">3-5</span><span style=\"font-family:&#x5B8B;&#x4F53;;mso-ascii-font-family:Calibri;mso-ascii-theme-font:minor-latin;\nmso-fareast-font-family:&#x5B8B;&#x4F53;;mso-fareast-theme-font:minor-fareast;mso-hansi-font-family:\nCalibri;mso-hansi-theme-font:minor-latin\">&#x5929;&#x670D;&#x7528;&#x6D88;&#x708E;&#x836F;&#xFF08;&#x6216;&#x9075;&#x533B;&#x5631;&#xFF09;&#xFF0C;&#x5C3D;&#x91CF;&#x4E0D;&#x8981;&#x4F4E;&#x5934;&#x3001;&#x7761;&#x89C9;&#x5C06;&#x6795;&#x5934;&#x57AB;&#x9AD8;&#xFF0C;&#x53EF;&#x4EE5;&#x7F13;&#x89E3;&#x80BF;&#x80C0;&#x3002;</span><span lang=\"EN-US\"><o:p></o:p></span></p><p class=\"MsoNormal\" align=\"left\"><span style=\"font-family:\n&#x5B8B;&#x4F53;;mso-ascii-font-family:Calibri;mso-ascii-theme-font:minor-latin;mso-fareast-font-family:\n&#x5B8B;&#x4F53;;mso-fareast-theme-font:minor-fareast;mso-hansi-font-family:Calibri;\nmso-hansi-theme-font:minor-latin\">&#x53EF;&#x8FDB;&#x884C;&#x5C40;&#x90E8;&#x70ED;&#x6577;&#xFF0C;&#x4FC3;&#x8FDB;&#x80BF;&#x80C0;&#x6D88;&#x9000;&#x3002;</span><span lang=\"EN-US\"><o:p></o:p></span></p><p class=\"MsoNormal\" align=\"left\"><span lang=\"EN-US\">5.</span><span style=\"font-family:&#x5B8B;&#x4F53;;mso-ascii-font-family:Calibri;mso-ascii-theme-font:minor-latin;\nmso-fareast-font-family:&#x5B8B;&#x4F53;;mso-fareast-theme-font:minor-fareast;mso-hansi-font-family:\nCalibri;mso-hansi-theme-font:minor-latin\">&#x4F24;&#x53E3;&#x505C;&#x6B62;&#x6E17;&#x8840;&#x540E;&#xFF0C;&#x62C6;&#x7EBF;&#x524D;&#xFF0C;&#x6BCF;&#x65E5;&#x7528;</span><span lang=\"EN-US\">3%</span><span style=\"font-family:&#x5B8B;&#x4F53;;mso-ascii-font-family:Calibri;\nmso-ascii-theme-font:minor-latin;mso-fareast-font-family:&#x5B8B;&#x4F53;;mso-fareast-theme-font:\nminor-fareast;mso-hansi-font-family:Calibri;mso-hansi-theme-font:minor-latin\">&#x7684;&#x53CC;&#x6C27;&#x6C34;</span><span lang=\"EN-US\">/</span><span style=\"font-family:&#x5B8B;&#x4F53;;mso-ascii-font-family:Calibri;\nmso-ascii-theme-font:minor-latin;mso-fareast-font-family:&#x5B8B;&#x4F53;;mso-fareast-theme-font:\nminor-fareast;mso-hansi-font-family:Calibri;mso-hansi-theme-font:minor-latin\">&#x7898;&#x4F0F;</span><span lang=\"EN-US\">/</span><span style=\"font-family:&#x5B8B;&#x4F53;;mso-ascii-font-family:Calibri;\nmso-ascii-theme-font:minor-latin;mso-fareast-font-family:&#x5B8B;&#x4F53;;mso-fareast-theme-font:\nminor-fareast;mso-hansi-font-family:Calibri;mso-hansi-theme-font:minor-latin\">&#x65E0;&#x83CC;&#x76D0;&#x6C34;&#x6D88;&#x6BD2;&#x4F24;&#x53E3;&#xFF0C;&#x518D;&#x6D82;&#x62B9;&#x5C11;&#x91CF;&#x6297;&#x751F;&#x7D20;&#x7C7B;&#x836F;&#x7269;&#x3002;</span><span lang=\"EN-US\"><o:p></o:p></span></p><p class=\"MsoNormal\" align=\"left\"><span lang=\"EN-US\">6.</span><span style=\"font-family:&#x5B8B;&#x4F53;;mso-ascii-font-family:Calibri;mso-ascii-theme-font:minor-latin;\nmso-fareast-font-family:&#x5B8B;&#x4F53;;mso-fareast-theme-font:minor-fareast;mso-hansi-font-family:\nCalibri;mso-hansi-theme-font:minor-latin\">&#x672A;&#x7ECF;&#x533B;&#x751F;&#x5141;&#x8BB8;&#xFF0C;&#x4E0D;&#x53EF;&#x968F;&#x610F;&#x6458;&#x6389;&#x9F3B;&#x90E8;&#x4FDD;&#x62A4;</span><span lang=\"EN-US\">/</span><span style=\"font-family:&#x5B8B;&#x4F53;;mso-ascii-font-family:Calibri;\nmso-ascii-theme-font:minor-latin;mso-fareast-font-family:&#x5B8B;&#x4F53;;mso-fareast-theme-font:\nminor-fareast;mso-hansi-font-family:Calibri;mso-hansi-theme-font:minor-latin\">&#x5851;&#x5F62;&#x5668;&#x3002;</span><span lang=\"EN-US\"><o:p></o:p></span></p><p class=\"MsoNormal\" align=\"left\"><span lang=\"EN-US\">7.</span><span style=\"font-family:&#x5B8B;&#x4F53;;mso-ascii-font-family:Calibri;mso-ascii-theme-font:minor-latin;\nmso-fareast-font-family:&#x5B8B;&#x4F53;;mso-fareast-theme-font:minor-fareast;mso-hansi-font-family:\nCalibri;mso-hansi-theme-font:minor-latin\">&#x672F;&#x540E;</span><span lang=\"EN-US\">6-8</span><span style=\"font-family:&#x5B8B;&#x4F53;;mso-ascii-font-family:Calibri;mso-ascii-theme-font:minor-latin;\nmso-fareast-font-family:&#x5B8B;&#x4F53;;mso-fareast-theme-font:minor-fareast;mso-hansi-font-family:\nCalibri;mso-hansi-theme-font:minor-latin\">&#x5929;&#x62C6;&#x7EBF;&#xFF0C;&#x62C6;&#x7EBF;&#x524D;&#x5FC5;&#x987B;&#x4FDD;&#x6301;&#x4F24;&#x53E3;&#x5E72;&#x71E5;&#xFF08;&#x62C6;&#x7EBF;</span><span lang=\"EN-US\">48h</span><span style=\"font-family:&#x5B8B;&#x4F53;;mso-ascii-font-family:Calibri;\nmso-ascii-theme-font:minor-latin;mso-fareast-font-family:&#x5B8B;&#x4F53;;mso-fareast-theme-font:\nminor-fareast;mso-hansi-font-family:Calibri;mso-hansi-theme-font:minor-latin\">&#x4E4B;&#x540E;&#x53EF;&#x6CBE;&#x6C34;&#xFF09;&#x3001;&#x4E0D;&#x80FD;&#x6D17;&#x8138;&#xFF08;&#x4F24;&#x53E3;&#x5728;&#x9F3B;&#x8154;&#x91CC;&#x9664;&#x5916;&#xFF09;&#x3002;</span><span lang=\"EN-US\"><o:p></o:p></span></p><p class=\"MsoNormal\" align=\"left\"><span lang=\"EN-US\">8.</span><span style=\"font-family:&#x5B8B;&#x4F53;;mso-ascii-font-family:Calibri;mso-ascii-theme-font:minor-latin;\nmso-fareast-font-family:&#x5B8B;&#x4F53;;mso-fareast-theme-font:minor-fareast;mso-hansi-font-family:\nCalibri;mso-hansi-theme-font:minor-latin\">&#x672F;&#x540E;</span><span lang=\"EN-US\">1</span><span style=\"font-family:&#x5B8B;&#x4F53;;mso-ascii-font-family:Calibri;mso-ascii-theme-font:minor-latin;\nmso-fareast-font-family:&#x5B8B;&#x4F53;;mso-fareast-theme-font:minor-fareast;mso-hansi-font-family:\nCalibri;mso-hansi-theme-font:minor-latin\">&#x4E2A;&#x6708;&#x5185;&#x4E0D;&#x5F97;&#x4F69;&#x6234;&#x773C;&#x955C;&#x3001;&#x4E0D;&#x5F97;&#x6316;&#x9F3B;&#x5B54;&#x3001;&#x4E0D;&#x80FD;&#x6324;&#x538B;&#x6216;&#x7528;&#x529B;&#x63C9;&#x9F3B;&#x5B50;&#x3002;</span><span lang=\"EN-US\"><o:p></o:p></span></p><p class=\"MsoNormal\" align=\"left\"><span lang=\"EN-US\">9.1</span><span style=\"font-family:&#x5B8B;&#x4F53;;mso-ascii-font-family:Calibri;mso-ascii-theme-font:minor-latin;\nmso-fareast-font-family:&#x5B8B;&#x4F53;;mso-fareast-theme-font:minor-fareast;mso-hansi-font-family:\nCalibri;mso-hansi-theme-font:minor-latin\">&#x4E2A;&#x6708;&#x5185;&#x4E0D;&#x8981;&#x5316;&#x5986;&#xFF0C;&#x9632;&#x6B62;&#x75A4;&#x75D5;&#x589E;&#x751F;&#x3002;&#x53EF;&#x4F7F;&#x7528;&#x75A4;&#x514B;&#x7B49;&#x795B;&#x75A4;&#x836F;&#x7269;&#x3002;</span><span lang=\"EN-US\"><o:p></o:p></span></p><p>\n\n\n\n\n\n\n\n\n\n\n\n\n\n\n\n\n\n\n\n</p><p class=\"MsoNormal\" align=\"left\"><span lang=\"EN-US\">10.</span><span style=\"font-family:&#x5B8B;&#x4F53;;mso-ascii-font-family:Calibri;mso-ascii-theme-font:minor-latin;\nmso-fareast-font-family:&#x5B8B;&#x4F53;;mso-fareast-theme-font:minor-fareast;mso-hansi-font-family:\nCalibri;mso-hansi-theme-font:minor-latin\">&#x672F;&#x540E;</span><span lang=\"EN-US\">3</span><span style=\"font-family:&#x5B8B;&#x4F53;;mso-ascii-font-family:Calibri;mso-ascii-theme-font:minor-latin;\nmso-fareast-font-family:&#x5B8B;&#x4F53;;mso-fareast-theme-font:minor-fareast;mso-hansi-font-family:\nCalibri;mso-hansi-theme-font:minor-latin\">&#x4E2A;&#x6708;&#x5185;&#xFF0C;&#x7981;&#x98DF;&#x8F9B;&#x8FA3;&#x523A;&#x6FC0;&#x3001;&#x6D77;&#x9C9C;&#x98DF;&#x7269;&#xFF0C;&#x9632;&#x6B62;&#x4F24;&#x53E3;&#x589E;&#x751F;&#x3002;&#x4E0D;&#x505A;&#x8DF3;&#x6C34;&#x3001;&#x8E66;&#x6781;&#x3001;&#x9A6C;&#x62C9;&#x677E;&#x7B49;&#x5267;&#x70C8;&#x8FD0;&#x52A8;&#x3002;</span><span lang=\"EN-US\"><o:p></o:p></span></p>"},"GoodPoint":{"name":"缺点及风险","content":"<p class=\"MsoNormal\" align=\"left\"><span lang=\"EN-US\">1.</span><span style=\"font-family:&#x5B8B;&#x4F53;;mso-ascii-font-family:Calibri;mso-ascii-theme-font:minor-latin;\nmso-fareast-font-family:&#x5B8B;&#x4F53;;mso-fareast-theme-font:minor-fareast;mso-hansi-font-family:\nCalibri;mso-hansi-theme-font:minor-latin\">&#x6709;&#x6548;&#x6539;&#x5584;&#x9F3B;&#x6881;&#x5BBD;&#x5927;&#x7684;&#x95EE;&#x9898;&#x3002;</span><span lang=\"EN-US\"><o:p></o:p></span></p><p>\n\n</p><p class=\"MsoNormal\" align=\"left\"><span lang=\"EN-US\">2.</span><span style=\"font-family:&#x5B8B;&#x4F53;;mso-ascii-font-family:Calibri;mso-ascii-theme-font:minor-latin;\nmso-fareast-font-family:&#x5B8B;&#x4F53;;mso-fareast-theme-font:minor-fareast;mso-hansi-font-family:\nCalibri;mso-hansi-theme-font:minor-latin\">&#x4E00;&#x6B21;&#x624B;&#x672F;&#xFF0C;&#x6548;&#x679C;&#x6C38;&#x4E45;&#x3002;</span><span lang=\"EN-US\"><o:p></o:p></span></p>"},"BadPoint":{"name":"术前锦囊","content":"<p class=\"MsoNormal\" align=\"left\"><span lang=\"EN-US\">1.</span><span style=\"font-family:&#x5B8B;&#x4F53;;mso-ascii-font-family:Calibri;mso-ascii-theme-font:minor-latin;\nmso-fareast-font-family:&#x5B8B;&#x4F53;;mso-fareast-theme-font:minor-fareast;mso-hansi-font-family:\nCalibri;mso-hansi-theme-font:minor-latin\">&#x624B;&#x672F;&#x521B;&#x4F24;&#x5927;&#xFF0C;&#x9700;&#x8981;&#x4F4F;&#x9662;&#x3001;&#x6062;&#x590D;&#x671F;&#x8F83;&#x957F;&#x3002;</span><span lang=\"EN-US\"><o:p></o:p></span></p><p>\n\n</p><p class=\"MsoNormal\" align=\"left\"><span lang=\"EN-US\">2.</span><span style=\"font-family:&#x5B8B;&#x4F53;;mso-ascii-font-family:Calibri;mso-ascii-theme-font:minor-latin;\nmso-fareast-font-family:&#x5B8B;&#x4F53;;mso-fareast-theme-font:minor-fareast;mso-hansi-font-family:\nCalibri;mso-hansi-theme-font:minor-latin\">&#x624B;&#x672F;&#x98CE;&#x9669;&#x8F83;&#x9AD8;&#xFF0C;&#x6709;&#x53EF;&#x80FD;&#x51FA;&#x73B0;&#x611F;&#x67D3;&#x3001;&#x9F3B;&#x5916;&#x5F62;&#x5F02;&#x5E38;&#x3001;&#x7A7F;&#x5B54;&#x7B49;&#x5E76;&#x53D1;&#x75C7;&#x3002;</span><span lang=\"EN-US\"><o:p></o:p></span></p>"}}