{"Title":"无针水光","Related":{"name":"关联百科","content":[{"relatedId":"537","name":"微针水光"},{"relatedId":"534","name":"小气泡美肤"},{"relatedId":"532","name":"水氧活肤"},{"relatedId":"501","name":"水光针"}]},"ShorDesc":{"name":"简介","content":"<p>&#x9002;&#x5E94;&#x75C7;&#xFF1A;&#x76AE;&#x80A4;&#x8F7B;&#x5EA6;&#x7F3A;&#x6C34;&#xFF0C;&#x654F;&#x611F;&#x808C;&#xFF0C;&#x75D8;&#x75D8;&#x808C;&#xFF0C;&#x76AE;&#x80A4;&#x7C97;&#x7CD9;</p><p>&#x901A;&#x8FC7;&#x65E0;&#x9488;&#x6CE8;&#x5C04;&#x4EEA;&#x5C06;&#x8425;&#x517B;&#x6DB2;&#x7206;&#x7834;&#x6210;&#x7EB3;&#x7C73;&#x7EA7;&#x5C0F;&#x5206;&#x5B50;&#x6CE8;&#x6E17;&#x5230;&#x771F;&#x76AE;&#x5C42;,&#x4F7F;&#x808C;&#x80A4;&#x5438;&#x6536;&#x5230;&#x8DB3;&#x591F;&#x7684;&#x8425;&#x517B;,&#x8FBE;&#x5230;&#x7F8E;&#x80A4;&#x6548;&#x679C;&#x3002;</p>"},"Property":{"name":"档案","content":["\n                <li>&#x6CBB;&#x7597;&#x65B9;&#x5F0F;&#xFF1A;<span>&#x6CE8;&#x5C04;</span></li>\n                <li>&#x75BC;&#x75DB;&#x611F;&#xFF1A;<span>0&#x9897;&#x661F;</span><a href=\"gengmei://common_webview?url=http://backend.gmei.com/hybrid/ache_level\">&#x67E5;&#x770B;&#x75BC;&#x75DB;&#x5206;&#x7EA7;</a></li>\n                <li>&#x7EF4;&#x6301;&#x65F6;&#x95F4;&#xFF1A;<span>0.5-1&#x4E2A;&#x6708;</span></li>\n                <li>&#x6CBB;&#x7597;&#x65F6;&#x95F4;&#xFF1A;<span>30-60&#x5206;&#x949F;</span></li>\n                <li>&#x53C2;&#x8003;&#x4EF7;&#x683C;&#xFF1A;<span>1000-5000</span></li>\n                <li>&#x9EBB;&#x9189;&#x65B9;&#x5F0F;&#xFF1A;<span>&#x65E0;</span></li>\n                <li>&#x662F;&#x5426;&#x4F4F;&#x9662;&#xFF1A;<span>&#x5426;</span></li>\n                \n                <li>&#x62C6;&#x7EBF;&#x65F6;&#x95F4;&#xFF1A;<span>0-0&#x5929;</span></li>\n            "]},"Desc":{"name":"项目／手术原理","content":"<p>1. &#x6D01;&#x9762;&#x3002;</p><p>2. &#x4EEA;&#x5668;&#x64CD;&#x4F5C;&#xFF0C;&#x5C06;&#x8425;&#x517B;&#x6DB2;&#x7206;&#x7834;&#x6210;&#x7EB3;&#x7C73;&#x5C0F;&#x5206;&#x5B50;&#xFF0C;&#x76F4;&#x8FBE;&#x76AE;&#x80A4;&#x57FA;&#x5E95;&#x5C42;&#x3002;</p><p>3. &#x6E05;&#x6D01;&#x3001;&#x62A4;&#x7406;&#x9762;&#x90E8;&#x3002;</p><p><img src=\"http://hera.s.gmei.com/2016/10/12/ad1d77c889\" style=\"width: 482px;\"><br></p>"},"Sample":{"name":"效果示例","content":"<img src=\"http://hera.s.gmei.com/itemwiki/2016/10/12/b17db7d6f7-w\">"},"BeforIdear":{"name":"效果示例","content":"<p>4.&#x7D20;&#x989C;&#xFF0C;&#x6CBB;&#x7597;&#x524D;&#x5145;&#x5206;&#x6D01;&#x9762;&#x3001;&#x6D88;&#x6BD2;&#x6740;&#x83CC;&#x3002;</p>"},"AfterIdear":{"name":"优点","content":"<p>1.&#x4E25;&#x683C;&#x9632;&#x6652;&#xFF0C;&#x4F7F;&#x7528;SPF30+&#x7684;&#x9632;&#x6652;&#x971C;&#x3001;&#x58A8;&#x955C;&#x3001;&#x906E;&#x9633;&#x4F1E;&#x3002;</p><p>2.&#x6CBB;&#x7597;&#x540E;4&#x5468;&#x5185;&#xFF0C;&#x4E25;&#x7981;&#x4F7F;&#x7528;&#x542B;&#x523A;&#x6FC0;&#x6027;&#x6210;&#x5206;&#xFF08;&#x679C;&#x9178;&#x3001;&#x6C34;&#x6768;&#x9178;&#x3001;&#x9152;&#x7CBE;&#x3001;&#x9AD8;&#x6D53;&#x5EA6;&#x5DE6;&#x65CB;VC&#x7B49;&#xFF09;&#x7684;&#x62A4;&#x80A4;&#x54C1;&#x3002;</p>"},"GoodPoint":{"name":"缺点及风险","content":"<p>1&#x3001;&#x65E0;&#x521B;&#x3001;&#x65E0;&#x6062;&#x590D;&#x671F;&#x3001;&#x65E0;&#x75DB;</p><p>2&#x3001;&#x5B89;&#x5168;&#x7A33;&#x5B9A;&#x3001;&#x65E0;&#x98CE;&#x9669;</p><p>3&#x3001;&#x53EF;&#x6709;&#x6548;&#x8FBE;&#x5230;&#x8865;&#x6C34;&#x3001;&#x6E05;&#x6D01;&#x3001;&#x6539;&#x5584;&#x80A4;&#x8D28;&#x548C;&#x4FC3;&#x8FDB;&#x76AE;&#x80A4;&#x65B0;&#x9648;&#x4EE3;&#x8C22;&#x7684;&#x591A;&#x91CD;&#x4F5C;&#x7528;</p><p>4&#x3001;&#x53EF;&#x5B8C;&#x5168;&#x907F;&#x514D;&#x523A;&#x7834;&#x8868;&#x76AE;&#x5F15;&#x53D1;&#x7684;&#x8272;&#x6C89;&#x3001;&#x7622;&#x75D5;&#x95EE;&#x9898;</p>"},"BadPoint":{"name":"术前锦囊","content":"<p>1&#x3001;&#x8865;&#x6C34;&#x6548;&#x679C;&#x7EF4;&#x6301;&#x65F6;&#x95F4;&#x5F88;&#x77ED;</p><p>2&#x3001;&#x9700;&#x8981;&#x591A;&#x6B21;&#x3001;&#x6309;&#x7597;&#x7A0B;&#x6CBB;&#x7597;</p><p>3&#x3001;&#x8865;&#x6C34;&#x6548;&#x679C;&#x5F31;&#x4E8E;&#x5FAE;&#x9488;&#x6C34;&#x5149;&#x3001;&#x6C34;&#x5149;&#x9488;</p>"}}