{"Title":"胶原蛋白除皱","Related":{"name":"关联百科","content":[{"relatedId":"713","name":"川字纹"},{"relatedId":"671","name":"鱼尾纹"},{"relatedId":"711","name":"抬头纹"},{"relatedId":"710","name":"法令纹"},{"relatedId":"366","name":"玻尿酸除皱"},{"relatedId":"493","name":"肉毒素除皱"}]},"ShorDesc":{"name":"简介","content":"<p>&#x9002;&#x5E94;&#x75C7;&#xFF1A;&#x53E3;&#x5468;&#x7EB9;&#x3001;&#x6CD5;&#x4EE4;&#x7EB9;&#x3001;&#x62AC;&#x5934;&#x7EB9;&#x3001;&#x9888;&#x7EB9;</p><p>&#x901A;&#x8FC7;&#x6CE8;&#x5C04;&#x80F6;&#x539F;&#x86CB;&#x767D;&#x80FD;&#x8D77;&#x5230;&#x5360;&#x4F4D;&#x6027;&#x586B;&#x5145;&#x4F5C;&#x7528;&#xFF0C;&#x586B;&#x5145;&#x5230;&#x51F9;&#x9677;&#x53CA;&#x840E;&#x7F29;&#x7684;&#x90E8;&#x4F4D;&#x8FBE;&#x5230;&#x9664;&#x76B1;&#x7684;&#x6548;&#x679C;&#x3002;</p>"},"Property":{"name":"档案","content":["\n                <li>&#x6CBB;&#x7597;&#x65B9;&#x5F0F;&#xFF1A;<span>&#x6CE8;&#x5C04;</span></li>\n                <li>&#x75BC;&#x75DB;&#x611F;&#xFF1A;<span>1&#x9897;&#x661F;</span><a href=\"gengmei://common_webview?url=http://backend.gmei.com/hybrid/ache_level\">&#x67E5;&#x770B;&#x75BC;&#x75DB;&#x5206;&#x7EA7;</a></li>\n                <li>&#x7EF4;&#x6301;&#x65F6;&#x95F4;&#xFF1A;<span>3-6&#x4E2A;&#x6708;</span></li>\n                <li>&#x6CBB;&#x7597;&#x65F6;&#x95F4;&#xFF1A;<span>30-60&#x5206;&#x949F;</span></li>\n                <li>&#x53C2;&#x8003;&#x4EF7;&#x683C;&#xFF1A;<span>800-58000</span></li>\n                <li>&#x9EBB;&#x9189;&#x65B9;&#x5F0F;&#xFF1A;<span>&#x8868;&#x9762;&#x9EBB;&#x9189;</span></li>\n                <li>&#x662F;&#x5426;&#x4F4F;&#x9662;&#xFF1A;<span>&#x5426;</span></li>\n                \n                <li>&#x62C6;&#x7EBF;&#x65F6;&#x95F4;&#xFF1A;<span>0-0&#x5929;</span></li>\n            "]},"Desc":{"name":"项目／手术原理","content":"<p>1. &#x8BBE;&#x8BA1;&#x65BD;&#x672F;&#x90E8;&#x4F4D;&#x4EE5;&#x53CA;&#x9EBB;&#x9189;&#x3002;</p><p>2. &#x65BD;&#x672F;&#x3002;</p><p>3. &#x5728;&#x65BD;&#x672F;&#x4E2D;&#x4E00;&#x6709;&#x7A7A;&#x6309;&#x6469;&#x65BD;&#x672F;&#x90E8;&#x4F4D;&#x3002;</p><p>4. &#x65BD;&#x672F;&#x5B8C;&#x3002;</p><p><img src=\"http://hera.s.gmei.com/2016/10/12/8ad6456bf2\" style=\"width: 536px;\"><br></p>"},"Sample":{"name":"效果示例","content":"<img src=\"http://hera.s.gmei.com/itemwiki/2016/10/12/62d6c5f050-w\">"},"BeforIdear":{"name":"效果示例","content":"<p>1. &#x6CBB;&#x7597;&#x524D;&#x4FDD;&#x6301;&#x808C;&#x80A4;&#x7684;&#x6E05;&#x6D01;&#xFF0C;&#x4EFB;&#x4F55;&#x5316;&#x5986;&#x54C1;&#x548C;&#x62A4;&#x80A4;&#x54C1;&#x90FD;&#x9700;&#x8981;&#x6E05;&#x6D01;&#x5E72;&#x51C0;&#x3002;</p><p>2. &#x4E3A;&#x9632;&#x6B62;&#x6CE8;&#x5C04;&#x90E8;&#x4F4D;&#x51FA;&#x8840;&#x548C;&#x80BF;&#x80C0;&#xFF0C;&#x6CBB;&#x7597;&#x524D;&#x4E00;&#x5468;&#x5185;&#xFF0C;&#x4E0D;&#x8981;&#x670D;&#x7528;&#x963F;&#x53F8;&#x5339;&#x6797;&#x7B49;&#x6297;&#x51DD;&#x836F;&#x7269;&#x3002;</p><p>3. &#x6CBB;&#x7597;&#x524D;2~3&#x5929;&#x7981;&#x6B62;&#x559D;&#x9152;&#x3001;&#x62BD;&#x70DF;&#x3001;&#x53BB;&#x6851;&#x62FF;&#x7B49;&#x3002;</p>"},"AfterIdear":{"name":"优点","content":"<p>1. &#x6CBB;&#x7597;&#x540E;5&#x5929;&#xFF0C;&#x6BCF;&#x5929;&#x8981;&#x8FDB;&#x884C;&#x6309;&#x6469;&#x65BD;&#x672F;&#x90E8;&#x4F4D;&#x3002;</p><p>2. &#x6CBB;&#x7597;&#x540E;&#x4F1A;&#x53D1;&#x9752;&#xFF0C;&#x4F46;&#x5728;2~3&#x5929;&#x5185;&#x4F1A;&#x81EA;&#x7136;&#x6062;&#x590D;&#xFF0C;&#x60C5;&#x51B5;&#x4E25;&#x91CD;&#x8005;&#x9700;&#x54A8;&#x8BE2;&#x533B;&#x751F;&#x3002;</p><p>3. &#x672F;&#x540E;&#x4E25;&#x683C;&#x9075;&#x5B88;&#x533B;&#x5631;&#x3002;</p>"},"GoodPoint":{"name":"缺点及风险","content":"<p>1. &#x80F6;&#x539F;&#x86CB;&#x767D;&#x4E0D;&#x6613;&#x6709;&#x51F9;&#x51F8;&#x4E0D;&#x5E73;&#x7684;&#x9897;&#x7C92;&#x611F;&#x3002;</p><p>2. &#x6CE8;&#x5C04;&#x521B;&#x4F24;&#x5C0F;&#xFF0C;&#x672F;&#x540E;&#x65E0;&#x9700;&#x4F11;&#x606F;&#x3002;</p>"},"BadPoint":{"name":"术前锦囊","content":"<p>1. &#x5C0F;&#x90E8;&#x5206;&#x4EBA;&#x4F1A;&#x53D1;&#x751F;&#x8FC7;&#x654F;&#x53CD;&#x5E94;&#x3002;</p><p>2. &#x7EF4;&#x6301;&#x65F6;&#x95F4;&#x76F8;&#x5BF9;&#x8F83;&#x77ED;&#x3002;</p><p>3. &#x5C40;&#x90E8;&#x7600;&#x8840;&#x6216;&#x611F;&#x67D3;&#x3002;</p><p>4. &#x53EF;&#x80FD;&#x4F1A;&#x6CE8;&#x5C04;&#x8FC7;&#x91CF;&#x3002;</p><p>5. &#x8272;&#x7D20;&#x6C89;&#x7740;&#x3002;</p>"}}