{"Title":"激光祛眼袋","Related":{"name":"关联百科","content":[{"relatedId":"195","name":"外切祛眼袋"},{"relatedId":"194","name":"内切祛眼袋"}]},"ShorDesc":{"name":"简介","content":"<p>&#x9002;&#x5E94;&#x75C7;&#xFF1A;&#x5355;&#x7EAF;&#x7736;&#x8102;&#x81A8;&#x51FA;&#x3001;&#x65E0;&#x76AE;&#x80A4;&#x677E;&#x5F1B;&#x4E14;&#x6709;&#x6CBB;&#x7597;&#x9700;&#x8981;&#x7684;&#x5E74;&#x8F7B;&#x4EBA;&#x3002;</p><p>&#x5229;&#x7528;&#x6FC0;&#x5149;&#x7684;&#x70ED;&#x6548;&#x5E94;&#x548C;&#x5149;&#x6548;&#x5E94;&#xFF0C;&#x4F5C;&#x7528;&#x4E8E;&#x7751;&#x677F;&#x5185;&#x4FA7;&#x7ED3;&#x819C;&#xFF0C;&#x505A;&#x5207;&#x53E3;&#x540E;&#x5C06;&#x8102;&#x80AA;&#x56E2;&#x53BB;&#x9664;&#x3002;&#x6FC0;&#x5149;&#x6C14;&#x5316;&#x4F5C;&#x7528;&#x6765;&#x6536;&#x7F29;&#x771F;&#x76AE;&#x7EC4;&#x7EC7;&#xFF0C;&#x80FD;&#x6709;&#x6548;&#x6253;&#x6563;&#x4E0B;&#x773C;&#x7751;&#x3001;&#x773C;&#x7736;&#x5904;&#x7684;&#x6DF1;&#x5C42;&#x8272;&#x7D20;&#x6C89;&#x7740;&#xFF0C;&#x6539;&#x5584;&#x76AE;&#x80A4;&#x4EE3;&#x8C22;&#xFF0C;&#x4FC3;&#x8FDB;&#x8840;&#x6DB2;&#x5FAA;&#x73AF;&#x3001;&#x6DCB;&#x5DF4;&#x5FAA;&#x73AF;&#xFF0C;&#x8FBE;&#x5230;&#x6FC0;&#x5149;&#x53BB;&#x773C;&#x888B;&#x76EE;&#x7684;&#x3002;</p>"},"Property":{"name":"档案","content":["\n                <li>&#x6CBB;&#x7597;&#x65B9;&#x5F0F;&#xFF1A;<span>&#x624B;&#x672F;</span></li>\n                <li>&#x75BC;&#x75DB;&#x611F;&#xFF1A;<span>1&#x9897;&#x661F;</span><a href=\"gengmei://common_webview?url=http://backend.gmei.com/hybrid/ache_level\">&#x67E5;&#x770B;&#x75BC;&#x75DB;&#x5206;&#x7EA7;</a></li>\n                <li>&#x7EF4;&#x6301;&#x65F6;&#x95F4;&#xFF1A;<span>&#x6C38;&#x4E45;</span></li>\n                <li>&#x6CBB;&#x7597;&#x65F6;&#x95F4;&#xFF1A;<span>30-60&#x5206;&#x949F;</span></li>\n                <li>&#x53C2;&#x8003;&#x4EF7;&#x683C;&#xFF1A;<span>4000-8000</span></li>\n                <li>&#x9EBB;&#x9189;&#x65B9;&#x5F0F;&#xFF1A;<span>&#x5C40;&#x9EBB;</span></li>\n                <li>&#x662F;&#x5426;&#x4F4F;&#x9662;&#xFF1A;<span>&#x5426;</span></li>\n                \n                <li>&#x62C6;&#x7EBF;&#x65F6;&#x95F4;&#xFF1A;<span>0-0&#x5929;</span></li>\n            "]},"Desc":{"name":"项目／手术原理","content":"<p>1. &#x5229;&#x7528;&#x6FC0;&#x5149;&#x628A;&#x773C;&#x5E95;&#x7ED3;&#x819C;&#x5207;&#x5F00;&#xFF0C;&#x9732;&#x51FA;&#x773C;&#x5E95;&#x8102;&#x80AA;&#x3002;</p><p>2. &#x5EFA;&#x7ACB;&#x51FA;&#x8102;&#x80AA;&#x914D;&#x7F6E;&#x65F6;&#x6240;&#x9700;&#x7684;&#x7A7A;&#x95F4;&#x3002; </p><p>3. &#x8F7B;&#x8F7B;&#x7684;&#x6309;&#x538B;&#x773C;&#x775B;&#x628A;&#x9732;&#x51FA;&#x7684;&#x8102;&#x80AA;&#x5C55;&#x5F00;&#x62C9;&#x5230;&#x4E0B;&#x65B9;&#x4E4B;&#x540E;&#xFF0C;&#x7528;&#x7EBF;&#x8FDB;&#x884C;&#x56FA;&#x5B9A;&#x3002; </p><p>4. &#x6B62;&#x8840;&#x540E;&#x8FDB;&#x884C;&#x7F1D;&#x5408;&#x3002;</p><p><img src=\"http://hera.s.gmei.com/2016/10/12/a1f0fcf48c\" style=\"width: 540px;\"><br></p>"},"Sample":{"name":"效果示例","content":"<img src=\"http://hera.s.gmei.com/itemwiki/2016/10/12/8b3354086a-w\">"},"BeforIdear":{"name":"效果示例","content":"<p>1&#x3001;&#x60A3;&#x90E8;&#x6700;&#x597D;&#x4E0D;&#x8981;&#x6709;&#x708E;&#x75C7;&#x3002;</p><p>2&#x3001;&#x624B;&#x672F;&#x5F53;&#x65E5;&#x4E0D;&#x8981;&#x5316;&#x5986;&#x3002;</p><p>3&#x3001;&#x598A;&#x5A20;&#x524D;&#x671F;(&#x4E09;&#x4E2A;&#x6708;)&#x6216;&#x598A;&#x5A20;&#x540E;&#x671F;(&#x4E09;&#x4E2A;&#x6708;)&#x6682;&#x7F13;&#x624B;&#x672F;&#x3002;</p>"},"AfterIdear":{"name":"优点","content":"<p>1&#x3001;&#x5E94;&#x6CE8;&#x610F;&#x7EF4;&#x6301;&#x4F24;&#x53E3;&#x6E05;&#x6D01;&#x5E72;&#x71E5;&#xFF0C;&#x907F;&#x514D;&#x5F3A;&#x70C8;&#x8FD0;&#x52A8;&#xFF0C;&#x4E0D;&#x8981;&#x649E;&#x51FB;&#x4F24;&#x53E3;&#xFF0C;&#x9632;&#x6B62;&#x611F;&#x67D3;&#x3002;</p><p>2&#x3001;&#x5E94;&#x6CE8;&#x610F;&#x4F11;&#x606F;&#xFF0C;&#x4FDD;&#x8BC1;&#x8DB3;&#x591F;&#x7684;&#x7761;&#x7720;&#x3002;</p><p>3&#x3001;&#x4E00;&#x5468;&#x5185;&#x4E0D;&#x8981;&#x8FC7;&#x5EA6;&#x7528;&#x773C;&#xFF0C;&#x5367;&#x5E8A;&#x4F11;&#x606F;&#x65F6;&#x6700;&#x597D;&#x57AB;&#x9AD8;&#x5934;&#x90E8;&#xFF0C;&#x907F;&#x514D;&#x773C;&#x775B;&#x8FC7;&#x5EA6;&#x75B2;&#x4E4F;&#x6216;&#x5934;&#x90E8;&#x4F4D;&#x8FC7;&#x4F4E;&#x800C;&#x52A0;&#x91CD;&#x4F24;&#x53E3;&#x80BF;&#x80C0;&#x3002;</p><p>4&#x3001;&#x996E;&#x98DF;&#x4E0A;&#x591A;&#x5403;&#x5BCC;&#x542B;&#x86CB;&#x767D;&#x8D28;&#x7684;&#x98DF;&#x54C1;&#x548C;&#x6C34;&#x679C;&#x3001;&#x852C;&#x83DC;&#xFF0C;&#x4FC3;&#x8FDB;&#x4F24;&#x53E3;&#x7684;&#x6108;&#x5408;&#x3002;</p><p>5&#x3001;&#x53BB;&#x773C;&#x888B;&#x624B;&#x672F;&#x540E;&#x5982;&#x679C;&#x51FA;&#x73B0;&#x4F24;&#x53E3;&#x51FA;&#x8840;&#x4E0D;&#x6B62;&#x3001;&#x5F20;&#x5F00;&#x3001;&#x75BC;&#x75DB;&#x5FFD;&#x7136;&#x52A0;&#x5267;&#x7B49;&#x60C5;&#x51B5;&#xFF0C;&#x5E94;&#x53CA;&#x65F6;&#x5230;&#x533B;&#x9662;&#x590D;&#x8BCA;&#x3002;</p>"},"GoodPoint":{"name":"缺点及风险","content":"<p>1.&#x4E0D;&#x5F00;&#x5200;&#xFF0C;&#x672F;&#x4E2D;&#x4E0D;&#x51FA;&#x8840;&#x3002;</p><p>2.&#x4E0D;&#x7559;&#x75A4;&#x75D5;&#x3002;</p><p>3.&#x4E0D;&#x5F71;&#x54CD;&#x5DE5;&#x4F5C;&#x548C;&#x751F;&#x6D3B;&#x3002;</p>"},"BadPoint":{"name":"术前锦囊","content":"<p>1&#x3001;&#x6709;&#x53EF;&#x80FD;&#x51FA;&#x73B0;&#x6FC0;&#x5149;&#x707C;&#x4F24;&#x76AE;&#x80A4;&#x7684;&#x73B0;&#x8C61;&#x3002;</p><p>2&#x3001;&#x53EF;&#x80FD;&#x51FA;&#x73B0;&#x5C40;&#x90E8;&#x80BF;&#x80C0;&#x3001;&#x611F;&#x67D3;&#x3001;&#x7619;&#x75D2;&#x3001;&#x672F;&#x540E;&#x8840;&#x80BF;&#x3002;</p><p>3&#x3001;&#x53EF;&#x80FD;&#x77EB;&#x6B63;&#x4E0D;&#x8DB3;&#x6216;&#x8FC7;&#x591A;&#xFF0C;&#x6548;&#x679C;&#x4E0D;&#x7406;&#x60F3;&#x3002;</p>"}}