{"Title":"美容冠","Related":{"name":"关联百科","content":[{"relatedId":"563","name":"牙齿贴面"},{"relatedId":"267","name":"洗牙"},{"relatedId":"266","name":"烤瓷牙"},{"relatedId":"265","name":"牙齿冷光美白"}]},"ShorDesc":{"name":"简介","content":"<p>&#x9002;&#x5E94;&#x75C7;&#xFF1A;&#x7259;&#x9F7F;&#x67D3;&#x8272;&#xFF0C;&#x7259;&#x9F7F;&#x4E0D;&#x9F50;</p><p>&#x7F8E;&#x5BB9;&#x51A0;&#x662F;&#x7259;&#x9F7F;&#x7F8E;&#x5BB9;&#x7684;&#x4E00;&#x79CD;&#x65B0;&#x578B;&#x6280;&#x672F;&#xFF0C;&#x6700;&#x65E9;&#x8D77;&#x6E90;&#x4E8E;&#x65E5;&#x97E9;&#x7B49;&#x56FD;&#x5BB6;&#xFF0C;&#x7F8E;&#x5BB9;&#x51A0;&#x5177;&#x6709;&#x4FEE;&#x590D;&#x7259;&#x9F7F;&#x800C;&#x4E0D;&#x62D4;&#x7259;&#x3001;&#x4E0D;&#x4F24;&#x7259;&#x7B49;&#x4F18;&#x70B9;&#x3002;</p>"},"Property":{"name":"档案","content":["\n                <li>&#x6CBB;&#x7597;&#x65B9;&#x5F0F;&#xFF1A;<span>&#x53E3;&#x8154;</span></li>\n                <li>&#x75BC;&#x75DB;&#x611F;&#xFF1A;<span>1&#x9897;&#x661F;</span><a href=\"gengmei://common_webview?url=http://backend.gmei.com/hybrid/ache_level\">&#x67E5;&#x770B;&#x75BC;&#x75DB;&#x5206;&#x7EA7;</a></li>\n                <li>&#x7EF4;&#x6301;&#x65F6;&#x95F4;&#xFF1A;<span>10&#x5E74;&#x4EE5;&#x4E0A;</span></li>\n                <li>&#x6CBB;&#x7597;&#x65F6;&#x95F4;&#xFF1A;<span>30-60&#x5206;&#x949F;</span></li>\n                <li>&#x53C2;&#x8003;&#x4EF7;&#x683C;&#xFF1A;<span>1500-20000</span></li>\n                <li>&#x9EBB;&#x9189;&#x65B9;&#x5F0F;&#xFF1A;<span>&#x65E0;</span></li>\n                <li>&#x662F;&#x5426;&#x4F4F;&#x9662;&#xFF1A;<span>&#x5426;</span></li>\n                \n                <li>&#x62C6;&#x7EBF;&#x65F6;&#x95F4;&#xFF1A;<span>0-0&#x5929;</span></li>\n            "]},"Desc":{"name":"项目／手术原理","content":"<p>1&#x3001;&#x54AC;&#x7259;&#x5370;</p><p>2&#x3001;&#x7167;&#x76F8;</p><p>3&#x3001;X&#x7EBF;&#x68C0;&#x67E5;</p><p>4&#x3001;&#x5236;&#x5B9A;&#x6CBB;&#x7597;&#x8BA1;&#x5212;</p><p>5&#x3001;&#x7259;&#x79D1;&#x533B;&#x5E08;&#x5F00;&#x59CB;&#x5BF9;&#x60A3;&#x8005;&#x8FDB;&#x884C;&#x7259;&#x9F7F;&#x77EB;&#x6B63;&#x64CD;&#x4F5C;</p><p>6&#x3001;&#x7259;&#x9F7F;&#x77EB;&#x6B63;&#x6CBB;&#x7597;&#x7ED3;&#x675F;&#x540E;&#x53BB;&#x9664;&#x77EB;&#x6CBB;&#x5668;&#xFF0C;&#x6234;&#x4E0A;&#x4FDD;&#x6301;&#x5668;&#x3002;</p><p><img src=\"http://hera.s.gmei.com/2016/10/12/1350f66277\" style=\"width: 500px;\"><br></p>"},"Sample":{"name":"效果示例","content":"<img src=\"http://hera.s.gmei.com/itemwiki/2016/10/12/61bd245f75-w\">"},"BeforIdear":{"name":"效果示例","content":"<p>1&#x3001;&#x624B;&#x672F;&#x524D;&#x786E;&#x5B9A;&#x8EAB;&#x4F53;&#x5065;&#x5EB7;&#xFF0C;&#x65E0;&#x4F20;&#x67D3;&#x75C5;&#x6216;&#x5176;&#x4ED6;&#x8EAB;&#x4F53;&#x708E;&#x75C7;&#x3002;</p><p>2&#x3001;&#x672F;&#x524D;&#x4E00;&#x5468;&#x5185;&#x505C;&#x6B62;&#x996E;&#x9152;&#x3001;&#x670D;&#x7528;&#x963F;&#x53F8;&#x5339;&#x6797;&#x3001;&#x7EF4;&#x751F;&#x7D20;E&#x7B49;&#x6269;&#x8840;&#x7BA1;&#x836F;&#x7269;&#x3002;</p><p>3&#x3001;&#x5438;&#x70DF;&#x8005;&#x9700;&#x8981;&#x63D0;&#x524D;&#x4E00;&#x5468;&#x6212;&#x70DF;&#x3002;</p>"},"AfterIdear":{"name":"优点","content":"<p>1&#x3001;&#x521D;&#x6234;&#x7F8E;&#x5BB9;&#x51A0;&#x65F6;&#x6709;&#x8F7B;&#x5EA6;&#x4E0D;&#x9002;&#x611F;&#xFF0C;&#x60A3;&#x8005;&#x5E94;&#x8010;&#x5FC3;&#x7EC3;&#x4E60;&#x4F7F;&#x7528;&#xFF0C;&#x9010;&#x6E10;&#x9002;&#x5E94;&#x3002;</p><p>2&#x3001;&#x521D;&#x6234;&#x65F6;&#x5E94;&#x5403;&#x8F6F;&#x7684;&#x98DF;&#x7269;&#xFF0C;&#x9002;&#x5E94;&#x540E;&#x518D;&#x5403;&#x6B63;&#x5E38;&#x98DF;&#x7269;&#x3002;&#x7F8E;&#x5BB9;&#x51A0;&#x7F8E;&#x7259;&#x540E;&#x4E0D;&#x8981;&#x54AC;&#x592A;&#x786C;&#x7684;&#x98DF;&#x7269;&#xFF0C;&#x6BD4;&#x5982;&#x6838;&#x6843;&#x4E00;&#x7C7B;&#x7684;&#x4E1C;&#x897F;&#x3002;</p><p>3&#x3001;&#x521D;&#x671F;&#x4E0E;&#x4FEE;&#x590D;&#x524D;&#x76F8;&#x6BD4;&#xFF0C;&#x4E0A;&#x4E0B;&#x7259;&#x5C16;&#x5BF9;&#x4F4D;&#x53EF;&#x80FD;&#x4F1A;&#x6709;&#x53D8;&#x5316;&#xFF0C;&#x8981;&#x7F13;&#x6162;&#x8FDB;&#x98DF;&#xFF0C;&#x9010;&#x6E10;&#x9002;&#x5E94;&#xFF0C;&#x4EE5;&#x514D;&#x54AC;&#x4F24;&#x988A;&#x820C;&#x7C98;&#x819C;&#x3002;</p><p>4&#x3001;&#x7F8E;&#x5BB9;&#x51A0;&#x4E0E;&#x57FA;&#x7259;&#x7684;&#x63A5;&#x5408;&#x5904;&#x5BB9;&#x6613;&#x805A;&#x96C6;&#x83CC;&#x6591;&#xFF0C;&#x5F62;&#x6210;&#x7259;&#x77F3;&#xFF0C;&#x5E94;&#x6CE8;&#x610F;&#x4FDD;&#x6301;&#x53E3;&#x8154;&#x6E05;&#x6D01;&#xFF0C;&#x517B;&#x6210;&#x9910;&#x540E;&#x5237;&#x7259;&#x7684;&#x4E60;&#x60EF;&#xFF0C;&#x7259;&#x7F1D;&#x95F4;&#x53EF;&#x4EE5;&#x4F7F;&#x7528;&#x7259;&#x7EBF;&#x6E05;&#x6D01;&#xFF0C;&#x5E76;&#x5B9A;&#x671F;&#x5230;&#x673A;&#x6784;&#x68C0;&#x67E5;&#x3001;&#x6D01;&#x7259;&#x3002;</p><p>5&#x3001;&#x7531;&#x4E8E;&#x7259;&#x4F53;&#x9884;&#x5907;&#x65F6;&#x78E8;&#x9664;&#x4E86;&#x90E8;&#x5206;&#x7259;&#x91C9;&#x8D28;&#xFF0C;&#x521D;&#x6234;&#x7F8E;&#x5BB9;&#x51A0;&#x65F6;&#xFF0C;&#x4F1A;&#x51FA;&#x73B0;&#x51B7;&#x70ED;&#x654F;&#x611F;&#x6216;&#x75BC;&#x75DB;&#xFF0C;&#x968F;&#x65F6;&#x95F4;&#x63A8;&#x79FB;&#x4F1A;&#x6162;&#x6162;&#x7F13;&#x89E3;&#x3002;</p><p>6&#x3001;&#x9576;&#x7259;&#x521D;&#x671F;&#x4E0E;&#x4FEE;&#x590D;&#x524D;&#x76F8;&#x6BD4;&#xFF0C;&#x4E0A;&#x4E0B;&#x7259;&#x5C16;&#x5BF9;&#x4F4D;&#x4E0D;&#x540C;&#xFF0C;&#x8981;&#x7F13;&#x6162;&#x8FDB;&#x98DF;&#xFF0C;&#x4EE5;&#x514D;&#x54AC;&#x4F24;&#x988A;&#x820C;&#x7C98;&#x819C;&#xFF1B;&#x8FD8;&#x6709;&#x7F8E;&#x5BB9;&#x51A0;&#x4E0E;&#x57FA;&#x7259;&#x7684;&#x63A5;&#x5408;&#x5904;&#x5BB9;&#x6613;&#x805A;&#x96C6;&#x83CC;&#x6591;&#xFF0C;&#x5F62;&#x6210;&#x7259;&#x77F3;&#xFF0C;&#x5E94;&#x6CE8;&#x610F;&#x6E05;&#x6D01;&#xFF0C;&#x7259;&#x7F1D;&#x95F4;&#x53EF;&#x7528;&#x7259;&#x7EBF;&#x81EA;&#x6D01;&#x3002;</p><p>7&#x3001;&#x56E0;&#x4E3A;&#x91C7;&#x7528;&#x4E0D;&#x5F53;&#x6216;&#x988C;&#x529B;&#x7684;&#x957F;&#x671F;&#x4F5C;&#x7528;&#xFF0C;&#x7F8E;&#x5BB9;&#x51A0;&#x4FEE;&#x590D;&#x7259;&#x9F7F;&#x7F8E;&#x5BB9;&#x6709;&#x53EF;&#x80FD;&#x677E;&#x52A8;&#x4E43;&#x81F3;&#x8131;&#x843D;&#xFF0C;&#x9047;&#x6B64;&#x60C5;&#x51B5;&#x60A3;&#x8005;&#x5E94;&#x5C3D;&#x5FEB;&#x590D;&#x8BCA;&#x91CD;&#x65B0;&#x7C98;&#x7262;&#x3002;</p>"},"GoodPoint":{"name":"缺点及风险","content":"<p>1&#x3001;&#x65E0;&#x9700;&#x62D4;&#x7259;&#xFF0C;&#x5BF9;&#x7259;&#x9F7F;&#x635F;&#x4F24;&#x8F83;&#x5C0F;&#x3002;</p><p>2&#x3001;&#x5F62;&#x6001;&#x8F83;&#x4E3A;&#x81EA;&#x7136;&#x3001;&#x6BD4;&#x5929;&#x751F;&#x7684;&#x7259;&#x9F7F;&#x8272;&#x6CFD;&#x767D;&#x7699;&#x3001;&#x7F8E;&#x89C2;&#x3002;</p><p>3&#x3001;&#x8F83;&#x4E3A;&#x8010;&#x78E8;&#x3001;&#x575A;&#x56FA;&#x3002;</p><p>4&#x3001;&#x5236;&#x4F5C;&#x5468;&#x671F;&#x77ED;&#x3001;&#x65E0;&#x9700;&#x50CF;&#x7259;&#x9F7F;&#x77EB;&#x6B63;&#x90A3;&#x6837;&#x8D39;&#x65F6;&#x8D39;&#x529B;&#x3002;</p>"},"BadPoint":{"name":"术前锦囊","content":"<p>1&#x3001;&#x9700;&#x8981;&#x78E8;&#x7259;&#xFF0C;&#x53EF;&#x80FD;&#x4F1A;&#x523A;&#x6FC0;&#x5230;&#x7259;&#x9F88;&#x3002;</p><p>2&#x3001;&#x4F7F;&#x7528;&#x5BFF;&#x547D;&#x4E0D;&#x7A33;&#x5B9A;&#xFF08;&#x6BCF;&#x4E2A;&#x4EBA;&#x7684;&#x5480;&#x56BC;&#x548C;&#x996E;&#x98DF;&#x4E60;&#x60EF;&#x4E0D;&#x540C;&#xFF09;&#xFF0C;&#x77ED;&#x5219;&#x53EF;&#x80FD;&#x4EC5;&#x5341;&#x5E74;&#xFF08;&#x9700;&#x8981;&#x66F4;&#x6362;&#xFF09;&#x3002;</p><p>3&#x3001;&#x4EF7;&#x683C;&#x8F83;&#x4E3A;&#x6602;&#x8D35;&#x3002;</p><p>4&#x3001;&#x5BF9;&#x533B;&#x751F;&#x7684;&#x6280;&#x672F;&#x8981;&#x6C42;&#x8F83;&#x9AD8;&#x3002;</p>"}}