{"Title":"祛颊脂垫","Related":{"name":"关联百科","content":[{"relatedId":"227","name":"面颊吸脂"},{"relatedId":"687","name":"溶脂针"},{"relatedId":"498","name":"瘦脸针"},{"relatedId":"522","name":"咬肌切除术"}]},"ShorDesc":{"name":"简介","content":"<p>&#x9002;&#x5E94;&#x75C7;&#xFF1A;&#x5A74;&#x513F;&#x80A5;&#x3001;&#x8138;&#x80D6;&#x3001;&#x9762;&#x90E8;&#x8F6E;&#x5ED3;&#x4E0D;&#x6E05;&#x6670;&#x3001;&#x988A;&#x8102;&#x80AA;&#x57AB;&#x4E0B;&#x5782;</p><p>&#x988A;&#x8102;&#x80AA;&#x57AB;&#x5C31;&#x662F;&#x6211;&#x4EEC;&#x4FD7;&#x79F0;&#x7684;&#x201C;&#x5305;&#x5B50;&#x8089;&#x201D;&#x3002;&#x988A;&#x8102;&#x80AA;&#x57AB;&#x5207;&#x9664;&#x672F;&#x662F;&#x5728;&#x53E3;&#x8154;&#x5185;&#x505A;&#x5207;&#x53E3;&#xFF0C;&#x5C06;&#x90E8;&#x5206;&#x8102;&#x80AA;&#x53D6;&#x51FA;&#xFF0C;&#x8FBE;&#x5230;&#x7626;&#x8138;&#x3001;&#x6539;&#x5584;&#x9762;&#x90E8;&#x8F6E;&#x5ED3;&#x7684;&#x6548;&#x679C;&#x3002;</p>"},"Property":{"name":"档案","content":["\n                <li>&#x6CBB;&#x7597;&#x65B9;&#x5F0F;&#xFF1A;<span>&#x624B;&#x672F;</span></li>\n                <li>&#x75BC;&#x75DB;&#x611F;&#xFF1A;<span>3&#x9897;&#x661F;</span><a href=\"gengmei://common_webview?url=http://backend.gmei.com/hybrid/ache_level\">&#x67E5;&#x770B;&#x75BC;&#x75DB;&#x5206;&#x7EA7;</a></li>\n                <li>&#x7EF4;&#x6301;&#x65F6;&#x95F4;&#xFF1A;<span>&#x6C38;&#x4E45;</span></li>\n                <li>&#x6CBB;&#x7597;&#x65F6;&#x95F4;&#xFF1A;<span>60-90&#x5206;&#x949F;</span></li>\n                <li>&#x53C2;&#x8003;&#x4EF7;&#x683C;&#xFF1A;<span>5000-20000</span></li>\n                <li>&#x9EBB;&#x9189;&#x65B9;&#x5F0F;&#xFF1A;<span>&#x5C40;&#x9EBB;</span></li>\n                <li>&#x662F;&#x5426;&#x4F4F;&#x9662;&#xFF1A;<span>&#x5426;</span></li>\n                \n                <li>&#x62C6;&#x7EBF;&#x65F6;&#x95F4;&#xFF1A;<span>6-8&#x5929;</span></li>\n            "]},"Desc":{"name":"项目／手术原理","content":"<p>1.&#x9762;&#x90E8;&#x3001;&#x53E3;&#x8154;&#x5185;&#x6D88;&#x6BD2;&#x3002;</p><p>2.&#x6CE8;&#x5C04;&#x5C40;&#x90E8;&#x9EBB;&#x9189;&#x836F;&#x7269;&#x3002;</p><p>3.&#x5728;&#x53E3;&#x8154;&#x5185;&#x505A;1-1.5cm&#x7684;&#x5207;&#x53E3;&#xFF0C;&#x5939;&#x51FA;&#x988A;&#x8102;&#x57AB;&#x5305;&#x819C;&#xFF0C;&#x526A;&#x5F00;&#x5305;&#x819C;&#xFF0C;&#x795B;&#x9664;&#x90E8;&#x5206;&#x8102;&#x80AA;&#x57AB;&#x3002;</p><p>4.&#x53E6;&#x4E00;&#x4FA7;&#x540C;&#x7406;&#x3002;</p><p>5.&#x6B62;&#x8840;&#x3001;&#x7F1D;&#x5408;&#x3002;</p><p><img src=\"http://hera.s.gmei.com/2016/10/11/50759ddbf5\" style=\"width: 545px;\"><br></p>"},"Sample":{"name":"效果示例","content":"<img src=\"http://hera.s.gmei.com/itemwiki/2016/10/11/27db8f9e96-w\">"},"BeforIdear":{"name":"效果示例","content":"<p>1.&#x914D;&#x5408;&#x533B;&#x9662;&#x505A;&#x5E38;&#x89C4;&#x68C0;&#x67E5;&#xFF0C;&#x4F20;&#x67D3;&#x75C5;&#x3001;&#x4E25;&#x91CD;&#x5668;&#x8D28;&#x6027;&#x75BE;&#x75C5;&#x3001;&#x8840;&#x6DB2;&#x75BE;&#x75C5;&#x3001;&#x9AD8;&#x8840;&#x538B;&#x548C;&#x7CD6;&#x5C3F;&#x75C5;&#x5C1A;&#x672A;&#x63A7;&#x5236;&#x7684;&#x4EBA;&#x4E25;&#x7981;&#x505A;&#x624B;&#x672F;&#x3002;</p><p>2.&#x672F;&#x524D;2&#x5468;&#x5185;&#x7981;&#x670D;&#x6297;&#x51DD;&#x836F;&#x7269;&#xFF08;&#x5982;&#x963F;&#x53F8;&#x5339;&#x6797;&#xFF09;&#x3002;</p><p>3.&#x624B;&#x672F;&#x524D;&#x4E25;&#x683C;&#x6E05;&#x6D01;&#x53E3;&#x8154;&#x3002;</p><p>4.&#x624B;&#x672F;&#x8981;&#x4E25;&#x683C;&#x907F;&#x5F00;&#x6708;&#x7ECF;&#x671F;&#xFF0C;&#x5EFA;&#x8BAE;&#x6708;&#x7ECF;&#x7ED3;&#x675F;&#x540E;3-7&#x5929;&#x6765;&#x505A;&#x624B;&#x672F;&#x3002;</p><p>5.&#x598A;&#x5A20;&#x671F;&#x3001;&#x54FA;&#x4E73;&#x671F;&#x5987;&#x5973;&#x4E0D;&#x53EF;&#x505A;&#x624B;&#x672F;&#x3002;</p>"},"AfterIdear":{"name":"优点","content":"<p>1.&#x672F;&#x540E;&#x7ACB;&#x5373;&#x51B0;&#x6577;&#xFF0C;&#x624B;&#x672F;72&#x5C0F;&#x65F6;&#x5185;&#x51B0;&#x6577;&#x6709;&#x5229;&#x4E8E;&#x6D88;&#x80BF;&#x3001;&#x6B62;&#x75DB;&#x3002;</p><p>2.&#x4E25;&#x7981;&#x5403;&#x6B62;&#x75BC;&#x7247;&#xFF0C;&#x4EE5;&#x514D;&#x52A0;&#x91CD;&#x51FA;&#x8840;&#x3002;</p><p>3.&#x4FDD;&#x8BC1;&#x4F24;&#x53E3;&#x6E05;&#x6D01;&#xFF0C;&#x7528;&#x65E0;&#x83CC;&#x76D0;&#x6C34;/&#x7898;&#x4F0F;&#x6D88;&#x6BD2;&#x4F24;&#x53E3;&#xFF0C;&#x4EE5;&#x9632;&#x611F;&#x67D3;&#x3002;</p><p>4.&#x672F;&#x540E;1&#x5468;&#x5185;&#x4E0D;&#x80FD;&#x5237;&#x7259;&#xFF0C;&#x8FDB;&#x98DF;&#x540E;&#x548C;&#x7761;&#x524D;&#x7528;&#x6D88;&#x708E;&#x6F31;&#x53E3;&#x6C34;&#x6F31;&#x53E3;&#xFF0C;&#x4EE5;&#x9632;&#x611F;&#x67D3;&#x3002;</p><p>5.&#x670D;&#x7528;3-5&#x5929;&#x6297;&#x751F;&#x7D20;&#x3002;</p><p>6.&#x672F;&#x540E;3&#x5929;&#x5403;&#x6E29;&#x51B7;&#x6D41;&#x98DF;&#xFF0C;&#x907F;&#x514D;&#x5403;&#x575A;&#x786C;&#x98DF;&#x7269;&#xFF1B;&#x672F;&#x540E;4-7&#x5929;&#x5403;&#x534A;&#x6D41;&#x98DF;&#x3001;&#x8F6F;&#x548C;&#x7684;&#x98DF;&#x7269;&#x3002;</p><p>7.&#x4F69;&#x6234;&#x988C;&#x9888;&#x5957;&#xFF0C;&#x6709;&#x5229;&#x4E8E;&#x6062;&#x590D;&#x3002;</p>"},"GoodPoint":{"name":"缺点及风险","content":"<p>1.&#x7626;&#x8138;&#x3001;&#x6539;&#x5584;&#x9762;&#x90E8;&#x8F6E;&#x5ED3;&#x6548;&#x679C;&#x597D;&#x3002;</p><p>2.&#x4E0D;&#x7559;&#x75A4;&#x3002;</p><p>3.&#x6548;&#x679C;&#x6C38;&#x4E45;&#x3002;</p>"},"BadPoint":{"name":"术前锦囊","content":"<p>1.&#x624B;&#x672F;&#x635F;&#x4F24;&#x8F83;&#x5927;&#x3001;&#x6062;&#x590D;&#x671F;&#x8F83;&#x957F;&#x3001;&#x80BF;&#x80C0;&#x671F;&#x8F83;&#x957F;&#x3002;</p><p>2.&#x64CD;&#x4F5C;&#x4E0D;&#x5F53;&#x53EF;&#x80FD;&#x635F;&#x4F24;&#x9762;&#x90E8;&#x795E;&#x7ECF;&#x548C;&#x816E;&#x817A;&#x7BA1;&#x3002;</p><p>3.&#x672F;&#x4E2D;&#x6B62;&#x8840;&#x4E0D;&#x5F7B;&#x5E95;&#x53EF;&#x80FD;&#x5BFC;&#x81F4;&#x8840;&#x80BF;&#x3002;</p>"}}