{"Title":"乳晕漂红","Related":{"name":"关联百科","content":[{"relatedId":"706","name":"其他半永久"},{"relatedId":"337","name":"激光淡化乳晕"}]},"ShorDesc":{"name":"简介","content":"<p>&#x9002;&#x5E94;&#x75C7;&#xFF1A;&#x4E73;&#x6655;&#x53D1;&#x9ED1;&#x6216;&#x5448;&#x8910;&#x8272;&#x3002;</p><p>&#x7EB9;&#x7EE3;&#x6CD5;&#x4E73;&#x6655;&#x6F02;&#x7EA2;&#x662F;&#x501F;&#x52A9;&#x7EB9;&#x7EE3;&#x673A;&#x5668;&#x7684;&#x4F5C;&#x7528;,&#x628A;&#x4E00;&#x5B9A;&#x7684;&#x8272;&#x6599;&#x523A;&#x5165;&#x4E73;&#x6655;&#x76AE;&#x80A4;&#x4E0A;&#x6765;&#x6DE1;&#x5316;&#x4E73;&#x6655;&#x989C;&#x8272;,&#x8FBE;&#x5230;&#x7C89;&#x5AE9;&#x4E73;&#x6655;&#x7684;&#x6548;&#x679C;&#x3002;</p>"},"Property":{"name":"档案","content":["\n                <li>&#x6CBB;&#x7597;&#x65B9;&#x5F0F;&#xFF1A;<span>&#x6CE8;&#x5C04;</span></li>\n                <li>&#x75BC;&#x75DB;&#x611F;&#xFF1A;<span>1&#x9897;&#x661F;</span><a href=\"gengmei://common_webview?url=http://backend.gmei.com/hybrid/ache_level\">&#x67E5;&#x770B;&#x75BC;&#x75DB;&#x5206;&#x7EA7;</a></li>\n                <li>&#x7EF4;&#x6301;&#x65F6;&#x95F4;&#xFF1A;<span>&#x56E0;&#x4EBA;&#x800C;&#x5F02;</span></li>\n                <li>&#x6CBB;&#x7597;&#x65F6;&#x95F4;&#xFF1A;<span>30-60&#x5206;&#x949F;</span></li>\n                <li>&#x53C2;&#x8003;&#x4EF7;&#x683C;&#xFF1A;<span>1000-20000</span></li>\n                <li>&#x9EBB;&#x9189;&#x65B9;&#x5F0F;&#xFF1A;<span>&#x5C40;&#x9EBB;</span></li>\n                <li>&#x662F;&#x5426;&#x4F4F;&#x9662;&#xFF1A;<span>&#x5426;</span></li>\n                \n                <li>&#x62C6;&#x7EBF;&#x65F6;&#x95F4;&#xFF1A;<span>0-0&#x5929;</span></li>\n            "]},"Desc":{"name":"项目／手术原理","content":"<p>1.&#x8C03;&#x914D;&#x8272;&#x6599;&#x3002;</p><p>2.&#x76AE;&#x80A4;&#x6D88;&#x6BD2;&#xFF0C;&#x9EBB;&#x9189;&#x3002;</p><p>3.&#x523A;&#x9752;&#x6655;&#x67D3;&#x3002;</p><p><br></p>"},"Sample":{"name":"效果示例","content":"<img src=\"http://hera.s.gmei.com/itemwiki/2016/10/13/1d9f5f4928-w\">"},"BeforIdear":{"name":"效果示例","content":"<p>1.&#x524D;&#x4E09;&#x5929;&#x5F00;&#x59CB;&#x5C31;&#x8981;&#x6CE8;&#x610F;&#x5FCC;&#x53E3;&#xFF0C;&#x4E0D;&#x80FD;&#x5403;&#x6D77;&#x9C9C;&#x548C;&#x8F9B;&#x8FA3;&#x7B49;&#x523A;&#x6FC0;&#x6027;&#x5927;&#x7684;&#x98DF;&#x7269;&#xFF0C;&#x591A;&#x5403;&#x70B9;&#x7EF4;&#x751F;&#x7D20;C&#x3002;</p><p>2.&#x907F;&#x5F00;&#x6708;&#x7ECF;&#x671F;&#x3001;&#x598A;&#x5A20;&#x671F;&#x3002;</p>"},"AfterIdear":{"name":"优点","content":"<p>1.&#x4E73;&#x6655;&#x6F02;&#x7EA2;&#x540E;3-4&#x5929;&#x5185;&#xFF0C;&#x5C40;&#x90E8;&#x6D6E;&#x80BF;&#xFF0C;&#x4E73;&#x6655;&#x5448;&#x7D2B;&#x7384;&#x8272;&#x7B49;&#x5C5E;&#x6B63;&#x5E38;&#x73B0;&#x8C61;&#x3002;</p><p>2.&#x4E73;&#x6655;&#x6F02;&#x7EA2;&#x521B;&#x9762;&#x5C06;&#x4F1A;&#x7ED3;&#x75C2;&#x5E76;&#x81EA;&#x884C;&#x8131;&#x843D;&#xFF0C;&#x5728;&#x521B;&#x9762;&#x6108;&#x5408;&#x4E4B;&#x524D;&#xFF0C;&#x6CE8;&#x610F;&#x4E0D;&#x8981;&#x6CBE;&#x6C34;&#x3002;</p><p>3.&#x6CE8;&#x610F;&#x5C40;&#x90E8;&#x536B;&#x751F;&#x53CA;&#x8C03;&#x7406;&#xFF0C;&#x4EE5;&#x514D;&#x611F;&#x67D3;&#xFF0C;&#x4E0D;&#x8981;&#x7A7F;&#x7D27;&#x8EAB;&#x8863;&#x7269;&#x3002;</p><p>4.&#x4E0D;&#x5F97;&#x8FDB;&#x884C;&#x718F;&#x84B8;&#x3001;&#x6851;&#x62FF;&#x3001;&#x6E38;&#x6CF3;&#x53CA;&#x5F3A;&#x70C8;&#x4F53;&#x80B2;&#x8FD0;&#x52A8;&#x7B49;&#x6D3B;&#x52A8;&#x3002;</p><p>5.&#x575A;&#x6301;&#x7528;&#x836F;&#x68C9;&#x68D2;&#x6D82;&#x4FEE;&#x590D;&#x5242;&#x64E6;&#x521B;&#x9762;10&#x5929;&#x4EE5;&#x4E0A;&#xFF0C;&#x9010;&#x65E5;&#x64E6;4-5&#x6B21;&#xFF0C;&#x8BA9;&#x4FEE;&#x590D;&#x5242;&#x81EA;&#x7136;&#x5438;&#x53D6;&#xFF0C;&#x4EE5;&#x9632;&#x8131;&#x8272;&#x3002;</p>"},"GoodPoint":{"name":"缺点及风险","content":"<p>1.&#x5FAE;&#x521B;&#x3001;&#x5B89;&#x5168;&#x3001;&#x6709;&#x6548;&#x3002;<br></p>"},"BadPoint":{"name":"术前锦囊","content":"<p>1.&#x6709;&#x8F7B;&#x5EA6;&#x7ED3;&#x75C2;&#x7684;&#x53EF;&#x80FD;&#x6027;&#x3002;&#xA0;</p><p>2.&#x672F;&#x540E;&#x6709;&#x8F7B;&#x5FAE;&#x75BC;&#x75DB;&#x3002;</p>"}}