{"Title":"假体填充面部","Related":{"name":"关联百科","content":[{"relatedId":"356","name":"硅胶隆鼻"},{"relatedId":"355","name":"膨体隆鼻"},{"relatedId":"411","name":"假体垫鼻基底"},{"relatedId":"235","name":"硅胶隆下巴"},{"relatedId":"236","name":"膨体隆下巴"},{"relatedId":"237","name":"Medpor隆下巴"},{"relatedId":"516","name":"Medpor隆鼻"}]},"ShorDesc":{"name":"简介","content":"<p class=\"MsoNormal\" align=\"left\"><span style=\"font-family:\n&#x5B8B;&#x4F53;;mso-ascii-font-family:Calibri;mso-ascii-theme-font:minor-latin;mso-fareast-font-family:\n&#x5B8B;&#x4F53;;mso-fareast-theme-font:minor-fareast;mso-hansi-font-family:Calibri;\nmso-hansi-theme-font:minor-latin\">&#x9002;&#x5E94;&#x75C7;&#xFF1A;&#x989D;&#x5934;&#x6241;&#x5E73;&#x3001;&#x592A;&#x9633;&#x7A74;&#x51F9;&#x9677;&#x3001;&#x7709;&#x9AA8;&#x4F4E;&#x5E73;&#x3001;&#x98A7;&#x9AA8;&#x4E0D;&#x660E;&#x663E;</span><span lang=\"EN-US\"><o:p></o:p></span></p><p class=\"MsoNormal\" align=\"left\"><span style=\"font-family:\n&#x5B8B;&#x4F53;;mso-ascii-font-family:Calibri;mso-ascii-theme-font:minor-latin;mso-fareast-font-family:\n&#x5B8B;&#x4F53;;mso-fareast-theme-font:minor-fareast;mso-hansi-font-family:Calibri;\nmso-hansi-theme-font:minor-latin\">&#x9762;&#x90E8;&#x586B;&#x5145;&#x5E38;&#x7528;&#x7684;&#x5047;&#x4F53;&#x6750;&#x6599;&#x6709;&#x7845;&#x80F6;&#x3001;&#x81A8;&#x4F53;&#xFF0C;&#x53EF;&#x7528;&#x4E8E;&#x89E3;&#x51B3;&#x989D;&#x5934;&#x4F4E;&#x5E73;&#x3001;&#x592A;&#x9633;&#x7A74;&#x51F9;&#x9677;&#x3001;&#x7709;&#x9AA8;&#x4F4E;&#x5E73;&#x3001;&#x98A7;&#x9AA8;&#x53D1;&#x80B2;&#x4E0D;&#x8DB3;&#x7B49;&#x95EE;&#x9898;&#x3002;</span><span lang=\"EN-US\"><o:p></o:p></span></p><p>\n\n\n\n</p><p class=\"MsoNormal\" align=\"left\"><span lang=\"EN-US\">&#xA0;</span></p>"},"Property":{"name":"档案","content":["\n                <li>&#x6CBB;&#x7597;&#x65B9;&#x5F0F;&#xFF1A;<span>&#x624B;&#x672F;</span></li>\n                <li>&#x75BC;&#x75DB;&#x611F;&#xFF1A;<span>3&#x9897;&#x661F;</span><a href=\"gengmei://common_webview?url=http://backend.gmei.com/hybrid/ache_level\">&#x67E5;&#x770B;&#x75BC;&#x75DB;&#x5206;&#x7EA7;</a></li>\n                <li>&#x7EF4;&#x6301;&#x65F6;&#x95F4;&#xFF1A;<span>&#x6C38;&#x4E45;</span></li>\n                <li>&#x6CBB;&#x7597;&#x65F6;&#x95F4;&#xFF1A;<span>120-180&#x5206;&#x949F;</span></li>\n                <li>&#x53C2;&#x8003;&#x4EF7;&#x683C;&#xFF1A;<span>30000-100000</span></li>\n                <li>&#x9EBB;&#x9189;&#x65B9;&#x5F0F;&#xFF1A;<span>&#x5168;&#x9EBB;</span></li>\n                <li>&#x662F;&#x5426;&#x4F4F;&#x9662;&#xFF1A;<span>&#x662F;</span></li>\n                <li>&#x4F4F;&#x9662;&#x65F6;&#x95F4;&#xFF1A;<span>0-3&#x5929;</span></li>\n                <li>&#x62C6;&#x7EBF;&#x65F6;&#x95F4;&#xFF1A;<span>7-6&#x5929;</span></li>\n            "]},"Desc":{"name":"项目／手术原理","content":"<p class=\"MsoNormal\" align=\"left\"><span lang=\"EN-US\">1.</span><span style=\"font-family:&#x5B8B;&#x4F53;;mso-ascii-font-family:Calibri;mso-ascii-theme-font:minor-latin;\nmso-fareast-font-family:&#x5B8B;&#x4F53;;mso-fareast-theme-font:minor-fareast;mso-hansi-font-family:\nCalibri;mso-hansi-theme-font:minor-latin\">&#x5934;&#x9762;&#x90E8;&#x6D88;&#x6BD2;&#x3002;</span><span lang=\"EN-US\"><o:p></o:p></span></p><p class=\"MsoNormal\" align=\"left\"><span lang=\"EN-US\">2.</span><span style=\"font-family:&#x5B8B;&#x4F53;;mso-ascii-font-family:Calibri;mso-ascii-theme-font:minor-latin;\nmso-fareast-font-family:&#x5B8B;&#x4F53;;mso-fareast-theme-font:minor-fareast;mso-hansi-font-family:\nCalibri;mso-hansi-theme-font:minor-latin\">&#x5168;&#x8EAB;&#x9EBB;&#x9189;&#x3002;</span><span lang=\"EN-US\"><o:p></o:p></span></p><p class=\"MsoNormal\" align=\"left\"><span lang=\"EN-US\">3.</span><span style=\"font-family:&#x5B8B;&#x4F53;;mso-ascii-font-family:Calibri;mso-ascii-theme-font:minor-latin;\nmso-fareast-font-family:&#x5B8B;&#x4F53;;mso-fareast-theme-font:minor-fareast;mso-hansi-font-family:\nCalibri;mso-hansi-theme-font:minor-latin\">&#x627E;&#x5230;&#x5408;&#x9002;&#x7684;&#x5207;&#x53E3;&#xFF0C;&#x6309;&#x7167;&#x672F;&#x524D;&#x8BBE;&#x8BA1;&#x53CA;&#x6807;&#x8BB0;&#x7684;&#x4F4D;&#x7F6E;&#x5C06;&#x5047;&#x4F53;&#x690D;&#x4E8E;&#x76AE;&#x4E0B;&#x3001;&#x6DF1;&#x7B4B;&#x819C;&#x6D45;&#x5C42;&#x6216;&#x9AA8;&#x819C;&#x6D45;&#x5C42;&#x3002;</span><span lang=\"EN-US\"><o:p></o:p></span></p><p class=\"MsoNormal\" align=\"left\"><span lang=\"EN-US\">4.</span><span style=\"font-family:&#x5B8B;&#x4F53;;mso-ascii-font-family:Calibri;mso-ascii-theme-font:minor-latin;\nmso-fareast-font-family:&#x5B8B;&#x4F53;;mso-fareast-theme-font:minor-fareast;mso-hansi-font-family:\nCalibri;mso-hansi-theme-font:minor-latin\">&#x5916;&#x5F62;&#x548C;&#x4F4D;&#x7F6E;&#x6EE1;&#x610F;&#x540E;&#xFF0C;&#x53EF;&#x7528;&#x7F1D;&#x7EBF;&#x3001;&#x87BA;&#x9489;&#x56FA;&#x5B9A;&#x3002;</span><span lang=\"EN-US\"><o:p></o:p></span></p><p>\n\n\n\n\n\n\n\n</p><p class=\"MsoNormal\" align=\"left\"><span lang=\"EN-US\">5.</span><span style=\"font-family:&#x5B8B;&#x4F53;;mso-ascii-font-family:Calibri;mso-ascii-theme-font:minor-latin;\nmso-fareast-font-family:&#x5B8B;&#x4F53;;mso-fareast-theme-font:minor-fareast;mso-hansi-font-family:\nCalibri;mso-hansi-theme-font:minor-latin\">&#x5206;&#x5C42;&#x7F1D;&#x5408;&#x5207;&#x53E3;&#x3001;&#x52A0;&#x538B;&#x5305;&#x624E;&#x3002;</span></p><p class=\"MsoNormal\" align=\"left\"><img src=\"http://hera.s.gmei.com/2016/10/11/ee34ec7e04\" style=\"width: 549px;\"><span style=\"font-family:&#x5B8B;&#x4F53;;mso-ascii-font-family:Calibri;mso-ascii-theme-font:minor-latin;\nmso-fareast-font-family:&#x5B8B;&#x4F53;;mso-fareast-theme-font:minor-fareast;mso-hansi-font-family:\nCalibri;mso-hansi-theme-font:minor-latin\"><br></span><span lang=\"EN-US\"><o:p></o:p></span></p>"},"Sample":{"name":"效果示例","content":"<img src=\"http://hera.s.gmei.com/itemwiki/2016/10/11/9b490e505c-w\">"},"BeforIdear":{"name":"效果示例","content":"<p class=\"MsoNormal\" align=\"left\"><span lang=\"EN-US\">1.</span><span style=\"font-family:&#x5B8B;&#x4F53;;mso-ascii-font-family:Calibri;mso-ascii-theme-font:minor-latin;\nmso-fareast-font-family:&#x5B8B;&#x4F53;;mso-fareast-theme-font:minor-fareast;mso-hansi-font-family:\nCalibri;mso-hansi-theme-font:minor-latin\">&#x5973;&#x6027;&#x907F;&#x5F00;&#x4F8B;&#x5047;&#x671F;&#xFF0C;&#x907F;&#x514D;&#x672F;&#x4E2D;&#x6216;&#x672F;&#x540E;&#x51FA;&#x8840;&#x589E;&#x591A;&#x6216;&#x8005;&#x80BF;&#x80C0;&#x52A0;&#x91CD;&#x3002;</span><span lang=\"EN-US\"><o:p></o:p></span></p><p class=\"MsoNormal\" align=\"left\"><span lang=\"EN-US\">2.</span><span style=\"font-family:&#x5B8B;&#x4F53;;mso-ascii-font-family:Calibri;mso-ascii-theme-font:minor-latin;\nmso-fareast-font-family:&#x5B8B;&#x4F53;;mso-fareast-theme-font:minor-fareast;mso-hansi-font-family:\nCalibri;mso-hansi-theme-font:minor-latin\">&#x624B;&#x672F;&#x524D;&#x4E24;&#x5468;&#x5185;&#xFF0C;&#x8BF7;&#x52FF;&#x670D;&#x7528;&#x56FA;&#x9187;&#x6FC0;&#x7D20;&#x548C;&#x963F;&#x65AF;&#x5339;&#x6797;&#x7C7B;&#x6297;&#x51DD;&#x836F;&#x7269;&#x3002;</span><span lang=\"EN-US\"><o:p></o:p></span></p><p class=\"MsoNormal\" align=\"left\"><span lang=\"EN-US\">3.</span><span style=\"font-family:&#x5B8B;&#x4F53;;mso-ascii-font-family:Calibri;mso-ascii-theme-font:minor-latin;\nmso-fareast-font-family:&#x5B8B;&#x4F53;;mso-fareast-theme-font:minor-fareast;mso-hansi-font-family:\nCalibri;mso-hansi-theme-font:minor-latin\">&#x624B;&#x672F;&#x5F53;&#x65E5;&#x4E0D;&#x8981;&#x5316;&#x5986;&#xFF0C;&#x4E5F;&#x4E0D;&#x8981;&#x6234;&#x88C5;&#x9970;&#x7269;&#x7B49;&#x3002;</span><span lang=\"EN-US\"><o:p></o:p></span></p><p class=\"MsoNormal\" align=\"left\"><span lang=\"EN-US\">4.</span><span style=\"font-family:&#x5B8B;&#x4F53;;mso-ascii-font-family:Calibri;mso-ascii-theme-font:minor-latin;\nmso-fareast-font-family:&#x5B8B;&#x4F53;;mso-fareast-theme-font:minor-fareast;mso-hansi-font-family:\nCalibri;mso-hansi-theme-font:minor-latin\">&#x598A;&#x5A20;&#x524D;&#x671F;</span><span lang=\"EN-US\">(</span><span style=\"font-family:&#x5B8B;&#x4F53;;mso-ascii-font-family:Calibri;mso-ascii-theme-font:minor-latin;\nmso-fareast-font-family:&#x5B8B;&#x4F53;;mso-fareast-theme-font:minor-fareast;mso-hansi-font-family:\nCalibri;mso-hansi-theme-font:minor-latin\">&#x4E09;&#x4E2A;&#x6708;</span><span lang=\"EN-US\">)</span><span style=\"font-family:&#x5B8B;&#x4F53;;mso-ascii-font-family:Calibri;mso-ascii-theme-font:minor-latin;\nmso-fareast-font-family:&#x5B8B;&#x4F53;;mso-fareast-theme-font:minor-fareast;mso-hansi-font-family:\nCalibri;mso-hansi-theme-font:minor-latin\">&#x6216;&#x598A;&#x5A20;&#x540E;&#x671F;</span><span lang=\"EN-US\">(</span><span style=\"font-family:&#x5B8B;&#x4F53;;mso-ascii-font-family:Calibri;mso-ascii-theme-font:minor-latin;\nmso-fareast-font-family:&#x5B8B;&#x4F53;;mso-fareast-theme-font:minor-fareast;mso-hansi-font-family:\nCalibri;mso-hansi-theme-font:minor-latin\">&#x4E09;&#x4E2A;&#x6708;</span><span lang=\"EN-US\">)</span><span style=\"font-family:&#x5B8B;&#x4F53;;mso-ascii-font-family:Calibri;mso-ascii-theme-font:minor-latin;\nmso-fareast-font-family:&#x5B8B;&#x4F53;;mso-fareast-theme-font:minor-fareast;mso-hansi-font-family:\nCalibri;mso-hansi-theme-font:minor-latin\">&#x6682;&#x7F13;&#x624B;&#x672F;&#x3002;</span><span lang=\"EN-US\"><o:p></o:p></span></p><p class=\"MsoNormal\" align=\"left\"><span lang=\"EN-US\">5.</span><span style=\"font-family:&#x5B8B;&#x4F53;;mso-ascii-font-family:Calibri;mso-ascii-theme-font:minor-latin;\nmso-fareast-font-family:&#x5B8B;&#x4F53;;mso-fareast-theme-font:minor-fareast;mso-hansi-font-family:\nCalibri;mso-hansi-theme-font:minor-latin\">&#x7537;&#x6027;&#x9700;&#x8981;&#x63D0;&#x524D;&#x6212;&#x70DF;&#x4E00;&#x5468;&#x3002;</span><span lang=\"EN-US\"><o:p></o:p></span></p><p class=\"MsoNormal\" align=\"left\"><span lang=\"EN-US\">6.</span><span style=\"font-family:&#x5B8B;&#x4F53;;mso-ascii-font-family:Calibri;mso-ascii-theme-font:minor-latin;\nmso-fareast-font-family:&#x5B8B;&#x4F53;;mso-fareast-theme-font:minor-fareast;mso-hansi-font-family:\nCalibri;mso-hansi-theme-font:minor-latin\">&#x5E38;&#x89C4;&#x8EAB;&#x4F53;&#x68C0;&#x67E5;&#x2014;&#x2014;&#x5168;&#x8EAB;&#x68C0;&#x67E5;&#xFF0C;&#x5404;&#x9879;&#x5316;&#x9A8C;&#x68C0;&#x67E5;&#xFF0C;&#x4E2D;&#x3001;&#x8001;&#x5E74;&#x53D7;&#x672F;&#x8005;&#x5FC5;&#x8981;&#x65F6;&#x9700;&#x6D4B;&#x8840;&#x538B;&#x548C;&#x505A;&#x5FC3;&#x7535;&#x56FE;&#x3002;</span><span lang=\"EN-US\"><o:p></o:p></span></p><p>\n\n\n\n\n\n\n\n\n\n\n\n</p><p class=\"MsoNormal\" align=\"left\"><span lang=\"EN-US\">7.</span><span style=\"font-family:&#x5B8B;&#x4F53;;mso-ascii-font-family:Calibri;mso-ascii-theme-font:minor-latin;\nmso-fareast-font-family:&#x5B8B;&#x4F53;;mso-fareast-theme-font:minor-fareast;mso-hansi-font-family:\nCalibri;mso-hansi-theme-font:minor-latin\">&#x672F;&#x524D;&#x4E00;&#x5929;</span><span lang=\"EN-US\">/</span><span style=\"font-family:&#x5B8B;&#x4F53;;mso-ascii-font-family:Calibri;mso-ascii-theme-font:minor-latin;\nmso-fareast-font-family:&#x5B8B;&#x4F53;;mso-fareast-theme-font:minor-fareast;mso-hansi-font-family:\nCalibri;mso-hansi-theme-font:minor-latin\">&#x5F53;&#x5929;&#x5F7B;&#x5E95;&#x6E05;&#x6D01;&#x5934;&#x9762;&#x90E8;&#xFF0C;&#x56E0;&#x4E3A;&#x62C6;&#x7EBF;&#x524D;&#x4F24;&#x53E3;&#x4E0D;&#x80FD;&#x6CBE;&#x6C34;&#x3002;</span><span lang=\"EN-US\"><o:p></o:p></span></p>"},"AfterIdear":{"name":"优点","content":"<p class=\"MsoNormal\" align=\"left\"><span lang=\"EN-US\">1.</span><span style=\"font-family:&#x5B8B;&#x4F53;;mso-ascii-font-family:Calibri;mso-ascii-theme-font:minor-latin;\nmso-fareast-font-family:&#x5B8B;&#x4F53;;mso-fareast-theme-font:minor-fareast;mso-hansi-font-family:\nCalibri;mso-hansi-theme-font:minor-latin\">&#x672F;&#x540E;</span><span lang=\"EN-US\">72</span><span style=\"font-family:&#x5B8B;&#x4F53;;mso-ascii-font-family:Calibri;mso-ascii-theme-font:minor-latin;\nmso-fareast-font-family:&#x5B8B;&#x4F53;;mso-fareast-theme-font:minor-fareast;mso-hansi-font-family:\nCalibri;mso-hansi-theme-font:minor-latin\">&#x5C0F;&#x65F6;&#x5185;&#x51B0;&#x6577;&#xFF0C;&#x7528;&#x5851;&#x6599;&#x8584;&#x819C;&#x5305;&#x4F4F;&#x51B0;&#x888B;&#x51B0;&#x6577;&#xFF0C;&#x4EE5;&#x9632;&#x4F24;&#x53E3;&#x6CBE;&#x6C34;&#x3002;</span><span lang=\"EN-US\"><o:p></o:p></span></p><p class=\"MsoNormal\" align=\"left\"><span lang=\"EN-US\">2.</span><span style=\"font-family:&#x5B8B;&#x4F53;;mso-ascii-font-family:Calibri;mso-ascii-theme-font:minor-latin;\nmso-fareast-font-family:&#x5B8B;&#x4F53;;mso-fareast-theme-font:minor-fareast;mso-hansi-font-family:\nCalibri;mso-hansi-theme-font:minor-latin\">&#x672F;&#x540E;&#x670D;&#x7528;</span><span lang=\"EN-US\">3-5</span><span style=\"font-family:&#x5B8B;&#x4F53;;mso-ascii-font-family:Calibri;mso-ascii-theme-font:minor-latin;\nmso-fareast-font-family:&#x5B8B;&#x4F53;;mso-fareast-theme-font:minor-fareast;mso-hansi-font-family:\nCalibri;mso-hansi-theme-font:minor-latin\">&#x5929;&#x6D88;&#x708E;&#x836F;&#x3001;&#x9759;&#x8109;&#x6B62;&#x8840;&#x836F;&#x7269;</span><span lang=\"EN-US\">2-3</span><span style=\"font-family:&#x5B8B;&#x4F53;;mso-ascii-font-family:Calibri;mso-ascii-theme-font:minor-latin;\nmso-fareast-font-family:&#x5B8B;&#x4F53;;mso-fareast-theme-font:minor-fareast;mso-hansi-font-family:\nCalibri;mso-hansi-theme-font:minor-latin\">&#x5929;&#x3002;</span><span lang=\"EN-US\"><o:p></o:p></span></p><p class=\"MsoNormal\" align=\"left\"><span lang=\"EN-US\">3.</span><span style=\"font-family:&#x5B8B;&#x4F53;;mso-ascii-font-family:Calibri;mso-ascii-theme-font:minor-latin;\nmso-fareast-font-family:&#x5B8B;&#x4F53;;mso-fareast-theme-font:minor-fareast;mso-hansi-font-family:\nCalibri;mso-hansi-theme-font:minor-latin\">&#x9762;&#x90E8;&#x5F39;&#x6027;&#x7EF7;&#x5E26;&#x5305;&#x624E;</span><span lang=\"EN-US\">5-7</span><span style=\"font-family:&#x5B8B;&#x4F53;;mso-ascii-font-family:Calibri;mso-ascii-theme-font:minor-latin;\nmso-fareast-font-family:&#x5B8B;&#x4F53;;mso-fareast-theme-font:minor-fareast;mso-hansi-font-family:\nCalibri;mso-hansi-theme-font:minor-latin\">&#x5929;&#xFF0C;&#x672F;&#x540E;&#x7B2C;&#x4E8C;&#x5929;&#x53BB;&#x533B;&#x9662;&#x6362;&#x836F;&#x3002;</span><span lang=\"EN-US\"><o:p></o:p></span></p><p class=\"MsoNormal\" align=\"left\"><span lang=\"EN-US\">4.</span><span style=\"font-family:&#x5B8B;&#x4F53;;mso-ascii-font-family:Calibri;mso-ascii-theme-font:minor-latin;\nmso-fareast-font-family:&#x5B8B;&#x4F53;;mso-fareast-theme-font:minor-fareast;mso-hansi-font-family:\nCalibri;mso-hansi-theme-font:minor-latin\">&#x62C6;&#x7EBF;&#x524D;&#x6BCF;&#x65E5;&#x7528;&#x7898;&#x4F0F;&#x3001;&#x751F;&#x7406;&#x76D0;&#x6C34;&#x6E05;&#x6D01;&#x4F24;&#x53E3;&#x6E17;&#x51FA;&#x7269;&#x3002;</span><span lang=\"EN-US\"><o:p></o:p></span></p><p class=\"MsoNormal\" align=\"left\"><span lang=\"EN-US\">5.</span><span style=\"font-family:&#x5B8B;&#x4F53;;mso-ascii-font-family:Calibri;mso-ascii-theme-font:minor-latin;\nmso-fareast-font-family:&#x5B8B;&#x4F53;;mso-fareast-theme-font:minor-fareast;mso-hansi-font-family:\nCalibri;mso-hansi-theme-font:minor-latin\">&#x672F;&#x540E;</span><span lang=\"EN-US\">72</span><span style=\"font-family:&#x5B8B;&#x4F53;;mso-ascii-font-family:Calibri;mso-ascii-theme-font:minor-latin;\nmso-fareast-font-family:&#x5B8B;&#x4F53;;mso-fareast-theme-font:minor-fareast;mso-hansi-font-family:\nCalibri;mso-hansi-theme-font:minor-latin\">&#x5C0F;&#x65F6;&#x70ED;&#x6577;&#x3002;</span><span lang=\"EN-US\"><o:p></o:p></span></p><p class=\"MsoNormal\" align=\"left\"><span lang=\"EN-US\">6.</span><span style=\"font-family:&#x5B8B;&#x4F53;;mso-ascii-font-family:Calibri;mso-ascii-theme-font:minor-latin;\nmso-fareast-font-family:&#x5B8B;&#x4F53;;mso-fareast-theme-font:minor-fareast;mso-hansi-font-family:\nCalibri;mso-hansi-theme-font:minor-latin\">&#x672F;&#x540E;</span><span lang=\"EN-US\">8-10</span><span style=\"font-family:&#x5B8B;&#x4F53;;mso-ascii-font-family:Calibri;mso-ascii-theme-font:minor-latin;\nmso-fareast-font-family:&#x5B8B;&#x4F53;;mso-fareast-theme-font:minor-fareast;mso-hansi-font-family:\nCalibri;mso-hansi-theme-font:minor-latin\">&#x5929;&#x62C6;&#x7EBF;&#x3002;</span><span lang=\"EN-US\"><o:p></o:p></span></p><p class=\"MsoNormal\" align=\"left\"><span lang=\"EN-US\">7.</span><span style=\"font-family:&#x5B8B;&#x4F53;;mso-ascii-font-family:Calibri;mso-ascii-theme-font:minor-latin;\nmso-fareast-font-family:&#x5B8B;&#x4F53;;mso-fareast-theme-font:minor-fareast;mso-hansi-font-family:\nCalibri;mso-hansi-theme-font:minor-latin\">&#x672F;&#x540E;</span><span lang=\"EN-US\">1</span><span style=\"font-family:&#x5B8B;&#x4F53;;mso-ascii-font-family:Calibri;mso-ascii-theme-font:minor-latin;\nmso-fareast-font-family:&#x5B8B;&#x4F53;;mso-fareast-theme-font:minor-fareast;mso-hansi-font-family:\nCalibri;mso-hansi-theme-font:minor-latin\">&#x4E2A;&#x6708;&#x5185;&#x7981;&#x6B62;&#x5267;&#x70C8;&#x8FD0;&#x52A8;&#x3002;</span><span lang=\"EN-US\"><o:p></o:p></span></p><p>\n\n\n\n\n\n\n\n\n\n\n\n\n\n</p><p class=\"MsoNormal\" align=\"left\"><span lang=\"EN-US\">8.</span><span style=\"font-family:&#x5B8B;&#x4F53;;mso-ascii-font-family:Calibri;mso-ascii-theme-font:minor-latin;\nmso-fareast-font-family:&#x5B8B;&#x4F53;;mso-fareast-theme-font:minor-fareast;mso-hansi-font-family:\nCalibri;mso-hansi-theme-font:minor-latin\">&#x672F;&#x540E;&#x5E94;&#x6E05;&#x6DE1;&#x996E;&#x98DF;&#xFF0C;&#x907F;&#x514D;&#x5403;&#x6CB9;&#x817B;&#x3001;&#x8F9B;&#x8FA3;&#x3001;&#x6D77;&#x9C9C;&#x3002;</span><span lang=\"EN-US\"><o:p></o:p></span></p>"},"GoodPoint":{"name":"缺点及风险","content":"<p class=\"MsoNormal\" align=\"left\"><span lang=\"EN-US\">1.</span><span style=\"font-family:&#x5B8B;&#x4F53;;mso-ascii-font-family:Calibri;mso-ascii-theme-font:minor-latin;\nmso-fareast-font-family:&#x5B8B;&#x4F53;;mso-fareast-theme-font:minor-fareast;mso-hansi-font-family:\nCalibri;mso-hansi-theme-font:minor-latin\">&#x4E00;&#x6B21;&#x624B;&#x672F;&#x53EF;&#x5F97;&#x5230;&#x6EE1;&#x610F;&#x6548;&#x679C;&#x3002;</span><span lang=\"EN-US\"><o:p></o:p></span></p><p class=\"MsoNormal\" align=\"left\"><span lang=\"EN-US\">2.</span><span style=\"font-family:&#x5B8B;&#x4F53;;mso-ascii-font-family:Calibri;mso-ascii-theme-font:minor-latin;\nmso-fareast-font-family:&#x5B8B;&#x4F53;;mso-fareast-theme-font:minor-fareast;mso-hansi-font-family:\nCalibri;mso-hansi-theme-font:minor-latin\">&#x6548;&#x679C;&#x6C38;&#x4E45;&#x3002;</span><span lang=\"EN-US\"><o:p></o:p></span></p><p class=\"MsoNormal\" align=\"left\"><span lang=\"EN-US\">3.</span><span style=\"font-family:&#x5B8B;&#x4F53;;mso-ascii-font-family:Calibri;mso-ascii-theme-font:minor-latin;\nmso-fareast-font-family:&#x5B8B;&#x4F53;;mso-fareast-theme-font:minor-fareast;mso-hansi-font-family:\nCalibri;mso-hansi-theme-font:minor-latin\">&#x4E0D;&#x5B58;&#x5728;&#x5438;&#x6536;&#x3001;&#x53D8;&#x5F62;&#xFF08;&#x975E;&#x5916;&#x529B;&#x649E;&#x51FB;&#x6761;&#x4EF6;&#x4E0B;&#xFF09;&#x7684;&#x95EE;&#x9898;&#x3002;</span><span lang=\"EN-US\"><o:p></o:p></span></p><p>\n\n\n\n\n\n</p><p class=\"MsoNormal\" align=\"left\"><span lang=\"EN-US\">4.</span><span style=\"font-family:&#x5B8B;&#x4F53;;mso-ascii-font-family:Calibri;mso-ascii-theme-font:minor-latin;\nmso-fareast-font-family:&#x5B8B;&#x4F53;;mso-fareast-theme-font:minor-fareast;mso-hansi-font-family:\nCalibri;mso-hansi-theme-font:minor-latin\">&#x540C;&#x65F6;&#x8FD8;&#x80FD;&#x63D0;&#x5347;&#x9762;&#x90E8;&#x8F6E;&#x5ED3;&#x3001;&#x6539;&#x5584;&#x76B1;&#x7EB9;&#x548C;&#x76AE;&#x80A4;&#x677E;&#x5F1B;&#x95EE;&#x9898;&#x3002;</span><span lang=\"EN-US\"><o:p></o:p></span></p>"},"BadPoint":{"name":"术前锦囊","content":"<p class=\"MsoNormal\" align=\"left\"><span lang=\"EN-US\">1.</span><span style=\"font-family:&#x5B8B;&#x4F53;;mso-ascii-font-family:Calibri;mso-ascii-theme-font:minor-latin;\nmso-fareast-font-family:&#x5B8B;&#x4F53;;mso-fareast-theme-font:minor-fareast;mso-hansi-font-family:\nCalibri;mso-hansi-theme-font:minor-latin\">&#x5047;&#x4F53;&#x5B58;&#x5728;&#x6392;&#x5F02;&#x3001;&#x611F;&#x67D3;&#x7684;&#x98CE;&#x9669;&#x3002;</span><span lang=\"EN-US\"><o:p></o:p></span></p><p class=\"MsoNormal\" align=\"left\"><span lang=\"EN-US\">2.</span><span style=\"font-family:&#x5B8B;&#x4F53;;mso-ascii-font-family:Calibri;mso-ascii-theme-font:minor-latin;\nmso-fareast-font-family:&#x5B8B;&#x4F53;;mso-fareast-theme-font:minor-fareast;mso-hansi-font-family:\nCalibri;mso-hansi-theme-font:minor-latin\">&#x624B;&#x672F;&#x521B;&#x4F24;&#x8F83;&#x5927;&#x3001;&#x6062;&#x590D;&#x671F;&#x8F83;&#x957F;&#x3002;</span><span lang=\"EN-US\"><o:p></o:p></span></p><p class=\"MsoNormal\" align=\"left\"><span lang=\"EN-US\">3.</span><span style=\"font-family:&#x5B8B;&#x4F53;;mso-ascii-font-family:Calibri;mso-ascii-theme-font:minor-latin;\nmso-fareast-font-family:&#x5B8B;&#x4F53;;mso-fareast-theme-font:minor-fareast;mso-hansi-font-family:\nCalibri;mso-hansi-theme-font:minor-latin\">&#x690D;&#x5165;&#x5047;&#x4F53;&#x53EF;&#x80FD;&#x79FB;&#x4F4D;&#x3002;</span><span lang=\"EN-US\"><o:p></o:p></span></p><p>\n\n\n\n\n\n</p><p class=\"MsoNormal\" align=\"left\"><span lang=\"EN-US\">4.</span><span style=\"font-family:&#x5B8B;&#x4F53;;mso-ascii-font-family:Calibri;mso-ascii-theme-font:minor-latin;\nmso-fareast-font-family:&#x5B8B;&#x4F53;;mso-fareast-theme-font:minor-fareast;mso-hansi-font-family:\nCalibri;mso-hansi-theme-font:minor-latin\">&#x586B;&#x5145;&#x533A;&#x57DF;&#x8FB9;&#x7F18;&#x8FC7;&#x6E21;&#x53EF;&#x80FD;&#x4E0D;&#x5982;&#x81EA;&#x4F53;&#x8102;&#x80AA;&#x81EA;&#x7136;&#x3002;</span><span lang=\"EN-US\"><o:p></o:p></span></p>"}}