{"Title":"CoolSculpting冰美人冷冻溶脂","Related":{"name":"关联百科","content":[{"relatedId":"797","name":"Liposonix热立塑"},{"relatedId":"796","name":"UltraShape优立塑"},{"relatedId":"795","name":"BodyTite射频溶脂"},{"relatedId":"559","name":"冷冻溶脂"},{"relatedId":"560","name":"超声溶脂"},{"relatedId":"561","name":"射频溶脂"}]},"ShorDesc":{"name":"简介","content":"<p style=\"margin: 0cm 0cm 7.5pt;\">&#x54C1;&#x724C;&#x540D;&#x79F0;&#xFF1A;<span lang=\"EN-US\">CoolSculpting</span>&#x51B0;&#x7F8E;&#x4EBA;<span lang=\"EN-US\"><o:p></o:p></span></p><p style=\"margin: 0cm 0cm 7.5pt;\">&#x751F;&#x4EA7;&#x5546;&#xFF1A;&#x7F8E;&#x56FD;<span lang=\"EN-US\">ZELTIQ</span>&#x516C;&#x53F8;<span lang=\"EN-US\"><o:p></o:p></span></p><p style=\"margin: 0cm 0cm 7.5pt;\">&#x4EE3;&#x7406;&#x516C;&#x53F8;&#xFF1A;&#x79D1;&#x533B;&#x4EBA;&#x533B;&#x7597;&#x6FC0;&#x5149;&#x516C;&#x53F8;<span lang=\"EN-US\"><o:p></o:p></span></p><p style=\"margin: 0cm 0cm 7.5pt;\">&#x5E94;&#x7528;&#x6280;&#x672F;&#xFF1A;&#x51B7;&#x51BB;&#x6EB6;&#x8102;<span lang=\"EN-US\"><o:p></o:p></span></p><p style=\"margin: 0cm 0cm 7.5pt;\">&#x4F5C;&#x7528;&#xFF1A;&#x7528;&#x4E8E;&#x8170;&#x8179;&#x3001;&#x5927;&#x817F;&#x3001;&#x8774;&#x8776;&#x8896;&#xFF08;&#x5927;&#x81C2;&#xFF09;&#x53CA;&#x53CC;&#x4E0B;&#x5DF4;&#x5C40;&#x90E8;&#x80A5;&#x539A;&#x8102;&#x80AA;&#x7684;&#x51CF;&#x8102;&#x3002;<span lang=\"EN-US\"><o:p></o:p></span></p><p style=\"margin: 0cm 0cm 7.5pt;\">&#x7EF4;&#x6301;&#x65F6;&#x95F4;&#xFF1A;&#x6C38;&#x4E45;<span lang=\"EN-US\"><o:p></o:p></span></p><p style=\"margin: 0cm 0cm 7.5pt;\">&#x89C1;&#x6548;&#x65F6;&#x95F4;&#xFF1A;<span lang=\"EN-US\">8-12</span>&#x4E2A;&#x6708;<span lang=\"EN-US\"><o:p></o:p></span></p><p>\n\n\n\n\n\n\n\n\n\n\n\n\n\n</p><p style=\"margin: 0cm 0cm 7.5pt;\">&#x8BA4;&#x8BC1;&#xFF1A;&#x4E2D;&#x56FD;&#x98DF;&#x54C1;&#x836F;&#x54C1;&#x76D1;&#x7763;&#x7BA1;&#x7406;&#x5C40;&#xFF08;<span lang=\"EN-US\">CFDA</span>&#xFF09;&#x3001;&#x7F8E;&#x56FD;&#x98DF;&#x54C1;&#x836F;&#x54C1;&#x76D1;&#x7763;&#x7BA1;&#x7406;&#x5C40;&#xFF08;<span lang=\"EN-US\">FDA</span>&#xFF09;&#x3001;<span lang=\"EN-US\">CE</span>&#xFF08;&#x6B27;&#x76DF;&#xFF09;&#x3002;</p><p style=\"margin-top:0cm;margin-right:0cm;margin-bottom:7.5pt;margin-left:0cm;\nline-height:15.0pt\"><img src=\"http://hera.s.gmei.com/2016/10/28/670ad73e74\" style=\"width: 1251px;\"><span style=\"font-size: 10.5pt;\"><br></span><span style=\"font-size: 10.5pt; font-family: Helvetica, sans-serif;\" lang=\"EN-US\"><o:p></o:p></span></p>"},"Property":{"name":"档案","content":["\n                <li>&#x6CBB;&#x7597;&#x65B9;&#x5F0F;&#xFF1A;<span>&#x5149;&#x7535;&#xFF08;&#x65E0;&#x521B;&#xFF09;</span></li>\n                <li>&#x75BC;&#x75DB;&#x611F;&#xFF1A;<span>0&#x9897;&#x661F;</span><a href=\"gengmei://common_webview?url=http://backend.gmei.com/hybrid/ache_level\">&#x67E5;&#x770B;&#x75BC;&#x75DB;&#x5206;&#x7EA7;</a></li>\n                <li>&#x7EF4;&#x6301;&#x65F6;&#x95F4;&#xFF1A;<span>&#x6C38;&#x4E45;</span></li>\n                <li>&#x6CBB;&#x7597;&#x65F6;&#x95F4;&#xFF1A;<span>60-70&#x5206;&#x949F;</span></li>\n                <li>&#x53C2;&#x8003;&#x4EF7;&#x683C;&#xFF1A;<span>10000-20000</span></li>\n                <li>&#x9EBB;&#x9189;&#x65B9;&#x5F0F;&#xFF1A;<span>&#x65E0;</span></li>\n                <li>&#x662F;&#x5426;&#x4F4F;&#x9662;&#xFF1A;<span>&#x5426;</span></li>\n                \n                <li>&#x62C6;&#x7EBF;&#x65F6;&#x95F4;&#xFF1A;<span>0-0&#x5929;</span></li>\n            "]},"Desc":{"name":"项目／手术原理","content":"<p class=\"MsoNormal\"><span lang=\"EN-US\">1.</span>&#x51B7;&#x51BB;&#x6EB6;&#x8102;&#x9002;&#x5408;&#x53CC;&#x4E0B;&#x5DF4;&#x3001;&#x8170;&#x8179;&#x90E8;&#x53CA;&#x5927;&#x81C2;&#x7684;&#x5C0F;&#x8303;&#x56F4;&#x7684;&#x8D58;&#x8089;&#x3002;<span lang=\"EN-US\"><o:p></o:p></span></p><p class=\"MsoNormal\"><span lang=\"EN-US\">2.</span>&#x5728;&#x6EB6;&#x8102;&#x90E8;&#x4F4D;&#x6577;&#x4E0A;&#x51DD;&#x80F6;&#x8D34;&#x5242;&#xFF08;&#x4FDD;&#x62A4;&#x76AE;&#x80A4;&#xFF09;&#x540E;&#xFF0C;&#x7528;&#x51B7;&#x51BB;&#x6EB6;&#x8102;&#x7CFB;&#x7EDF;&#x6CBB;&#x7597;&#x5934;&#x5BF9;&#x8102;&#x80AA;&#x8FDB;&#x884C;<span lang=\"EN-US\">1h</span>&#x5FAA;&#x73AF;&#x51B7;&#x51BB;&#x3002;&#x8102;&#x80AA;&#x7EC6;&#x80DE;&#x5F00;&#x59CB;&#x840E;&#x7F29;&#x3001;&#x6B7B;&#x6389;&#x3002;<span lang=\"EN-US\"><o:p></o:p></span></p><p class=\"MsoNormal\"><span lang=\"EN-US\">3.</span>&#x88AB;&#x7834;&#x574F;&#x7684;&#x8102;&#x80AA;&#x7EC6;&#x80DE;&#x4F1A;&#x88AB;&#x9010;&#x6E10;&#x4EE3;&#x8C22;&#x51FA;&#x4F53;&#x5916;&#xFF0C;<span lang=\"EN-US\">2-3</span>&#x4E2A;&#x6708;&#x5185;&#x4FBF;&#x53EF;&#x770B;&#x5230;&#x6548;&#x679C;&#x3002;<span lang=\"EN-US\"><o:p></o:p></span></p><p>\n\n\n\n\n\n</p><p class=\"MsoNormal\"><span lang=\"EN-US\">4.</span>&#x6BCF;&#x6B21;&#x6CBB;&#x7597;&#x540E;&#x53EF;&#x6C38;&#x4E45;&#x51CF;&#x5C11;<span lang=\"EN-US\">20-25%</span>&#x7684;&#x8102;&#x80AA;&#x7EC6;&#x80DE;&#xFF0C;&#x76AE;&#x80A4;&#x8102;&#x80AA;&#x539A;&#x5EA6;&#x4E0B;&#x964D;&#x3002;</p><p class=\"MsoNormal\"><img src=\"http://hera.s.gmei.com/2016/10/28/869ed15017\" style=\"width: 283px;\"><span style=\"font-family:&#x5B8B;&#x4F53;;mso-ascii-font-family:Calibri;mso-ascii-theme-font:minor-latin;\nmso-fareast-font-family:&#x5B8B;&#x4F53;;mso-fareast-theme-font:minor-fareast;mso-hansi-font-family:\nCalibri;mso-hansi-theme-font:minor-latin\"><br></span></p><p class=\"MsoNormal\"><img src=\"http://hera.s.gmei.com/2016/10/28/2e9b5982c4\" style=\"width: 283.052px; height: 371px;\"><span style=\"font-family:&#x5B8B;&#x4F53;;mso-ascii-font-family:Calibri;mso-ascii-theme-font:minor-latin;\nmso-fareast-font-family:&#x5B8B;&#x4F53;;mso-fareast-theme-font:minor-fareast;mso-hansi-font-family:\nCalibri;mso-hansi-theme-font:minor-latin\"><br></span></p><p class=\"MsoNormal\"><img src=\"http://hera.s.gmei.com/2016/10/28/6ccc7a5cc0\" style=\"width: 282px; height: 384.264px;\"><span style=\"font-family:&#x5B8B;&#x4F53;;mso-ascii-font-family:Calibri;mso-ascii-theme-font:minor-latin;\nmso-fareast-font-family:&#x5B8B;&#x4F53;;mso-fareast-theme-font:minor-fareast;mso-hansi-font-family:\nCalibri;mso-hansi-theme-font:minor-latin\"><br></span></p><p class=\"MsoNormal\"><img src=\"http://hera.s.gmei.com/2016/10/28/8dc713414f\" style=\"width: 282px; height: 371.266px;\"><span style=\"font-family:&#x5B8B;&#x4F53;;mso-ascii-font-family:Calibri;mso-ascii-theme-font:minor-latin;\nmso-fareast-font-family:&#x5B8B;&#x4F53;;mso-fareast-theme-font:minor-fareast;mso-hansi-font-family:\nCalibri;mso-hansi-theme-font:minor-latin\"><br></span><span lang=\"EN-US\"><o:p></o:p></span></p>"},"Sample":{"name":"效果示例","content":"<img src=\"http://hera.s.gmei.com/itemwiki/2016/10/28/10197cc9af-w\">"},"BeforIdear":{"name":"效果示例","content":""},"AfterIdear":{"name":"优点","content":""},"GoodPoint":{"name":"缺点及风险","content":""},"BadPoint":{"name":"术前锦囊","content":""}}