{"Title":"洗牙","Related":{"name":"关联百科","content":[{"relatedId":"562","name":"美容冠"},{"relatedId":"563","name":"牙齿贴面"},{"relatedId":"266","name":"烤瓷牙"},{"relatedId":"265","name":"牙齿冷光美白"}]},"ShorDesc":{"name":"简介","content":"<p>&#x9002;&#x5E94;&#x75C7;&#xFF1A;&#x7259;&#x9F7F;&#x67D3;&#x8272;</p><p>&#x5229;&#x7528;&#x6D01;&#x6CBB;&#x5668;&#x68B0;&#x53BB;&#x9664;&#x9F88;&#x4E0A;&#x7259;&#x77F3;&#x3001;&#x83CC;&#x6591;&#x548C;&#x7259;&#x9762;&#x4E0A;&#x6C89;&#x79EF;&#x7684;&#x8272;&#x7D20;&#xFF0C;&#x5E76;&#x629B;&#x5149;&#x7259;&#x9762;&#xFF0C;&#x4EE5;&#x5EF6;&#x8FDF;&#x83CC;&#x6591;&#x548C;&#x7259;&#x77F3;&#x518D;&#x6C89;&#x79EF;&#x3002;</p>"},"Property":{"name":"档案","content":["\n                <li>&#x6CBB;&#x7597;&#x65B9;&#x5F0F;&#xFF1A;<span>&#x53E3;&#x8154;</span></li>\n                <li>&#x75BC;&#x75DB;&#x611F;&#xFF1A;<span>0&#x9897;&#x661F;</span><a href=\"gengmei://common_webview?url=http://backend.gmei.com/hybrid/ache_level\">&#x67E5;&#x770B;&#x75BC;&#x75DB;&#x5206;&#x7EA7;</a></li>\n                <li>&#x7EF4;&#x6301;&#x65F6;&#x95F4;&#xFF1A;<span>2-3&#x5E74;</span></li>\n                <li>&#x6CBB;&#x7597;&#x65F6;&#x95F4;&#xFF1A;<span>60-60&#x5206;&#x949F;</span></li>\n                <li>&#x53C2;&#x8003;&#x4EF7;&#x683C;&#xFF1A;<span>100-500</span></li>\n                <li>&#x9EBB;&#x9189;&#x65B9;&#x5F0F;&#xFF1A;<span>&#x65E0;</span></li>\n                <li>&#x662F;&#x5426;&#x4F4F;&#x9662;&#xFF1A;<span>&#x5426;</span></li>\n                \n                <li>&#x62C6;&#x7EBF;&#x65F6;&#x95F4;&#xFF1A;<span>0-0&#x5929;</span></li>\n            "]},"Desc":{"name":"项目／手术原理","content":"<p>1.&#x6D88;&#x6BD2;</p><p>2.&#x6D01;&#x6CBB;</p><p>3.&#x55B7;&#x7802;</p><p>4.&#x629B;&#x5149;</p><p><img src=\"http://hera.s.gmei.com/2016/10/12/43c6afd68d\" style=\"width: 509px;\"><br></p>"},"Sample":{"name":"效果示例","content":"<img src=\"http://hera.s.gmei.com/itemwiki/2016/10/12/4e1e6d6702-w\">"},"BeforIdear":{"name":"效果示例","content":"<p>1&#x3001;&#x624B;&#x672F;&#x524D;&#x786E;&#x5B9A;&#x8EAB;&#x4F53;&#x5065;&#x5EB7;&#xFF0C;&#x65E0;&#x4F20;&#x67D3;&#x75C5;&#x6216;&#x5176;&#x4ED6;&#x8EAB;&#x4F53;&#x708E;&#x75C7;&#x3002;</p><p>2&#x3001;&#x672F;&#x524D;&#x4E00;&#x5468;&#x5185;&#x505C;&#x6B62;&#x996E;&#x9152;&#x3001;&#x670D;&#x7528;&#x963F;&#x53F8;&#x5339;&#x6797;&#x3001;&#x7EF4;&#x751F;&#x7D20;E&#x7B49;&#x6269;&#x8840;&#x7BA1;&#x836F;&#x7269;&#x3002;</p><p>3&#x3001;&#x5438;&#x70DF;&#x8005;&#x9700;&#x8981;&#x63D0;&#x524D;&#x4E00;&#x5468;&#x6212;&#x70DF;&#x3002;</p><p>4&#x3001;&#x6CBB;&#x7597;&#x524D;&#x9700;&#x7528;3%&#x8FC7;&#x6C27;&#x5316;&#x6C22;&#x6DB2;&#x6216;0.12%&#x6C2F;&#x5DF2;&#x5B9A;&#x6DB2;&#x542B;&#x6F31;1&#x5206;&#x949F;&#xFF0C;&#x4EE5;&#x51CF;&#x5C11;&#x55B7;&#x96FE;&#x4E2D;&#x7EC6;&#x83CC;&#x6570;&#x91CF;&#xFF0C;&#x9632;&#x6B62;&#x83CC;&#x8840;&#x75C7;&#x53D1;&#x751F;&#x3002;</p>"},"AfterIdear":{"name":"优点","content":"<p>1&#x3001;&#x6D17;&#x7259;&#x540E;24&#x5C0F;&#x65F6;&#x5185;&#xFF0C;&#x9700;&#x907F;&#x514D;&#x51B7;&#x70ED;&#x996E;&#xFF0C;&#x907F;&#x514D;&#x996E;&#x7528;&#x8336;&#x3001;&#x5496;&#x5561;&#x3001;&#x53EF;&#x4E50;&#x3001;&#x7EA2;&#x9152;&#x3001;&#x8393;&#x679C;&#x7C7B;&#x996E;&#x6599;&#x3001;&#x6709;&#x8272;&#x7259;&#x818F;&#x3001;&#x6F31;&#x53E3;&#x6C34;&#x7B49;&#x53CA;&#x98DF;&#x7528;&#x6DF1;&#x8272;&#x98DF;&#x7269;&#xFF0C;&#x540C;&#x65F6;&#x8981;&#x907F;&#x514D;&#x5438;&#x70DF;&#x3002;</p><p>2&#x3001;&#x6D17;&#x7259;&#x540E;2&#x5468;&#x5185;&#xFF0C;&#x4E0D;&#x5B9C;&#x98DF;&#x51B7;&#x3001;&#x9178;&#x3001;&#x8FA3;&#x7B49;&#x523A;&#x6FC0;&#x6027;&#x98DF;&#x7269;&#xFF0C;&#x4E0D;&#x80FD;&#x5927;&#x529B;&#x5237;&#x7259;&#x3002;</p><p>3&#x3001;&#x6D17;&#x7259;&#x540E;&#x53EF;&#x9009;&#x62E9;&#x6297;&#x654F;&#x611F;&#x7259;&#x818F;&#x3002;</p>"},"GoodPoint":{"name":"缺点及风险","content":"<p>1&#x3001;&#x7F8E;&#x767D;&#x540C;&#x65F6;&#x53EF;&#x6CBB;&#x7597;&#x7259;&#x5468;&#x75BE;&#x75C5;&#x3002;</p><p>2&#x3001;&#x4EF7;&#x683C;&#x76F8;&#x5BF9;&#x8F83;&#x4F4E;&#x3002;</p>"},"BadPoint":{"name":"术前锦囊","content":"<p>1&#x3001;&#x5BF9;&#x7259;&#x9F7F;&#x635F;&#x4F24;&#x8F83;&#x5927;&#x3002;</p><p>2&#x3001;&#x9002;&#x5E94;&#x4EBA;&#x7FA4;&#x76F8;&#x5BF9;&#x8F83;&#x5C0F;&#x3002;</p>"}}