{"Title":"厚唇改薄","Related":{"name":"关联百科","content":[{"relatedId":"472","name":"M唇"},{"relatedId":"263","name":"自体脂肪丰唇"},{"relatedId":"262","name":"玻尿酸丰唇"},{"relatedId":"471","name":"嘴角上提术"}]},"ShorDesc":{"name":"简介","content":"<p>&#x9002;&#x5E94;&#x75C7;&#xFF1A;&#x539A;&#x5507;</p><p>&#x201C;&#x539A;&#x5507;&#x201D;&#x662F;&#x6307;&#xFF0C;&#x7537;&#x6027;&#x5507;&gt;9mm&#x4E0B;&#x5507;&gt;10.5mm&#xFF1B;&#x5973;&#x6027;&#x4E0A;&#x5507;&gt;8mm&#x4E0B;&#x5507;&gt;9mm&#x3002;&#x539A;&#x5507;&#x6539;&#x8584;&#x672F;&#x5C31;&#x662F;&#x901A;&#x8FC7;&#x624B;&#x672F;&#x7684;&#x65B9;&#x6CD5;&#xFF0C;&#x5C06;&#x5634;&#x5507;&#x53D8;&#x8584;&#x3001;&#x5507;&#x5F62;&#x53D8;&#x7F8E;&#x3002;</p>"},"Property":{"name":"档案","content":["\n                <li>&#x6CBB;&#x7597;&#x65B9;&#x5F0F;&#xFF1A;<span>&#x624B;&#x672F;</span></li>\n                <li>&#x75BC;&#x75DB;&#x611F;&#xFF1A;<span>3&#x9897;&#x661F;</span><a href=\"gengmei://common_webview?url=http://backend.gmei.com/hybrid/ache_level\">&#x67E5;&#x770B;&#x75BC;&#x75DB;&#x5206;&#x7EA7;</a></li>\n                <li>&#x7EF4;&#x6301;&#x65F6;&#x95F4;&#xFF1A;<span>&#x6C38;&#x4E45;</span></li>\n                <li>&#x6CBB;&#x7597;&#x65F6;&#x95F4;&#xFF1A;<span>90-120&#x5206;&#x949F;</span></li>\n                <li>&#x53C2;&#x8003;&#x4EF7;&#x683C;&#xFF1A;<span>5000-30000</span></li>\n                <li>&#x9EBB;&#x9189;&#x65B9;&#x5F0F;&#xFF1A;<span>&#x5C40;&#x9EBB;</span></li>\n                <li>&#x662F;&#x5426;&#x4F4F;&#x9662;&#xFF1A;<span>&#x5426;</span></li>\n                \n                <li>&#x62C6;&#x7EBF;&#x65F6;&#x95F4;&#xFF1A;<span>6-8&#x5929;</span></li>\n            "]},"Desc":{"name":"项目／手术原理","content":"<p>1.&#x9762;&#x90E8;&#x3001;&#x53E3;&#x8154;&#x6D88;&#x6BD2;&#x3002;</p><p>2.&#x6CE8;&#x5C04;&#x5C40;&#x90E8;&#x9EBB;&#x9189;&#x836F;&#x7269;&#x3002;</p><p>3.&#x6309;&#x7167;&#x672F;&#x524D;&#x8BBE;&#x8BA1;&#xFF0C;&#x5207;&#x9664;&#x5507;&#x90E8;&#x591A;&#x4F59;&#x7684;&#x7C98;&#x819C;&#x3001;&#x808C;&#x8089;&#x7EC4;&#x7EC7;&#x3002;</p><p>4.&#x6B62;&#x8840;&#x3001;&#x7F1D;&#x5408;&#x4F24;&#x53E3;&#x3002;</p><p><img src=\"http://hera.s.gmei.com/2016/10/11/af746a7977\" style=\"width: 650px;\"><br></p>"},"Sample":{"name":"效果示例","content":"<img src=\"http://hera.s.gmei.com/itemwiki/2016/10/11/e5b54f7045-w\">"},"BeforIdear":{"name":"效果示例","content":"<p>1.&#x505A;&#x5E38;&#x89C4;&#x68C0;&#x67E5;&#xFF0C;&#x5C40;&#x9EBB;&#x624B;&#x672F;&#x8005;&#xFF1A;&#x8840;&#x5E38;&#x89C4;&#x3001;&#x5C3F;&#x5E38;&#x89C4;&#x3001;&#x51DD;&#x8840;&#x56DB;&#x9879;&#x3001;&#x7F8E;&#x5BB9;&#x514D;&#x75AB;&#x56DB;&#x9879;&#xFF08;&#x4E59;&#x809D;&#x3001;&#x4E19;&#x809D;&#x3001;&#x6885;&#x6BD2;&#x3001;&#x827E;&#x6ECB;&#xFF09;&#xFF1B;&#x9759;&#x8109;&#x5168;&#x9EBB;&#x624B;&#x672F;&#x8005;&#xFF1A;&#x4E0A;&#x8FF0;6&#x9879;&#x3001;&#x809D;&#x80BE;&#x529F;&#x80FD;&#x3001;&#x7A7A;&#x8179;&#x8840;&#x7CD6;&#x3001;&#x5FC3;&#x7535;&#x56FE;&#x3001;&#x80F8;&#x7247;&#x3002;</p><p>2.&#x9009;&#x62E9;&#x5C40;&#x9EBB;&#x8005;&#x6B63;&#x5E38;&#x996E;&#x98DF;&#xFF0C;&#x9009;&#x62E9;&#x9759;&#x8109;&#x5168;&#x9EBB;&#x8F85;&#x52A9;&#x8005;&#x672F;&#x524D;6&#x5C0F;&#x65F6;&#x7981;&#x98DF;&#x3001;4&#x5C0F;&#x65F6;&#x7981;&#x6C34;&#x3002;</p><p>3.&#x672F;&#x524D;&#x6CE8;&#x610F;&#x672F;&#x533A;&#x6E05;&#x6D01;&#xFF0C;&#x526A;&#x77ED;&#x9F3B;&#x6BDB;&#x4E0E;&#x80E1;&#x987B;&#xFF0C;&#x52FF;&#x5316;&#x5986;&#x3002;</p><p>4.&#x51C6;&#x5907;&#x672F;&#x540E;&#x7528;&#x836F;&#xFF1A;&#x51B0;&#x888B;2-3&#x4E2A;&#x3001;&#x6D88;&#x80BF;&#x836F;&#xFF08;1&#x5468;&#x91CF;&#xFF09;&#x3001;&#x6D88;&#x708E;&#x836F;&#x3001;&#x5916;&#x7528;&#x795B;&#x75A4;&#x818F;&#xFF08;3&#x6708;&#x91CF;&#xFF09;&#x3002;</p>"},"AfterIdear":{"name":"优点","content":"<p>1.&#x672F;&#x540E;&#x7ACB;&#x523B;&#x5507;&#x90E8;&#x51B0;&#x6577;30-60&#x5206;&#x949F;&#xFF0C;&#x4E4B;&#x540E;3&#x5929;&#x5185;&#x6BCF;&#x5929;&#x51B0;&#x6577;3-4&#x6B21;&#xFF0C;&#x6BCF;&#x6B21;30-60&#x5206;&#x949F;&#x3002;</p><p>2.&#x672F;&#x540E;&#x5F53;&#x665A;&#x672F;&#x533A;&#x53EF;&#x80FD;&#x4F1A;&#x6BD4;&#x8F83;&#x75BC;&#x75DB;&#xFF0C;&#x53EF;&#x4EE5;&#x670D;&#x7528;&#x6B62;&#x75DB;&#x836F;&#x5E2E;&#x52A9;&#x7761;&#x7720;&#x3002;</p><p>3.&#x672F;&#x540E;&#x524D;3&#x5929;&#x8FDB;&#x8F6F;&#x6D41;&#x98DF;&#xFF0C;&#x907F;&#x514D;&#x8FC7;&#x70ED;&#x98DF;&#x7269;&#xFF0C;&#x4E0D;&#x80FD;&#x7528;&#x5438;&#x7BA1;&#xFF0C;&#x53EF;&#x4EE5;&#x7528;&#x52FA;&#x3002;&#x8FDB;&#x98DF;&#x540E;&#x6CE8;&#x610F;&#x6F31;&#x53E3;&#x3002;&#x672F;&#x540E;1&#x5468;&#x5185;&#x5FCC;&#x70DF;&#x9152;&#x3001;&#x9C7C;&#x867E;&#x3001;&#x8F9B;&#x8FA3;&#x523A;&#x6FC0;&#x98DF;&#x7269;&#x3002;</p><p>4.&#x672F;&#x540E;7&#x5929;&#x62C6;&#x7EBF;&#x3002;1&#x5468;&#x5185;&#x5507;&#x90E8;&#x907F;&#x514D;&#x5938;&#x5F20;&#x8868;&#x60C5;&#xFF0C;&#x5C3D;&#x91CF;&#x5C11;&#x8BF4;&#x8BDD;&#xFF0C;&#x907F;&#x514D;&#x5927;&#x7B11;&#x4EE5;&#x53CA;&#x7528;&#x529B;&#x54C8;&#x6B20;&#x3002;&#x53EF;&#x4EE5;&#x5237;&#x7259;&#xFF0C;&#x4F46;&#x6CE8;&#x610F;&#x8F7B;&#x67D4;&#xFF0C;&#x52FF;&#x89E6;&#x78B0;&#x4F24;&#x53E3;&#x3002;</p><p>5.&#x672F;&#x540E;&#x672F;&#x533A;&#x51FA;&#x73B0;&#x6C34;&#x80BF;&#x3001;&#x9752;&#x7D2B;&#x3001;&#x6DE4;&#x8840;&#x7B49;&#xFF0C;&#x5C5E;&#x4E8E;&#x6B63;&#x5E38;&#x73B0;&#x8C61;&#xFF0C;&#x4E00;&#x822C;&#x5728;&#x672F;&#x540E;2-3&#x5929;&#x65F6;&#x6C34;&#x80BF;&#x6700;&#x5389;&#x5BB3;&#xFF0C;&#x53EF;&#x5728;&#x672F;&#x540E;4&#x5929;&#x65F6;&#x5F00;&#x59CB;&#x670D;&#x7528;&#x6D88;&#x80BF;&#x836F;&#x3002;&#x5927;&#x90E8;&#x5206;&#x5728;1-2&#x5468;&#x540E;&#x9010;&#x6E10;&#x6D88;&#x9000;&#xFF0C;&#x5982;&#x53D1;&#x73B0;&#x80BF;&#x80C0;&#x6DE4;&#x8840;&#x6216;&#x75BC;&#x75DB;&#x52A0;&#x5267;&#x3001;&#x51FA;&#x8840;&#x7B49;&#x7B49;&#xFF0C;&#x8BF7;&#x7ACB;&#x5373;&#x8054;&#x7CFB;&#x533B;&#x751F;&#x3002;</p><p>6 .&#x672F;&#x540E;7&#x5929;&#x62C6;&#x7EBF;&#xFF0C;&#x672F;&#x540E;&#x53EF;&#x80FD;&#x51FA;&#x73B0;&#x5507;&#x90E8;&#x5C40;&#x90E8;&#x9EBB;&#x6728;&#x6216;&#x611F;&#x89C9;&#x8FDF;&#x949D;&#xFF0C;&#x4E00;&#x822C;&#x534A;&#x5E74;&#x5DE6;&#x53F3;&#x9010;&#x6E10;&#x6062;&#x590D;&#x3002;</p><p>8.&#x7622;&#x75D5;&#x4E00;&#x822C;&#x5728;&#x672F;&#x540E;3&#x4E2A;&#x6708;&#x5230;&#x534A;&#x5E74;&#x5DE6;&#x53F3;&#x7A33;&#x5B9A;&#xFF0C;&#x8FD9;&#x6BB5;&#x65F6;&#x95F4;&#x4ECD;&#x7136;&#x5C3D;&#x91CF;&#x907F;&#x514D;&#x8FC7;&#x5927;&#x8868;&#x60C5;&#xFF0C;&#x53EF;&#x4EE5;&#x5916;&#x7528;&#x6297;&#x7622;&#x75D5;&#x836F;&#x9884;&#x9632;&#x3002;</p><p>9.&#x5982;&#x9700;&#x4FEE;&#x590D;&#xFF0C;&#x9700;&#x7B49;&#x5230;&#x81F3;&#x5C11;6&#x4E2A;&#x6708;&#x540E;&#x3002;</p>"},"GoodPoint":{"name":"缺点及风险","content":"<p>1.&#x672F;&#x540E;&#x6548;&#x679C;&#x660E;&#x663E;&#xFF0C;&#x5728;&#x4FEE;&#x8584;&#x5634;&#x5507;&#x7684;&#x540C;&#x65F6;&#x8FD8;&#x53EF;&#x5851;&#x9020;&#x5507;&#x5F62;&#x3002;</p><p>2.&#x6548;&#x679C;&#x6C38;&#x4E45;&#x3002;</p>"},"BadPoint":{"name":"术前锦囊","content":"<p>1.&#x6062;&#x590D;&#x671F;&#x8F83;&#x957F;&#x3001;&#x80BF;&#x80C0;&#x671F;1-3&#x4E2A;&#x6708;&#xFF0C;&#x5B8C;&#x5168;&#x81EA;&#x7136;&#x8981;6&#x4E2A;&#x6708;&#x3002;</p><p>2.&#x672F;&#x540E;3-6&#x4E2A;&#x6708;&#x5185;&#x53EF;&#x80FD;&#x51FA;&#x73B0;&#x53E3;&#x75A4;&#x75D5;&#x786C;&#x3001;&#x9F13;&#x8D77;&#xFF0C;&#x7B11;&#x4E0D;&#x5F00;&#xFF0C;&#x8868;&#x60C5;&#x4E0D;&#x81EA;&#x7136;&#x3002;</p><p>3.&#x53EF;&#x80FD;&#x4E0D;&#x5BF9;&#x79F0;&#x3001;&#x5F62;&#x6001;&#x4E0D;&#x6EE1;&#x610F;&#x3002;</p><p>4.&#x672F;&#x540E;&#x53EF;&#x80FD;&#x51FA;&#x73B0;&#x5507;&#x90E8;&#x5C40;&#x90E8;&#x9EBB;&#x6728;&#x6216;&#x611F;&#x89C9;&#x8FDF;&#x949D;&#xFF0C;&#x4E00;&#x822C;&#x534A;&#x5E74;&#x5DE6;&#x53F3;&#x9010;&#x6E10;&#x6062;&#x590D;&#x3002;</p>"}}