{"Title":"超声溶脂","Related":{"name":"关联百科","content":[{"relatedId":"561","name":"射频溶脂"},{"relatedId":"559","name":"冷冻溶脂"},{"relatedId":"728","name":"光纤溶脂"}]},"ShorDesc":{"name":"简介","content":"<p>&#x9002;&#x5E94;&#x75C7;&#xFF1A;&#x8774;&#x8776;&#x8896;&#x3001;&#x8170;&#x8179;&#x6709;&#x8D58;&#x8089;&#x3001;&#x5927;&#x817F;&#x7C97;&#x3001;&#x5C0F;&#x817F;&#x7C97;&#x3001;&#x53CC;&#x4E0B;&#x5DF4;&#x3001;&#x8138;&#x80D6;&#x3001;&#x5A74;&#x513F;&#x80A5;&#x3001;&#x9762;&#x90E8;&#x76AE;&#x80A4;&#x677E;&#x5F1B;&#x4E0B;&#x5782;&#x3001;&#x8EAB;&#x4F53;&#x76AE;&#x80A4;&#x677E;&#x5F1B;</p><p>&#x901A;&#x8FC7;&#x8D85;&#x58F0;&#x6CE2;&#x673A;&#x68B0;&#x632F;&#x52A8;&#x6216;&#x8005;&#x70ED;&#x4F5C;&#x7528;&#x7834;&#x574F;&#x8102;&#x80AA;&#x7EC6;&#x80DE;&#x3001;&#x8BA9;&#x8102;&#x80AA;&#x7EC6;&#x80DE;&#x574F;&#x6B7B;&#x5E76;&#x901A;&#x8FC7;&#x8EAB;&#x4F53;&#x81EA;&#x7136;&#x4EE3;&#x8C22;&#x6392;&#x51FA;&#x4F53;&#x5916;&#x3002;&#x8D85;&#x58F0;&#x6EB6;&#x8102;&#x80FD;&#x529B;&#x96C6;&#x4E2D;&#xFF0C;&#x53EF;&#x5BF9;&#x6DF1;&#x5C42;&#x8102;&#x80AA;&#x7EC6;&#x80DE;&#x8D77;&#x4F5C;&#x7528;&#x3002;</p>"},"Property":{"name":"档案","content":["\n                <li>&#x6CBB;&#x7597;&#x65B9;&#x5F0F;&#xFF1A;<span>&#x5149;&#x7535;&#xFF08;&#x65E0;&#x521B;&#xFF09;</span></li>\n                <li>&#x75BC;&#x75DB;&#x611F;&#xFF1A;<span>1&#x9897;&#x661F;</span><a href=\"gengmei://common_webview?url=http://backend.gmei.com/hybrid/ache_level\">&#x67E5;&#x770B;&#x75BC;&#x75DB;&#x5206;&#x7EA7;</a></li>\n                <li>&#x7EF4;&#x6301;&#x65F6;&#x95F4;&#xFF1A;<span>&#x6C38;&#x4E45;</span></li>\n                <li>&#x6CBB;&#x7597;&#x65F6;&#x95F4;&#xFF1A;<span>60-90&#x5206;&#x949F;</span></li>\n                <li>&#x53C2;&#x8003;&#x4EF7;&#x683C;&#xFF1A;<span>10000-30000</span></li>\n                <li>&#x9EBB;&#x9189;&#x65B9;&#x5F0F;&#xFF1A;<span>&#x65E0;</span></li>\n                <li>&#x662F;&#x5426;&#x4F4F;&#x9662;&#xFF1A;<span>&#x5426;</span></li>\n                \n                <li>&#x62C6;&#x7EBF;&#x65F6;&#x95F4;&#xFF1A;<span>0-0&#x5929;</span></li>\n            "]},"Desc":{"name":"项目／手术原理","content":"<p>&#x76EE;&#x524D;&#xFF0C;&#x56FD;&#x9645;&#x4E0A;&#x6BD4;&#x8F83;&#x77E5;&#x540D;&#x7684;&#x8D85;&#x58F0;&#x6EB6;&#x8102;&#x4EEA;&#x5668;&#x6709;&#xFF1A;</p><p>1.&#x7F8E;&#x56FD;SOLTA&#x516C;&#x53F8;&#x7814;&#x53D1;&#x7684;&#x70ED;&#x7ACB;&#x5851;Liposonix&#x3002;</p><p>2.&#x7F8E;&#x56FD;&#x8D5B;&#x8BFA;&#x9F99;&#xFF08;Syneron&#xFF09;&#x516C;&#x53F8;&#x7814;&#x53D1;&#x7684;&#x4F18;&#x7ACB;&#x5851;UltraShape&#x3002;</p><p><img src=\"http://hera.s.gmei.com/2016/10/11/bac8f4447e\" style=\"width: 325px;\"><br></p>"},"Sample":{"name":"效果示例","content":"<img src=\"http://hera.s.gmei.com/itemwiki/2016/10/11/af75259efd-w\">"},"BeforIdear":{"name":"效果示例","content":"<p>1.&#x5973;&#x6027;&#x5E94;&#x907F;&#x5F00;&#x598A;&#x5A20;&#x671F;&#x3001;&#x54FA;&#x4E73;&#x671F;&#x3002;</p><p>2.&#x6CBB;&#x7597;&#x524D;&#x6E05;&#x6D01;&#x6CBB;&#x7597;&#x90E8;&#x4F4D;&#x3002;</p><p>3.&#x6D82;&#x62B9;&#x8868;&#x9762;&#x9EBB;&#x9189;&#x836F;&#xFF08;&#x6709;&#x4E9B;&#x4EEA;&#x5668;&#x5219;&#x4E0D;&#x9700;&#x8981;&#xFF09;&#x3002;</p><p>4.&#x6CBB;&#x7597;&#x90E8;&#x4F4D;&#x6709;&#x521B;&#x53E3;&#x5E94;&#x7B49;&#x521B;&#x53E3;&#x6062;&#x590D;&#x540E;&#x518D;&#x6CBB;&#x7597;&#xFF0C;&#x4EE5;&#x514D;&#x611F;&#x67D3;&#x3002;</p>"},"AfterIdear":{"name":"优点","content":"<p>1.&#x6CBB;&#x7597;&#x540E;&#x591A;&#x559D;&#x6C34;&#x53EF;&#x52A0;&#x901F;&#x8102;&#x80AA;&#x4EE3;&#x8C22;&#x3002;</p><p>2.&#x6CBB;&#x7597;&#x540E;&#x5F53;&#x5929;&#x7981;&#x6B62;&#x6D17;&#x6FA1;&#x3002;</p><p>3.&#x6CBB;&#x7597;&#x540E;&#x6CE8;&#x610F;&#x8282;&#x98DF;&#x3001;&#x8FD0;&#x52A8;&#x3002;</p><p>4.&#x6CBB;&#x7597;&#x540E;&#x6CE8;&#x610F;&#x7761;&#x7720;&#x3002;</p>"},"GoodPoint":{"name":"缺点及风险","content":"<p>1.&#x65E0;&#x9700;&#x5438;&#x8102;&#x3001;&#x65E0;&#x521B;&#x3001;&#x65E0;&#x6062;&#x590D;&#x671F;&#x3002;</p><p>2.&#x5B89;&#x5168;&#x7A33;&#x5B9A;&#x3001;&#x98CE;&#x9669;&#x6781;&#x4F4E;&#x3002;</p><p>3.&#x7834;&#x574F;&#x8102;&#x80AA;&#x6548;&#x679C;&#x663E;&#x8457;&#x3002;</p>"},"BadPoint":{"name":"术前锦囊","content":"<p>1.&#x8D85;&#x58F0;&#x6EB6;&#x8102;&#x53EA;&#x9002;&#x5408;&#x5C40;&#x90E8;&#x8102;&#x80AA;&#x80A5;&#x539A;&#x7684;&#x4EBA;&#x7FA4;&#xFF0C;&#x65E0;&#x6CD5;&#x4E00;&#x6B21;&#x6027;&#x6539;&#x5584;&#x5168;&#x8EAB;&#x6027;&#x80A5;&#x80D6;&#x95EE;&#x9898;&#x3002;</p><p>2.&#x5C11;&#x6570;&#x4EBA;&#x6CBB;&#x7597;&#x540E;&#x53EF;&#x80FD;&#x4F1A;&#x51FA;&#x73B0;&#x80BF;&#x80C0;&#x3001;&#x9178;&#x75DB;&#x611F;&#x53CA;&#x6DE4;&#x9752;&#xFF0C;&#x662F;&#x6B63;&#x5E38;&#x73B0;&#x8C61;&#x3002;</p><p>3.&#x6CBB;&#x7597;&#x540E;2&#x4E2A;&#x6708;&#x5DE6;&#x53F3;&#x624D;&#x4F1A;&#x770B;&#x5230;&#x660E;&#x663E;&#x7684;&#x6548;&#x679C;&#x3002;</p>"}}