{"Title":"手术祛腋臭","Related":{"name":"关联百科","content":[{"relatedId":"748","name":"肉毒素祛腋臭"},{"relatedId":"747","name":"激光祛腋臭"}]},"ShorDesc":{"name":"简介","content":"<p>&#x9002;&#x5E94;&#x75C7;&#xFF1A;&#x814B;&#x81ED;</p><p>&#x901A;&#x8FC7;&#x624B;&#x672F;&#x7684;&#x65B9;&#x6CD5;&#x7834;&#x574F;&#x53BB;&#x9664;&#x814B;&#x4E0B;&#x6C57;&#x817A;&#x4ECE;&#x800C;&#x963B;&#x6B62;&#x6C57;&#x6DB2;&#x6392;&#x51FA;&#xFF0C;&#x4ECE;&#x6839;&#x672C;&#x4E0A;&#x8FBE;&#x5230;&#x53BB;&#x9664;&#x6C57;&#x81ED;&#x5473;&#x7684;&#x76EE;&#x7684;&#x3002;</p>"},"Property":{"name":"档案","content":["\n                <li>&#x6CBB;&#x7597;&#x65B9;&#x5F0F;&#xFF1A;<span>&#x624B;&#x672F;</span></li>\n                <li>&#x75BC;&#x75DB;&#x611F;&#xFF1A;<span>0&#x9897;&#x661F;</span><a href=\"gengmei://common_webview?url=http://backend.gmei.com/hybrid/ache_level\">&#x67E5;&#x770B;&#x75BC;&#x75DB;&#x5206;&#x7EA7;</a></li>\n                <li>&#x7EF4;&#x6301;&#x65F6;&#x95F4;&#xFF1A;<span>&#x6C38;&#x4E45;</span></li>\n                <li>&#x6CBB;&#x7597;&#x65F6;&#x95F4;&#xFF1A;<span>90-180&#x5206;&#x949F;</span></li>\n                <li>&#x53C2;&#x8003;&#x4EF7;&#x683C;&#xFF1A;<span>1000-5000</span></li>\n                <li>&#x9EBB;&#x9189;&#x65B9;&#x5F0F;&#xFF1A;<span>&#x5C40;&#x9EBB;&#xFF0F;&#x5168;&#x9EBB;</span></li>\n                <li>&#x662F;&#x5426;&#x4F4F;&#x9662;&#xFF1A;<span>&#x5426;</span></li>\n                \n                <li>&#x62C6;&#x7EBF;&#x65F6;&#x95F4;&#xFF1A;<span>5-7&#x5929;</span></li>\n            "]},"Desc":{"name":"项目／手术原理","content":"<p>1. &#x9EBB;&#x9189;&#xFF0C;&#x753B;&#x7EBF;&#x5207;&#x5F00;&#x3002;</p><p>2. &#x5207;&#x9664;&#x6C57;&#x817A;&#x3002;</p><p>3. &#x7F1D;&#x5408;&#x5305;&#x624E;&#x3002;</p><p><img src=\"http://hera.s.gmei.com/2016/10/11/48cc79985f\" style=\"width: 511px;\"><br></p>"},"Sample":{"name":"效果示例","content":"<img src=\"http://hera.s.gmei.com/itemwiki/2016/10/11/71d913edf1-w\">"},"BeforIdear":{"name":"效果示例","content":"<p>1&#x3001;&#x5973;&#x6027;&#x907F;&#x5F00;&#x4F8B;&#x5047;&#x671F;&#xFF0C;&#x907F;&#x514D;&#x51FA;&#x8840;&#x589E;&#x591A;&#x6216;&#x80BF;&#x80C0;&#x52A0;&#x91CD;&#x3002;</p><p>2&#x3001;&#x624B;&#x672F;&#x524D;&#x4E24;&#x5468;&#x5185;&#xFF0C;&#x8BF7;&#x52FF;&#x670D;&#x7528;&#x56FA;&#x9187;&#x6FC0;&#x7D20;&#x548C;&#x963F;&#x65AF;&#x5339;&#x6797;&#x7C7B;&#x6297;&#x51DD;&#x836F;&#x7269;&#x3002;</p><p>3&#x3001;&#x598A;&#x5A20;&#x524D;&#x671F;(&#x4E09;&#x4E2A;&#x6708;)&#x6216;&#x598A;&#x5A20;&#x540E;&#x671F;(&#x4E09;&#x4E2A;&#x6708;)&#x6682;&#x7F13;&#x624B;&#x672F;&#x3002;</p><p>4&#x3001;&#x672F;&#x524D;&#x9700;&#x8FDB;&#x884C;&#x5E38;&#x89C4;&#x8840;&#x6DB2;&#x3001;&#x5C3F;&#x6DB2;&#x3001;&#x5FC3;&#x7535;&#x56FE;&#x3001;&#x8840;&#x538B;&#x68C0;&#x67E5;&#xFF0C;&#x5982;&#x6709;&#x5FC5;&#x987B;&#x9700;&#x505A;CT&#x68C0;&#x67E5;&#x3002;&#xA0;</p><p>5&#x3001;&#x672F;&#x524D;&#x4E00;&#x5929;&#x5EFA;&#x8BAE;&#x6C90;&#x6D74;&#x6D17;&#x5E72;&#x51C0;&#x5168;&#x8EAB;&#xFF0C;&#x624B;&#x672F;&#x5F53;&#x5929;&#x7A7F;&#x5BBD;&#x677E;&#x7684;&#x8863;&#x670D;&#x65B9;&#x4FBF;&#x672F;&#x540E;&#x5305;&#x624E;&#x3002;</p>"},"AfterIdear":{"name":"优点","content":"<p>1&#x3001;&#x672F;&#x540E;&#x77ED;&#x65F6;&#x95F4;&#x4E4B;&#x5185;&#x8981;&#x907F;&#x514D;&#x505A;&#x5267;&#x70C8;&#x8FD0;&#x52A8;&#x3002;</p><p>2&#x3001;&#x4FDD;&#x6301;&#x814B;&#x4E0B;&#x6E05;&#x6D01;&#x3001;&#x5E72;&#x71E5;&#xFF0C;&#x4EE5;&#x514D;&#x51FA;&#x73B0;&#x53D1;&#x708E;&#x3002;</p><p>3.&#x4E00;&#x5468;&#x5185;&#x5E94;&#x8BE5;&#x907F;&#x514D;&#x4E0A;&#x80A2;&#x9AD8;&#x4E3E;&#xFF0C;&#x62CE;&#x91CD;&#x7269;&#x7B49;&#xFF0C;&#x4E0A;&#x81C2;&#x5C3D;&#x91CF;&#x4FDD;&#x6301;&#x5411;&#x4E0B;&#x4F4E;&#x4F4D;&#x4E3A;&#x5408;&#x9002;&#xFF0C;&#x4EE5;&#x4FBF;&#x4E8E;&#x4F24;&#x53E3;&#x66F4;&#x597D;&#x7684;&#x6062;&#x590D;&#x3002;</p>"},"GoodPoint":{"name":"缺点及风险","content":"<p>1&#x3001;&#x53EF;&#x6839;&#x6CBB;&#x814B;&#x81ED;&#x3002;</p><p>2&#x3001;&#x75A4;&#x75D5;&#x4E0D;&#x660E;&#x663E;&#x3002;</p>"},"BadPoint":{"name":"术前锦囊","content":"<p>1&#x3001;&#x4F1A;&#x4EA7;&#x751F;&#x75A4;&#x75D5;&#x3002;</p><p>2&#x3001;&#x53EF;&#x80FD;&#x611F;&#x67D3;&#x3002;</p>"}}