{"Title":"果酸换肤","Related":{"name":"关联百科","content":[{"relatedId":"302","name":"光子嫩肤"},{"relatedId":"303","name":"祛黑头"},{"relatedId":"663","name":"缩毛孔"},{"relatedId":"429","name":"白瓷娃娃"},{"relatedId":"654","name":"OPT美肤"},{"relatedId":"655","name":"IPL美肤"},{"relatedId":"653","name":"DPL美肤"},{"relatedId":"295","name":"黑脸娃娃"}]},"ShorDesc":{"name":"简介","content":"<p><span style=\"text-indent: 28px;\">&#x679C;&#x9178;&#x6362;&#x80A4;&#xFF0C;&#x662F;&#x4F7F;&#x7528;&#x9AD8;&#x6D53;&#x5EA6;&#x7684;&#x679C;&#x9178;&#x8FDB;&#x884C;&#x76AE;&#x80A4;</span><span style=\"text-indent: 28px;\">&#x89D2;&#x8D28;</span><span style=\"text-indent: 28px;\">&#x7684;&#x5265;&#x79BB;&#x4F5C;&#x7528;&#xFF0C;&#x4FC3;&#x4F7F;&#x8001;&#x5316;&#x89D2;&#x8D28;&#x5C42;&#x8131;&#x843D;&#xFF0C;</span><span style=\"text-indent: 28px;\">&#x4FC3;&#x8FDB;&#x771F;&#x76AE;&#x5C42;&#x5185;&#x5F39;&#x6027;&#x7EA4;&#x7EF4;&#x589E;&#x751F;&#xFF0C;&#x5BF9;&#x6D45;&#x5C42;&#x75D8;&#x75A4;&#x6709;&#x8F83;&#x597D;&#x7597;&#x6548;&#xFF0C;&#x4E5F;&#x80FD;&#x6539;&#x5584;</span><span style=\"outline-color: initial; outline-style: initial; text-indent: 28px;\">&#x6BDB;&#x5B54;&#x7C97;&#x5927;&#xFF0C;&#x8FBE;&#x5230;&#x5AE9;&#x80A4;&#x7684;&#x6548;&#x679C;&#x3002;</span><br></p><p>&#x9002;&#x5E94;&#x75C7;&#xFF1A;&#x80A4;&#x8272;&#x6697;&#x9EC4;&#xFF0C;&#x75D8;&#x5370;&#xFF0C;&#x7EC6;&#x7EB9;</p><p><br></p>"},"Property":{"name":"档案","content":["\n                <li>&#x6CBB;&#x7597;&#x65B9;&#x5F0F;&#xFF1A;<span>&#x5149;&#x7535;&#xFF08;&#x65E0;&#x521B;&#xFF09;</span></li>\n                <li>&#x75BC;&#x75DB;&#x611F;&#xFF1A;<span>1&#x9897;&#x661F;</span><a href=\"gengmei://common_webview?url=http://backend.gmei.com/hybrid/ache_level\">&#x67E5;&#x770B;&#x75BC;&#x75DB;&#x5206;&#x7EA7;</a></li>\n                <li>&#x7EF4;&#x6301;&#x65F6;&#x95F4;&#xFF1A;<span>&#x56E0;&#x4EBA;&#x800C;&#x5F02;</span></li>\n                <li>&#x6CBB;&#x7597;&#x65F6;&#x95F4;&#xFF1A;<span>20-30&#x5206;&#x949F;</span></li>\n                <li>&#x53C2;&#x8003;&#x4EF7;&#x683C;&#xFF1A;<span>500-2000</span></li>\n                <li>&#x9EBB;&#x9189;&#x65B9;&#x5F0F;&#xFF1A;<span>&#x65E0;</span></li>\n                <li>&#x662F;&#x5426;&#x4F4F;&#x9662;&#xFF1A;<span>&#x5426;</span></li>\n                \n                <li>&#x62C6;&#x7EBF;&#x65F6;&#x95F4;&#xFF1A;<span>0-0&#x5929;</span></li>\n            "]},"Desc":{"name":"项目／手术原理","content":"<p>&#x679C;&#x9178;&#x6362;&#x80A4;&#x6CBB;&#x7597;&#x8FC7;&#x7A0B;&#xFF1A;</p><p>1&#x3001;&#x6E05;&#x6D17;&#x60A3;&#x90E8;&#x3002;</p><p>2&#x3001;&#x6D82;&#x62B9;&#x679C;&#x9178;&#x3002;</p><p>3&#x3001;&#x55B7;&#x4E0A;&#x4E2D;&#x548C;&#x6DB2;&#x3002;</p><p>4&#x3001;&#x51B0;&#x6577;&#x3001;&#x6D82;&#x4E0A;&#x8425;&#x517B;&#x971C;&#x3002;</p><p><img src=\"http://hera.s.gmei.com/2016/10/12/cc42149d1c\" style=\"width: 522px;\"><br></p>"},"Sample":{"name":"效果示例","content":"<img src=\"http://hera.s.gmei.com/itemwiki/2016/10/12/17c3ecfddc-w\">"},"BeforIdear":{"name":"效果示例","content":"<p>1.&#x7D20;&#x989C;&#x3001;&#x6E05;&#x6D01;&#x76AE;&#x80A4;&#x3002;</p><p>2.&#x6CBB;&#x7597;&#x524D;1&#x4E2A;&#x6708;&#x5185;&#x4E25;&#x7981;&#x66B4;&#x6652;&#x3002;</p>"},"AfterIdear":{"name":"优点","content":"<p>1.&#x672F;&#x540E;&#x5F53;&#x5929;&#x51B0;&#x6577;&#xFF0C;&#x6301;&#x7EED;&#x4F7F;&#x7528;&#x4FEE;&#x590D;&#x7C7B;&#x4EA7;&#x54C1;&#xFF0C;&#x4E25;&#x683C;&#x9632;&#x6652;&#x3002;</p><p>2.&#x672F;&#x540E;&#x4E00;&#x5468;&#x5185;&#x51B7;&#x6C34;&#x6D17;&#x8138;&#xFF0C;&#x505C;&#x7528;&#x523A;&#x6FC0;&#x6027;&#x5316;&#x5986;&#x54C1;&#xFF0C;&#x4E0D;&#x80FD;&#x6414;&#x6293;&#x3002;</p><p>3.&#x7981;&#x70DF;&#x9152;&#x53CA;&#x8F9B;&#x8FA3;&#x523A;&#x6FC0;&#x6027;&#x98DF;&#x7269;&#x3002;</p>"},"GoodPoint":{"name":"缺点及风险","content":"<p>1&#x3001;&#x5B89;&#x5168;&#x6027;&#x597D;</p><p>2&#x3001;&#x8D39;&#x7528;&#x4F4E;</p>"},"BadPoint":{"name":"术前锦囊","content":"<p>1. &#x591A;&#x6B21;&#x91CD;&#x590D;&#xFF0C;&#x7597;&#x7A0B;&#x8F83;&#x957F;&#x3002;</p><p>2. &#x6062;&#x590D;&#x65F6;&#x95F4;&#x8F83;&#x957F;&#x3002;</p><p>3. &#x64CD;&#x4F5C;&#x4E0D;&#x5F53;&#xFF0C;&#x6613;&#x9020;&#x6210;&#x76AE;&#x80A4;&#x635F;&#x4F24;&#x3002;</p>"}}