{"Title":"手术大拉皮","Related":{"name":"关联百科","content":[{"relatedId":"722","name":"手术小拉皮"},{"relatedId":"481","name":"埋线提升"},{"relatedId":"717","name":"射频提升"},{"relatedId":"480","name":"超声刀"},{"relatedId":"718","name":"电波拉皮"}]},"ShorDesc":{"name":"简介","content":"<p>&#x9002;&#x5E94;&#x75C7;&#xFF1A;&#x62AC;&#x5934;&#x7EB9;&#x3001;&#x9C7C;&#x5C3E;&#x7EB9;&#x3001;&#x9888;&#x7EB9;&#x3001;&#x6CD5;&#x4EE4;&#x7EB9;</p><p>&#x7531;&#x4E8E;&#x9762;&#x90E8;&#x76AE;&#x80A4;&#x677E;&#x5F1B;&#x4E0B;&#x5782;&#xFF0C;&#x901A;&#x8FC7;&#x836F;&#x7269;&#x3001;&#x7269;&#x7406;&#x7B49;&#x65B9;&#x6CD5;&#x6CBB;&#x7597;&#x65E0;&#x6548;&#x65F6;&#xFF0C;&#x91C7;&#x53D6;&#x7684;&#x4F7F;&#x9762;&#x90E8;&#x76AE;&#x80A4;&#x63D0;&#x7D27;&#x3001;&#x76B1;&#x7EB9;&#x51CF;&#x8F7B;&#x6D88;&#x9664;&#x7684;&#x9762;&#x90E8;&#x5E74;&#x8F7B;&#x5316;&#x624B;&#x672F;&#x3002;</p>"},"Property":{"name":"档案","content":["\n                <li>&#x6CBB;&#x7597;&#x65B9;&#x5F0F;&#xFF1A;<span>&#x624B;&#x672F;</span></li>\n                <li>&#x75BC;&#x75DB;&#x611F;&#xFF1A;<span>4&#x9897;&#x661F;</span><a href=\"gengmei://common_webview?url=http://backend.gmei.com/hybrid/ache_level\">&#x67E5;&#x770B;&#x75BC;&#x75DB;&#x5206;&#x7EA7;</a></li>\n                <li>&#x7EF4;&#x6301;&#x65F6;&#x95F4;&#xFF1A;<span>10&#x5E74;&#x4EE5;&#x4E0A;</span></li>\n                <li>&#x6CBB;&#x7597;&#x65F6;&#x95F4;&#xFF1A;<span>120-180&#x5206;&#x949F;</span></li>\n                <li>&#x53C2;&#x8003;&#x4EF7;&#x683C;&#xFF1A;<span>30000-60000</span></li>\n                <li>&#x9EBB;&#x9189;&#x65B9;&#x5F0F;&#xFF1A;<span>&#x5C40;&#x9EBB;&#xFF0F;&#x5168;&#x9EBB;</span></li>\n                <li>&#x662F;&#x5426;&#x4F4F;&#x9662;&#xFF1A;<span>&#x5426;</span></li>\n                \n                <li>&#x62C6;&#x7EBF;&#x65F6;&#x95F4;&#xFF1A;<span>7-14&#x5929;</span></li>\n            "]},"Desc":{"name":"项目／手术原理","content":"<p>1.&#x5728;&#x53D1;&#x9645;&#x5185;&#x3001;&#x8033;&#x65C1;&#x6216;&#x8033;&#x540E;&#x9690;&#x853D;&#x5904;&#x9009;&#x62E9;&#x5207;&#x53E3;&#x3002;</p><p>2.&#x5C06;&#x9762;&#x90E8;&#x677E;&#x5F1B;&#x7684;&#x76AE;&#x80A4;&#x5411;&#x540E;&#x5411;&#x4E0A;&#x63D0;&#x7D27;&#x3002;</p><p>3.&#x5207;&#x9664;&#x591A;&#x4F59;&#x7684;&#x76AE;&#x80A4;&#x3002;</p><p>4.&#x540C;&#x65F6;&#x5C06;&#x9762;&#x90E8;&#x6DF1;&#x90E8;&#x7B4B;&#x819C;&#x5C42;&#x4E5F;&#x62C9;&#x7D27;&#x3002;</p><p><img src=\"http://hera.s.gmei.com/2016/10/12/b1b546739b\" style=\"width: 411px;\"><br></p>"},"Sample":{"name":"效果示例","content":"<img src=\"http://hera.s.gmei.com/itemwiki/2016/10/12/407a1f8fe4-w\">"},"BeforIdear":{"name":"效果示例","content":"<p>1.&#x672F;&#x524D;&#x4E00;&#x5929;&#x6D17;&#x6FA1;&#x3001;&#x6D17;&#x5934;&#xFF0C;&#x672F;&#x533A;&#x76AE;&#x80A4;&#x5E94;&#x7740;&#x91CD;&#x6E05;&#x6D17;&#x3002;</p><p>2.&#x672F;&#x524D;1&#x4E2A;&#x6708;&#x4E0D;&#x80FD;&#x670D;&#x7528;&#x6297;&#x51DD;&#x836F;&#x7269;&#x3002;</p><p>3.&#x672F;&#x524D;&#x914D;&#x5408;&#x533B;&#x751F;&#x505A;&#x597D;&#x5168;&#x9762;&#x7684;&#x8EAB;&#x4F53;&#x68C0;&#x67E5;&#xFF0C;&#x5C24;&#x5176;&#x662F;&#x51DD;&#x8840;&#x529F;&#x80FD;&#x662F;&#x5426;&#x6B63;&#x5E38;&#x3002;</p><p>4.&#x672F;&#x524D;4&#x5C0F;&#x65F6;&#x4E0D;&#x80FD;&#x8FDB;&#x98DF;&#x3001;&#x996E;&#x6C34;&#x3002;</p>"},"AfterIdear":{"name":"优点","content":"<p>1.&#x5168;&#x9EBB;&#x672F;&#x540E;6&#x5C0F;&#x65F6;&#x5185;&#x4E0D;&#x80FD;&#x8FDB;&#x98DF;&#x996E;&#x6C34;&#x3002;</p><p>2.&#x672F;&#x540E;24-48&#x5C0F;&#x65F6;&#x62D4;&#x51FA;&#x5F15;&#x6D41;&#x6761;&#x3002;</p><p>3.&#x672F;&#x540E;2&#x5929;&#x5185;&#xFF0C;&#x5FC5;&#x987B;&#x5367;&#x5E8A;&#x4F11;&#x606F;&#x3001;&#x5403;&#x6D41;&#x8D28;&#x98DF;&#x7269;&#xFF08;&#x4F46;&#x4E0D;&#x80FD;&#x505A;&#x542E;&#x5438;&#x52A8;&#x4F5C;&#xFF09;&#x3002;</p><p>4.&#x62C6;&#x7EBF;&#x540E;&#x4E09;&#x5929;&#xFF0C;&#x7F1D;&#x7EBF;&#x90E8;&#x4F4D;&#x4F9D;&#x7136;&#x4E0D;&#x80FD;&#x6CBE;&#x6C34;&#x3002;&#x53EF;&#x7528;1-2%&#x7898;&#x4F0F;&#x6D17;&#x5934;&#x5E76;&#x7528;&#x6D41;&#x6C34;&#x6D17;&#x51C0;&#xFF0C;&#x64E6;&#x5E72;&#x5934;&#x53D1;&#xFF0C;&#x518D;&#x7528;&#x7898;&#x4F0F;&#x6D88;&#x6BD2;&#x672F;&#x533A;&#x3002;</p><p>5.&#x4F24;&#x53E3;&#x5904;&#x6D82;&#x62B9;&#x9884;&#x9632;&#x7622;&#x75D5;&#x589E;&#x751F;&#x836F;&#x7269;&#x5E76;&#x6234;3-6&#x4E2A;&#x6708;&#x7684;&#x5F39;&#x529B;&#x5934;&#x5957;&#x3002;</p><p>6.&#x672F;&#x540E;3-6&#x4E2A;&#x4E25;&#x7981;&#x70EB;&#x53D1;&#x67D3;&#x53D1;&#x3001;&#x6309;&#x6469;&#x3001;&#x70ED;&#x6577;&#x4EE5;&#x53CA;&#x4F7F;&#x7528;&#x5439;&#x98CE;&#x673A;&#x3002;</p>"},"GoodPoint":{"name":"缺点及风险","content":"<p>1.&#x53EF;&#x4ECE;&#x6839;&#x672C;&#x4E0A;&#x89E3;&#x51B3;&#x9762;&#x90E8;&#x8870;&#x8001;&#x5E26;&#x6765;&#x7684;&#x95EE;&#x9898;&#x3002;</p><p>2.&#x548C;&#x5176;&#x5B83;&#x65B9;&#x6CD5;&#x6BD4;&#xFF0C;&#x9664;&#x76B1;&#x3001;&#x6536;&#x7D27;&#x76AE;&#x80A4;&#x7684;&#x6548;&#x679C;&#x6700;&#x597D;&#x3002;</p><p>3.&#x548C;&#x5176;&#x5B83;&#x65B9;&#x6CD5;&#x6BD4;&#xFF0C;&#x7EF4;&#x6301;&#x65F6;&#x95F4;&#x6700;&#x957F;&#x3002;</p>"},"BadPoint":{"name":"术前锦囊","content":"<p>1.&#x624B;&#x672F;&#x521B;&#x4F24;&#x8F83;&#x5927;&#x3001;&#x6062;&#x590D;&#x671F;&#x957F;&#x3002;</p><p>2.&#x672F;&#x540E;&#x53EF;&#x80FD;&#x53D1;&#x751F;&#x7684;&#x5E76;&#x53D1;&#x75C7;&#x8F83;&#x591A;&#x3002;</p><p>3.&#x672F;&#x540E;&#x65E9;&#x671F;&#x75BC;&#x75DB;&#x611F;&#x8F83;&#x660E;&#x663E;&#x3002;</p><p>4.&#x53EF;&#x80FD;&#x53D1;&#x751F;&#x8840;&#x80BF;&#x3001;&#x76AE;&#x80A4;&#x574F;&#x6B7B;&#x3002;</p><p>5.&#x53EF;&#x80FD;&#x8272;&#x7D20;&#x6C89;&#x7740;&#x3001;&#x611F;&#x67D3;&#x3002;</p>"}}