{"Title":"祛红血丝","Related":{"name":"关联百科","content":[{"relatedId":"302","name":"光子嫩肤"},{"relatedId":"655","name":"IPL美肤"},{"relatedId":"653","name":"DPL美肤"},{"relatedId":"654","name":"OPT美肤"}]},"ShorDesc":{"name":"简介","content":"<p class=\"MsoNormal\" align=\"left\"><span style=\"font-family:\n&#x5B8B;&#x4F53;;mso-ascii-font-family:Calibri;mso-ascii-theme-font:minor-latin;mso-fareast-font-family:\n&#x5B8B;&#x4F53;;mso-fareast-theme-font:minor-fareast;mso-hansi-font-family:Calibri;\nmso-hansi-theme-font:minor-latin\">&#x9002;&#x5E94;&#x75C7;&#xFF1A;&#x7EA2;&#x8840;&#x4E1D;</span><span lang=\"EN-US\"><o:p></o:p></span></p><p>\n\n</p><p class=\"MsoNormal\" align=\"left\"><span style=\"font-family:\n&#x5B8B;&#x4F53;;mso-ascii-font-family:Calibri;mso-ascii-theme-font:minor-latin;mso-fareast-font-family:\n&#x5B8B;&#x4F53;;mso-fareast-theme-font:minor-fareast;mso-hansi-font-family:Calibri;\nmso-hansi-theme-font:minor-latin\">&#x7EA2;&#x8840;&#x4E1D;&#x5373;&#x6BDB;&#x7EC6;&#x8840;&#x7BA1;&#x6269;&#x5F20;&#x75C7;&#xFF0C;&#x4E3B;&#x8981;&#x4EA7;&#x751F;&#x539F;&#x56E0;&#x662F;&#x89D2;&#x8D28;&#x5C42;&#x53D7;&#x635F;&#x3001;&#x76AE;&#x80A4;&#x53D8;&#x8584;&#x3002;&#x56E0;&#x6B64;&#x6E05;&#x6DE1;&#x996E;&#x98DF;&#x3001;&#x907F;&#x514D;&#x8FC7;&#x5EA6;&#x65E5;&#x6652;&#x3001;&#x5FCC;&#x51B7;&#x70ED;&#x6C34;&#x4EA4;&#x66FF;&#x6D17;&#x8138;&#x3001;&#x5E73;&#x65E5;&#x4F7F;&#x7528;&#x533B;&#x5B66;&#x62A4;&#x80A4;&#x54C1;&#x5E2E;&#x52A9;&#x4FDD;&#x6E7F;&#x548C;&#x91CD;&#x5EFA;&#x89D2;&#x8D28;&#x5C42;&#x5C31;&#x53D8;&#x5F97;&#x5C24;&#x4E3A;&#x91CD;&#x8981;&#x3002;&#x8F7B;&#x5EA6;&#x7684;&#x3001;&#x4E0D;&#x660E;&#x663E;&#x7684;&#x7EA2;&#x8840;&#x4E1D;&#x53EF;&#x901A;&#x8FC7;&#x4F7F;&#x7528;&#x533B;&#x5B66;&#x62A4;&#x80A4;&#x54C1;&#x6765;&#x7F13;&#x6162;&#x6539;&#x5584;&#xFF1B;&#x660E;&#x663E;&#x7684;&#x3001;&#x4E25;&#x91CD;&#x7684;&#x7EA2;&#x8840;&#x4E1D;&#x5219;&#x9700;&#x8981;&#x901A;&#x8FC7;&#x5F3A;&#x8109;&#x51B2;&#x5149;&#x3001;&#x71C3;&#x6599;&#x8109;&#x51B2;&#x6FC0;&#x5149;&#x6765;&#x89E3;&#x51B3;&#x3002;</span><span lang=\"EN-US\"><o:p></o:p></span></p>"},"Property":{"name":"档案","content":["\n                <li>&#x6CBB;&#x7597;&#x65B9;&#x5F0F;&#xFF1A;<span>&#x5149;&#x7535;&#xFF08;&#x65E0;&#x521B;&#xFF09;</span></li>\n                <li>&#x75BC;&#x75DB;&#x611F;&#xFF1A;<span>1&#x9897;&#x661F;</span><a href=\"gengmei://common_webview?url=http://backend.gmei.com/hybrid/ache_level\">&#x67E5;&#x770B;&#x75BC;&#x75DB;&#x5206;&#x7EA7;</a></li>\n                <li>&#x7EF4;&#x6301;&#x65F6;&#x95F4;&#xFF1A;<span>&#x6C38;&#x4E45;</span></li>\n                <li>&#x6CBB;&#x7597;&#x65F6;&#x95F4;&#xFF1A;<span>30-60&#x5206;&#x949F;</span></li>\n                <li>&#x53C2;&#x8003;&#x4EF7;&#x683C;&#xFF1A;<span>2000-5000</span></li>\n                <li>&#x9EBB;&#x9189;&#x65B9;&#x5F0F;&#xFF1A;<span>&#x65E0;</span></li>\n                <li>&#x662F;&#x5426;&#x4F4F;&#x9662;&#xFF1A;<span>&#x5426;</span></li>\n                \n                <li>&#x62C6;&#x7EBF;&#x65F6;&#x95F4;&#xFF1A;<span>0-0&#x5929;</span></li>\n            "]},"Desc":{"name":"项目／手术原理","content":"<p class=\"MsoNormal\" align=\"left\"><span lang=\"EN-US\">1.</span><span style=\"font-family:&#x5B8B;&#x4F53;;mso-ascii-font-family:Calibri;mso-ascii-theme-font:minor-latin;\nmso-fareast-font-family:&#x5B8B;&#x4F53;;mso-fareast-theme-font:minor-fareast;mso-hansi-font-family:\nCalibri;mso-hansi-theme-font:minor-latin\">&#x6B63;&#x786E;&#x4F7F;&#x7528;&#x533B;&#x5B66;&#x62A4;&#x80A4;&#x54C1;&#xFF1A;&#x542B;&#x6709;&#x5BE1;&#x80BD;&#xFF08;</span><span lang=\"EN-US\">EGF</span><span style=\"font-family:&#x5B8B;&#x4F53;;mso-ascii-font-family:Calibri;\nmso-ascii-theme-font:minor-latin;mso-fareast-font-family:&#x5B8B;&#x4F53;;mso-fareast-theme-font:\nminor-fareast;mso-hansi-font-family:Calibri;mso-hansi-theme-font:minor-latin\">&#x8868;&#x76AE;&#x751F;&#x957F;&#x56E0;&#x5B50;&#x3001;</span><span lang=\"EN-US\">KGF</span><span style=\"font-family:&#x5B8B;&#x4F53;;mso-ascii-font-family:Calibri;\nmso-ascii-theme-font:minor-latin;mso-fareast-font-family:&#x5B8B;&#x4F53;;mso-fareast-theme-font:\nminor-fareast;mso-hansi-font-family:Calibri;mso-hansi-theme-font:minor-latin\">&#x89D2;&#x8D28;&#x7EC6;&#x80DE;&#x751F;&#x957F;&#x56E0;&#x5B50;&#x3001;</span><span lang=\"EN-US\">FGF</span><span style=\"font-family:&#x5B8B;&#x4F53;;mso-ascii-font-family:Calibri;\nmso-ascii-theme-font:minor-latin;mso-fareast-font-family:&#x5B8B;&#x4F53;;mso-fareast-theme-font:\nminor-fareast;mso-hansi-font-family:Calibri;mso-hansi-theme-font:minor-latin\">&#x6210;&#x7EA4;&#x7EF4;&#x7EC6;&#x80DE;&#x751F;&#x957F;&#x56E0;&#x5B50;&#x7B49;&#xFF09;&#x3001;&#x795E;&#x7ECF;&#x9170;&#x80FA;&#x3001;&#x5929;&#x7136;&#x4FDD;&#x6E7F;&#x56E0;&#x5B50;&#x3001;&#x6C34;&#x89E3;&#x80F6;&#x539F;&#x3001;&#x900F;&#x660E;&#x8D28;&#x9178;&#x3001;&#x3B2;</span><span lang=\"EN-US\">-</span><span style=\"font-family:&#x5B8B;&#x4F53;;mso-ascii-font-family:Calibri;\nmso-ascii-theme-font:minor-latin;mso-fareast-font-family:&#x5B8B;&#x4F53;;mso-fareast-theme-font:\nminor-fareast;mso-hansi-font-family:Calibri;mso-hansi-theme-font:minor-latin\">&#x8461;&#x805A;&#x7CD6;&#x3001;&#x5404;&#x79CD;&#x6C28;&#x57FA;&#x9178;&#x3001;&#x82A6;&#x835F;&#x53EF;&#x6709;&#x6548;&#x5E2E;&#x52A9;&#x4FEE;&#x590D;&#x5929;&#x7136;&#x5C4F;&#x969C;&#x5C42;&#x2014;&#x2014;&#x89D2;&#x8D28;&#x5C42;&#xFF0C;&#x5BF9;&#x6297;&#x76AE;&#x80A4;&#x654F;&#x611F;&#x548C;&#x6BDB;&#x7EC6;&#x8840;&#x7BA1;&#x6269;&#x5F20;&#x3002;&#x590F;&#x65E5;&#x9002;&#x5F53;&#x7684;&#x9009;&#x62E9;&#x4FEE;&#x590D;&#x9762;&#x819C;&#x51B7;&#x6577;&#x9762;&#x90E8;&#xFF0C;&#x51AC;&#x5929;&#x6CE8;&#x610F;&#x9762;&#x90E8;&#x6ECB;&#x6DA6;&#x548C;&#x4FDD;&#x6696;&#x3002;</span><span lang=\"EN-US\"><o:p></o:p></span></p><p class=\"MsoNormal\" align=\"left\"><span lang=\"EN-US\">2.</span><span style=\"font-family:&#x5B8B;&#x4F53;;mso-ascii-font-family:Calibri;mso-ascii-theme-font:minor-latin;\nmso-fareast-font-family:&#x5B8B;&#x4F53;;mso-fareast-theme-font:minor-fareast;mso-hansi-font-family:\nCalibri;mso-hansi-theme-font:minor-latin\">&#x907F;&#x514D;&#x9891;&#x7E41;&#x4F7F;&#x7528;&#x53BB;&#x89D2;&#x8D28;&#x4EA7;&#x54C1;&#xFF0C;&#x5982;&#xFF1A;&#x78E8;&#x7802;&#x578B;&#x6D17;&#x9762;&#x5976;&#x3001;&#x6CE1;&#x6CAB;&#x578B;&#x6D17;&#x9762;&#x5976;&#x3001;&#x5404;&#x7C7B;&#x5F3A;&#x529B;&#x5378;&#x5986;&#x4EA7;&#x54C1;&#x4EE5;&#x53CA;&#x542B;&#x6709;&#x679C;&#x9178;&#x3001;</span><span lang=\"EN-US\">A</span><span style=\"font-family:&#x5B8B;&#x4F53;;mso-ascii-font-family:Calibri;\nmso-ascii-theme-font:minor-latin;mso-fareast-font-family:&#x5B8B;&#x4F53;;mso-fareast-theme-font:\nminor-fareast;mso-hansi-font-family:Calibri;mso-hansi-theme-font:minor-latin\">&#x9178;&#x3001;&#x6C34;&#x6768;&#x9178;&#x7684;&#x53BB;&#x89D2;&#x8D28;&#x6C34;&#x3001;&#x4FDD;&#x6E7F;&#x6C34;&#x3001;&#x7CBE;&#x534E;&#x5BFC;&#x5165;&#x6DB2;&#x7B49;&#x3002;</span><span lang=\"EN-US\"><o:p></o:p></span></p><p>\n\n\n\n</p><p class=\"MsoNormal\" align=\"left\"><span lang=\"EN-US\">3.</span><span style=\"font-family:&#x5B8B;&#x4F53;;mso-ascii-font-family:Calibri;mso-ascii-theme-font:minor-latin;\nmso-fareast-font-family:&#x5B8B;&#x4F53;;mso-fareast-theme-font:minor-fareast;mso-hansi-font-family:\nCalibri;mso-hansi-theme-font:minor-latin\">&#x5F3A;&#x8109;&#x51B2;&#x5149;</span><span lang=\"EN-US\">/</span><span style=\"font-family:&#x5B8B;&#x4F53;;mso-ascii-font-family:Calibri;mso-ascii-theme-font:minor-latin;\nmso-fareast-font-family:&#x5B8B;&#x4F53;;mso-fareast-theme-font:minor-fareast;mso-hansi-font-family:\nCalibri;mso-hansi-theme-font:minor-latin\">&#x67D3;&#x6599;&#x8109;&#x51B2;&#x6FC0;&#x5149;&#x6CBB;&#x7597;&#xFF1A;&#x6682;&#x65F6;&#x5C01;&#x95ED;&#x6269;&#x5F20;&#x7684;&#x8840;&#x7BA1;&#x3001;&#x795B;&#x9664;&#x7EA2;&#x6591;&#x3002;&#x672F;&#x540E;&#x62A4;&#x80A4;&#x65B9;&#x6CD5;&#x9519;&#x8BEF;&#x4ECD;&#x6709;&#x4E00;&#x5B9A;&#x590D;&#x53D1;&#x7684;&#x51E0;&#x7387;&#x3002;&#x4E00;&#x822C;</span><span lang=\"EN-US\">3-5</span><span style=\"font-family:&#x5B8B;&#x4F53;;mso-ascii-font-family:Calibri;\nmso-ascii-theme-font:minor-latin;mso-fareast-font-family:&#x5B8B;&#x4F53;;mso-fareast-theme-font:\nminor-fareast;mso-hansi-font-family:Calibri;mso-hansi-theme-font:minor-latin\">&#x6B21;&#x4E3A;&#x4E00;&#x4E2A;&#x7597;&#x7A0B;&#xFF0C;&#x6BCF;</span><span lang=\"EN-US\">3-4</span><span style=\"font-family:&#x5B8B;&#x4F53;;mso-ascii-font-family:Calibri;\nmso-ascii-theme-font:minor-latin;mso-fareast-font-family:&#x5B8B;&#x4F53;;mso-fareast-theme-font:\nminor-fareast;mso-hansi-font-family:Calibri;mso-hansi-theme-font:minor-latin\">&#x5468;&#x6CBB;&#x7597;&#x4E00;&#x6B21;&#x3002;</span></p><p class=\"MsoNormal\" align=\"left\"><img src=\"http://hera.s.gmei.com/2016/10/11/8ebb166d0d\" style=\"width: 850px;\"><span style=\"font-family:&#x5B8B;&#x4F53;;mso-ascii-font-family:Calibri;\nmso-ascii-theme-font:minor-latin;mso-fareast-font-family:&#x5B8B;&#x4F53;;mso-fareast-theme-font:\nminor-fareast;mso-hansi-font-family:Calibri;mso-hansi-theme-font:minor-latin\"><br></span><span lang=\"EN-US\"><o:p></o:p></span></p>"},"Sample":{"name":"效果示例","content":"<img src=\"http://hera.s.gmei.com/itemwiki/2016/10/11/6110509242-w\">"},"BeforIdear":{"name":"效果示例","content":""},"AfterIdear":{"name":"优点","content":""},"GoodPoint":{"name":"缺点及风险","content":""},"BadPoint":{"name":"术前锦囊","content":""}}