{"Title":"玻尿酸填充面部","Related":{"name":"关联百科","content":[{"relatedId":"201","name":"玻尿酸填充卧蚕"},{"relatedId":"203","name":"玻尿酸填充泪沟"},{"relatedId":"262","name":"玻尿酸丰唇"},{"relatedId":"412","name":"玻尿酸垫鼻基底"},{"relatedId":"366","name":"玻尿酸除皱"},{"relatedId":"222","name":"玻尿酸隆鼻"},{"relatedId":"232","name":"玻尿酸隆下巴"}]},"ShorDesc":{"name":"简介","content":"<p>&#x73BB;&#x5C3F;&#x9178;&#x662F;&#x4EBA;&#x4F53;&#x672C;&#x8EAB;&#x5C31;&#x6709;&#x7684;&#x4E00;&#x79CD;&#x7269;&#x8D28;&#xFF0C;&#x4E0E;&#x80F6;&#x539F;&#x86CB;&#x767D;&#x4E00;&#x6837;&#x662F;&#x76AE;&#x80A4;&#x7EC4;&#x7EC7;&#x7684;&#x6784;&#x6210;&#x7269;&#x4E4B;&#x4E00;&#xFF0C;&#x73BB;&#x5C3F;&#x9178;&#x5728;&#x76AE;&#x80A4;&#x7EC4;&#x7EC7;&#x91CC;&#x6240;&#x8D77;&#x7684;&#x4F5C;&#x7528;&#x662F;&#x652F;&#x6491;&#x76AE;&#x80A4;&#x6784;&#x6210;&#x76AE;&#x80A4;&#x652F;&#x67B6;&#xFF0C;&#x540C;&#x65F6;&#x5B83;&#x672C;&#x8EAB;&#x53EF;&#x4EE5;&#x51DD;&#x805A;&#x6C34;&#x5206;&#x5B50;&#xFF0C;&#x5177;&#x6709;&#x9AD8;&#x6548;&#x9664;&#x76B1;&#x3001;&#x5851;&#x5F62;&#x53CA;&#x4FDD;&#x6E7F;&#x7684;&#x4F5C;&#x7528;&#x3002;</p><p><br style=\"content: &quot;&quot;; display: block; width: 700px; height: 0px; margin: 15px 0px;\">&#x3000;&#x73BB;&#x5C3F;&#x9178;&#x7528;&#x6765;&#x5E72;&#x4EC0;&#x4E48;?<br style=\"content: &quot;&quot;; display: block; width: 700px; height: 0px; margin: 15px 0px;\">&#x3000;1&#x3001;&#xA0;&#x73BB;&#x5C3F;&#x9178;&#x9664;&#x76B1;&#xFF1A;&#x73BB;&#x5C3F;&#x9178;&#x586B;&#x5145;&#x9664;&#x76B1;&#x4E3B;&#x8981;&#x7528;&#x6765;&#x53BB;&#x9664;&#x8F83;&#x6DF1;&#x7684;&#x9759;&#x6001;&#x7EB9;&#xFF0C;&#x6BD4;&#x5982;&#x9F3B;&#x5507;&#x6C9F;(&#x6CD5;&#x4EE4;&#x7EB9;)&#x3001;&#x9759;&#x6001;&#x62AC;&#x5934;&#x7EB9;&#x3001;&#x9759;&#x6001;&#x773C;&#x90E8;&#x9C7C;&#x5C3E;&#x7EB9;&#x7B49;&#x3002;<br style=\"content: &quot;&quot;; display: block; width: 700px; height: 0px; margin: 15px 0px;\">&#x3000;2&#x3001;&#xA0;&#x73BB;&#x5C3F;&#x9178;&#x9686;&#x9F3B;&#xFF1A;&#x73BB;&#x5C3F;&#x9178;&#x9686;&#x9F3B;&#x4E3B;&#x8981;&#x9002;&#x7528;&#x4E8E;&#x57AB;&#x9AD8;&#x9F3B;&#x6881;&#x3001;&#x7EC6;&#x5FAE;&#x8C03;&#x6574;&#x9F3B;&#x5C16;&#x3001;&#x9F3B;&#x7FFC;&#x7B49;&#x60C5;&#x51B5;&#x3002;<br style=\"content: &quot;&quot;; display: block; width: 700px; height: 0px; margin: 15px 0px;\">&#x3000;3&#x3001; &#x73BB;&#x5C3F;&#x9178;&#x4E30;&#x5507;&#xFF1A;&#x76EE;&#x524D;&#x4E30;&#x5507;&#x7528;&#x5F97;&#x6700;&#x591A;&#x7684;&#x65B9;&#x6CD5;&#xFF0C;&#x6548;&#x679C;&#x5341;&#x5206;&#x7406;&#x60F3;&#x3002;<br style=\"content: &quot;&quot;; display: block; width: 700px; height: 0px; margin: 15px 0px;\">&#x3000;4&#x3001; &#x73BB;&#x5C3F;&#x9178;&#x4E30;&#x988A;&#xFF1A; &#x51F9;&#x9677;&#x7684;&#x8138;&#x988A;&#x7ED9;&#x4EBA;&#x4E00;&#x79CD;&#x523B;&#x8584;&#x3001;&#x82E6;&#x547D;&#x7684;&#x611F;&#x89C9;&#x3002;&#x73BB;&#x5C3F;&#x9178;&#x4E30;&#x988A;&#xFF0C;&#x8BA9;&#x8138;&#x90E8;&#x8FC5;&#x901F;&#x4E30;&#x6EE1;&#x8D77;&#x6765;&#x3002;<br style=\"content: &quot;&quot;; display: block; width: 700px; height: 0px; margin: 15px 0px;\">&#x3000;5&#x3001; &#x73BB;&#x5C3F;&#x9178;&#x4E30;&#x4E0B;&#x5DF4;&#xFF1A;&#x5706;&#x6DA6;&#x9971;&#x6EE1;&#x7684;&#x4E0B;&#x5DF4;&#x3002;&#x8BA9;&#x4EBA;&#x770B;&#x8D77;&#x6765;&#x66F4;&#x6709;&#x798F;&#x6C14;&#x3002;</p>"},"Property":{"name":"档案","content":["\n                <li>&#x6CBB;&#x7597;&#x65B9;&#x5F0F;&#xFF1A;<span>&#x6CE8;&#x5C04;</span></li>\n                <li>&#x75BC;&#x75DB;&#x611F;&#xFF1A;<span>1&#x9897;&#x661F;</span><a href=\"gengmei://common_webview?url=http://backend.gmei.com/hybrid/ache_level\">&#x67E5;&#x770B;&#x75BC;&#x75DB;&#x5206;&#x7EA7;</a></li>\n                <li>&#x7EF4;&#x6301;&#x65F6;&#x95F4;&#xFF1A;<span>6-12&#x4E2A;&#x6708;</span></li>\n                <li>&#x6CBB;&#x7597;&#x65F6;&#x95F4;&#xFF1A;<span>30-60&#x5206;&#x949F;</span></li>\n                <li>&#x53C2;&#x8003;&#x4EF7;&#x683C;&#xFF1A;<span>3800-6800</span></li>\n                <li>&#x9EBB;&#x9189;&#x65B9;&#x5F0F;&#xFF1A;<span>&#x8868;&#x9762;&#x9EBB;&#x9189;</span></li>\n                <li>&#x662F;&#x5426;&#x4F4F;&#x9662;&#xFF1A;<span>&#x5426;</span></li>\n                \n                <li>&#x62C6;&#x7EBF;&#x65F6;&#x95F4;&#xFF1A;<span>0-0&#x5929;</span></li>\n            "]},"Desc":{"name":"项目／手术原理","content":"<p>&#x9002;&#x5E94;&#x75C7;&#xFF1A;&#x9F3B;&#x6881;&#x584C;&#x3001;&#x9F3B;&#x6839;&#x584C;&#x3001;&#x7709;&#x5F13;&#x584C;&#x3001;&#x4E0B;&#x5DF4;&#x77ED;&#x3001;&#x82F9;&#x679C;&#x808C;&#x4E0D;&#x9971;&#x6EE1;&#x3001;&#x592A;&#x9633;&#x7A74;&#x51F9;&#x9677;&#x3001;&#x98A7;&#x5F13;&#x9AD8;&#x3001;&#x989D;&#x5934;&#x4E0D;&#x9971;&#x6EE1;&#x3001;&#x65E0;&#x5367;&#x8695;&#x3001;&#x9762;&#x988A;&#x51F9;&#x9677;&#x3001;&#x5634;&#x5507;&#x8584;&#x3001;&#x6CD5;&#x4EE4;&#x7EB9;&#x3001;&#x6CEA;&#x6C9F;&#x3001;&#x9C7C;&#x5C3E;&#x7EB9;&#x3001;&#x62AC;&#x5934;&#x7EB9;&#x3001;&#x5DDD;&#x5B57;&#x7EB9;</p><p>&#x73BB;&#x5C3F;&#x9178;&#x53EF;&#x8FBE;&#x5230;&#x9762;&#x90E8;&#x8F6E;&#x5ED3;&#x5851;&#x5F62;+&#x8F6F;&#x7EC4;&#x7EC7;&#x586B;&#x5145;&#xFF08;&#x9686;&#x9F3B;&#x3001;&#x4E30;&#x989D;&#x5934;&#x3001;&#x4E30;&#x592A;&#x9633;&#x7A74;&#x3001;&#x9686;&#x7709;&#x5F13;&#x3001;&#x4E30;&#x82F9;&#x679C;&#x808C;&#x3001;&#x4E30;&#x9762;&#x988A;&#x3001;&#x9686;&#x4E0B;&#x5DF4;&#x3001;&#x6CE8;&#x5C04;M&#x5507;&#x3001;&#x4E30;&#x5367;&#x8695;&#x3001;&#x586B;&#x5145;&#x9F3B;&#x5507;&#x6C9F;&#x3001;&#x586B;&#x5145;&#x6CEA;&#x6C9F;&#xFF09;&#x53CA;&#x9762;&#x90E8;&#x53BB;&#x76B1;&#xFF08;&#x795B;&#x9664;&#x6CD5;&#x4EE4;&#x7EB9;&#x3001;&#x53E3;&#x89D2;&#x7EB9;&#x3001;&#x9C7C;&#x5C3E;&#x7EB9;&#x3001;&#x62AC;&#x5934;&#x7EB9;&#x3001;&#x5DDD;&#x5B57;&#x7EB9;&#xFF09;&#x7684;&#x4F5C;&#x7528;&#x3002;&#x73BB;&#x5C3F;&#x9178;&#x6CE8;&#x5C04;&#x5FEB;&#x901F;&#xFF0C;&#x65E0;&#x9700;&#x6062;&#x590D;&#x671F;&#x3002;&#x6839;&#x636E;&#x5176;&#x5206;&#x5B50;&#x91CF;&#x5927;&#x5C0F;&#xFF0C;&#x7EF4;&#x6301;&#x65F6;&#x95F4;&#x5927;&#x6982;&#x5728;3-6&#x4E2A;&#x6708;&#x3001;6-12&#x4E2A;&#x6708;&#x3001;12-18&#x4E2A;&#x6708;&#x4E0D;&#x7B49;&#x3002;</p><p><br></p><p>&#x76EE;&#x524D;&#xFF0C;&#x6211;&#x56FD;&#x5BA1;&#x6279;&#x4E86;11&#x4E2A;&#x54C1;&#x724C;&#x7684;&#x73BB;&#x5C3F;&#x9178;&#x2193;</p><p>&#x8FDB;&#x53E3;&#x73BB;&#x5C3F;&#x9178;&#x2193;</p><p>&#x2460;&#x745E;&#x84DD;Restylane&#xFF1A;2&#x53F7;</p><p>&#x2461;&#x4E54;&#x96C5;&#x767B;Juv&#xE9;derm&#xFF1A;&#x96C5;&#x81F4;&#xFF08;Juv&#xE9;derm&#xAE;Ultra&#xFF09;&#x3001;&#x6781;&#x81F4;&#xFF08;Juv&#xE9;derm&#xAE;Ultra Plus&#xFF09;</p><p>&#x2462;&#x827E;&#x8389;&#x8587;Elravie&#xFF1A;Deep Line Plus</p><p>&#x2463;&#x4F0A;&#x5A49;YVOIRE&#xFF1A;classic s&#x3001;classic plus&#xFF08;&#x9EBB;&#x836F;&#x7248;&#xFF09;&#x3001;volume s&#x3001;volume plus&#xFF08;&#x9EBB;&#x836F;&#x7248;&#xFF09;</p><p><br></p><p>&#x56FD;&#x4EA7;&#x73BB;&#x5C3F;&#x9178;&#x2193;</p><p>&#x2460;&#x6DA6;&#x767E;&#x989C;BIOHYALUX</p><p>&#x2461;&#x8212;&#x989C;Through Young</p><p>&#x2462;&#x6D77;&#x8587;Matrifill</p><p>&#x2463;&#x6CD5;&#x601D;&#x4E3D;FACILLE</p><p>&#x2464;&#x6B23;&#x83F2;&#x8046;Singfiller </p><p>&#x2465;&#x7231;&#x8299;&#x83B1;Ifresh&#xFF08;&#x542B;&#x9EBB;&#x836F;&#xFF09;</p><p>&#x2466;&#x80A4;&#x7F8E;&#x767B;&#xFF08;Formaderm Dermal Filler Injection&#xFF09;</p>"},"Sample":{"name":"效果示例","content":"<img src=\"http://hera.s.gmei.com/itemwiki/2016/10/11/400b459741-w\">"},"BeforIdear":{"name":"效果示例","content":"<p>1.&#x73BB;&#x5C3F;&#x9178;&#x6CE8;&#x5C04;&#x5F53;&#x5929;&#x6700;&#x597D;&#x4E0D;&#x8981;&#x5316;&#x5986;&#x3001;&#x4FDD;&#x8BC1;&#x9762;&#x90E8;&#x6E05;&#x6D01;&#x3002;</p><p>2.&#x6CE8;&#x5C04;&#x524D;&#x4E0D;&#x8981;&#x670D;&#x7528;&#x6297;&#x51DD;&#x7C7B;&#x836F;&#x7269;&#xFF08;&#x963F;&#x53F8;&#x5339;&#x6797;&#x3001;&#x7EF4;&#x751F;&#x7D20;E&#x7B49;&#xFF09;&#x4EE5;&#x907F;&#x514D;&#x5F71;&#x54CD;&#x51DD;&#x8840;&#x529F;&#x80FD;&#x3002;</p><p>3.&#x598A;&#x5A20;&#x671F;&#x3001;&#x54FA;&#x4E73;&#x671F;&#x5987;&#x5973;&#x9700;&#x63D0;&#x524D;&#x544A;&#x77E5;&#x533B;&#x751F;&#x3002;</p>"},"AfterIdear":{"name":"优点","content":"<p>1.&#x6CE8;&#x5C04;&#x540E;4-6&#x5C0F;&#x65F6;&#x6CE8;&#x5C04;&#x9488;&#x773C;&#x4E0D;&#x8981;&#x6CBE;&#x6C34;&#x3002;</p><p>2.&#x6CE8;&#x5C04;3-7&#x5929;&#x5185;&#x4E0D;&#x8981;&#x63C9;&#x6413;&#x6CE8;&#x5C04;&#x90E8;&#x4F4D;&#x4EE5;&#x514D;&#x53D8;&#x5F62;&#x3002;</p><p>3.&#x6CE8;&#x5C04;&#x540E;&#x5C3D;&#x91CF;&#x907F;&#x514D;&#x84B8;&#x6851;&#x62FF;&#x3001;&#x65E5;&#x5149;&#x6D74;&#x4EE5;&#x514D;&#x73BB;&#x5C3F;&#x9178;&#x5438;&#x6536;&#x8FC7;&#x5FEB;&#x3002;</p><p>4.&#x6CE8;&#x5C04;&#x540E;7&#x5929;&#x5185;&#xFF0C;&#x6212;&#x70DF;&#x9152;&#x3001;&#x7981;&#x98DF;&#x8F9B;&#x8FA3;&#x523A;&#x6FC0;&#x7269;&#x3002;</p>"},"GoodPoint":{"name":"缺点及风险","content":"<p>1.&#x89C1;&#x6548;&#x5FEB;&#x3002;</p><p>2.&#x6548;&#x679C;&#x81EA;&#x7136;&#x3002;</p><p>3.&#x5B89;&#x5168;&#x3001;&#x526F;&#x4F5C;&#x7528;&#x6781;&#x5C11;&#x3002;</p><p>4.&#x6CE8;&#x5C04;&#x8FC7;&#x7A0B;&#x65E0;&#x521B;&#x65E0;&#x75DB;&#xFF0C;&#x65E0;&#x6062;&#x590D;&#x671F;&#x3002;</p><p>5.&#x6548;&#x679C;&#x4E0D;&#x6EE1;&#x610F;&#x53EF;&#x901A;&#x8FC7;&#x73BB;&#x5C3F;&#x9178;&#x6EB6;&#x89E3;&#x9176;&#x8FDB;&#x884C;&#x6EB6;&#x89E3;&#x3002;</p>"},"BadPoint":{"name":"术前锦囊","content":"<p>1.&#x6548;&#x679C;&#x7EF4;&#x6301;&#x8F83;&#x77ED;&#x3001;&#x9700;&#x591A;&#x6B21;&#x6CE8;&#x5C04;&#x3002;</p><p>2.&#x76F8;&#x6BD4;&#x4E8E;&#x5047;&#x4F53;&#xFF0C;&#x9686;&#x9F3B;&#x9686;&#x4E0B;&#x5DF4;&#x6548;&#x679C;&#x5F31;&#x3002;</p><p>3.&#x53EF;&#x80FD;&#x6709;&#x77ED;&#x6682;&#x7EA2;&#x80BF;&#x3001;&#x6DE4;&#x9752;&#x7B49;&#x73B0;&#x8C61;&#xFF0C;&#x901A;&#x5E38;3-7&#x5929;&#x540E;&#x5373;&#x53EF;&#x7F13;&#x89E3;.</p><p>4.&#x6CE8;&#x5C04;&#x4E0D;&#x5F53;&#x53EF;&#x80FD;&#x5BFC;&#x81F4;&#x8840;&#x7BA1;&#x6813;&#x585E;&#xFF0C;&#x4E00;&#x79CD;&#x4E25;&#x91CD;&#x7684;&#x5E76;&#x53D1;&#x75C7;&#xFF0C;&#x53EF;&#x5BFC;&#x81F4;&#x76AE;&#x80A4;&#x574F;&#x6B7B;&#x3001;&#x5931;&#x660E;&#x3002;</p>"}}