{"Title":"牙齿隐形矫正","Related":{"name":"关联百科","content":[{"relatedId":"739","name":"牙齿陶瓷矫正"},{"relatedId":"562","name":"美容冠"},{"relatedId":"266","name":"烤瓷牙"},{"relatedId":"264","name":"牙齿金属矫正"}]},"ShorDesc":{"name":"简介","content":"<p>&#x9002;&#x5E94;&#x75C7;&#xFF1A;&#x7259;&#x9F7F;&#x7578;&#x5F62;</p><p>&#x53C8;&#x79F0;&#x9690;&#x5F62;&#x65E0;&#x6258;&#x69FD;&#x77EB;&#x6B63;&#xFF0C;&#x6CA1;&#x6709;&#x4F20;&#x7EDF;&#x77EB;&#x6CBB;&#x8FC7;&#x7A0B;&#x4E2D;&#x7684;&#x94A2;&#x4E1D;&#x548C;&#x6258;&#x69FD;&#xFF0C;&#x662F;&#x8BA1;&#x7B97;&#x673A;&#x8F85;&#x52A9;&#x4E09;&#x7EF4;&#x8BCA;&#x65AD;&#x3001;&#x4E2A;&#x6027;&#x5316;&#x8BBE;&#x8BA1;&#x53CA;&#x6570;&#x5B57;&#x5316;&#x6210;&#x578B;&#x6280;&#x672F;&#x7684;&#x5B8C;&#x7F8E;&#x7ED3;&#x5408;&#x3002;</p>"},"Property":{"name":"档案","content":["\n                <li>&#x6CBB;&#x7597;&#x65B9;&#x5F0F;&#xFF1A;<span>&#x53E3;&#x8154;</span></li>\n                <li>&#x75BC;&#x75DB;&#x611F;&#xFF1A;<span>1&#x9897;&#x661F;</span><a href=\"gengmei://common_webview?url=http://backend.gmei.com/hybrid/ache_level\">&#x67E5;&#x770B;&#x75BC;&#x75DB;&#x5206;&#x7EA7;</a></li>\n                <li>&#x7EF4;&#x6301;&#x65F6;&#x95F4;&#xFF1A;<span>&#x6C38;&#x4E45;</span></li>\n                <li>&#x6CBB;&#x7597;&#x65F6;&#x95F4;&#xFF1A;<span>12-24&#x6708;</span></li>\n                <li>&#x53C2;&#x8003;&#x4EF7;&#x683C;&#xFF1A;<span>20000-60000</span></li>\n                <li>&#x9EBB;&#x9189;&#x65B9;&#x5F0F;&#xFF1A;<span>&#x65E0;</span></li>\n                <li>&#x662F;&#x5426;&#x4F4F;&#x9662;&#xFF1A;<span>&#x5426;</span></li>\n                \n                <li>&#x62C6;&#x7EBF;&#x65F6;&#x95F4;&#xFF1A;<span>0-0&#x5929;</span></li>\n            "]},"Desc":{"name":"项目／手术原理","content":"<p>1&#x3001;&#x533B;&#x751F;&#x8BCA;&#x65AD;&#xFF0C;&#x8BBE;&#x8BA1;&#x65B9;&#x6848;</p><p>2&#x3001;&#x91C7;&#x96C6;&#x7259;&#x9F7F;&#x5370;&#x6A21;&#xFF0C;&#x62CD;&#x6444;&#x7259;&#x9F7F;&#x7167;&#x7247;</p><p>3&#x3001;&#x7ECF;&#x8FC7;&#x6570;&#x5B57;&#x5904;&#x7406;&#x540E;&#x751F;&#x6210;&#x6CBB;&#x7597;&#x65B9;&#x6848;</p><p>4&#x3001;&#x751F;&#x4EA7;&#x51FA;&#x65E0;&#x6258;&#x69FD;&#x9690;&#x5F62;&#x77EB;&#x6B63;&#x5668;&#xFF0C;&#x6BCF;&#x4E24;&#x5468;&#x66F4;&#x6362;&#x4E00;&#x5957;</p><p><img src=\"http://hera.s.gmei.com/2016/10/12/c98cd2887b\" style=\"width: 369px;\"><br></p>"},"Sample":{"name":"效果示例","content":"<img src=\"http://hera.s.gmei.com/itemwiki/2016/10/12/6f2cbd5cd2-w\">"},"BeforIdear":{"name":"效果示例","content":"<p>1&#x3001;&#x8BCA;&#x65AD;&#x524D;&#x6E05;&#x6D01;&#x53E3;&#x8154;&#x3002;</p>"},"AfterIdear":{"name":"优点","content":"<p>1.&#x4F69;&#x6234;&#x7259;&#x9F7F;&#x77EB;&#x6B63;&#x5668;&#xFF0C;&#x4F1A;&#x6709;&#x4E0D;&#x4E60;&#x60EF;&#x7684;&#x611F;&#x89C9;&#xFF0C;&#x9700;&#x9002;&#x5E94;&#x4E00;&#x6BB5;&#x65F6;&#x95F4;&#x3002;</p><p>2.&#x4F1A;&#x51FA;&#x73B0;&#x808C;&#x8089;&#x9178;&#x75DB;&#x7684;&#x611F;&#x89C9;&#x3002;</p><p>3.&#x77EB;&#x6B63;&#x5668;&#x4F69;&#x6234;&#x671F;&#x95F4;&#x6CE8;&#x610F;&#x7259;&#x9F7F;&#x6E05;&#x6D01;&#x536B;&#x751F;&#xFF0C;&#x5C31;&#x9910;&#x540E;&#x6F31;&#x53E3;&#x3002;</p>"},"GoodPoint":{"name":"缺点及风险","content":"<p>1&#x3001;&#x900F;&#x660E;&#x3001;&#x8212;&#x9002;&#x3002;</p><p>2&#x3001;&#x65B9;&#x4FBF;&#xFF0C;&#x53EF;&#x81EA;&#x884C;&#x6458;&#x6234;&#x3002; </p><p>3&#x3001;&#x6613;&#x6E05;&#x6D01;&#x3002;</p>"},"BadPoint":{"name":"术前锦囊","content":"<p>1&#x3001;&#x4E0D;&#x9002;&#x5408;&#x7259;&#x9F7F;&#x7A81;&#x51FA;&#x4E25;&#x91CD;&#x8005;&#x3002; </p><p>2&#x3001;&#x4EF7;&#x683C;&#x6602;&#x8D35;&#x3002; </p><p>3&#x3001;&#x6CBB;&#x7597;&#x5468;&#x671F;&#x957F;&#x3002;</p>"}}