{"Title":"根管治疗","Related":{"name":"关联百科","content":[{"relatedId":"739","name":"牙齿陶瓷矫正"},{"relatedId":"562","name":"美容冠"}]},"ShorDesc":{"name":"简介","content":"<p>&#x9002;&#x5E94;&#x75C7;&#xFF1A;&#x7259;&#x9AD3;&#x6216;&#x8005;&#x6839;&#x5C16;&#x5468;&#x75C5;&#x7684;&#x60A3;&#x7259;</p><p>&#x901A;&#x8FC7;&#x673A;&#x68B0;&#x548C;&#x5316;&#x5B66;&#x65B9;&#x6CD5;&#x53BB;&#x9664;&#x6839;&#x7BA1;&#x5185;&#x7684;&#x5927;&#x90E8;&#x5206;&#x611F;&#x67D3;&#x7269;&#xFF0C;&#x5E76;&#x901A;&#x8FC7;&#x5145;&#x586B;&#x6839;&#x7BA1;&#x3001;&#x5C01;&#x95ED;&#x51A0;&#x90E8;&#xFF0C;&#x9632;&#x6B62;&#x53D1;&#x751F;&#x6839;&#x5C16;&#x5468;&#x75C5;&#x53D8;&#x6216;&#x4FC3;&#x8FDB;&#x5DF2;&#x7ECF;&#x53D1;&#x751F;&#x7684;&#x6839;&#x5C16;&#x5468;&#x75C5;&#x53D8;&#x7684;&#x6108;&#x5408;&#x3002;</p>"},"Property":{"name":"档案","content":["\n                <li>&#x6CBB;&#x7597;&#x65B9;&#x5F0F;&#xFF1A;<span>&#x53E3;&#x8154;</span></li>\n                <li>&#x75BC;&#x75DB;&#x611F;&#xFF1A;<span>0&#x9897;&#x661F;</span><a href=\"gengmei://common_webview?url=http://backend.gmei.com/hybrid/ache_level\">&#x67E5;&#x770B;&#x75BC;&#x75DB;&#x5206;&#x7EA7;</a></li>\n                <li>&#x7EF4;&#x6301;&#x65F6;&#x95F4;&#xFF1A;<span>&#x6C38;&#x4E45;</span></li>\n                <li>&#x6CBB;&#x7597;&#x65F6;&#x95F4;&#xFF1A;<span>60-90&#x5206;&#x949F;</span></li>\n                <li>&#x53C2;&#x8003;&#x4EF7;&#x683C;&#xFF1A;<span>1000-5000</span></li>\n                <li>&#x9EBB;&#x9189;&#x65B9;&#x5F0F;&#xFF1A;<span>&#x5C40;&#x9EBB;</span></li>\n                <li>&#x662F;&#x5426;&#x4F4F;&#x9662;&#xFF1A;<span>&#x5426;</span></li>\n                \n                <li>&#x62C6;&#x7EBF;&#x65F6;&#x95F4;&#xFF1A;<span>0-0&#x5929;</span></li>\n            "]},"Desc":{"name":"项目／手术原理","content":"<p>1.&#x62CD;X&#x5C04;&#x7EBF;&#x7167;&#x7247;&#xFF0C;&#x786E;&#x5B9A;&#x60A3;&#x5904;&#x7ED3;&#x6784;&#x548C;&#x624B;&#x672F;&#x65B9;&#x6848;&#x3002;</p><p>2.&#x65BD;&#x4EE5;&#x5C40;&#x90E8;&#x9EBB;&#x9189;&#x3002;</p><p>3.&#x94BB;&#x5F00;&#x7259;&#x9F7F;&#xFF0C;&#x53BB;&#x9664;&#x8150;&#x574F;&#x7684;&#x7259;&#x8D28;&#x3002;</p><p>4.&#x6253;&#x5F00;&#x7259;&#x9AD3;&#x8154;&#xFF0C;&#x53D6;&#x51FA;&#x574F;&#x6B7B;&#x7684;&#x7259;&#x9AD3;&#x3002;</p><p>5.&#x7528;&#x6839;&#x7BA1;&#x94BB;&#x6269;&#x5927;&#x6839;&#x7BA1;&#x3002;</p><p>6.&#x7528;&#x6D88;&#x6BD2;&#x6DB2;&#xFF08;&#x4F8B;&#x5982;&#x6C2F;&#x9178;&#x94A0;&#x6EB6;&#x6DB2;&#xFF09;&#x51B2;&#x6D17;&#x6839;&#x7BA1;&#x5185;&#x90E8;&#x3002;</p><p>7.&#x7528;&#x4E13;&#x95E8;&#x7684;&#x6750;&#x6599;&#x5145;&#x586B;&#x6839;&#x7BA1;&#xFF0C;&#x4FDD;&#x8BC1;&#x957F;&#x671F;&#x5904;&#x4E8E;&#x65E0;&#x83CC;&#x72B6;&#x6001;&#x3002;</p><p>8.&#x586B;&#x8865;&#x7259;&#x9F7F;&#x7684;&#x94BB;&#x6D1E;&#xFF0C;&#x6216;&#x5B89;&#x88C5;&#x7259;&#x51A0;&#x3002;</p><p><img src=\"http://hera.s.gmei.com/2016/10/12/23462c494d\" style=\"width: 571px;\"><br></p>"},"Sample":{"name":"效果示例","content":"<img src=\"http://hera.s.gmei.com/itemwiki/2016/10/12/46b7c6fbb8-w\">"},"BeforIdear":{"name":"效果示例","content":"<p>1&#x3001;&#x624B;&#x672F;&#x524D;&#x786E;&#x5B9A;&#x8EAB;&#x4F53;&#x5065;&#x5EB7;&#xFF0C;&#x65E0;&#x4F20;&#x67D3;&#x75C5;&#x6216;&#x5176;&#x4ED6;&#x8EAB;&#x4F53;&#x708E;&#x75C7;&#x3002;</p><p>2&#x3001;&#x672F;&#x524D;&#x4E00;&#x5468;&#x5185;&#x505C;&#x6B62;&#x996E;&#x9152;&#x3001;&#x670D;&#x7528;&#x963F;&#x53F8;&#x5339;&#x6797;&#x3001;&#x7EF4;&#x751F;&#x7D20;E&#x7B49;&#x6269;&#x8840;&#x7BA1;&#x836F;&#x7269;&#x3002;</p><p>3&#x3001;&#x5438;&#x70DF;&#x8005;&#x9700;&#x8981;&#x63D0;&#x524D;&#x4E00;&#x5468;&#x6212;&#x70DF;&#x3002;</p>"},"AfterIdear":{"name":"优点","content":"<p>1&#x3001;&#x6839;&#x7BA1;&#x6CBB;&#x7597;&#x5145;&#x586B;&#x5B8C;&#x6BD5;&#xFF0C;&#x4E00;&#x5468;&#x5185;&#x53EF;&#x80FD;&#x4F1A;&#x51FA;&#x73B0;&#x80C0;&#x3001;&#x95F7;&#x6216;&#x8F7B;&#x5FAE;&#x75BC;&#x75DB;&#xFF0C;&#x5C5E;&#x6B63;&#x5E38;&#x72B6;&#x51B5;&#x3002;&#x901A;&#x5E38;&#x4E09;&#x5929;&#x4EE5;&#x540E;&#x4E0D;&#x9002;&#x72B6;&#x51B5;&#x4F1A;&#x9010;&#x6E10;&#x6D88;&#x9000;&#xFF0C;&#x6062;&#x590D;&#x6B63;&#x5E38;&#x611F;&#x89C9;&#x3002;</p><p>2&#x3001;&#x5728;&#x8FDB;&#x884C;&#x6839;&#x7BA1;&#x6CBB;&#x7597;&#x540E;&#xFF0C;&#x7259;&#x79D1;&#x533B;&#x5E08;&#x4E00;&#x822C;&#x4F1A;&#x53EE;&#x5631;&#x60A3;&#x8005;&#x5728;&#x4E00;&#x5B9A;&#x7684;&#x65E5;&#x671F;&#x5185;&#x8FDB;&#x884C;&#x590D;&#x68C0;&#x5DE5;&#x4F5C;&#xFF0C;&#x60A3;&#x8005;&#x5E94;&#x4E25;&#x683C;&#x6309;&#x7167;&#x533B;&#x5E08;&#x7684;&#x89C4;&#x5B9A;&#x8FDB;&#x884C;&#x5B9A;&#x671F;&#x7684;&#x68C0;&#x67E5;&#x3002;</p><p>3&#x3001;&#x82E5;&#x6839;&#x7BA1;&#x6CBB;&#x7597;&#x540E;&#xFF0C;&#x4E09;&#x5929;&#x540E;&#xFF0C;&#x53CA;&#x6709;&#x4E0D;&#x9002;&#xFF0C;&#x6216;&#x51FA;&#x73B0;&#x5F02;&#x5E38;&#x75BC;&#x75DB;&#x7B49;&#x95EE;&#x9898;&#xFF0C;&#x5E94;&#x53CA;&#x65F6;&#x4E0E;&#x4E3B;&#x6CBB;&#x533B;&#x5E08;&#x8054;&#x7CFB;&#xFF0C;&#x8FDB;&#x884C;&#x8FDB;&#x4E00;&#x6B65;&#x7684;&#x6CBB;&#x7597;&#x8C03;&#x6574;&#x3002;</p><p>4&#x3001;&#x6839;&#x7BA1;&#x6CBB;&#x7597;&#x4E00;&#x5468;&#x5185;&#x7981;&#x98DF;&#x786C;&#x98DF;&#xFF0C;&#x5C3D;&#x91CF;&#x4E0D;&#x7528;&#x6839;&#x7BA1;&#x6CBB;&#x7597;&#x7684;&#x4E00;&#x4FA7;&#x8FDB;&#x884C;&#x5480;&#x56BC;&#x3002;</p><p>5&#x3001;&#x5728;&#x8FDB;&#x884C;&#x6839;&#x7BA1;&#x6CBB;&#x7597;&#x540E;&#xFF0C;&#x7259;&#x79D1;&#x533B;&#x5E08;&#x4E00;&#x822C;&#x4F1A;&#x5F00;&#x4E9B;&#x6B62;&#x75DB;&#x6D88;&#x708E;&#x836F;&#xFF0C;&#x60A3;&#x8005;&#x5E94;&#x6309;&#x65F6;&#x6309;&#x91CF;&#x670D;&#x7528;&#x3002;</p>"},"GoodPoint":{"name":"缺点及风险","content":"<p><span style=\"color: rgb(51, 51, 51); font-family: &apos;Microsoft YaHei&apos;; line-height: 24px;\">1.&#x6CBB;&#x7597;&#x7259;&#x9AD3;&#x75C5;&#x53CA;&#x6839;&#x5C16;&#x5468;&#x75C5;&#x6709;&#x6548;&#x3001;&#x5F7B;&#x5E95;&#x3002;</span></p><p><span style=\"color: rgb(51, 51, 51); font-family: &apos;Microsoft YaHei&apos;; line-height: 24px;\">2.&#x8F83;&#x4E3A;&#x5148;&#x8FDB;&#x7684;&#x6CBB;&#x7597;&#x6280;&#x672F;&#x3002;</span></p>"},"BadPoint":{"name":"术前锦囊","content":"<p>1&#x3001;&#x624B;&#x672F;&#x7E41;&#x7410;&#x3002;</p><p>2&#x3001;&#x4EF7;&#x683C;&#x6602;&#x8D35;&#x3002;</p><p>3&#x3001;&#x53EF;&#x80FD;&#x51FA;&#x73B0;&#x611F;&#x67D3;&#x3002;</p>"}}