{"Title":"缩毛孔","Related":{"name":"关联百科","content":[{"relatedId":"429","name":"白瓷娃娃"},{"relatedId":"717","name":"射频提升"},{"relatedId":"302","name":"光子嫩肤"},{"relatedId":"551","name":"黄金微针"},{"relatedId":"654","name":"OPT美肤"},{"relatedId":"656","name":"滚轮微针"},{"relatedId":"536","name":"玻尿酸精华导入"},{"relatedId":"535","name":"无针水光"},{"relatedId":"655","name":"IPL美肤"},{"relatedId":"653","name":"DPL美肤"},{"relatedId":"651","name":"点阵激光"},{"relatedId":"295","name":"黑脸娃娃"},{"relatedId":"432","name":"PRP自体血清美肤"},{"relatedId":"501","name":"水光针"}]},"ShorDesc":{"name":"简介","content":"<p class=\"MsoNormal\" align=\"left\"><span style=\"font-family:\n&#x5B8B;&#x4F53;;mso-ascii-font-family:Calibri;mso-ascii-theme-font:minor-latin;mso-fareast-font-family:\n&#x5B8B;&#x4F53;;mso-fareast-theme-font:minor-fareast;mso-hansi-font-family:Calibri;\nmso-hansi-theme-font:minor-latin\">&#x9002;&#x5E94;&#x75C7;&#xFF1A;&#x6BDB;&#x5B54;&#x7C97;&#x5927;</span><span lang=\"EN-US\"><o:p></o:p></span></p><p>\n\n</p><p class=\"MsoNormal\" align=\"left\"><span style=\"font-family:\n&#x5B8B;&#x4F53;;mso-ascii-font-family:Calibri;mso-ascii-theme-font:minor-latin;mso-fareast-font-family:\n&#x5B8B;&#x4F53;;mso-fareast-theme-font:minor-fareast;mso-hansi-font-family:Calibri;\nmso-hansi-theme-font:minor-latin\">&#x6BDB;&#x5B54;&#x7C97;&#x5927;&#x603B;&#x7ED3;&#x8D77;&#x6765;&#x6709;&#x4EE5;&#x4E0B;&#x51E0;&#x4E2A;&#x539F;&#x56E0;&#xFF1A;&#x76AE;&#x8102;&#x817A;&#x5206;&#x6CCC;&#x8FC7;&#x4E8E;&#x65FA;&#x76DB;&#x3001;&#x6BDB;&#x5B54;&#x76B1;&#x7EB9;&#x5F39;&#x6027;&#x964D;&#x4F4E;&#x3001;&#x6BDB;&#x56CA;&#x589E;&#x5927;&#x3001;&#x957F;&#x671F;&#x590D;&#x53D1;&#x75E4;&#x75AE;&#x3001;&#x957F;&#x671F;&#x4F7F;&#x7528;&#x6FC0;&#x7D20;&#x7C7B;&#x62A4;&#x80A4;&#x54C1;&#x548C;&#x836F;&#x7269;&#x53CA;&#x9519;&#x8BEF;&#x7684;&#x76AE;&#x80A4;&#x62A4;&#x7406;&#x65B9;&#x6CD5;&#x3002;&#x56E0;&#x6B64;&#xFF0C;&#x60F3;&#x8981;&#x6539;&#x5584;&#x6BDB;&#x5B54;&#x9996;&#x5148;&#x8981;&#x505A;&#x5230;&#x6B63;&#x786E;&#x62A4;&#x80A4;&#xFF0C;&#x5176;&#x6B21;&#x662F;&#x5BF9;&#x75C7;&#x4E0B;&#x836F;&#x7684;&#x6B63;&#x786E;&#x6CBB;&#x7597;&#x76AE;&#x80A4;&#x95EE;&#x9898;&#x2014;&#x2014;&#x75E4;&#x75AE;&#x3001;&#x76AE;&#x8102;&#x5206;&#x6CCC;&#x8FC7;&#x4E8E;&#x65FA;&#x76DB;&#x53CA;&#x76AE;&#x80A4;&#x5F39;&#x529B;&#x4E0B;&#x964D;&#x3002;</span><span lang=\"EN-US\"><o:p></o:p></span></p>"},"Property":{"name":"档案","content":["\n                <li>&#x6CBB;&#x7597;&#x65B9;&#x5F0F;&#xFF1A;<span>&#x5149;&#x7535;&#xFF08;&#x65E0;&#x521B;&#xFF09;</span></li>\n                <li>&#x75BC;&#x75DB;&#x611F;&#xFF1A;<span>0&#x9897;&#x661F;</span><a href=\"gengmei://common_webview?url=http://backend.gmei.com/hybrid/ache_level\">&#x67E5;&#x770B;&#x75BC;&#x75DB;&#x5206;&#x7EA7;</a></li>\n                <li>&#x7EF4;&#x6301;&#x65F6;&#x95F4;&#xFF1A;<span>&#x56E0;&#x4EBA;&#x800C;&#x5F02;</span></li>\n                <li>&#x6CBB;&#x7597;&#x65F6;&#x95F4;&#xFF1A;<span>30-60&#x5206;&#x949F;</span></li>\n                <li>&#x53C2;&#x8003;&#x4EF7;&#x683C;&#xFF1A;<span>1000-2000</span></li>\n                <li>&#x9EBB;&#x9189;&#x65B9;&#x5F0F;&#xFF1A;<span>&#x65E0;</span></li>\n                <li>&#x662F;&#x5426;&#x4F4F;&#x9662;&#xFF1A;<span>&#x5426;</span></li>\n                \n                <li>&#x62C6;&#x7EBF;&#x65F6;&#x95F4;&#xFF1A;<span>0-0&#x5929;</span></li>\n            "]},"Desc":{"name":"项目／手术原理","content":"<p class=\"MsoNormal\" align=\"left\"><span lang=\"EN-US\">1.</span><span style=\"font-family:&#x5B8B;&#x4F53;;mso-ascii-font-family:Calibri;mso-ascii-theme-font:minor-latin;\nmso-fareast-font-family:&#x5B8B;&#x4F53;;mso-fareast-theme-font:minor-fareast;mso-hansi-font-family:\nCalibri;mso-hansi-theme-font:minor-latin\">&#x6291;&#x5236;&#x76AE;&#x8102;&#x591A;&#x5EA6;&#x5206;&#x6CCC;</span><span lang=\"EN-US\"><o:p></o:p></span></p><p class=\"MsoNormal\" align=\"left\"><span style=\"font-family:\n&#x5B8B;&#x4F53;;mso-ascii-font-family:Calibri;mso-ascii-theme-font:minor-latin;mso-fareast-font-family:\n&#x5B8B;&#x4F53;;mso-fareast-theme-font:minor-fareast;mso-hansi-font-family:Calibri;\nmso-hansi-theme-font:minor-latin\">&#x2460;&#x5149;&#x7535;&#x7F8E;&#x80A4;&#xFF1A;&#x5149;&#x5B50;&#x5AE9;&#x80A4;&#xFF08;</span><span lang=\"EN-US\">IPL</span><span style=\"font-family:&#x5B8B;&#x4F53;;mso-ascii-font-family:Calibri;mso-ascii-theme-font:minor-latin;\nmso-fareast-font-family:&#x5B8B;&#x4F53;;mso-fareast-theme-font:minor-fareast;mso-hansi-font-family:\nCalibri;mso-hansi-theme-font:minor-latin\">&#xFF09;&#x3001;&#x767D;&#x74F7;&#x5A03;&#x5A03;</span><span lang=\"EN-US\">/</span><span style=\"font-family:&#x5B8B;&#x4F53;;mso-ascii-font-family:Calibri;mso-ascii-theme-font:minor-latin;\nmso-fareast-font-family:&#x5B8B;&#x4F53;;mso-fareast-theme-font:minor-fareast;mso-hansi-font-family:\nCalibri;mso-hansi-theme-font:minor-latin\">&#x9ED1;&#x8138;&#x5A03;&#x5A03;&#xFF08;&#x6FC0;&#x5149;&#xFF09;&#x3001;&#x5149;&#x52A8;&#x529B;&#x3001;&#x5C04;&#x9891;&#x7F8E;&#x80A4;&#x3002;</span><span lang=\"EN-US\"><o:p></o:p></span></p><p class=\"MsoNormal\" align=\"left\"><span style=\"font-family:\n&#x5B8B;&#x4F53;;mso-ascii-font-family:Calibri;mso-ascii-theme-font:minor-latin;mso-fareast-font-family:\n&#x5B8B;&#x4F53;;mso-fareast-theme-font:minor-fareast;mso-hansi-font-family:Calibri;\nmso-hansi-theme-font:minor-latin\">&#x2461;&#x6CE8;&#x5C04;&#x8089;&#x6BD2;&#x7D20;&#xFF0C;&#x53EF;&#x51CF;&#x5C11;&#x76AE;&#x8102;&#x5206;&#x6CCC;&#x3001;&#x7F29;&#x5C0F;&#x6BDB;&#x5B54;&#x3002;</span><span lang=\"EN-US\"><o:p></o:p></span></p><p class=\"MsoNormal\" align=\"left\"><span style=\"font-family:\n&#x5B8B;&#x4F53;;mso-ascii-font-family:Calibri;mso-ascii-theme-font:minor-latin;mso-fareast-font-family:\n&#x5B8B;&#x4F53;;mso-fareast-theme-font:minor-fareast;mso-hansi-font-family:Calibri;\nmso-hansi-theme-font:minor-latin\">&#x2462;&#x53E3;&#x670D;</span><span lang=\"EN-US\">/</span><span style=\"font-family:&#x5B8B;&#x4F53;;mso-ascii-font-family:Calibri;mso-ascii-theme-font:minor-latin;\nmso-fareast-font-family:&#x5B8B;&#x4F53;;mso-fareast-theme-font:minor-fareast;mso-hansi-font-family:\nCalibri;mso-hansi-theme-font:minor-latin\">&#x5916;&#x6D82;&#x836F;&#x7269;&#xFF1A;&#x5F02;&#x7EF4;&#x7532;&#x9178;&#x3001;&#x53E3;&#x670D;&#x907F;&#x5B55;&#x836F;&#x3001;&#x5B89;&#x4F53;&#x8212;&#x901A;&#x3001;&#x732B;&#x987B;&#x8349;&#x53F6;&#x63D0;&#x53D6;&#x7269;&#x3001;&#x5DE6;&#x65CB;&#x8089;&#x78B1;&#x3001;</span><span lang=\"EN-US\">2%</span><span style=\"font-family:&#x5B8B;&#x4F53;;mso-ascii-font-family:Calibri;\nmso-ascii-theme-font:minor-latin;mso-fareast-font-family:&#x5B8B;&#x4F53;;mso-fareast-theme-font:\nminor-fareast;mso-hansi-font-family:Calibri;mso-hansi-theme-font:minor-latin\">&#x70DF;&#x9170;&#x80FA;&#x3001;&#x6C34;&#x6768;&#x9178;&#x6362;&#x80A4;&#x3002;</span><span lang=\"EN-US\"><o:p></o:p></span></p><p class=\"MsoNormal\" align=\"left\"><span style=\"font-family:\n&#x5B8B;&#x4F53;;mso-ascii-font-family:Calibri;mso-ascii-theme-font:minor-latin;mso-fareast-font-family:\n&#x5B8B;&#x4F53;;mso-fareast-theme-font:minor-fareast;mso-hansi-font-family:Calibri;\nmso-hansi-theme-font:minor-latin\">&#x2463;&#x5C11;&#x5403;&#x78B3;&#x6C34;&#x5316;&#x5408;&#x7269;&#x3001;&#x5976;&#x5236;&#x54C1;&#x3002;</span><span lang=\"EN-US\"><o:p></o:p></span></p><p class=\"MsoNormal\" align=\"left\"><span lang=\"EN-US\">2.</span><span style=\"font-family:&#x5B8B;&#x4F53;;mso-ascii-font-family:Calibri;mso-ascii-theme-font:minor-latin;\nmso-fareast-font-family:&#x5B8B;&#x4F53;;mso-fareast-theme-font:minor-fareast;mso-hansi-font-family:\nCalibri;mso-hansi-theme-font:minor-latin\">&#x6539;&#x5584;&#x76AE;&#x80A4;&#x5F39;&#x6027;&#x3001;&#x4FDD;&#x6301;&#x76AE;&#x80A4;&#x6E7F;&#x6DA6;</span><span lang=\"EN-US\"><o:p></o:p></span></p><p class=\"MsoNormal\" align=\"left\"><span style=\"font-family:\n&#x5B8B;&#x4F53;;mso-ascii-font-family:Calibri;mso-ascii-theme-font:minor-latin;mso-fareast-font-family:\n&#x5B8B;&#x4F53;;mso-fareast-theme-font:minor-fareast;mso-hansi-font-family:Calibri;\nmso-hansi-theme-font:minor-latin\">&#x2460;&#x9632;&#x6652;&#xFF1A;&#x6BCF;&#x65E5;&#x5728;&#x9762;&#x90E8;&#x591A;&#x6B21;&#x6D82;&#x62B9;</span><span lang=\"EN-US\">SPF30</span><span style=\"font-family:&#x5B8B;&#x4F53;;mso-ascii-font-family:Calibri;mso-ascii-theme-font:minor-latin;\nmso-fareast-font-family:&#x5B8B;&#x4F53;;mso-fareast-theme-font:minor-fareast;mso-hansi-font-family:\nCalibri;mso-hansi-theme-font:minor-latin\">&#x4EE5;&#x4E0A;&#x7684;&#x7269;&#x7406;&#x9632;&#x6652;&#x971C;&#xFF0C;&#x4F7F;&#x7528;&#x9632;&#x6652;&#x4F1E;&#x3001;&#x906E;&#x9633;&#x5E3D;&#xFF0C;&#x53EF;&#x5BF9;&#x6297;&#x5149;&#x8001;&#x5316;&#x3002;</span><span lang=\"EN-US\"><o:p></o:p></span></p><p class=\"MsoNormal\" align=\"left\"><span style=\"font-family:\n&#x5B8B;&#x4F53;;mso-ascii-font-family:Calibri;mso-ascii-theme-font:minor-latin;mso-fareast-font-family:\n&#x5B8B;&#x4F53;;mso-fareast-theme-font:minor-fareast;mso-hansi-font-family:Calibri;\nmso-hansi-theme-font:minor-latin\">&#x2461;&#x5149;&#x7535;&#x7F8E;&#x80A4;&#xFF1A;&#x975E;&#x5265;&#x8131;&#x5F0F;&#x70B9;&#x9635;&#x6FC0;&#x5149;&#x3001;&#x70B9;&#x9635;&#x5C04;&#x9891;&#x3001;&#x5149;&#x5B50;&#x5AE9;&#x80A4;&#xFF08;</span><span lang=\"EN-US\">IPL</span><span style=\"font-family:&#x5B8B;&#x4F53;;mso-ascii-font-family:Calibri;\nmso-ascii-theme-font:minor-latin;mso-fareast-font-family:&#x5B8B;&#x4F53;;mso-fareast-theme-font:\nminor-fareast;mso-hansi-font-family:Calibri;mso-hansi-theme-font:minor-latin\">&#xFF09;&#x3001;&#x5C04;&#x9891;&#x3001;&#x9EC4;&#x91D1;&#x5FAE;&#x9488;&#x7B49;&#x3002;</span><span lang=\"EN-US\"><o:p></o:p></span></p><p class=\"MsoNormal\" align=\"left\"><span style=\"font-family:\n&#x5B8B;&#x4F53;;mso-ascii-font-family:Calibri;mso-ascii-theme-font:minor-latin;mso-fareast-font-family:\n&#x5B8B;&#x4F53;;mso-fareast-theme-font:minor-fareast;mso-hansi-font-family:Calibri;\nmso-hansi-theme-font:minor-latin\">&#x2462;&#x6CE8;&#x5C04;&#x7F8E;&#x80A4;&#xFF1A;&#x6C34;&#x5149;&#x9488;&#x3001;</span><span lang=\"EN-US\">PRP</span><span style=\"font-family:&#x5B8B;&#x4F53;;mso-ascii-font-family:Calibri;mso-ascii-theme-font:minor-latin;\nmso-fareast-font-family:&#x5B8B;&#x4F53;;mso-fareast-theme-font:minor-fareast;mso-hansi-font-family:\nCalibri;mso-hansi-theme-font:minor-latin\">&#x81EA;&#x4F53;&#x8840;&#x6E05;&#x6362;&#x80A4;&#x3001;&#x65E0;&#x9488;&#x6C34;&#x5149;&#x3001;&#x6EDA;&#x8F6E;&#x5FAE;&#x9488;</span><span lang=\"EN-US\">+</span><span style=\"font-family:&#x5B8B;&#x4F53;;mso-ascii-font-family:Calibri;\nmso-ascii-theme-font:minor-latin;mso-fareast-font-family:&#x5B8B;&#x4F53;;mso-fareast-theme-font:\nminor-fareast;mso-hansi-font-family:Calibri;mso-hansi-theme-font:minor-latin\">&#x836F;&#x7269;&#x5BFC;&#x5165;&#x7B49;&#x3002;</span><span lang=\"EN-US\"><o:p></o:p></span></p><p class=\"MsoNormal\" align=\"left\"><span style=\"font-family:\n&#x5B8B;&#x4F53;;mso-ascii-font-family:Calibri;mso-ascii-theme-font:minor-latin;mso-fareast-font-family:\n&#x5B8B;&#x4F53;;mso-fareast-theme-font:minor-fareast;mso-hansi-font-family:Calibri;\nmso-hansi-theme-font:minor-latin\">&#x2463;&#x5916;&#x7528;&#x836F;&#x7269;&#xFF1A;&#x7EF4;&#x7532;&#x9178;&#x3002;</span><span lang=\"EN-US\"><o:p></o:p></span></p><p class=\"MsoNormal\" align=\"left\"><span lang=\"EN-US\">3.</span><span style=\"font-family:&#x5B8B;&#x4F53;;mso-ascii-font-family:Calibri;mso-ascii-theme-font:minor-latin;\nmso-fareast-font-family:&#x5B8B;&#x4F53;;mso-fareast-theme-font:minor-fareast;mso-hansi-font-family:\nCalibri;mso-hansi-theme-font:minor-latin\">&#x7F29;&#x5C0F;&#x6BDB;&#x56CA;&#xFF1A;&#x4F7F;&#x7528;&#x6FC0;&#x5149;&#x3001;&#x5F3A;&#x8109;&#x51B2;&#x5149;&#x7B49;&#x4EEA;&#x5668;&#x8131;&#x6BDB;&#x4F1A;&#x7F29;&#x5C0F;&#x6BDB;&#x5B54;&#xFF0C;&#x5C24;&#x5176;&#x5BF9;&#x4E8E;&#x9762;&#x90E8;&#x6BDB;&#x53D1;&#x8F83;&#x539A;&#x3001;&#x989C;&#x8272;&#x8F83;&#x6DF1;&#x7684;&#x6C42;&#x7F8E;&#x8005;&#x3002;</span><span lang=\"EN-US\"><o:p></o:p></span></p><p class=\"MsoNormal\" align=\"left\"><span lang=\"EN-US\">4.</span><span style=\"font-family:&#x5B8B;&#x4F53;;mso-ascii-font-family:Calibri;mso-ascii-theme-font:minor-latin;\nmso-fareast-font-family:&#x5B8B;&#x4F53;;mso-fareast-theme-font:minor-fareast;mso-hansi-font-family:\nCalibri;mso-hansi-theme-font:minor-latin\">&#x6B63;&#x786E;&#x62A4;&#x80A4;</span><span lang=\"EN-US\"><o:p></o:p></span></p><p class=\"MsoNormal\" align=\"left\"><span style=\"font-family:\n&#x5B8B;&#x4F53;;mso-ascii-font-family:Calibri;mso-ascii-theme-font:minor-latin;mso-fareast-font-family:\n&#x5B8B;&#x4F53;;mso-fareast-theme-font:minor-fareast;mso-hansi-font-family:Calibri;\nmso-hansi-theme-font:minor-latin\">&#x2460;&#x4E25;&#x683C;&#x9632;&#x6652;&#x3002;</span><span lang=\"EN-US\"><o:p></o:p></span></p><p class=\"MsoNormal\" align=\"left\"><span style=\"font-family:\n&#x5B8B;&#x4F53;;mso-ascii-font-family:Calibri;mso-ascii-theme-font:minor-latin;mso-fareast-font-family:\n&#x5B8B;&#x4F53;;mso-fareast-theme-font:minor-fareast;mso-hansi-font-family:Calibri;\nmso-hansi-theme-font:minor-latin\">&#x2461;&#x56E0;&#x5730;&#x5236;&#x5B9C;&#x5730;&#x6E05;&#x6D01;&#x76AE;&#x80A4;&#xFF1A;&#x654F;&#x611F;</span><span lang=\"EN-US\">/</span><span style=\"font-family:&#x5B8B;&#x4F53;;mso-ascii-font-family:Calibri;mso-ascii-theme-font:minor-latin;\nmso-fareast-font-family:&#x5B8B;&#x4F53;;mso-fareast-theme-font:minor-fareast;mso-hansi-font-family:\nCalibri;mso-hansi-theme-font:minor-latin\">&#x75D8;&#x75D8;</span><span lang=\"EN-US\">/</span><span style=\"font-family:&#x5B8B;&#x4F53;;mso-ascii-font-family:Calibri;mso-ascii-theme-font:minor-latin;\nmso-fareast-font-family:&#x5B8B;&#x4F53;;mso-fareast-theme-font:minor-fareast;mso-hansi-font-family:\nCalibri;mso-hansi-theme-font:minor-latin\">&#x5E72;&#x71E5;</span><span lang=\"EN-US\">/</span><span style=\"font-family:&#x5B8B;&#x4F53;;mso-ascii-font-family:Calibri;mso-ascii-theme-font:minor-latin;\nmso-fareast-font-family:&#x5B8B;&#x4F53;;mso-fareast-theme-font:minor-fareast;mso-hansi-font-family:\nCalibri;mso-hansi-theme-font:minor-latin\">&#x4E2D;&#x6027;&#x808C;&#x80A4;&#x4F7F;&#x7528;&#x6E29;&#x548C;&#x3001;&#x65E0;&#x6CE1;&#x6CAB;&#x3001;&#x65E0;&#x78E8;&#x7802;&#x6D01;&#x9762;&#x4EA7;&#x54C1;&#xFF1B;&#x6DF7;&#x5408;&#x6CB9;&#x6027;&#x76AE;&#x80A4;</span><span lang=\"EN-US\">/</span><span style=\"font-family:&#x5B8B;&#x4F53;;mso-ascii-font-family:Calibri;\nmso-ascii-theme-font:minor-latin;mso-fareast-font-family:&#x5B8B;&#x4F53;;mso-fareast-theme-font:\nminor-fareast;mso-hansi-font-family:Calibri;mso-hansi-theme-font:minor-latin\">&#x6CB9;&#x6027;&#x76AE;&#x80A4;&#x4F7F;&#x7528;&#x6C34;&#x6CB9;&#x5E73;&#x8861;&#x6D01;&#x9762;&#x4EA7;&#x54C1;&#xFF0C;&#x53EF;&#x9002;&#x5F53;&#x4F7F;&#x7528;&#x6CE1;&#x6CAB;&#x578B;&#x6D17;&#x9762;&#x5976;&#xFF1B;&#x53C8;&#x5E72;&#x53C8;&#x6CB9;&#x578B;&#x76AE;&#x80A4;&#x4E5F;&#x4F7F;&#x7528;&#x6E29;&#x548C;&#x6D01;&#x9762;&#x4EA7;&#x54C1;&#x3002;</span><span lang=\"EN-US\"><o:p></o:p></span></p><p class=\"MsoNormal\" align=\"left\"><span style=\"font-family:\n&#x5B8B;&#x4F53;;mso-ascii-font-family:Calibri;mso-ascii-theme-font:minor-latin;mso-fareast-font-family:\n&#x5B8B;&#x4F53;;mso-fareast-theme-font:minor-fareast;mso-hansi-font-family:Calibri;\nmso-hansi-theme-font:minor-latin\">&#x2462;&#x4F7F;&#x7528;&#x533B;&#x5B66;&#x62A4;&#x80A4;&#x54C1;&#x6765;&#x4FDD;&#x6E7F;</span><span lang=\"EN-US\">:</span><span style=\"font-family:&#x5B8B;&#x4F53;;mso-ascii-font-family:Calibri;mso-ascii-theme-font:minor-latin;\nmso-fareast-font-family:&#x5B8B;&#x4F53;;mso-fareast-theme-font:minor-fareast;mso-hansi-font-family:\nCalibri;mso-hansi-theme-font:minor-latin\">&#x5B9A;&#x671F;&#x4F7F;&#x7528;&#x4FDD;&#x6E7F;&#x4FEE;&#x590D;&#x9762;&#x819C;&#xFF0C;&#x6BCF;&#x65E5;&#x65E9;&#x665A;&#x4F7F;&#x7528;&#x73BB;&#x5C3F;&#x9178;&#x4FDD;&#x6E7F;&#x6C34;&#x3001;&#x4FEE;&#x590D;&#x7CBE;&#x534E;&#x548C;&#x4FDD;&#x6E7F;&#x4E73;&#x6DB2;&#x3002;</span><span lang=\"EN-US\"><o:p></o:p></span></p><p>\n\n\n\n\n\n\n\n\n\n\n\n\n\n\n\n\n\n\n\n\n\n\n\n\n\n\n\n\n\n</p><p class=\"MsoNormal\" align=\"left\"><span style=\"font-family:\n&#x5B8B;&#x4F53;;mso-ascii-font-family:Calibri;mso-ascii-theme-font:minor-latin;mso-fareast-font-family:\n&#x5B8B;&#x4F53;;mso-fareast-theme-font:minor-fareast;mso-hansi-font-family:Calibri;\nmso-hansi-theme-font:minor-latin\">&#x2463;&#x4E0D;&#x4F7F;&#x7528;&#x975E;&#x836F;&#x76D1;&#x5C40;&#x6279;&#x51C6;&#x7684;&#x5316;&#x5986;&#x54C1;&#x3001;&#x4E0D;&#x6EE5;&#x7528;&#x6FC0;&#x7D20;&#x7C7B;&#x836F;&#x7269;&#x3002;</span></p><p class=\"MsoNormal\" align=\"left\"><img src=\"http://hera.s.gmei.com/2016/10/11/749a777bb4\" style=\"width: 722px;\"><span style=\"font-family:\n&#x5B8B;&#x4F53;;mso-ascii-font-family:Calibri;mso-ascii-theme-font:minor-latin;mso-fareast-font-family:\n&#x5B8B;&#x4F53;;mso-fareast-theme-font:minor-fareast;mso-hansi-font-family:Calibri;\nmso-hansi-theme-font:minor-latin\"><br></span><span lang=\"EN-US\"><o:p></o:p></span></p>"},"Sample":{"name":"效果示例","content":"<img src=\"http://hera.s.gmei.com/itemwiki/2016/10/11/e555bf89d1-w\">"},"BeforIdear":{"name":"效果示例","content":""},"AfterIdear":{"name":"优点","content":""},"GoodPoint":{"name":"缺点及风险","content":""},"BadPoint":{"name":"术前锦囊","content":""}}