{"Title":"射频提升","Related":{"name":"关联百科","content":[{"relatedId":"718","name":"电波拉皮"},{"relatedId":"551","name":"黄金微针"},{"relatedId":"722","name":"手术小拉皮"},{"relatedId":"721","name":"手术大拉皮"},{"relatedId":"481","name":"埋线提升"},{"relatedId":"480","name":"超声刀"}]},"ShorDesc":{"name":"简介","content":"<p>&#x9002;&#x5E94;&#x75C7;&#xFF1A;&#x5E72;&#x7EB9;&#xFF0C;&#x773C;&#x5468;&#x7EC6;&#x7EB9;&#xFF0C;&#x9888;&#x7EB9;</p><p>&#x5229;&#x7528;&#x5FAE;&#x7535;&#x6CE2;&#x751F;&#x70ED;&#x4FC3;&#x8FDB;&#x7EA4;&#x7EF4;&#x7EC6;&#x80DE;&#x5236;&#x9020;&#x65B0;&#x7684;&#x80F6;&#x539F;&#x86CB;&#x767D;&#x3001;&#x5206;&#x89E3;&#x8102;&#x80AA;&#x56E2;&#xFF0C;&#x4EE5;&#x6B64;&#x8FBE;&#x5230;&#x9664;&#x76B1;&#x7D27;&#x80A4;&#x3001;&#x6EB6;&#x8102;&#x7626;&#x8138;&#x548C;&#x63D0;&#x5347;&#x80A4;&#x8D28;&#x7684;&#x529F;&#x6548;&#x3002;</p>"},"Property":{"name":"档案","content":["\n                <li>&#x6CBB;&#x7597;&#x65B9;&#x5F0F;&#xFF1A;<span>&#x5149;&#x7535;&#xFF08;&#x65E0;&#x521B;&#xFF09;</span></li>\n                <li>&#x75BC;&#x75DB;&#x611F;&#xFF1A;<span>0&#x9897;&#x661F;</span><a href=\"gengmei://common_webview?url=http://backend.gmei.com/hybrid/ache_level\">&#x67E5;&#x770B;&#x75BC;&#x75DB;&#x5206;&#x7EA7;</a></li>\n                <li>&#x7EF4;&#x6301;&#x65F6;&#x95F4;&#xFF1A;<span>1-3&#x5E74;</span></li>\n                <li>&#x6CBB;&#x7597;&#x65F6;&#x95F4;&#xFF1A;<span>30-60&#x5206;&#x949F;</span></li>\n                <li>&#x53C2;&#x8003;&#x4EF7;&#x683C;&#xFF1A;<span>1000-5000</span></li>\n                <li>&#x9EBB;&#x9189;&#x65B9;&#x5F0F;&#xFF1A;<span>&#x65E0;</span></li>\n                <li>&#x662F;&#x5426;&#x4F4F;&#x9662;&#xFF1A;<span>&#x5426;</span></li>\n                \n                <li>&#x62C6;&#x7EBF;&#x65F6;&#x95F4;&#xFF1A;<span>0-0&#x5929;</span></li>\n            "]},"Desc":{"name":"项目／手术原理","content":"<p>1&#x3001;&#x6E05;&#x6D01;&#x6CBB;&#x7597;&#x90E8;&#x4F4D;&#x3002;</p><p>2&#x3001;&#x6D82;&#x62B9;&#x51B7;&#x51DD;&#x80F6;&#x3002;</p><p>3&#x3001;&#x4F7F;&#x7528;&#x6FC0;&#x5149;&#x8FDB;&#x884C;&#x6CBB;&#x7597;&#x3002;</p><p><img src=\"http://hera.s.gmei.com/2016/10/12/6e48991b67\" style=\"width: 283px;\"><br></p>"},"Sample":{"name":"效果示例","content":"<img src=\"http://hera.s.gmei.com/itemwiki/2016/10/12/d144b3ab68-w\">"},"BeforIdear":{"name":"效果示例","content":"<p>1&#x3001;&#x60A3;&#x8005;&#x9700;&#x505A;&#x76F8;&#x5173;&#x68C0;&#x67E5;&#xFF0C;&#x786E;&#x4FDD;&#x6FC0;&#x5149;&#x5BF9;&#x81EA;&#x5DF1;&#x6CA1;&#x6709;&#x4F24;&#x5BB3;&#x3002;</p><p>2&#x3001;&#x6E05;&#x6D01;&#x6CBB;&#x7597;&#x90E8;&#x4F4D;&#x3002;</p>"},"AfterIdear":{"name":"优点","content":"<p>1&#x3001;&#x6FC0;&#x5149;&#x6CBB;&#x7597;&#x540E;&#xFF0C;&#x6CBB;&#x7597;&#x90E8;&#x4F4D;&#x4F1A;&#x6709;&#x707C;&#x70ED;&#x611F;&#x6216;&#x5FAE;&#x91CF;&#x51FA;&#x8840;&#xFF0C;&#x4E0D;&#x5FC5;&#x8FC7;&#x4E8E;&#x62C5;&#x5FC3;&#x3002;&#x4E4B;&#x540E;&#x4F1A;&#x6709;&#x7ED3;&#x75C2;&#x4EA7;&#x751F;&#xFF0C;&#x65E0;&#x9700;&#x7279;&#x6B8A;&#x5904;&#x7406;&#xFF0C;&#x7ED3;&#x75C2;&#x4E00;&#x822C;&#x4F1A;&#x5728;7-10&#x5929;&#x540E;&#x81EA;&#x884C;&#x8131;&#x843D;&#xFF0C;&#x6CE8;&#x610F;&#x4E0D;&#x8981;&#x5F3A;&#x884C;&#x53BB;&#x9664;&#x7ED3;&#x75C2;&#x3002;</p><p>2&#x3001;&#x7531;&#x4E8E;&#x4E2A;&#x4EBA;&#x4F53;&#x8D28;&#x548C;&#x76AE;&#x80A4;&#x72B6;&#x51B5;&#x7684;&#x4E0D;&#x540C;&#xFF0C;&#x6FC0;&#x5149;&#x6CBB;&#x7597;&#x540E;&#x7684;&#x53CD;&#x5E94;&#x4E0D;&#x540C;&#xFF0C;&#x4E2A;&#x522B;&#x4EBA;&#x53EF;&#x80FD;&#x4F1A;&#x51FA;&#x73B0;&#x4E00;&#x4E9B;&#x7A0B;&#x5EA6;&#x7684;&#x7EA2;&#x80BF;&#x73B0;&#x8C61;&#xFF0C;&#x53EF;&#x4EE5;&#x7528;&#x51B0;&#x6577;&#x7684;&#x65B9;&#x6CD5;&#x6765;&#x7F13;&#x89E3;&#x3002;</p><p>3&#x3001;&#x521A;&#x505A;&#x5B8C;&#x6CBB;&#x7597;&#x7684;&#x90E8;&#x4F4D;&#x5BF9;&#x4E8E;&#x9633;&#x5149;&#x4F1A;&#x5F88;&#x654F;&#x611F;&#xFF0C;&#x6CBB;&#x7597;&#x540E;3&#x4E2A;&#x6708;&#x5230;&#x534A;&#x5E74;&#x5185;&#x8981;&#x6CE8;&#x610F;&#x9632;&#x6652;&#xFF0C;&#x907F;&#x514D;&#x8272;&#x7D20;&#x7684;&#x6C89;&#x79EF;&#x3002;</p><p>4&#x3001;&#x4E00;&#x5468;&#x4E4B;&#x5185;&#x6CBB;&#x7597;&#x90E8;&#x4F4D;&#x7981;&#x6C34;&#xFF0C;&#x53EA;&#x80FD;&#x7528;&#x68C9;&#x68D2;&#x6CBE;&#x6C34;&#x5C0F;&#x5FC3;&#x64E6;&#x62ED;&#x5468;&#x56F4;&#x90E8;&#x4F4D;&#x4EE5;&#x514D;&#x9020;&#x6210;&#x7EC6;&#x83CC;&#x611F;&#x67D3;&#x3002;</p><p>5&#x3001;&#x60A3;&#x5904;&#x5E94;&#x6BCF;&#x5929;&#x64E6;&#x62ED;&#x4FEE;&#x590D;&#x56E0;&#x5B50;&#x6216;&#x7EA2;&#x9709;&#x7D20;&#x4EE5;&#x52A0;&#x5FEB;&#x76AE;&#x80A4;&#x4FEE;&#x62A4;&#x3002;</p>"},"GoodPoint":{"name":"缺点及风险","content":"<p>1&#x3001;&#x65E0;&#x521B;&#x3001;&#x65E0;&#x6062;&#x590D;&#x671F;&#x3002;</p><p>2&#x3001;&#x5B89;&#x5168;&#x7A33;&#x5B9A;&#x3001;&#x98CE;&#x9669;&#x6781;&#x4F4E;&#x3002;</p><p>3&#x3001;&#x6CBB;&#x7597;&#x540E;&#xFF0C;&#x5373;&#x523B;&#x76AE;&#x80A4;&#x6536;&#x7D27;&#x3001;&#x63D0;&#x5347;&#x3002;</p><p>4&#x3001;&#x6CBB;&#x7597;&#x8FC7;&#x7A0B;&#x65E0;&#x75BC;&#x75DB;&#x611F;&#x3002;</p>"},"BadPoint":{"name":"术前锦囊","content":"<p>1&#x3001;&#x9700;&#x591A;&#x6B21;&#x6CBB;&#x7597;&#x624D;&#x80FD;&#x7EF4;&#x6301;&#x8F83;&#x957F;&#x65F6;&#x95F4;&#x3002;</p><p>2&#x3001;&#x6781;&#x5C11;&#x6570;&#x4EBA;&#x6CBB;&#x7597;&#x540E;&#x53EF;&#x80FD;&#x4F1A;&#x51FA;&#x73B0;&#x7EA2;&#x80BF;&#x3001;&#x7EA2;&#x75B9;&#x3001;&#x76AE;&#x80A4;&#x5E72;&#x71E5;&#x8131;&#x5C51;&#x7684;&#x95EE;&#x9898;&#x3002;</p><p>3&#x3001;&#x6709;&#x75E4;&#x75AE;&#x708E;&#x75C7;&#x7684;&#x90E8;&#x4F4D;&#x53EF;&#x80FD;&#x4F1A;&#x957F;&#x5C11;&#x91CF;&#x7684;&#x75E4;&#x75AE;&#x3002;</p>"}}