{"Title":"玻尿酸隆鼻","Related":{"name":"关联百科","content":[{"relatedId":"675","name":"假体+耳软骨隆鼻"},{"relatedId":"355","name":"膨体隆鼻"},{"relatedId":"677","name":"肋软骨隆鼻"},{"relatedId":"516","name":"Medpor隆鼻"},{"relatedId":"356","name":"硅胶隆鼻"},{"relatedId":"404","name":"埋线隆鼻"}]},"ShorDesc":{"name":"简介","content":"<p>&#x9002;&#x5E94;&#x75C7;&#xFF1A;&#x584C;&#x9F3B;&#x6881;</p><p>&#x901A;&#x8FC7;&#x9488;&#x5242;&#x6CE8;&#x5C04;&#x7684;&#x65B9;&#x5F0F;&#x5C06;&#x73BB;&#x5C3F;&#x9178;&#x586B;&#x5145;&#x5230;&#x9F3B;&#x90E8;&#x8FBE;&#x5230;&#x9686;&#x9F3B;&#x7684;&#x6548;&#x679C;&#x3002;</p>"},"Property":{"name":"档案","content":["\n                <li>&#x6CBB;&#x7597;&#x65B9;&#x5F0F;&#xFF1A;<span>&#x6CE8;&#x5C04;</span></li>\n                <li>&#x75BC;&#x75DB;&#x611F;&#xFF1A;<span>2&#x9897;&#x661F;</span><a href=\"gengmei://common_webview?url=http://backend.gmei.com/hybrid/ache_level\">&#x67E5;&#x770B;&#x75BC;&#x75DB;&#x5206;&#x7EA7;</a></li>\n                <li>&#x7EF4;&#x6301;&#x65F6;&#x95F4;&#xFF1A;<span>6-12&#x4E2A;&#x6708;</span></li>\n                <li>&#x6CBB;&#x7597;&#x65F6;&#x95F4;&#xFF1A;<span>10-20&#x5206;&#x949F;</span></li>\n                <li>&#x53C2;&#x8003;&#x4EF7;&#x683C;&#xFF1A;<span>5000-10000</span></li>\n                <li>&#x9EBB;&#x9189;&#x65B9;&#x5F0F;&#xFF1A;<span>&#x8868;&#x9762;&#x9EBB;&#x9189;</span></li>\n                <li>&#x662F;&#x5426;&#x4F4F;&#x9662;&#xFF1A;<span>&#x5426;</span></li>\n                \n                <li>&#x62C6;&#x7EBF;&#x65F6;&#x95F4;&#xFF1A;<span>0-0&#x5929;</span></li>\n            "]},"Desc":{"name":"项目／手术原理","content":"<p>1&#x3001;&#x6E05;&#x6D01;&#x3001;&#x9EBB;&#x9189;&#x6CBB;&#x7597;&#x90E8;&#x4F4D;&#xFF0C;&#x6D88;&#x6BD2;&#x3002;</p><p>2&#x3001;&#x6CE8;&#x5C04;&#x3002;</p><p>3&#x3001;&#x533B;&#x751F;&#x6309;&#x6469;&#x6324;&#x538B;&#xFF0C;&#x634F;&#x51FA;&#x9F3B;&#x5F62;&#x3002;</p><p><img src=\"http://hera.s.gmei.com/2016/10/12/35b97bfdac\" style=\"width: 300px;\"><br></p>"},"Sample":{"name":"效果示例","content":"<img src=\"http://hera.s.gmei.com/itemwiki/2016/10/12/3daefde3e0-w\">"},"BeforIdear":{"name":"效果示例","content":"<p>1&#x3001;&#x624B;&#x672F;&#x524D;&#x4E24;&#x5468;&#x5185;&#xFF0C;&#x8BF7;&#x52FF;&#x670D;&#x7528;&#x56FA;&#x9187;&#x6FC0;&#x7D20;&#x548C;&#x963F;&#x65AF;&#x5339;&#x6797;&#x7C7B;&#x6297;&#x51DD;&#x836F;&#x7269;&#x3002;</p><p>2&#x3001;&#x624B;&#x672F;&#x5F53;&#x65E5;&#x4E0D;&#x8981;&#x5316;&#x5986;&#xFF0C;&#x4E5F;&#x4E0D;&#x8981;&#x6234;&#x88C5;&#x9970;&#x7269;&#x7B49;&#x3002;</p><p>3&#x3001;&#x4F8B;&#x5047;&#x671F;&#xFF0C;&#x598A;&#x5A20;&#x524D;&#x671F;(&#x4E09;&#x4E2A;&#x6708;)&#x6216;&#x598A;&#x5A20;&#x540E;&#x671F;(&#x4E09;&#x4E2A;&#x6708;)&#x6682;&#x7F13;&#x624B;&#x672F;&#x3002;</p>"},"AfterIdear":{"name":"优点","content":"<p>1.&#x6CE8;&#x5C04;&#x540E;&#x81F3;&#x5C11;4&#x5C0F;&#x65F6;&#x5185;&#x8981;&#x4FDD;&#x6301;&#x633A;&#x76F4;&#x7684;&#x59FF;&#x52BF;&#xFF0C;6&#x5C0F;&#x65F6;&#x5185;&#x4E0D;&#x8981;&#x89E6;&#x6478;&#x6CE8;&#x5C04;&#x533A;&#x57DF;&#x3002;</p><p>2.&#x6CE8;&#x5C04;&#x540E;&#x7528;&#x624B;&#x638C;&#x6839;&#x6309;&#x538B;5-10&#x5206;&#x949F;&#xFF0C;&#x51B0;&#x6577;15-30&#x5206;&#x949F;&#xFF0C;&#x9488;&#x773C;&#x5904;&#x6D82;&#x7EA2;&#x9709;&#x7D20;&#x818F;&#xFF0C;24&#x5C0F;&#x65F6;&#x4E0D;&#x6CBE;&#x6C34;&#xFF0C;&#x9488;&#x773C;&#x5904;&#x4E0D;&#x64E6;&#x62A4;&#x80A4;&#x54C1;&#x3002;</p><p>3.&#x6CE8;&#x5C04;&#x540E;48h&#x5185;&#xFF0C;&#x5C3D;&#x91CF;&#x4FDD;&#x6301;&#x6CE8;&#x5C04;&#x90E8;&#x4F4D;&#x9759;&#x6B62;&#xFF0C;&#x52FF;&#x505A;&#x8FC7;&#x591A;&#x7684;&#x9762;&#x90E8;&#x8868;&#x60C5;&#x3002;</p><p>4.&#x6CE8;&#x5C04;&#x540E;3&#x5929;&#x5185;&#x5C3D;&#x91CF;&#x4E0D;&#x8981;&#x84B8;&#x6851;&#x62FF;&#x3001;&#x7528;&#x84B8;&#x6C7D;&#x84B8;&#x8138;&#x3002;</p><p>5.&#x51CF;&#x5C11;&#x8868;&#x60C5;&#x548C;&#x5480;&#x56BC;&#x6D3B;&#x52A8;&#xFF0C;&#x4E0D;&#x5403;&#x8F9B;&#x8FA3;&#x523A;&#x6FC0;&#x6027;&#x98DF;&#x7269;&#xFF0C;&#x4E0D;&#x5480;&#x56BC;&#x8FC7;&#x786C;&#x98DF;&#x7269;&#xFF0C;&#x4E0D;&#x505A;&#x5267;&#x70C8;&#x8FD0;&#x52A8;&#x3002;</p>"},"GoodPoint":{"name":"缺点及风险","content":"<p>1&#x3001;&#x6CE8;&#x5C04;&#x521B;&#x4F24;&#x5C0F;&#x3002; </p><p>2&#x3001;&#x672F;&#x540E;&#x65E0;&#x9700;&#x4F11;&#x606F;&#x3002; </p><p>3&#x3001;&#x5E76;&#x53D1;&#x75C7;&#x8F83;&#x5C11;&#xFF0C;&#x5B89;&#x5168;&#x6027;&#x8F83;&#x9AD8;&#x3002;</p>"},"BadPoint":{"name":"术前锦囊","content":"<p>1&#x3001;&#x9700;&#x591A;&#x6B21;&#x6CE8;&#x5C04;&#x3002; </p><p>2&#x3001;&#x6548;&#x679C;&#x53EA;&#x80FD;&#x6682;&#x65F6;&#x4FDD;&#x6301;&#x3002; </p><p>3&#x3001;&#x9686;&#x9F3B;&#x7A0B;&#x5EA6;&#x6709;&#x9650;&#xFF0C;&#x4E0D;&#x9002;&#x5408;&#x9F3B;&#x6881;&#x8FC7;&#x4F4E;&#x8005;&#x3002;</p><p>4.&#x53EF;&#x80FD;&#x51FA;&#x73B0;&#x8840;&#x80BF;&#x3001;&#x51F9;&#x51F8;&#x4E0D;&#x5E73;</p>"}}