{"Title":"激光祛痣","Related":{"name":"关联百科","content":[{"relatedId":"665","name":"祛妊娠纹"},{"relatedId":"664","name":"祛疤痕"},{"relatedId":"646","name":"激光祛胎记"},{"relatedId":"429","name":"白瓷娃娃"},{"relatedId":"543","name":"皮秒激光"},{"relatedId":"651","name":"点阵激光"}]},"ShorDesc":{"name":"简介","content":"<p>&#x9002;&#x5E94;&#x75C7;&#xFF1A;&#x5404;&#x79CD;&#x8272;&#x7D20;&#x75C7;&#x3001;&#x9ED1;&#x75E3;&#x3001;&#x98A7;&#x75E3;&#x7B49;&#x3002;</p><p>&#x5229;&#x7528;&#x6FC0;&#x5149;&#x5C06;&#x9ED1;&#x8272;&#x7D20;&#x75E3;&#x76F4;&#x63A5;&#x6C7D;&#x5316;&#x3001;&#x51FB;&#x788E;&#xFF0C;&#x518D;&#x901A;&#x8FC7;&#x6DCB;&#x5DF4;&#x7EC4;&#x7EC7;&#x6392;&#x51FA;&#x4F53;&#x5916;&#xFF0C;&#x8FBE;&#x5230;&#x6D88;&#x9664;&#x6216;&#x51CF;&#x6DE1;&#x9ED1;&#x8272;&#x7D20;&#x75E3;&#x7684;&#x6548;&#x679C;&#x3002;</p>"},"Property":{"name":"档案","content":["\n                <li>&#x6CBB;&#x7597;&#x65B9;&#x5F0F;&#xFF1A;<span>&#x5149;&#x7535;&#xFF08;&#x6709;&#x521B;&#xFF09;</span></li>\n                <li>&#x75BC;&#x75DB;&#x611F;&#xFF1A;<span>2&#x9897;&#x661F;</span><a href=\"gengmei://common_webview?url=http://backend.gmei.com/hybrid/ache_level\">&#x67E5;&#x770B;&#x75BC;&#x75DB;&#x5206;&#x7EA7;</a></li>\n                <li>&#x7EF4;&#x6301;&#x65F6;&#x95F4;&#xFF1A;<span>&#x6C38;&#x4E45;</span></li>\n                <li>&#x6CBB;&#x7597;&#x65F6;&#x95F4;&#xFF1A;<span>40-60&#x5206;&#x949F;</span></li>\n                <li>&#x53C2;&#x8003;&#x4EF7;&#x683C;&#xFF1A;<span>200-1000</span></li>\n                <li>&#x9EBB;&#x9189;&#x65B9;&#x5F0F;&#xFF1A;<span>&#x8868;&#x9762;&#x9EBB;&#x9189;</span></li>\n                <li>&#x662F;&#x5426;&#x4F4F;&#x9662;&#xFF1A;<span>&#x5426;</span></li>\n                \n                <li>&#x62C6;&#x7EBF;&#x65F6;&#x95F4;&#xFF1A;<span>0-0&#x5929;</span></li>\n            "]},"Desc":{"name":"项目／手术原理","content":"<p>1.&#x53D7;&#x672F;&#x8005;&#x6E05;&#x6D01;&#x6CBB;&#x7597;&#x90E8;&#x4F4D;&#x3002;</p><p>2.&#x6234;&#x773C;&#x7F69;&#x4FDD;&#x62A4;&#x53D7;&#x672F;&#x8005;&#x773C;&#x775B;&#x3002;</p><p>3.&#x5728;&#x65BD;&#x672F;&#x90E8;&#x4F4D;&#x505A;&#x5C40;&#x90E8;&#x6D78;&#x6DA6;&#x9EBB;&#x9189;&#x3002;</p><p>4.&#x6FC0;&#x5149;&#x6CBB;&#x7597;&#xFF0C;&#x81F3;&#x8089;&#x773C;&#x770B;&#x4E0D;&#x5230;&#x9ED1;&#x8272;&#x4E3A;&#x9650;</p><p>5.&#x672F;&#x540E;&#x5728;&#x4F24;&#x53E3;&#x8868;&#x9762;&#x6D82;&#x62B9;&#x7EA2;&#x9709;&#x7D20;&#x8F6F;&#x818F;&#x3002;</p><p><img src=\"http://hera.s.gmei.com/2016/10/11/6a7bb56c09\" style=\"width: 268px;\"><br></p>"},"Sample":{"name":"效果示例","content":"<img src=\"http://hera.s.gmei.com/itemwiki/2016/10/11/d49a46d939-w\">"},"BeforIdear":{"name":"效果示例","content":"<p>1&#x3001;&#x6CBB;&#x7597;&#x524D;&#x4E00;&#x5468;&#x5185;&#xFF0C;&#x907F;&#x514D;&#x670D;&#x7528;&#x963F;&#x53F8;&#x5339;&#x6797;&#x4E4B;&#x7C7B;&#x836F;&#x7269;&#xFF0C;&#x4EE5;&#x9632;&#x8F7B;&#x6613;&#x6D41;&#x8840;&#x3002;</p><p>2&#x3001;&#x6CBB;&#x7597;&#x524D;&#x6E05;&#x6D01;&#x9762;&#x90E8;&#xFF0C;&#x4E0D;&#x80FD;&#x6B8B;&#x7559;&#x5316;&#x5986;&#x54C1;&#x3002;</p>"},"AfterIdear":{"name":"优点","content":"<p>1&#x3001;&#x6CBB;&#x7597;&#x4E8C;&#x5468;&#x5185;&#xFF0C;&#x539F;&#x5219;&#x4E0A;&#x4E0D;&#x5B9C;&#x64E6;&#x6D17;&#x3002;</p><p>2&#x3001;&#x53EF;&#x6709;&#x8F7B;&#x5EA6;&#x7EA2;&#x80BF;&#xFF0C;&#x6DE1;&#x8910;&#x8272;&#x7684;&#x75C2;&#xFF0C;&#x6CE8;&#x610F;&#x521B;&#x9762;&#x4FDD;&#x62A4;&#x3001;&#x6E05;&#x6D01;&#x53EF;&#x7528;&#x4E9B;&#x6DA6;&#x6ED1;&#x6027;&#x836F;&#x7269;&#xFF0C;&#x7981;&#x6B62;&#x65E9;&#x671F;&#x53BB;&#x75C2;&#xFF0C;&#x8BA9;&#x81EA;&#x884C;&#x8131;&#x843D;</p><p>3&#x3001;&#x5C0F;&#x9762;&#x79EF;&#x6CBB;&#x7597;&#x4EC5;&#x5728;&#x5C40;&#x90E8;&#x51FA;&#x73B0;&#x8F7B;&#x5FAE;&#x80BF;&#x80C0;&#x3002;&#x5927;&#x9762;&#x79EF;&#x6CBB;&#x7597;&#x65F6;&#x7279;&#x522B;&#x662F;&#x773C;&#x775B;&#x5468;&#x56F4;&#x6CBB;&#x7597;&#x4F1A;&#x51FA;&#x73B0;&#x660E;&#x663E;&#x80BF;&#x80C0;&#xFF0C;&#x4E09;&#x3001;&#x4E94;&#x5929;&#x540E;&#x81EA;&#x884C;&#x6D88;&#x5931;&#x3002;</p><p>4&#x3001;&#x7528;&#x542B;&#x6709;&#x6297;&#x654F;&#x3001;&#x6297;&#x708E;&#x3001;&#x4FDD;&#x6E7F;&#x6210;&#x5206;&#x7684;&#x9762;&#x8D34;&#x819C;&#x51B7;&#x6E7F;&#x6577;&#x6216;&#x7528;&#x6BDB;&#x5DFE;&#x5305;&#x88F9;&#x51B0;&#x5757;&#x540E;&#x6577;&#x6FC0;&#x5149;&#x672F;&#x540E;&#x76AE;&#x80A4;&#x3002;</p><p>5&#x3001;&#x82E5;&#x76AE;&#x80A4;&#x51FA;&#x73B0;&#x7EA2;&#x6591;&#x3001;&#x80BF;&#x80C0;&#x3001;&#x6E17;&#x8840;&#x660E;&#x663E;&#xFF0C;&#x53EF;&#x7528;3%&#x787C;&#x9178;&#x6EB6;&#x6DB2;&#x6E7F;&#x6577;&#x3002;</p><p>6&#x3001;&#x6CBB;&#x7597;&#x540E;&#x4E09;&#x4E2A;&#x6708;&#x5185;&#x907F;&#x514D;&#x65E5;&#x6652;&#xFF0C;&#x9632;&#x6652;&#x971C;&#x53EF;&#x9009;&#x7528;UVB&#x9632;&#x6652;&#x6307;&#x6570;&#xFF08;SPF&#xFF09;&gt;30&#xFF1B;UVA&#x9632;&#x62A4;&#x7CFB;&#x6570;&#xFF08;PFA&#xFF09;&gt;++&#x3002;</p>"},"GoodPoint":{"name":"缺点及风险","content":"<p>1&#x3001;&#x521B;&#x4F24;&#x5F88;&#x5C0F;&#xFF0C;&#x4E0D;&#x592A;&#x75BC;&#x75DB;&#x3002;</p><p>2&#x3001;&#x672F;&#x540E;&#x65E0;&#x9700;&#x4F11;&#x606F;&#x3002;</p><p>3&#x3001;&#x6709;&#x9009;&#x62E9;&#x5730;&#x8FDB;&#x884C;&#x624B;&#x672F;&#xFF0C;&#x4F7F;&#x76AE;&#x80A4;&#x4E0D;&#x53D7;&#x635F;&#x4F24;&#x3002;</p>"},"BadPoint":{"name":"术前锦囊","content":"<p>1&#x3001;&#x6CBB;&#x7597;&#x6548;&#x679C;&#x6709;&#x9650;&#xFF0C;&#x4E0D;&#x5F7B;&#x5E95;&#x3002;</p><p>2&#x3001;&#x4E0D;&#x9002;&#x5E94;&#x4E8E;&#x9ED1;&#x8272;&#x7D20;&#x75E3;&#x4E25;&#x91CD;&#x8005;&#x3002;</p><p>3&#x3001;&#x60A3;&#x8005;&#x4E3A;&#x7622;&#x75D5;&#x4F53;&#x8D28;&#x8005;&#xFF0C;&#x6709;&#x53EF;&#x80FD;&#x7559;&#x4E0B;&#x7622;&#x75D5;&#x3002;</p><p>4&#x3001;&#x5728;&#x5904;&#x7406;&#x8FC7;&#x7684;&#x90E8;&#x4F4D;&#xFF0C;&#x4F1A;&#x7559;&#x4E0B;&#x6216;&#x6DF1;&#x6216;&#x6D45;&#x7684;&#x6591;&#x70B9;&#x3002;</p><p>5&#x3001;&#x53EF;&#x80FD;&#x51FA;&#x73B0;&#x611F;&#x67D3;&#x3001;&#x7619;&#x75D2;&#x3002;</p>"}}