{"Title":"OPT美肤","Related":{"name":"关联百科","content":[{"relatedId":"302","name":"光子嫩肤"},{"relatedId":"655","name":"IPL美肤"},{"relatedId":"654","name":"OPT美肤"}]},"ShorDesc":{"name":"简介","content":"<p class=\"MsoNormal\"><span style=\"font-family:&#x5B8B;&#x4F53;;mso-ascii-font-family:Calibri;\nmso-ascii-theme-font:minor-latin;mso-fareast-font-family:&#x5B8B;&#x4F53;;mso-fareast-theme-font:\nminor-fareast;mso-hansi-font-family:Calibri;mso-hansi-theme-font:minor-latin\">&#x9002;&#x5E94;&#x75C7;&#xFF1A;&#x8272;&#x6591;&#x3001;&#x75D8;&#x75D8;&#x3001;&#x75D8;&#x5370;&#x3001;&#x7EA2;&#x8840;&#x4E1D;&#x3001;&#x76AE;&#x80A4;&#x6CDB;&#x7EA2;&#x3001;&#x76AE;&#x80A4;&#x7C97;&#x7CD9;&#x3001;&#x80A4;&#x8272;&#x6697;&#x6C89;&#x4E0D;&#x5747;&#x5300;&#x3001;&#x6BDB;&#x5B54;&#x7C97;&#x5927;&#x3001;&#x5E72;&#x7EB9;&#x7EC6;&#x7EB9;</span><span lang=\"EN-US\"><o:p></o:p></span></p><p>\n\n</p><p class=\"MsoNormal\" align=\"left\"><span lang=\"EN-US\">OPT</span><span style=\"font-family:&#x5B8B;&#x4F53;;mso-ascii-font-family:Calibri;mso-ascii-theme-font:minor-latin;\nmso-fareast-font-family:&#x5B8B;&#x4F53;;mso-fareast-theme-font:minor-fareast;mso-hansi-font-family:\nCalibri;mso-hansi-theme-font:minor-latin\">&#x7F8E;&#x80A4;&#x5168;&#x79F0;&#x662F;&#xFF1A;</span><span lang=\"EN-US\">Optimal\nPulsed Light</span><span style=\"font-family:&#x5B8B;&#x4F53;;mso-ascii-font-family:Calibri;\nmso-ascii-theme-font:minor-latin;mso-fareast-font-family:&#x5B8B;&#x4F53;;mso-fareast-theme-font:\nminor-fareast;mso-hansi-font-family:Calibri;mso-hansi-theme-font:minor-latin\">&#xFF0C;&#x4E2D;&#x6587;&#x610F;&#x601D;&#x662F;&#x5B8C;&#x7F8E;&#x8109;&#x51B2;&#x5149;&#x3002;</span><span lang=\"EN-US\">OPT</span><span style=\"font-family:&#x5B8B;&#x4F53;;mso-ascii-font-family:Calibri;\nmso-ascii-theme-font:minor-latin;mso-fareast-font-family:&#x5B8B;&#x4F53;;mso-fareast-theme-font:\nminor-fareast;mso-hansi-font-family:Calibri;mso-hansi-theme-font:minor-latin\">&#x7F8E;&#x80A4;&#x548C;</span><span lang=\"EN-US\">IPL</span><span style=\"font-family:&#x5B8B;&#x4F53;;mso-ascii-font-family:Calibri;\nmso-ascii-theme-font:minor-latin;mso-fareast-font-family:&#x5B8B;&#x4F53;;mso-fareast-theme-font:\nminor-fareast;mso-hansi-font-family:Calibri;mso-hansi-theme-font:minor-latin;\nmso-no-proof:yes\">&#x4E00;&#x6837;&#xFF0C;&#x53EF;&#x4EE5;</span><span style=\"font-family:&#x5B8B;&#x4F53;;mso-ascii-font-family:\nCalibri;mso-ascii-theme-font:minor-latin;mso-fareast-font-family:&#x5B8B;&#x4F53;;mso-fareast-theme-font:\nminor-fareast;mso-hansi-font-family:Calibri;mso-hansi-theme-font:minor-latin\">&#x89E3;&#x51B3;&#x8272;&#x6591;&#x3001;&#x75D8;&#x5370;&#x3001;&#x75D8;&#x75D8;&#x3001;&#x6697;&#x6C89;&#x3001;&#x6BDB;&#x5B54;&#x7C97;&#x5927;&#x7B49;&#x591A;&#x91CD;&#x76AE;&#x80A4;&#x95EE;&#x9898;&#x3002;&#x4E0D;&#x540C;&#x7684;&#x662F;&#xFF0C;</span><span lang=\"EN-US\">OPT</span><span style=\"font-family:&#x5B8B;&#x4F53;;mso-ascii-font-family:Calibri;\nmso-ascii-theme-font:minor-latin;mso-fareast-font-family:&#x5B8B;&#x4F53;;mso-fareast-theme-font:\nminor-fareast;mso-hansi-font-family:Calibri;mso-hansi-theme-font:minor-latin\">&#x6280;&#x672F;&#x53EF;&#x6709;&#x6548;&#x63A7;&#x5236;&#x6CBB;&#x7597;&#x5168;&#x8FC7;&#x7A0B;&#xFF08;&#x533B;&#x751F;&#x80FD;&#x5C3D;&#x53EF;&#x80FD;&#x7684;&#x89E3;&#x51B3;&#x548C;&#x4F18;&#x5316;&#x6C42;&#x7F8E;&#x8005;&#x7684;&#x591A;&#x91CD;&#x76AE;&#x80A4;&#x95EE;&#x9898;&#xFF09;&#xFF0C;&#x63D0;&#x9AD8;&#x5B89;&#x5168;&#x6027;&#xFF08;&#x6709;&#x6548;&#x907F;&#x514D;&#x65E0;&#x6548;&#x5149;&#x8C31;&#x5BF9;&#x76AE;&#x80A4;&#x7684;&#x70ED;&#x635F;&#x4F24;&#xFF0C;&#x51CF;&#x5C11;&#x70EB;&#x4F24;&#x7684;&#x5371;&#x9669;&#xFF09;&#x3002;</span><span lang=\"EN-US\"><o:p></o:p></span></p>"},"Property":{"name":"档案","content":["\n                <li>&#x6CBB;&#x7597;&#x65B9;&#x5F0F;&#xFF1A;<span>&#x5149;&#x7535;&#xFF08;&#x65E0;&#x521B;&#xFF09;</span></li>\n                <li>&#x75BC;&#x75DB;&#x611F;&#xFF1A;<span>1&#x9897;&#x661F;</span><a href=\"gengmei://common_webview?url=http://backend.gmei.com/hybrid/ache_level\">&#x67E5;&#x770B;&#x75BC;&#x75DB;&#x5206;&#x7EA7;</a></li>\n                <li>&#x7EF4;&#x6301;&#x65F6;&#x95F4;&#xFF1A;<span>&#x56E0;&#x4EBA;&#x800C;&#x5F02;</span></li>\n                <li>&#x6CBB;&#x7597;&#x65F6;&#x95F4;&#xFF1A;<span>30-60&#x5206;&#x949F;</span></li>\n                <li>&#x53C2;&#x8003;&#x4EF7;&#x683C;&#xFF1A;<span>3000-8000</span></li>\n                <li>&#x9EBB;&#x9189;&#x65B9;&#x5F0F;&#xFF1A;<span>&#x65E0;</span></li>\n                <li>&#x662F;&#x5426;&#x4F4F;&#x9662;&#xFF1A;<span>&#x5426;</span></li>\n                \n                <li>&#x62C6;&#x7EBF;&#x65F6;&#x95F4;&#xFF1A;<span>0-0&#x5929;</span></li>\n            "]},"Desc":{"name":"项目／手术原理","content":"<p class=\"MsoNormal\" align=\"left\"><span lang=\"EN-US\">OPT</span><span style=\"font-family:&#x5B8B;&#x4F53;;mso-ascii-font-family:Calibri;mso-ascii-theme-font:minor-latin;\nmso-fareast-font-family:&#x5B8B;&#x4F53;;mso-fareast-theme-font:minor-fareast;mso-hansi-font-family:\nCalibri;mso-hansi-theme-font:minor-latin\">&#x5177;&#x4F53;&#x53EF;&#x4EE5;&#x89E3;&#x51B3;&#xFF1A;</span><span lang=\"EN-US\"><o:p></o:p></span></p><p class=\"MsoNormal\" align=\"left\"><span lang=\"EN-US\">1.</span><span style=\"font-family:&#x5B8B;&#x4F53;;mso-ascii-font-family:Calibri;mso-ascii-theme-font:minor-latin;\nmso-fareast-font-family:&#x5B8B;&#x4F53;;mso-fareast-theme-font:minor-fareast;mso-hansi-font-family:\nCalibri;mso-hansi-theme-font:minor-latin\">&#x76AE;&#x80A4;&#x5E74;&#x8F7B;&#x5316;&#xFF1A;&#x6539;&#x5584;&#x76AE;&#x80A4;&#x8D28;&#x5730;&#x3001;&#x76B1;&#x7EB9;&#x3001;&#x6BDB;&#x5B54;&#x7C97;&#x5927;&#x3001;&#x8272;&#x6CFD;&#x6666;&#x6697;&#x3001;&#x75D8;&#x75D8;&#x3001;&#x76AE;&#x80A4;&#x677E;&#x5F1B;&#x7B49;&#x3002;</span><span lang=\"EN-US\"><o:p></o:p></span></p><p class=\"MsoNormal\" align=\"left\"><span lang=\"EN-US\">2.</span><span style=\"font-family:&#x5B8B;&#x4F53;;mso-ascii-font-family:Calibri;mso-ascii-theme-font:minor-latin;\nmso-fareast-font-family:&#x5B8B;&#x4F53;;mso-fareast-theme-font:minor-fareast;mso-hansi-font-family:\nCalibri;mso-hansi-theme-font:minor-latin\">&#x826F;&#x6027;&#x7684;&#x8272;&#x7D20;&#x6027;&#x76AE;&#x80A4;&#x75BE;&#x75C5;&#xFF1A;&#x96C0;&#x6591;&#x3001;&#x8001;&#x5E74;&#x6591;&#x3001;&#x96C0;&#x6591;&#x6837;&#x75E3;&#x3001;&#x5496;&#x5561;&#x6591;&#x3001;&#x8272;&#x7D20;&#x5F02;&#x5E38;&#x75C7;&#x3001;&#x8272;&#x7D20;&#x6C89;&#x7740;&#x3001;&#x9EC4;&#x8910;&#x6591;&#x3001;&#x8272;&#x7D20;&#x6591;&#x7B49;&#x3002;</span><span lang=\"EN-US\"><o:p></o:p></span></p><p class=\"MsoNormal\" align=\"left\"><span lang=\"EN-US\">3.</span><span style=\"font-family:&#x5B8B;&#x4F53;;mso-ascii-font-family:Calibri;mso-ascii-theme-font:minor-latin;\nmso-fareast-font-family:&#x5B8B;&#x4F53;;mso-fareast-theme-font:minor-fareast;mso-hansi-font-family:\nCalibri;mso-hansi-theme-font:minor-latin\">&#x826F;&#x6027;&#x7684;&#x76AE;&#x80A4;&#x8840;&#x7BA1;&#x75BE;&#x75C5;&#xFF1A;&#x9C9C;&#x7EA2;&#x6591;&#x75E3;&#x3001;&#x8840;&#x7BA1;&#x7624;&#x3001;&#x9762;&#x90E8;&#x6216;&#x8EAF;&#x5E72;&#x7684;&#x6BDB;&#x7EC6;&#x8840;&#x7BA1;&#x6269;&#x5F20;&#xFF08;&#x7EA2;&#x8840;&#x4E1D;&#xFF09;&#x3001;&#x9152;&#x7CDF;&#x9F3B;&#x3001;&#x73AB;&#x7470;&#x75E4;&#x75AE;&#x3001;&#x8718;&#x86DB;&#x75E3;&#x3001;</span><span lang=\"EN-US\">Civatte</span><span style=\"font-family:&#x5B8B;&#x4F53;;mso-ascii-font-family:\nCalibri;mso-ascii-theme-font:minor-latin;mso-fareast-font-family:&#x5B8B;&#x4F53;;mso-fareast-theme-font:\nminor-fareast;mso-hansi-font-family:Calibri;mso-hansi-theme-font:minor-latin\">&#x76AE;&#x80A4;&#x5F02;&#x8272;&#x75C7;&#x3001;&#x817F;&#x90E8;&#x9759;&#x8109;&#x548C;&#x9759;&#x8109;&#x7578;&#x5F62;&#x7B49;&#x3002;</span><span lang=\"EN-US\"><o:p></o:p></span></p><p class=\"MsoNormal\" align=\"left\"><span lang=\"EN-US\">4.</span><span style=\"font-family:&#x5B8B;&#x4F53;;mso-ascii-font-family:Calibri;mso-ascii-theme-font:minor-latin;\nmso-fareast-font-family:&#x5B8B;&#x4F53;;mso-fareast-theme-font:minor-fareast;mso-hansi-font-family:\nCalibri;mso-hansi-theme-font:minor-latin\">&#x75A4;&#x75D5;&#x7C7B;&#x75C5;&#x53D8;&#xFF1A;&#x75E4;&#x75AE;&#x75A4;&#x75D5;&#xFF1B;&#x5916;&#x79D1;&#x75A4;&#x75D5;&#x3002;</span><span lang=\"EN-US\"><o:p></o:p></span></p><p class=\"MsoNormal\" align=\"left\"><span lang=\"EN-US\">5.</span><span style=\"font-family:&#x5B8B;&#x4F53;;mso-ascii-font-family:Calibri;mso-ascii-theme-font:minor-latin;\nmso-fareast-font-family:&#x5B8B;&#x4F53;;mso-fareast-theme-font:minor-fareast;mso-hansi-font-family:\nCalibri;mso-hansi-theme-font:minor-latin\">&#x76AE;&#x80A4;&#x7EB9;&#x7406;&#xFF1A;&#x598A;&#x5A20;&#x7EB9;&#xFF1B;&#x81A8;&#x80C0;&#x7EB9;&#xFF1B;&#x840E;&#x7F29;&#x7EB9;&#xFF1B;&#x80A5;&#x80D6;&#x7EB9;&#x3002;</span><span lang=\"EN-US\"><o:p></o:p></span></p><p class=\"MsoNormal\" align=\"left\"><span lang=\"EN-US\">6.</span><span style=\"font-family:&#x5B8B;&#x4F53;;mso-ascii-font-family:Calibri;mso-ascii-theme-font:minor-latin;\nmso-fareast-font-family:&#x5B8B;&#x4F53;;mso-fareast-theme-font:minor-fareast;mso-hansi-font-family:\nCalibri;mso-hansi-theme-font:minor-latin\">&#x5168;&#x8EAB;&#x8131;&#x6BDB;&#x3002;</span><span lang=\"EN-US\"><o:p></o:p></span></p><p>\n\n\n\n\n\n\n\n\n\n\n\n\n\n</p><p class=\"MsoNormal\" align=\"left\"><span lang=\"EN-US\"><br></span></p><p class=\"MsoNormal\" align=\"left\"><span lang=\"EN-US\">OPT</span><span style=\"font-family:&#x5B8B;&#x4F53;;mso-ascii-font-family:Calibri;mso-ascii-theme-font:minor-latin;\nmso-fareast-font-family:&#x5B8B;&#x4F53;;mso-fareast-theme-font:minor-fareast;mso-hansi-font-family:\nCalibri;mso-hansi-theme-font:minor-latin\">&#x6BCF;&#x4E2A;&#x8109;&#x51B2;&#x90FD;&#x662F;&#x5747;&#x5300;&#x7684;&#x65B9;&#x5F62;&#x6CE2;&#xFF0C;&#x6D88;&#x9664;&#x8D85;&#x51FA;&#x6CBB;&#x7597;&#x80FD;&#x91CF;&#x7684;&#x80FD;&#x91CF;&#x5CF0;&#xFF0C;&#x63D0;&#x9AD8;&#x5B89;&#x5168;&#x6027;&#x548C;&#x6CBB;&#x7597;&#x7684;&#x6709;&#x6548;&#x6027;&#x3002;</span></p><p class=\"MsoNormal\" align=\"left\"><img src=\"http://hera.s.gmei.com/2016/10/11/c6a1c117d0\" style=\"width: 813px;\"><span style=\"font-family:&#x5B8B;&#x4F53;;mso-ascii-font-family:Calibri;mso-ascii-theme-font:minor-latin;\nmso-fareast-font-family:&#x5B8B;&#x4F53;;mso-fareast-theme-font:minor-fareast;mso-hansi-font-family:\nCalibri;mso-hansi-theme-font:minor-latin\"><br></span><span lang=\"EN-US\"><o:p></o:p></span></p>"},"Sample":{"name":"效果示例","content":"<img src=\"http://hera.s.gmei.com/itemwiki/2016/10/11/e1322d40d1-w\">"},"BeforIdear":{"name":"效果示例","content":"<p class=\"MsoNormal\"><span lang=\"EN-US\">1.</span><span style=\"font-family:&#x5B8B;&#x4F53;;\nmso-ascii-font-family:Calibri;mso-ascii-theme-font:minor-latin;mso-fareast-font-family:\n&#x5B8B;&#x4F53;;mso-fareast-theme-font:minor-fareast;mso-hansi-font-family:Calibri;\nmso-hansi-theme-font:minor-latin\">&#x4F7F;&#x7528;&#x5916;&#x7528;&#x7EF4;</span><span lang=\"EN-US\">A</span><span style=\"font-family:&#x5B8B;&#x4F53;;mso-ascii-font-family:Calibri;mso-ascii-theme-font:minor-latin;\nmso-fareast-font-family:&#x5B8B;&#x4F53;;mso-fareast-theme-font:minor-fareast;mso-hansi-font-family:\nCalibri;mso-hansi-theme-font:minor-latin\">&#x9178;&#x836F;&#x818F;&#x6216;&#x8005;&#x795B;&#x6591;&#x4EA7;&#x54C1;&#x7684;&#x4EBA;&#xFF0C;&#x5EFA;&#x8BAE;&#x505C;&#x836F;</span><span lang=\"EN-US\">1</span><span style=\"font-family:&#x5B8B;&#x4F53;;mso-ascii-font-family:Calibri;\nmso-ascii-theme-font:minor-latin;mso-fareast-font-family:&#x5B8B;&#x4F53;;mso-fareast-theme-font:\nminor-fareast;mso-hansi-font-family:Calibri;mso-hansi-theme-font:minor-latin\">&#x5468;&#x540E;&#x5F00;&#x59CB;&#x6CBB;&#x7597;&#x3002;</span><span lang=\"EN-US\"><o:p></o:p></span></p><p class=\"MsoNormal\"><span lang=\"EN-US\">2.</span><span style=\"font-family:&#x5B8B;&#x4F53;;\nmso-ascii-font-family:Calibri;mso-ascii-theme-font:minor-latin;mso-fareast-font-family:\n&#x5B8B;&#x4F53;;mso-fareast-theme-font:minor-fareast;mso-hansi-font-family:Calibri;\nmso-hansi-theme-font:minor-latin\">&#x6CBB;&#x7597;&#x524D;</span><span lang=\"EN-US\">2</span><span style=\"font-family:&#x5B8B;&#x4F53;;mso-ascii-font-family:Calibri;mso-ascii-theme-font:minor-latin;\nmso-fareast-font-family:&#x5B8B;&#x4F53;;mso-fareast-theme-font:minor-fareast;mso-hansi-font-family:\nCalibri;mso-hansi-theme-font:minor-latin\">&#x5468;&#x5185;&#x4E0D;&#x80FD;&#x505A;&#x6FC0;&#x5149;&#x3001;&#x78E8;&#x76AE;&#x3001;&#x679C;&#x9178;&#x6362;&#x80A4;&#x7B49;&#x7F8E;&#x5BB9;&#x9879;&#x76EE;&#x3002;</span><span lang=\"EN-US\"><o:p></o:p></span></p><p class=\"MsoNormal\"><span lang=\"EN-US\">3.</span><span style=\"font-family:&#x5B8B;&#x4F53;;\nmso-ascii-font-family:Calibri;mso-ascii-theme-font:minor-latin;mso-fareast-font-family:\n&#x5B8B;&#x4F53;;mso-fareast-theme-font:minor-fareast;mso-hansi-font-family:Calibri;\nmso-hansi-theme-font:minor-latin\">&#x7597;&#x524D;&#x4E00;&#x4E2A;&#x6708;&#x5185;&#x907F;&#x514D;&#x5F3A;&#x70C8;&#x65E5;&#x6652;&#x6216;&#x505A;&#x5BA4;&#x5916;</span><span lang=\"EN-US\">SPA</span><span style=\"font-family:&#x5B8B;&#x4F53;;mso-ascii-font-family:Calibri;mso-ascii-theme-font:minor-latin;\nmso-fareast-font-family:&#x5B8B;&#x4F53;;mso-fareast-theme-font:minor-fareast;mso-hansi-font-family:\nCalibri;mso-hansi-theme-font:minor-latin\">&#x3002;</span><span lang=\"EN-US\"><o:p></o:p></span></p><p class=\"MsoNormal\"><span lang=\"EN-US\">4.</span><span style=\"font-family:&#x5B8B;&#x4F53;;\nmso-ascii-font-family:Calibri;mso-ascii-theme-font:minor-latin;mso-fareast-font-family:\n&#x5B8B;&#x4F53;;mso-fareast-theme-font:minor-fareast;mso-hansi-font-family:Calibri;\nmso-hansi-theme-font:minor-latin\">&#x53D1;&#x708E;&#x3001;&#x4F24;&#x53E3;&#x5316;&#x8113;&#x7684;&#x76AE;&#x80A4;&#x4E0D;&#x9002;&#x5408;&#x6CBB;&#x7597;&#x3002;</span><span lang=\"EN-US\"><o:p></o:p></span></p><p class=\"MsoNormal\"><span lang=\"EN-US\">5.</span><span style=\"font-family:&#x5B8B;&#x4F53;;\nmso-ascii-font-family:Calibri;mso-ascii-theme-font:minor-latin;mso-fareast-font-family:\n&#x5B8B;&#x4F53;;mso-fareast-theme-font:minor-fareast;mso-hansi-font-family:Calibri;\nmso-hansi-theme-font:minor-latin\">&#x53E3;&#x670D;&#x7EF4;</span><span lang=\"EN-US\">A</span><span style=\"font-family:&#x5B8B;&#x4F53;;mso-ascii-font-family:Calibri;mso-ascii-theme-font:minor-latin;\nmso-fareast-font-family:&#x5B8B;&#x4F53;;mso-fareast-theme-font:minor-fareast;mso-hansi-font-family:\nCalibri;mso-hansi-theme-font:minor-latin\">&#x9178;&#x7684;&#x4EBA;&#xFF0C;&#x5EFA;&#x8BAE;&#x505C;&#x836F;</span><span lang=\"EN-US\">3</span><span style=\"font-family:&#x5B8B;&#x4F53;;mso-ascii-font-family:Calibri;mso-ascii-theme-font:minor-latin;\nmso-fareast-font-family:&#x5B8B;&#x4F53;;mso-fareast-theme-font:minor-fareast;mso-hansi-font-family:\nCalibri;mso-hansi-theme-font:minor-latin\">&#x4E2A;&#x6708;&#x540E;&#x518D;&#x5F00;&#x59CB;&#x6CBB;&#x7597;&#x3002;</span><span lang=\"EN-US\"><o:p></o:p></span></p><p>\n\n\n\n\n\n\n\n\n\n</p><p class=\"MsoNormal\"><span lang=\"EN-US\">6.</span><span style=\"font-family:&#x5B8B;&#x4F53;;\nmso-ascii-font-family:Calibri;mso-ascii-theme-font:minor-latin;mso-fareast-font-family:\n&#x5B8B;&#x4F53;;mso-fareast-theme-font:minor-fareast;mso-hansi-font-family:Calibri;\nmso-hansi-theme-font:minor-latin\">&#x5982;&#x679C;&#x6709;&#x5149;&#x654F;&#x611F;&#x75C5;&#x53F2;&#x3001;&#x76AE;&#x80A4;&#x75C5;&#x53D8;&#x3001;&#x514D;&#x75AB;&#x7CFB;&#x7EDF;&#x5F02;&#x5E38;&#xFF0C;&#x9700;&#x8981;&#x505A;&#x597D;&#x8DDF;&#x533B;&#x751F;&#x7684;&#x6C9F;&#x901A;&#x3002;</span><span lang=\"EN-US\"><o:p></o:p></span></p>"},"AfterIdear":{"name":"优点","content":"<p class=\"MsoNormal\"><span lang=\"EN-US\">1.</span><span style=\"font-family:&#x5B8B;&#x4F53;;\nmso-ascii-font-family:Calibri;mso-ascii-theme-font:minor-latin;mso-fareast-font-family:\n&#x5B8B;&#x4F53;;mso-fareast-theme-font:minor-fareast;mso-hansi-font-family:Calibri;\nmso-hansi-theme-font:minor-latin\">&#x6CBB;&#x7597;&#x540E;&#x76AE;&#x80A4;&#x5E72;&#x71E5;&#xFF0C;&#x5E94;&#x575A;&#x6301;&#x4F7F;&#x7528;&#x4FDD;&#x6E7F;&#x9762;&#x819C;&#x3001;&#x4FEE;&#x590D;&#x9762;&#x819C;&#x6216;</span><span lang=\"EN-US\">EGF</span><span style=\"font-family:&#x5B8B;&#x4F53;;mso-ascii-font-family:Calibri;\nmso-ascii-theme-font:minor-latin;mso-fareast-font-family:&#x5B8B;&#x4F53;;mso-fareast-theme-font:\nminor-fareast;mso-hansi-font-family:Calibri;mso-hansi-theme-font:minor-latin\">&#x8868;&#x76AE;&#x751F;&#x957F;&#x56E0;&#x5B50;&#xFF08;&#x4FEE;&#x590D;&#x80BD;&#xFF09;&#x7B49;&#x4FEE;&#x590D;&#x4EA7;&#x54C1;&#x3002;</span><span lang=\"EN-US\"><o:p></o:p></span></p><p class=\"MsoNormal\"><span lang=\"EN-US\">2.</span><span style=\"font-family:&#x5B8B;&#x4F53;;\nmso-ascii-font-family:Calibri;mso-ascii-theme-font:minor-latin;mso-fareast-font-family:\n&#x5B8B;&#x4F53;;mso-fareast-theme-font:minor-fareast;mso-hansi-font-family:Calibri;\nmso-hansi-theme-font:minor-latin\">&#x6CBB;&#x7597;&#x540E;</span><span lang=\"EN-US\">1</span><span style=\"font-family:&#x5B8B;&#x4F53;;mso-ascii-font-family:Calibri;mso-ascii-theme-font:minor-latin;\nmso-fareast-font-family:&#x5B8B;&#x4F53;;mso-fareast-theme-font:minor-fareast;mso-hansi-font-family:\nCalibri;mso-hansi-theme-font:minor-latin\">&#x4E2A;&#x6708;&#x5185;&#xFF0C;&#x4E25;&#x683C;&#x9632;&#x6652;&#x3002;</span><span lang=\"EN-US\"><o:p></o:p></span></p><p class=\"MsoNormal\"><span lang=\"EN-US\">3.</span><span style=\"font-family:&#x5B8B;&#x4F53;;\nmso-ascii-font-family:Calibri;mso-ascii-theme-font:minor-latin;mso-fareast-font-family:\n&#x5B8B;&#x4F53;;mso-fareast-theme-font:minor-fareast;mso-hansi-font-family:Calibri;\nmso-hansi-theme-font:minor-latin\">&#x65E5;&#x5E38;&#x9700;&#x8981;&#x6E29;&#x548C;&#x6D01;&#x9762;&#xFF0C;&#x4E0D;&#x5EFA;&#x8BAE;&#x4F7F;&#x7528;&#x78E8;&#x7802;&#x53BB;&#x89D2;&#x8D28;&#x6D01;&#x9762;&#x4EA7;&#x54C1;&#x53CA;&#x542B;&#x6709;&#x7682;&#x57FA;&#x7684;&#x6CE1;&#x6CAB;&#x6D17;&#x9762;&#x5976;&#x3002;</span><span lang=\"EN-US\"><o:p></o:p></span></p><p>\n\n\n\n\n\n</p><p class=\"MsoNormal\"><span lang=\"EN-US\">4.</span><span style=\"font-family:&#x5B8B;&#x4F53;;\nmso-ascii-font-family:Calibri;mso-ascii-theme-font:minor-latin;mso-fareast-font-family:\n&#x5B8B;&#x4F53;;mso-fareast-theme-font:minor-fareast;mso-hansi-font-family:Calibri;\nmso-hansi-theme-font:minor-latin\">&#x6CBB;&#x7597;&#x7597;&#x7A0B;&#x5E94;&#x9075;&#x7167;&#x533B;&#x5631;&#xFF0C;&#x4E00;&#x822C;&#x95F4;&#x9694;</span><span lang=\"EN-US\">3-4</span><span style=\"font-family:&#x5B8B;&#x4F53;;mso-ascii-font-family:Calibri;mso-ascii-theme-font:minor-latin;\nmso-fareast-font-family:&#x5B8B;&#x4F53;;mso-fareast-theme-font:minor-fareast;mso-hansi-font-family:\nCalibri;mso-hansi-theme-font:minor-latin\">&#x5468;&#x518D;&#x505A;&#x7B2C;&#x4E8C;&#x6B21;&#x3002;</span><span lang=\"EN-US\"><o:p></o:p></span></p>"},"GoodPoint":{"name":"缺点及风险","content":"<p class=\"MsoNormal\"><span lang=\"EN-US\">1.</span><span style=\"font-family:&#x5B8B;&#x4F53;;\nmso-ascii-font-family:Calibri;mso-ascii-theme-font:minor-latin;mso-fareast-font-family:\n&#x5B8B;&#x4F53;;mso-fareast-theme-font:minor-fareast;mso-hansi-font-family:Calibri;\nmso-hansi-theme-font:minor-latin\">&#x89C1;&#x6548;&#x66F4;&#x5FEB;&#xFF0C;&#x7597;&#x6548;&#x66F4;&#x9AD8;&#xFF0C;&#x6CBB;&#x7597;&#x66F4;&#x5B89;&#x5168;&#x3002;</span><span lang=\"EN-US\"><o:p></o:p></span></p><p class=\"MsoNormal\"><span lang=\"EN-US\">2.</span><span style=\"font-family:&#x5B8B;&#x4F53;;\nmso-ascii-font-family:Calibri;mso-ascii-theme-font:minor-latin;mso-fareast-font-family:\n&#x5B8B;&#x4F53;;mso-fareast-theme-font:minor-fareast;mso-hansi-font-family:Calibri;\nmso-hansi-theme-font:minor-latin\">&#x53EF;&#x540C;&#x65F6;&#x6CBB;&#x7597;&#x8272;&#x6591;&#x3001;&#x75D8;&#x75D8;&#x3001;&#x75D8;&#x5370;&#x3001;&#x80A4;&#x8272;&#x6697;&#x6C89;&#x3001;&#x76AE;&#x80A4;&#x7C97;&#x7CD9;&#x3001;&#x6BDB;&#x5B54;&#x7C97;&#x5927;&#x3001;&#x7EA2;&#x8840;&#x4E1D;&#x7B49;&#x591A;&#x79CD;&#x95EE;&#x9898;&#x3002;</span><span lang=\"EN-US\"><o:p></o:p></span></p><p>\n\n\n\n</p><p class=\"MsoNormal\"><span lang=\"EN-US\">3.</span><span style=\"font-family:&#x5B8B;&#x4F53;;\nmso-ascii-font-family:Calibri;mso-ascii-theme-font:minor-latin;mso-fareast-font-family:\n&#x5B8B;&#x4F53;;mso-fareast-theme-font:minor-fareast;mso-hansi-font-family:Calibri;\nmso-hansi-theme-font:minor-latin\">&#x65E0;&#x505C;&#x5DE5;&#x671F;&#xFF08;&#x6062;&#x590D;&#x671F;&#xFF09;&#xFF0C;&#x5348;&#x9910;&#x5F0F;&#x7F8E;&#x5BB9;&#x3002;</span><span lang=\"EN-US\"><o:p></o:p></span></p>"},"BadPoint":{"name":"术前锦囊","content":"<p class=\"MsoNormal\"><span lang=\"EN-US\">1.</span><span style=\"font-family:&#x5B8B;&#x4F53;;\nmso-ascii-font-family:Calibri;mso-ascii-theme-font:minor-latin;mso-fareast-font-family:\n&#x5B8B;&#x4F53;;mso-fareast-theme-font:minor-fareast;mso-hansi-font-family:Calibri;\nmso-hansi-theme-font:minor-latin\">&#x4EF7;&#x683C;&#x76F8;&#x5BF9;&#x8F83;&#x9AD8;&#x3002;</span><span lang=\"EN-US\"><o:p></o:p></span></p><p>\n\n</p><p class=\"MsoNormal\"><span lang=\"EN-US\">2.</span><span style=\"font-family:&#x5B8B;&#x4F53;;\nmso-ascii-font-family:Calibri;mso-ascii-theme-font:minor-latin;mso-fareast-font-family:\n&#x5B8B;&#x4F53;;mso-fareast-theme-font:minor-fareast;mso-hansi-font-family:Calibri;\nmso-hansi-theme-font:minor-latin\">&#x64CD;&#x4F5C;&#x4E0D;&#x5F53;&#x6709;&#x70EB;&#x4F24;&#x7684;&#x53EF;&#x80FD;&#x6027;&#x3002;</span><span lang=\"EN-US\"><o:p></o:p></span></p>"}}