{"Title":"牙齿金属矫正","Related":{"name":"关联百科","content":[{"relatedId":"739","name":"牙齿陶瓷矫正"},{"relatedId":"459","name":"牙齿隐形矫正"},{"relatedId":"562","name":"美容冠"}]},"ShorDesc":{"name":"简介","content":"<p>&#x9002;&#x5E94;&#x75C7;&#xFF1A;&#x7259;&#x9F7F;&#x4E0D;&#x6574;&#x9F50;</p><p>&#x91D1;&#x5C5E;&#x7259;&#x9F7F;&#x77EB;&#x6B63;&#x662F;&#x76EE;&#x524D;&#x6700;&#x5E7F;&#x6CDB;&#x4F7F;&#x7528;&#x7684;&#x77EB;&#x6B63;&#x6280;&#x672F;&#xFF0C;&#x662F;&#x7531;&#x4E0D;&#x9508;&#x94A2;&#x6216;&#x954D;&#x949B;&#x91D1;&#x5C5E;&#x5408;&#x6210;&#xFF0C;&#x7528;&#x4E00;&#x79CD;&#x4E13;&#x7528;&#x9ECF;&#x7ED3;&#x5242;&#x6765;&#x56FA;&#x5B9A;&#x5728;&#x7259;&#x9F7F;&#x8868;&#x9762;&#xFF0C;&#x5176;&#x539F;&#x7406;&#x5C31;&#x662F;&#x901A;&#x8FC7;&#x5916;&#x529B;&#x7275;&#x5F15;&#xFF08;&#x77EB;&#x6CBB;&#x5668;&#xFF09;&#x79FB;&#x52A8;&#x7259;&#x9F7F;&#x7684;&#x4F4D;&#x7F6E;&#xFF0C;&#x5E76;&#x901A;&#x8FC7;&#x957F;&#x65F6;&#x95F4;&#x7684;&#x5916;&#x529B;&#x4F5C;&#x7528;&#xFF08;&#x56FA;&#x5B9A;&#x5668;&#xFF09;&#x5C06;&#x79FB;&#x52A8;&#x5230;&#x4F4D;&#x7684;&#x7259;&#x9F7F;&#x56FA;&#x5B9A;&#x5728;&#x65B0;&#x4F4D;&#x7F6E;&#x7684;&#x8FC7;&#x7A0B;&#x3002;</p>"},"Property":{"name":"档案","content":["\n                <li>&#x6CBB;&#x7597;&#x65B9;&#x5F0F;&#xFF1A;<span>&#x53E3;&#x8154;</span></li>\n                <li>&#x75BC;&#x75DB;&#x611F;&#xFF1A;<span>1&#x9897;&#x661F;</span><a href=\"gengmei://common_webview?url=http://backend.gmei.com/hybrid/ache_level\">&#x67E5;&#x770B;&#x75BC;&#x75DB;&#x5206;&#x7EA7;</a></li>\n                <li>&#x7EF4;&#x6301;&#x65F6;&#x95F4;&#xFF1A;<span>&#x6C38;&#x4E45;</span></li>\n                <li>&#x6CBB;&#x7597;&#x65F6;&#x95F4;&#xFF1A;<span>24-36&#x6708;</span></li>\n                <li>&#x53C2;&#x8003;&#x4EF7;&#x683C;&#xFF1A;<span>15000-30000</span></li>\n                <li>&#x9EBB;&#x9189;&#x65B9;&#x5F0F;&#xFF1A;<span>&#x65E0;</span></li>\n                <li>&#x662F;&#x5426;&#x4F4F;&#x9662;&#xFF1A;<span>&#x5426;</span></li>\n                \n                <li>&#x62C6;&#x7EBF;&#x65F6;&#x95F4;&#xFF1A;<span>0-0&#x5929;</span></li>\n            "]},"Desc":{"name":"项目／手术原理","content":"<p>1.&#x7259;&#x9F7F;&#x7684;&#x5E38;&#x89C4;&#x5904;&#x7406;&#x53CA;&#x6D88;&#x6BD2;&#x3002;</p><p>2.&#x901A;&#x8FC7;&#x77EB;&#x6B63;&#x5668;(&#x7259;&#x5957;)&#x8FDB;&#x884C;&#x4FEE;&#x590D;&#x3002;</p><p>3.&#x7259;&#x5217;&#x6700;&#x540E;&#x7684;&#x7CBE;&#x7EC6;&#x8C03;&#x6574;&#x3002;</p><p><img src=\"http://hera.s.gmei.com/2016/10/12/7e6782c5a7\" style=\"width: 500px;\"><br></p>"},"Sample":{"name":"效果示例","content":"<img src=\"http://hera.s.gmei.com/itemwiki/2016/10/12/dece0963e1-w\">"},"BeforIdear":{"name":"效果示例","content":"<p>1&#x3001;&#x6E05;&#x6D01;&#x53E3;&#x8154;&#x3002;</p>"},"AfterIdear":{"name":"优点","content":"<p>1&#x3001; &#x4E3A;&#x4E86;&#x77EB;&#x6B63;&#x7259;&#x9F7F;&#x7684;&#x6548;&#x679C;&#xFF0C;&#x5EFA;&#x8BAE;&#x4E0D;&#x5403;&#x9AA8;&#x7C7B;&#x3001;&#x786C;&#x58F3;&#x98DF;&#x7269;&#x3002;</p><p>2&#x3001; &#x6B63;&#x7578;&#x6CBB;&#x7597;&#x671F;&#x95F4;&#xFF0C;&#x9664;&#x4E86;&#x9075;&#x5B88;&#x533B;&#x751F;&#x7684;&#x6307;&#x793A;&#x5916;&#xFF0C;&#x8FD8;&#x8981;&#x5C0F;&#x5FC3;&#x62A4;&#x7406;&#x7259;&#x9F7F;&#x4E0A;&#x7684;&#x77EB;&#x6B63;&#x5668;&#x3002;</p><p>3&#x3001; &#x5C11;&#x5403;&#x96F6;&#x98DF;&#xFF0C;&#x8981;&#x51CF;&#x5C11;&#x5403;&#x96F6;&#x98DF;&#x548C;&#x7CD6;&#x679C;&#x7684;&#x6570;&#x91CF;&#xFF0C;&#x5C24;&#x5176;&#x662F;&#x53E3;&#x9999;&#x7CD6;&#x3002;</p><p>4&#x3001; &#x5B9A;&#x671F;&#x68C0;&#x67E5;&#x3001;&#x66F4;&#x6362;&#x94A2;&#x4E1D;&#x3001;&#x6234;&#x6A61;&#x76AE;&#x5708;&#x7B49;&#xFF0C;&#x5426;&#x5219;&#xFF0C;&#x77EB;&#x6B63;&#x7684;&#x8FC7;&#x7A0B;&#x5EF6;&#x957F;&#xFF0C;&#x540C;&#x65F6;&#x4E5F;&#x4E0D;&#x80FD;&#x8FBE;&#x5230;&#x7406;&#x60F3;&#x7684;&#x77EB;&#x6B63;&#x6548;&#x679C;&#x3002;</p><p>5&#x3001; &#x4E0D;&#x5403;&#x8FC7;&#x7C98;&#x98DF;&#x7269;&#xFF1A;&#x5543;&#x6216;&#x78D5;&#x7684;&#x4E1C;&#x897F;&#x4E0D;&#x80FD;&#x5403;&#xFF0C;&#x4E0D;&#x80FD;&#x5403;&#x8FC7;&#x7C98;&#x7684;&#x98DF;&#x7269;&#x3002;</p><p>6&#x3001; &#x4E00;&#x5B9A;&#x8981;&#x4FDD;&#x6301;&#x53E3;&#x8154;&#x6E05;&#x6D01;&#xFF1A;&#x4F7F;&#x7528;&#x6B63;&#x7578;&#x4E13;&#x7528;&#x7259;&#x5237;&#xFF0C;&#x52A8;&#x4F5C;&#x8981;&#x8F7B;&#x67D4;&#x3001;&#x8981;&#x6162;&#xFF0C;&#x6BCF;&#x6B21;3~5&#x5206;&#x949F;&#x3002;</p><p>7&#x3001; &#x9910;&#x540E;&#x5237;&#x7259;&#x6216;&#x6F31;&#x53E3; &#x3002;</p>"},"GoodPoint":{"name":"缺点及风险","content":"<p>1&#x3001;&#x6280;&#x672F;&#x6210;&#x719F;&#xFF0C;&#x5E94;&#x7528;&#x5E7F;&#x6CDB;&#xFF1B;</p><p>2&#x3001;&#x4EF7;&#x683C;&#x7ECF;&#x6D4E;&#x4FBF;&#x5B9C;&#xFF1B;</p><p>3&#x3001;&#x77EB;&#x6B63;&#x901F;&#x5EA6;&#x8F83;&#x5FEB;&#xFF1B;</p><p>4&#x3001;&#x4E0D;&#x67D3;&#x8272;&#xFF1B;</p><p>5. &#x77EB;&#x6B63;&#x5668;&#x5F3A;&#x5EA6;&#x591F;&#xFF0C;&#x4E0D;&#x6613;&#x635F;&#x574F;&#x3002;</p>"},"BadPoint":{"name":"术前锦囊","content":"<p>1&#x3001;&#x4E0D;&#x591F;&#x7F8E;&#x89C2;&#x3002;</p><p>2&#x3001;&#x666E;&#x901A;&#x6258;&#x69FD;&#x8981;&#x901A;&#x8FC7;&#x7EC6;&#x94A2;&#x4E1D;&#x7ED3;&#x624E;&#x56FA;&#x5B9A;&#x5F13;&#x4E1D;&#xFF0C;&#x6BD4;&#x8F83;&#x522E;&#x5634;&#x3002;</p><p>3&#x3001;&#x53E3;&#x8154;&#x62A4;&#x7406;&#x8F83;&#x9EBB;&#x70E6;&#x3002;</p><p>4&#x3001;&#x53EF;&#x80FD;&#x4F1A;&#x5E72;&#x6270;&#x53D1;&#x97F3;&#x8BB2;&#x8BDD;&#x3002;</p><p>5&#x3001;&#x53EF;&#x80FD;&#x9020;&#x6210;&#x7259;&#x5468;&#x7EC4;&#x7EC7;&#x635F;&#x574F;&#x3002;</p><p>6&#x3001;&#x7259;&#x6839;&#x5438;&#x6536;&#xFF0C;&#x8FDB;&#x800C;&#x9020;&#x6210;&#x7259;&#x9F7F;&#x677E;&#x52A8;&#x6216;&#x8131;&#x843D;</p>"}}