{"Title":"瘦脸针","Related":{"name":"关联百科","content":[{"relatedId":"227","name":"面颊吸脂"},{"relatedId":"406","name":"肉毒素缩鼻头"},{"relatedId":"687","name":"溶脂针"},{"relatedId":"522","name":"咬肌切除术"},{"relatedId":"493","name":"肉毒素除皱"}]},"ShorDesc":{"name":"简介","content":"<p>&#x9002;&#x5E94;&#x75C7;&#xFF1A;&#x5A74;&#x513F;&#x80A5;&#xFF0C;&#x54AC;&#x808C;&#x80A5;&#x5927;</p><p>&#x5373;A&#x578B;&#x8089;&#x6BD2;&#x7D20;&#x9488;&#x5242;&#xFF0C;&#x6CE8;&#x5C04;&#x540E;&#xFF0C;&#x901A;&#x8FC7;&#x5931;&#x795E;&#x7ECF;&#x8425;&#x517B;&#x4F5C;&#x7528;&#x4F7F;&#x54AC;&#x808C;&#x840E;&#x7F29;&#x3001;&#x53D8;&#x5C0F;&#xFF0C;&#x4ECE;&#x800C;&#x4F7F;&#x65B9;&#x8138;&#x53D8;&#x6210;&#x5C0F;&#x201C;V&#x201D;&#x8138;&#x3002;</p>"},"Property":{"name":"档案","content":["\n                <li>&#x6CBB;&#x7597;&#x65B9;&#x5F0F;&#xFF1A;<span>&#x6CE8;&#x5C04;</span></li>\n                <li>&#x75BC;&#x75DB;&#x611F;&#xFF1A;<span>1&#x9897;&#x661F;</span><a href=\"gengmei://common_webview?url=http://backend.gmei.com/hybrid/ache_level\">&#x67E5;&#x770B;&#x75BC;&#x75DB;&#x5206;&#x7EA7;</a></li>\n                <li>&#x7EF4;&#x6301;&#x65F6;&#x95F4;&#xFF1A;<span>3-6&#x4E2A;&#x6708;</span></li>\n                <li>&#x6CBB;&#x7597;&#x65F6;&#x95F4;&#xFF1A;<span>10-20&#x5206;&#x949F;</span></li>\n                <li>&#x53C2;&#x8003;&#x4EF7;&#x683C;&#xFF1A;<span>3800-6800</span></li>\n                <li>&#x9EBB;&#x9189;&#x65B9;&#x5F0F;&#xFF1A;<span>&#x65E0;</span></li>\n                <li>&#x662F;&#x5426;&#x4F4F;&#x9662;&#xFF1A;<span>&#x5426;</span></li>\n                \n                <li>&#x62C6;&#x7EBF;&#x65F6;&#x95F4;&#xFF1A;<span>0-0&#x5929;</span></li>\n            "]},"Desc":{"name":"项目／手术原理","content":"<p>1&#x3001;&#x9762;&#x90E8;&#x8BCA;&#x65AD;</p><p>2&#x3001;&#x786E;&#x5B9A;&#x6CE8;&#x5C04;&#x70B9;</p><p>3&#x3001;&#x6CE8;&#x5C04;&#x836F;&#x7269;</p><p>4&#x3001;&#x6CE8;&#x5C04;&#x5B8C;&#x6210;</p><p><img src=\"http://hera.s.gmei.com/2016/10/12/649c212e31\" style=\"width: 668px;\"><br></p>"},"Sample":{"name":"效果示例","content":"<img src=\"http://hera.s.gmei.com/itemwiki/2016/10/12/d42e622e94-w\">"},"BeforIdear":{"name":"效果示例","content":"<p>1&#x3001;&#x624B;&#x672F;&#x524D;&#x4E24;&#x5468;&#x5185;&#xFF0C;&#x8BF7;&#x52FF;&#x670D;&#x7528;&#x56FA;&#x9187;&#x6FC0;&#x7D20;&#x548C;&#x963F;&#x65AF;&#x5339;&#x6797;&#x7C7B;&#x6297;&#x51DD;&#x836F;&#x7269;&#x3002;</p><p>2&#x3001;&#x624B;&#x672F;&#x5F53;&#x65E5;&#x4E0D;&#x8981;&#x5316;&#x5986;&#xFF0C;&#x4E5F;&#x4E0D;&#x8981;&#x6234;&#x88C5;&#x9970;&#x7269;&#x7B49;&#x3002;</p><p>3&#x3001;&#x4F8B;&#x5047;&#x671F;&#xFF0C;&#x598A;&#x5A20;&#x524D;&#x671F;(&#x4E09;&#x4E2A;&#x6708;)&#x6216;&#x598A;&#x5A20;&#x540E;&#x671F;(&#x4E09;&#x4E2A;&#x6708;)&#x6682;&#x7F13;&#x624B;&#x672F;&#x3002;</p>"},"AfterIdear":{"name":"优点","content":"<p>1.&#x6CE8;&#x5C04;&#x540E;&#x81F3;&#x5C11;4&#x5C0F;&#x65F6;&#x5185;&#x8981;&#x4FDD;&#x6301;&#x633A;&#x76F4;&#x7684;&#x59FF;&#x52BF;&#xFF0C;6&#x5C0F;&#x65F6;&#x5185;&#x4E0D;&#x8981;&#x89E6;&#x6478;&#x6CE8;&#x5C04;&#x533A;&#x57DF;&#x3002;</p><p>2.&#x6CE8;&#x5C04;&#x540E;&#x7528;&#x624B;&#x638C;&#x6839;&#x6309;&#x538B;5-10&#x5206;&#x949F;&#xFF0C;&#x51B0;&#x6577;15-30&#x5206;&#x949F;&#xFF0C;&#x9488;&#x773C;&#x5904;&#x6D82;&#x7EA2;&#x9709;&#x7D20;&#x818F;&#xFF0C;24&#x5C0F;&#x65F6;&#x4E0D;&#x6CBE;&#x6C34;&#xFF0C;&#x9488;&#x773C;&#x5904;&#x4E0D;&#x64E6;&#x62A4;&#x80A4;&#x54C1;&#x3002;</p><p>3.&#x6CE8;&#x5C04;&#x540E;&#x907F;&#x514D;&#x5403;&#x786C;&#x58F3;&#x7C7B;&#x7684;&#x76F8;&#x5173;&#x98DF;&#x7269;&#xFF0C;&#x4E00;&#x5468;&#x5185;&#x4E0D;&#x8981;&#x5403;&#x8F9B;&#x8FA3;&#x3001;&#x6D77;&#x9C9C;&#x7B49;&#x98DF;&#x7269;&#x3001;&#x4E0D;&#x8981;&#x62BD;&#x70DF;&#x559D;&#x9152;&#x3002;</p><p>4.&#x907F;&#x514D;&#x505A;&#x5F3A;&#x529B;&#x7684;&#x9762;&#x90E8;&#x6309;&#x6469;&#xFF0C;&#x4E0D;&#x5403;&#x9700;&#x8981;&#x53CD;&#x590D;&#x5480;&#x56BC;&#x3001;&#x575A;&#x786C;&#x7684;&#x98DF;&#x7269;&#x4EE5;&#x514D;&#x5F71;&#x54CD;&#x6548;&#x679C;&#x3002;</p>"},"GoodPoint":{"name":"缺点及风险","content":"<p>1&#x3001;&#x6CE8;&#x5C04;&#x8FC7;&#x7A0B;&#x5FEB;&#x901F;&#x3001;&#x7701;&#x65F6;&#x3002;</p><p>2&#x3001;&#x65E0;&#x521B;&#x3001;&#x672F;&#x540E;&#x4E0D;&#x9700;&#x8981;&#x7279;&#x522B;&#x62A4;&#x7406;&#x3002;</p><p>3&#x3001;&#x5B89;&#x5168;&#x3001;&#x98CE;&#x9669;&#x6781;&#x5C0F;&#x3002;</p><p>4&#x3001;&#x9488;&#x5BF9;&#x54AC;&#x808C;&#x80A5;&#x5927;&#x7684;&#x6548;&#x679C;&#x6781;&#x4E3A;&#x663E;&#x8457;&#x3002;</p>"},"BadPoint":{"name":"术前锦囊","content":"<p>1&#x3001;&#x9700;&#x591A;&#x6B21;&#x6CE8;&#x5C04;&#x3002;</p><p>2&#x3001;&#x6CE8;&#x5C04;&#x533A;&#x8F7B;&#x5FAE;&#x75BC;&#x75DB;&#x3002;</p>"}}