{"Title":"保妥适（进口）","Related":{"name":"关联百科","content":[{"relatedId":"406","name":"肉毒素缩鼻头"},{"relatedId":"498","name":"瘦脸针"},{"relatedId":"805","name":"衡力（国产）"},{"relatedId":"493","name":"肉毒素除皱"},{"relatedId":"748","name":"肉毒素祛腋臭"},{"relatedId":"765","name":"肉毒素品牌"}]},"ShorDesc":{"name":"简介","content":"<p class=\"MsoNormal\" align=\"left\">&#x54C1;&#x724C;&#x540D;&#x79F0;&#xFF1A;<span style=\"margin: 0px; padding: 0px; border: 0px; font-stretch: inherit; vertical-align: baseline;\">BOTOX</span><span style=\"margin: 0px; padding: 0px; border: 0px; font-stretch: inherit; vertical-align: baseline; position: relative; top: -0.5em;\"><span style=\"margin: 0px; padding: 0px; border: 0px; font-stretch: inherit; vertical-align: baseline;\">&#xAE;</span></span><span style=\"margin: 0px; padding: 0px; border: 0px; font-stretch: inherit; vertical-align: baseline;\">&#xFF08;</span><span style=\"margin: 0px; padding: 0px; border: 0px; font-stretch: inherit; vertical-align: baseline;\">&#x4E2D;&#x6587;&#x5546;&#x6807;&#x540D;&#xFF1A;&#x4FDD;&#x59A5;&#x9002;</span><span style=\"margin: 0px; padding: 0px; border: 0px; font-stretch: inherit; vertical-align: baseline;\"><span style=\"margin: 0px; padding: 0px; border: 0px; font-stretch: inherit; vertical-align: baseline; position: relative; top: -0.5em;\">&#xAE;</span></span><span style=\"margin: 0px; padding: 0px; border: 0px; font-stretch: inherit; vertical-align: baseline;\">&#xFF09;</span></p><p class=\"MsoNormal\"><span lang=\"EN-US\"><o:p></o:p></span></p><p class=\"MsoNormal\" align=\"left\">&#x751F;&#x4EA7;&#x5546;&#xFF1A;<span style=\"margin: 0px; padding: 0px; border: 0px; font-stretch: inherit; vertical-align: baseline;\">&#x7F8E;&#x56FD;&#x827E;&#x5C14;&#x5EFA;&#x516C;&#x53F8;</span><span style=\"margin: 0px; padding: 0px; border: 0px; font-stretch: inherit; vertical-align: baseline;\">(Allergan,&#xA0;Inc.)</span></p><p class=\"MsoNormal\"><span style=\"background-image: initial; background-attachment: initial; background-size: initial; background-origin: initial; background-clip: initial; background-position: initial; background-repeat: initial;\">&#x4E3B;&#x8981;&#x6210;&#x5206;&#xFF1A;A&#x578B;&#x8089;&#x6BD2;&#x6BD2;&#x7D20;&#x3001;&#x4EBA;&#x8840;&#x767D;&#x86CB;&#x767D;</span></p><p class=\"MsoNormal\" align=\"left\"><span lang=\"EN-US\"><o:p></o:p></span></p><p class=\"MsoNormal\" align=\"left\">&#x7EF4;&#x6301;&#x65F6;&#x95F4;&#xFF1A;4-6&#x4E2A;&#x6708;</p><p class=\"MsoNormal\" align=\"left\">&#x4F5C;&#x7528;&#xFF1A;<span style=\"line-height: 1.42857;\">&#x5168;&#x9762;&#x90E8;&#x9664;&#x76B1;&#x3001;&#x7626;&#x8138;&#x3001;&#x7626;&#x5C0F;&#x817F;&#xFF08;&#x6539;&#x5584;&#x8FC7;&#x5EA6;&#x53D1;&#x8FBE;&#x7684;&#x6392;&#x80A0;&#x808C;&#xFF09;&#x3001;&#x7626;&#x80A9;&#xFF08;&#x6539;&#x5584;&#x8FC7;&#x5EA6;&#x53D1;&#x8FBE;&#x7684;&#x659C;&#x65B9;&#x808C;&#xFF09;&#x3001;&#x77EB;&#x6B63;&#x8F7B;&#x5EA6;&#x7684;&#x9732;&#x9F88;&#x7B11;&#x3001;&#x6539;&#x5584;&#x814B;&#x81ED;&#x4EE5;&#x53CA;&#x7528;&#x4E8E;&#x6C34;&#x5149;&#x9488;&#x6CE8;&#x5C04;&#xFF0C;&#x53EF;&#x8FBE;&#x5230;&#x7F29;&#x5C0F;&#x6BDB;&#x5B54;&#x3001;&#x6291;&#x5236;&#x76AE;&#x8102;&#x5206;&#x6CCC;&#x7684;&#x4F5C;&#x7528;&#x3002;</span></p><p></p><p class=\"MsoNormal\">&#x8BA4;&#x8BC1;&#xFF1A;&#x4E2D;&#x56FD;&#x56FD;&#x5BB6;&#x98DF;&#x54C1;&#x836F;&#x54C1;&#x76D1;&#x7763;&#x7BA1;&#x7406;&#x5C40;&#xFF08;<span lang=\"EN-US\">CFDA</span>&#xFF09;&#x3001;<span lang=\"EN-US\">FDA</span>&#xFF08;&#x7F8E;&#x56FD;&#xFF09;&#x3001;CE&#xFF08;&#x6B27;&#x6D32;&#xFF09;&#x3002;</p><p class=\"MsoNormal\"><img src=\"http://hera.s.gmei.com/2016/10/17/b9b24bbea2\" style=\"width: 626px;\"><img src=\"http://hera.s.gmei.com/2016/10/17/b45b0a1754\" style=\"width: 626px;\"><img src=\"http://hera.s.gmei.com/2016/10/17/3232ec0d8d\" style=\"width: 612px;\"><br></p>"},"Property":{"name":"档案","content":[]},"Desc":{"name":"项目／手术原理","content":""},"Sample":{"name":"效果示例","content":"<img src=\"http://hera.s.gmei.com/itemwiki/2016/10/17/09d6fb5411-w\">"},"BeforIdear":{"name":"效果示例","content":""},"AfterIdear":{"name":"优点","content":""},"GoodPoint":{"name":"缺点及风险","content":""},"BadPoint":{"name":"术前锦囊","content":""}}