{"Title":"小气泡美肤","Related":{"name":"关联百科","content":[{"relatedId":"535","name":"无针水光"},{"relatedId":"532","name":"水氧活肤"}]},"ShorDesc":{"name":"简介","content":"<p>&#x9002;&#x5E94;&#x75C7;&#xFF1A;&#x75D8;&#x75D8;&#x808C;&#xFF0C;&#x808C;&#x80A4;&#x6697;&#x6C89;&#xFF0C;&#x6CB9;&#x8102;&#x5206;&#x6CCC;&#x8FC7;&#x76DB;&#xFF0C;&#x6BDB;&#x5B54;&#x7C97;&#x5927;&#xFF0C;&#x7EC6;&#x7EB9;</p><p>&#x5229;&#x7528;&#x8D85;&#x5FAE;&#x6C34;&#x6D41;&#x548C;&#x6C14;&#x6D41;&#xFF0C;&#x8FDB;&#x5165;&#x6BDB;&#x5B54;&#xFF0C;&#x5E26;&#x8D70;&#x90E8;&#x5206;&#x6BDB;&#x5B54;&#x5185;&#x7684;&#x6C61;&#x57A2;&#xFF0C;&#x8FBE;&#x5230;&#x6E05;&#x6D01;&#x76AE;&#x80A4;&#x3001;&#x53BB;&#x9664;&#x5C11;&#x91CF;&#x591A;&#x4F59;&#x89D2;&#x8D28;&#x3001;&#x6D88;&#x708E;&#x3001;&#x8865;&#x6C34;&#x3001;&#x6539;&#x5584;&#x76AE;&#x80A4;&#x65B0;&#x9648;&#x4EE3;&#x8C22;&#x7684;&#x4F5C;&#x7528;&#x3002;</p>"},"Property":{"name":"档案","content":["\n                <li>&#x6CBB;&#x7597;&#x65B9;&#x5F0F;&#xFF1A;<span>&#x6CE8;&#x5C04;</span></li>\n                <li>&#x75BC;&#x75DB;&#x611F;&#xFF1A;<span>0&#x9897;&#x661F;</span><a href=\"gengmei://common_webview?url=http://backend.gmei.com/hybrid/ache_level\">&#x67E5;&#x770B;&#x75BC;&#x75DB;&#x5206;&#x7EA7;</a></li>\n                <li>&#x7EF4;&#x6301;&#x65F6;&#x95F4;&#xFF1A;<span>&#x56E0;&#x4EBA;&#x800C;&#x5F02;</span></li>\n                <li>&#x6CBB;&#x7597;&#x65F6;&#x95F4;&#xFF1A;<span>30-60&#x5206;&#x949F;</span></li>\n                <li>&#x53C2;&#x8003;&#x4EF7;&#x683C;&#xFF1A;<span>1000-2000</span></li>\n                <li>&#x9EBB;&#x9189;&#x65B9;&#x5F0F;&#xFF1A;<span>&#x65E0;</span></li>\n                <li>&#x662F;&#x5426;&#x4F4F;&#x9662;&#xFF1A;<span>&#x5426;</span></li>\n                \n                <li>&#x62C6;&#x7EBF;&#x65F6;&#x95F4;&#xFF1A;<span>0-0&#x5929;</span></li>\n            "]},"Desc":{"name":"项目／手术原理","content":"<p>1.&#x6D01;&#x9762;</p><p>2.&#x6577;&#x9762;&#x819C;</p><p>3.&#x4EEA;&#x5668;&#x64CD;&#x4F5C;</p><p>4.&#x6E05;&#x6D01;</p><p><img src=\"http://hera.s.gmei.com/2016/10/12/b582a29f47\" style=\"width: 668px;\"><br></p>"},"Sample":{"name":"效果示例","content":"<img src=\"http://hera.s.gmei.com/itemwiki/2016/10/12/bcfad71ed1-w\">"},"BeforIdear":{"name":"效果示例","content":"<p>1.&#x7D20;&#x989C;&#xFF0C;&#x6CBB;&#x7597;&#x524D;&#x5145;&#x5206;&#x6D01;&#x9762;&#x3001;&#x6D88;&#x6BD2;&#x6740;&#x83CC;&#x3002;</p>"},"AfterIdear":{"name":"优点","content":"<p>1.&#x4E25;&#x683C;&#x9632;&#x6652;&#xFF0C;&#x4F7F;&#x7528;SPF30+&#x7684;&#x9632;&#x6652;&#x971C;&#x3001;&#x58A8;&#x955C;&#x3001;&#x906E;&#x9633;&#x4F1E;&#x3002;</p><p>2.&#x6CBB;&#x7597;&#x540E;1&#x5468;&#x5185;&#xFF0C;&#x4E25;&#x7981;&#x4F7F;&#x7528;&#x542B;&#x523A;&#x6FC0;&#x6027;&#x6210;&#x5206;&#xFF08;&#x679C;&#x9178;&#x3001;&#x6C34;&#x6768;&#x9178;&#x3001;&#x9152;&#x7CBE;&#x3001;&#x9AD8;&#x6D53;&#x5EA6;&#x5DE6;&#x65CB;VC&#x7B49;&#xFF09;&#x7684;&#x62A4;&#x80A4;&#x54C1;&#x3002;</p>"},"GoodPoint":{"name":"缺点及风险","content":"<p>1&#x3001;&#x65E0;&#x521B;&#x3001;&#x65E0;&#x6062;&#x590D;&#x671F;</p><p>2&#x3001;&#x5B89;&#x5168;&#x7A33;&#x5B9A;&#x3001;&#x65E0;&#x98CE;&#x9669;</p><p>3&#x3001;&#x6CBB;&#x7597;&#x5168;&#x7A0B;&#x65E0;&#x75BC;&#x75DB;&#x611F; </p>"},"BadPoint":{"name":"术前锦囊","content":"<p>1&#x3001;&#x53EA;&#x9002;&#x5408;&#x76AE;&#x80A4;&#x95EE;&#x9898;&#x4E0D;&#x4E25;&#x91CD;&#x7684;&#x4EBA;</p><p>2&#x3001;&#x7EF4;&#x6301;&#x65F6;&#x95F4;&#x975E;&#x5E38;&#x77ED; </p><p>3&#x3001;&#x9700;&#x8981;&#x6301;&#x7EED;&#x6CBB;&#x7597;</p>"}}