{"Title":"光子脱毛","Related":{"name":"关联百科","content":[{"relatedId":"488","name":"激光脱毛"},{"relatedId":"659","name":"冰点脱毛"}]},"ShorDesc":{"name":"简介","content":"<p>&#x9002;&#x5E94;&#x75C7;&#xFF1A;&#x9002;&#x5408;&#x6BDB;&#x53D1;&#x8F83;&#x4E3A;&#x9ED1;&#x7C97;&#x3001;&#x5BC6;&#x96C6;&#x7684;&#x90E8;&#x4F4D;&#xFF0C;&#x5982;&#x814B;&#x4E0B;&#x3001;&#x6BD4;&#x57FA;&#x5C3C;&#x3001;&#x56DB;&#x80A2;&#x9ED1;&#x7C97;&#x6BDB;&#x53D1;&#x3001;&#x80E1;&#x987B;&#x3001;&#x53D1;&#x9645;&#x7EBF;&#x7B49;&#xFF1B;</p><p>&#x5149;&#x5B50;&#x8131;&#x6BDB;&#x5229;&#x7528;&#x9009;&#x62E9;&#x6027;&#x5149;&#x70ED;&#x539F;&#x7406;&#xFF0C;&#x4F5C;&#x7528;&#x4E8E;&#x6BDB;&#x56CA;&#x9ED1;&#x8272;&#x7D20;&#x6765;&#x8FBE;&#x5230;&#x9664;&#x6BDB;&#x6548;&#x679C;&#x3002;</p>"},"Property":{"name":"档案","content":["\n                <li>&#x6CBB;&#x7597;&#x65B9;&#x5F0F;&#xFF1A;<span>&#x5149;&#x7535;&#xFF08;&#x65E0;&#x521B;&#xFF09;</span></li>\n                <li>&#x75BC;&#x75DB;&#x611F;&#xFF1A;<span>1&#x9897;&#x661F;</span><a href=\"gengmei://common_webview?url=http://backend.gmei.com/hybrid/ache_level\">&#x67E5;&#x770B;&#x75BC;&#x75DB;&#x5206;&#x7EA7;</a></li>\n                <li>&#x7EF4;&#x6301;&#x65F6;&#x95F4;&#xFF1A;<span>&#x6C38;&#x4E45;</span></li>\n                <li>&#x6CBB;&#x7597;&#x65F6;&#x95F4;&#xFF1A;<span>30-90&#x5206;&#x949F;</span></li>\n                <li>&#x53C2;&#x8003;&#x4EF7;&#x683C;&#xFF1A;<span>2000-10000</span></li>\n                <li>&#x9EBB;&#x9189;&#x65B9;&#x5F0F;&#xFF1A;<span>&#x65E0;</span></li>\n                <li>&#x662F;&#x5426;&#x4F4F;&#x9662;&#xFF1A;<span>&#x5426;</span></li>\n                \n                <li>&#x62C6;&#x7EBF;&#x65F6;&#x95F4;&#xFF1A;<span>0-0&#x5929;</span></li>\n            "]},"Desc":{"name":"项目／手术原理","content":"<p>1.&#x66F4;&#x6362;&#x533B;&#x9662;&#x5907;&#x7528;&#x4FBF;&#x8863;&#x3002;</p><p>2. &#x7528;&#x51B0;&#x5757;&#x6216;&#x836F;&#x818F;&#x9EBB;&#x9189;&#x3002;</p><p>3. &#x7B80;&#x5355;&#x795B;&#x6BDB;&#x540E;&#x6D82;&#x6FC0;&#x5149;&#x8131;&#x6BDB;&#x4E13;&#x7528;&#x4E73;&#x80F6;&#x3002;</p><p>4. &#x76AE;&#x80A4;&#x8BD5;&#x9A8C;</p><p>5. &#x5F00;&#x59CB;&#x6FC0;&#x5149;&#x8131;&#x6BDB;&#x6CBB;&#x7597;&#x3002;</p><p>6. &#x64E6;&#x51C0;&#x4E73;&#x80F6;&#x6D82;&#x6297;&#x708E;&#x836F;&#x818F;&#x3002;</p><p><img src=\"http://hera.s.gmei.com/2016/10/12/833fd4e727\" style=\"width: 425px;\"><br></p>"},"Sample":{"name":"效果示例","content":"<img src=\"http://hera.s.gmei.com/itemwiki/2016/10/12/edf1af5045-w\">"},"BeforIdear":{"name":"效果示例","content":"<p>1&#x3001;&#x8131;&#x6BDB;&#x524D;&#x6E05;&#x6D17;&#x548C;&#x6D88;&#x6BD2;&#x9700;&#x8981;&#x8131;&#x6BDB;&#x7684;&#x90E8;&#x4F4D;&#x3002;</p><p>2&#x3001;&#x8131;&#x6BDB;&#x524D;&#x52FF;&#x7528;&#x8131;&#x6BDB;&#x818F;&#x3001;&#x8131;&#x6BDB;&#x971C;&#x53CA;&#x5316;&#x5986;&#x54C1;&#x3002;</p><p>3&#x3001;&#x8131;&#x6BDB;&#x524D;&#x7528;&#x6BDB;&#x5DFE;&#x5305;&#x4E0A;&#x51B0;&#x5757;&#x51B7;&#x6577;&#x5728;&#x8131;&#x6BDB;&#x90E8;&#x4F4D;&#x53EF;&#x51CF;&#x8F7B;&#x75BC;&#x75DB;&#x611F;&#x3002;</p>"},"AfterIdear":{"name":"优点","content":"<p>1&#x3001;&#x8131;&#x6BDB;&#x540E;&#xFF0C;&#x6BDB;&#x5B54;&#x5BB9;&#x6613;&#x5F20;&#x5F00;&#xFF0C;&#x5EFA;&#x8BAE;24&#x5C0F;&#x65F6;&#x5185;&#x907F;&#x514D;&#x6D17;&#x6FA1;&#x3001;&#x6E38;&#x6CF3;&#xFF0C;&#x4EE5;&#x9632;&#x53D1;&#x708E;&#x3002; </p><p>2&#x3001;&#x6CBB;&#x7597;2&#x5468;&#x5185;&#x6CE8;&#x610F;&#x9632;&#x6652;&#xFF0C;&#x8131;&#x6BDB;&#x540E;&#x76AE;&#x80A4;&#x4F1A;&#x5E72;&#x71E5;&#xFF0C;&#x65E5;&#x6652;&#x540E;&#x5BB9;&#x6613;&#x8272;&#x6C89;&#xFF08;&#x4E00;&#x65E6;&#x51FA;&#x73B0;&#x8272;&#x6C89;&#xFF0C;&#x9700;&#x8981;&#x4E00;&#x4E9B;&#x65F6;&#x95F4;&#x6D88;&#x9000;&#xFF09;&#x3002; </p><p>3&#x3001;&#x6CBB;&#x7597;&#x540E;5&#x5929;&#x5185;&#x4E0D;&#x8981;&#x996E;&#x9152;&#x3002; </p><p>4&#x3001;&#x4E0D;&#x8981;&#x7A7F;&#x4E0D;&#x5E72;&#x51C0;&#x7684;&#x5185;&#x8863;&#xFF0C;&#x8131;&#x6BDB;&#x540E;&#x76AE;&#x80A4;&#x6613;&#x654F;&#x611F;&#x3002;</p><p>5&#x3001;&#x591A;&#x5403;&#x542B;VC&#x7684;&#x6C34;&#x679C;&#x3001;VC&#x542B;&#x7247;&#x3002;&#x7EF4;c&#x53EF;&#x4EE5;&#x63D0;&#x9AD8;&#x76AE;&#x80A4;&#x62B5;&#x6297;&#x529B;&#xFF0C;&#x51CF;&#x5C11;&#x8272;&#x7D20;&#x751F;&#x6210;&#x3002;</p>"},"GoodPoint":{"name":"缺点及风险","content":"<p>1&#x3001;&#x5B89;&#x5168;&#x3001;&#x65E0;&#x521B;&#x3001;&#x65E0;&#x6062;&#x590D;&#x671F;&#x3002;</p><p>2&#x3001;&#x8131;&#x6BDB;&#x7684;&#x540C;&#x65F6;&#x8FD8;&#x80FD;&#x8FBE;&#x5230;&#x7F29;&#x5C0F;&#x6BDB;&#x5B54;&#x3001;&#x7F8E;&#x767D;&#x3001;&#x6539;&#x5584;&#x7EA2;&#x8840;&#x4E1D;&#x3001;&#x5AE9;&#x80A4;&#x7B49;&#x529F;&#x6548;&#x3002;</p><p>3&#x3001;&#x5BF9;&#x4E8E;&#x9ED1;&#x7C97;&#x3001;&#x5BC6;&#x96C6;&#x6BDB;&#x53D1;&#x7684;&#x6548;&#x679C;&#x975E;&#x5E38;&#x597D;&#x3002;</p><p>4&#x3001;&#x8F83;&#x6FC0;&#x5149;&#x8131;&#x6BDB;&#xFF0C;&#x4EF7;&#x683C;&#x8F83;&#x4E3A;&#x4F4E;&#x5EC9;&#x3002;</p>"},"BadPoint":{"name":"术前锦囊","content":"<p>1&#x3001;&#x6BDB;&#x53D1;&#x6709;&#x518D;&#x6B21;&#x957F;&#x51FA;&#x7684;&#x53EF;&#x80FD;&#x6027;&#xFF08;&#x4F46;&#x4E0D;&#x4F1A;&#x6062;&#x590D;&#x539F;&#x72B6;&#xFF09;&#x3002;</p><p>2&#x3001;&#x5BF9;&#x7EC6;&#x5C0F;&#x7ED2;&#x6BDB;&#x6CBB;&#x7597;&#x6548;&#x679C;&#x5F88;&#x5F31;&#x3002;</p><p>3&#x3001;&#x6781;&#x5C0F;&#x53EF;&#x80FD;&#x7684;&#x8272;&#x6C89;&#x3001;&#x53CD;&#x9ED1;&#x3002;</p><p>4&#x3001;&#x6CBB;&#x7597;&#x90E8;&#x4F4D;&#x6709;&#x53EF;&#x80FD;&#x8F7B;&#x5FAE;&#x523A;&#x75DB;&#x3001;&#x6CDB;&#x7EA2;&#x3002;</p>"}}