{"Title":"鼻翼缩小","Related":{"name":"关联百科","content":[{"relatedId":"676","name":"达拉斯鼻综合（鼻中隔隆鼻）"}]},"ShorDesc":{"name":"简介","content":"<p>&#x9002;&#x5E94;&#x75C7;&#xFF1A;&#x9F3B;&#x7FFC;&#x5BBD;&#x5927;&#x3001;&#x9F3B;&#x7FFC;&#x8089;&#x591A;&#x3001;&#x9F3B;&#x5934;&#x5927;</p><p>&#x9F3B;&#x7FFC;&#x5BBD;&#x5927;&#x901A;&#x5E38;&#x6709;&#x4E09;&#x79CD;&#x539F;&#x56E0;&#xFF1A;&#x9F3B;&#x7FFC;&#x201C;&#x8089;&#x591A;&#x201D;&#x3001;&#x9F3B;&#x7FFC;&#x8F6F;&#x9AA8;&#x5BBD;&#x5927;&#x53CA;&#x524D;&#x4E24;&#x79CD;&#x539F;&#x56E0;&#x90FD;&#x6709;&#x3002;&#x5982;&#x679C;&#x662F;&#xFFFD;&#xFFFD;&#xFFFD;&#x9AA8;&#x9020;&#x6210;&#x7684;&#x9F3B;&#x7FFC;&#x80A5;&#x5927;&#xFF0C;&#x53EF;&#x5C06;&#x9F3B;&#x7FFC;&#x8F6F;&#x9AA8;&#x8FDB;&#x884C;&#x7F1D;&#x5408;&#x3001;&#x7F29;&#x7A84;&#x9F3B;&#x7FFC;&#xFF0C;&#x540C;&#x65F6;&#x5EF6;&#x957F;&#x9F3B;&#x5934;&#x7684;&#x652F;&#x67F1;&#x7ED3;&#x6784;&#x2014;&#x2014;&#x9F3B;&#x5C0F;&#x67F1;&#xFF08;&#x8FD9;&#x6837;&#x4E00;&#x6765;&#xFF0C;&#x8FD8;&#x53EF;&#x540C;&#x65F6;&#x7F29;&#x9F3B;&#x5934;&#x3001;&#x62AC;&#x9AD8;&#x9F3B;&#x5C16;&#xFF09;&#xFF1B;&#x5982;&#x679C;&#x662F;&#x201C;&#x8089;&#x591A;&#x201D;&#x9020;&#x6210;&#x7684;&#x9F3B;&#x7FFC;&#x80A5;&#x5927;&#xFF0C;&#x53EF;&#x5207;&#x9664;&#x9F3B;&#x7FFC;&#x5904;&#x7684;&#x8F6F;&#x7EC4;&#x7EC7;&#x3001;&#x7ED3;&#x7F14;&#x7EC4;&#x7EC7;&#x3002;&#x624B;&#x672F;&#x5207;&#x53E3;&#x5728;&#x9F3B;&#x5C0F;&#x67F1;&#x5E95;&#x90E8;&#x6216;&#x9F3B;&#x6C9F;&#x5904;&#xFF0C;&#x4F24;&#x53E3;&#x4E0D;&#x660E;&#x663E;&#x3002;&#x8FD8;&#x6709;&#x4E00;&#x79CD;&#x65B9;&#x6CD5;&#x662F;&#x76F4;&#x63A5;&#x5C06;&#x9F3B;&#x7FFC;&#x57FA;&#x5E95;&#x901A;&#x8FC7;&#x57CB;&#x7EBF;&#x7684;&#x65B9;&#x6CD5;&#x7F29;&#x7A84;&#x3002;</p>"},"Property":{"name":"档案","content":["\n                <li>&#x6CBB;&#x7597;&#x65B9;&#x5F0F;&#xFF1A;<span>&#x624B;&#x672F;</span></li>\n                <li>&#x75BC;&#x75DB;&#x611F;&#xFF1A;<span>3&#x9897;&#x661F;</span><a href=\"gengmei://common_webview?url=http://backend.gmei.com/hybrid/ache_level\">&#x67E5;&#x770B;&#x75BC;&#x75DB;&#x5206;&#x7EA7;</a></li>\n                <li>&#x7EF4;&#x6301;&#x65F6;&#x95F4;&#xFF1A;<span>&#x6C38;&#x4E45;</span></li>\n                <li>&#x6CBB;&#x7597;&#x65F6;&#x95F4;&#xFF1A;<span>90-120&#x5206;&#x949F;</span></li>\n                <li>&#x53C2;&#x8003;&#x4EF7;&#x683C;&#xFF1A;<span>15000-40000</span></li>\n                <li>&#x9EBB;&#x9189;&#x65B9;&#x5F0F;&#xFF1A;<span>&#x5168;&#x9EBB;</span></li>\n                <li>&#x662F;&#x5426;&#x4F4F;&#x9662;&#xFF1A;<span>&#x662F;</span></li>\n                <li>&#x4F4F;&#x9662;&#x65F6;&#x95F4;&#xFF1A;<span>0-3&#x5929;</span></li>\n                <li>&#x62C6;&#x7EBF;&#x65F6;&#x95F4;&#xFF1A;<span>6-8&#x5929;</span></li>\n            "]},"Desc":{"name":"项目／手术原理","content":"<p>1.&#x5168;&#x9762;&#x90E8;&#x3001;&#x9F3B;&#x90E8;&#xFF08;&#x9F3B;&#x5B54;&#xFF09;&#x6D88;&#x6BD2;&#x3002;</p><p>2.&#x8FDB;&#x884C;&#x5C40;&#x90E8;&#x9EBB;&#x9189;/&#x5168;&#x8EAB;&#x9EBB;&#x9189;&#x3002;</p><p>3.&#x5207;&#x9664;&#x9F3B;&#x7FFC;&#x591A;&#x4F59;&#x8F6F;&#x7EC4;&#x7EC7;&#x3001;&#x8C03;&#x6574;&#x9F3B;&#x7FFC;&#x652F;&#x67B6;&#x7ED3;&#x6784;&#x6216;&#x8005;&#x57CB;&#x7EBF;&#x7F29;&#x7A84;&#x9F3B;&#x7FFC;&#x57FA;&#x5E95;&#x3002;</p><p>4.&#x7F1D;&#x5408;&#x624B;&#x672F;&#x5207;&#x53E3;&#x3002;</p><p>5.&#x52A0;&#x538B;&#x5305;&#x624E;&#x3002;</p><p><img src=\"http://hera.s.gmei.com/2016/10/11/dcd8db7cba\" style=\"width: 545px;\"><br></p>"},"Sample":{"name":"效果示例","content":"<img src=\"http://hera.s.gmei.com/itemwiki/2016/10/11/b28476e3bf-w\">"},"BeforIdear":{"name":"效果示例","content":"<p>1.&#x914D;&#x5408;&#x533B;&#x9662;&#x505A;&#x5E38;&#x89C4;&#x68C0;&#x67E5;&#xFF0C;&#x4F20;&#x67D3;&#x75C5;&#x3001;&#x4E25;&#x91CD;&#x5668;&#x8D28;&#x6027;&#x75BE;&#x75C5;&#x3001;&#x8840;&#x6DB2;&#x75BE;&#x75C5;&#x3001;&#x9AD8;&#x8840;&#x538B;&#x548C;&#x7CD6;&#x5C3F;&#x75C5;&#x5C1A;&#x672A;&#x63A7;&#x5236;&#x7684;&#x4EBA;&#x4E25;&#x7981;&#x505A;&#x624B;&#x672F;&#x3002;</p><p>2.&#x672F;&#x524D;2&#x5468;&#x5185;&#x7981;&#x670D;&#x6297;&#x51DD;&#x836F;&#x7269;&#xFF08;&#x5982;&#x963F;&#x53F8;&#x5339;&#x6797;&#xFF09;&#x3002;</p><p>3.&#x624B;&#x672F;&#x524D;&#x4E00;&#x5929;&#x6D17;&#x5934;&#x3001;&#x672F;&#x524D;&#x7D20;&#x989C;&#x3001;&#x6E05;&#x6D01;&#x9762;&#x90E8;&#x3002;</p><p>4.&#x624B;&#x672F;&#x8981;&#x4E25;&#x683C;&#x907F;&#x5F00;&#x6708;&#x7ECF;&#x671F;&#xFF0C;&#x5EFA;&#x8BAE;&#x6708;&#x7ECF;&#x7ED3;&#x675F;&#x540E;3-7&#x5929;&#x6765;&#x505A;&#x624B;&#x672F;&#x3002;</p><p>5.&#x598A;&#x5A20;&#x671F;&#x3001;&#x54FA;&#x4E73;&#x671F;&#x5987;&#x5973;&#x4E0D;&#x53EF;&#x505A;&#x624B;&#x672F;&#x3002;</p>"},"AfterIdear":{"name":"优点","content":"<p>1.&#x672F;&#x540E;72h&#x5185;&#x51B0;&#x6577;30~40min&#xFF0C;&#x65E9;&#x3001;&#x4E2D;&#x3001;&#x665A;&#x5404;&#x6577;&#x4E00;&#x6B21;&#xFF0C;&#x53EF;&#x4EE5;&#x6539;&#x5584;&#x80BF;&#x80C0;&#x548C;&#x75BC;&#x75DB;&#x3002;</p><p>2.&#x7B2C;2-3&#x5929;&#x53BB;&#x533B;&#x9662;&#x6362;&#x836F;&#xFF0C;&#x6216;&#x9075;&#x5FAA;&#x533B;&#x5631;&#x6362;&#x836F;&#xFF1B;&#x505A;&#x9F3B;&#x90E8;&#x7EFC;&#x5408;&#x624B;&#x672F;&#x53EF;&#x80FD;&#x9700;&#x8981;&#x4F4F;&#x9662;&#xFF0C;&#x5168;&#x9EBB;&#x672F;&#x540E;6&#x5C0F;&#x65F6;&#x5185;&#x7981;&#x98DF;&#x7981;&#x6C34;&#xFF0C;&#x5E76;&#x4F7F;&#x7528;&#x5F15;&#x6D41;&#x7BA1;&#xFF08;&#x672F;&#x540E;2-3&#x5929;&#x6458;&#x6389;&#xFF09;&#x3002;</p><p>3.&#x4F24;&#x53E3;&#x505C;&#x6B62;&#x6E17;&#x8840;&#x540E;&#xFF0C;&#x62C6;&#x7EBF;&#x524D;&#xFF0C;&#x6BCF;&#x65E5;&#x7528;3%&#x7684;&#x53CC;&#x6C27;&#x6C34;/&#x7898;&#x4F0F;/&#x65E0;&#x83CC;&#x76D0;&#x6C34;&#x6D88;&#x6BD2;&#x4F24;&#x53E3;&#xFF0C;&#x518D;&#x6D82;&#x62B9;&#x5C11;&#x91CF;&#x6297;&#x751F;&#x7D20;&#x7C7B;&#x836F;&#x7269;&#x3002;</p><p>4.&#x672F;&#x540E;3-5&#x5929;&#x670D;&#x7528;&#x6D88;&#x708E;&#x836F;&#xFF08;&#x6216;&#x9075;&#x533B;&#x5631;&#xFF09;&#x3002;</p><p>5.&#x672F;&#x540E;3&#x5929;&#x5185;&#x5C3D;&#x91CF;&#x4E0D;&#x8981;&#x4F4E;&#x5934;&#x3001;&#x7761;&#x89C9;&#x5C06;&#x6795;&#x5934;&#x57AB;&#x9AD8;&#xFF0C;&#x53EF;&#x4EE5;&#x7F13;&#x89E3;&#x80BF;&#x80C0;&#x3002;</p><p>6.&#x5207;&#x53E3;&#x5728;&#x76AE;&#x80A4;&#x4E0A;&#x7684;&#xFF0C;&#x53EF;&#x4F7F;&#x7528;&#x75A4;&#x514B;&#x7B49;&#x795B;&#x75A4;&#x836F;&#x7269;1-3&#x4E2A;&#x6708;&#x3002;</p>"},"GoodPoint":{"name":"缺点及风险","content":"<p>1.&#x53EF;&#x6709;&#x6548;&#x7F29;&#x5C0F;&#x9F3B;&#x7FFC;&#xFF0C;&#x540C;&#x65F6;&#x8FD8;&#x80FD;&#x6539;&#x5584;&#x9F3B;&#x5934;&#x5F62;&#x6001;&#x3002;</p><p>2.&#x6548;&#x679C;&#x6C38;&#x4E45;&#x3002;</p>"},"BadPoint":{"name":"术前锦囊","content":"<p>1.&#x624B;&#x672F;&#x9700;&#x8981;&#x6062;&#x590D;&#x671F;&#x3002;</p><p>2.&#x5207;&#x53E3;&#x5728;&#x76AE;&#x80A4;&#x8868;&#x9762;&#x53EF;&#x80FD;&#x7559;&#x75A4;&#x3002;</p><p>3.&#x624B;&#x672F;&#x53EF;&#x80FD;&#x51FA;&#x73B0;&#x77EB;&#x6B63;&#x4E0D;&#x8DB3;&#x3001;&#x611F;&#x67D3;&#x3001;&#x8F6F;&#x7EC4;&#x7EC7;&#x518D;&#x6B21;&#x589E;&#x751F;&#x3001;&#x8840;&#x80BF;&#x7684;&#x98CE;&#x9669;&#x3002;</p>"}}