{"Title":"超声刀","Related":{"name":"关联百科","content":[{"relatedId":"717","name":"射频提升"},{"relatedId":"551","name":"黄金微针"},{"relatedId":"719","name":"NIR红外紧肤"},{"relatedId":"718","name":"电波拉皮"}]},"ShorDesc":{"name":"简介","content":"<p>&#x9002;&#x5E94;&#x75C7;&#xFF1A;&#x9762;&#x90E8;&#x4E0B;&#x5782;&#x3001;&#x9F3B;&#x5507;&#x6C9F;&#x3001;&#x4E0B;&#x988C;&#x7F18;&#x8F6E;&#x5ED3;&#x4E0D;&#x6E05;&#x6670;&#x3001;&#x53CC;&#x4E0B;&#x5DF4;&#x3001;&#x9C7C;&#x5C3E;&#x7EB9;&#x3001;&#x53E3;&#x89D2;&#x7EB9;&#x3001;&#x5A74;&#x513F;&#x80A5;&#x3001;&#x8138;&#x80D6;&#x3001;&#x9888;&#x7EB9;</p><p>&#x8D85;&#x58F0;&#x5200;&#x662F;&#x4E00;&#x79CD;&#x5229;&#x7528;&#x8D85;&#x58F0;&#x6CE2;&#x80FD;&#x91CF;&#x3001;&#x5FAE;&#x521B;&#x3001;&#x4E0D;&#x635F;&#x4F24;&#x8868;&#x76AE;&#x7684;&#x6297;&#x8870;&#x63D0;&#x5347;&#x65B9;&#x6CD5;&#xFF0C;&#x5B83;&#x53EF;&#x4EE5;&#x9488;&#x5BF9;&#x771F;&#x76AE;&#x5C42;&#x3001;&#x76AE;&#x4E0B;&#x8102;&#x80AA;&#x5C42;&#x3001;SMAS&#x7B4B;&#x819C;&#x5C42;&#x8FDB;&#x884C;&#x6CBB;&#x7597;&#xFF0C;&#x8FBE;&#x5230;&#x63D0;&#x5347;&#x9762;&#x90E8;&#x3001;&#x7D27;&#x81F4;&#x8F6E;&#x5ED3;&#x3001;&#x53BB;&#x76B1;&#x3001;&#x6539;&#x5584;&#x53CC;&#x4E0B;&#x5DF4;&#x3001;&#x9888;&#x7EB9;&#x7684;&#x4F5C;&#x7528;&#x3002;&#x591A;&#x6570;&#x4EBA;&#x6CBB;&#x7597;&#x5F53;&#x5373;&#x5C31;&#x80FD;&#x770B;&#x5230;&#x6548;&#x679C;&#xFF0C;&#x6CBB;&#x7597;&#x540E;1-2&#x4E2A;&#x6708;&#x5185;&#x76AE;&#x80A4;&#x6536;&#x7D27;&#x3001;&#x63D0;&#x62C9;&#x7684;&#x6548;&#x679C;&#x8FD8;&#x4F1A;&#x6301;&#x7EED;&#x52A0;&#x5F3A;&#x3002;</p>"},"Property":{"name":"档案","content":["\n                <li>&#x6CBB;&#x7597;&#x65B9;&#x5F0F;&#xFF1A;<span>&#x5149;&#x7535;&#xFF08;&#x65E0;&#x521B;&#xFF09;</span></li>\n                <li>&#x75BC;&#x75DB;&#x611F;&#xFF1A;<span>1&#x9897;&#x661F;</span><a href=\"gengmei://common_webview?url=http://backend.gmei.com/hybrid/ache_level\">&#x67E5;&#x770B;&#x75BC;&#x75DB;&#x5206;&#x7EA7;</a></li>\n                <li>&#x7EF4;&#x6301;&#x65F6;&#x95F4;&#xFF1A;<span>&#x56E0;&#x4EBA;&#x800C;&#x5F02;</span></li>\n                <li>&#x6CBB;&#x7597;&#x65F6;&#x95F4;&#xFF1A;<span>40-80&#x5206;&#x949F;</span></li>\n                <li>&#x53C2;&#x8003;&#x4EF7;&#x683C;&#xFF1A;<span>30000-60000</span></li>\n                <li>&#x9EBB;&#x9189;&#x65B9;&#x5F0F;&#xFF1A;<span>&#x8868;&#x9762;&#x9EBB;&#x9189;</span></li>\n                <li>&#x662F;&#x5426;&#x4F4F;&#x9662;&#xFF1A;<span>&#x5426;</span></li>\n                \n                <li>&#x62C6;&#x7EBF;&#x65F6;&#x95F4;&#xFF1A;<span>0-0&#x5929;</span></li>\n            "]},"Desc":{"name":"项目／手术原理","content":"<p>&#x8D85;&#x58F0;&#x5200;&#x7684;&#x539F;&#x7406;&#x662F;&#xFF1A;&#x5229;&#x7528;&#x9AD8;&#x5F3A;&#x5EA6;&#x805A;&#x7126;&#x5F0F;&#x8D85;&#x58F0;&#x6CE2;&#x7684;&#x80FD;&#x91CF;&#x900F;&#x8FC7;&#x8868;&#x76AE;&#x76F4;&#x63A5;&#x4F5C;&#x7528;&#x5728;&#x76AE;&#x4E0B;&#x7B4B;&#x819C;&#x5C42;&#xFF0C;&#x52A0;&#x70ED;&#x7B4B;&#x819C;&#x5C42;&#x4F7F;&#x7B4B;&#x819C;&#x6536;&#x7D27;&#x5E76;&#x5E26;&#x52A8;&#x76AE;&#x80A4;&#x6536;&#x7D27;&#x3002;&#x5B9E;&#x8D28;&#x5C31;&#x662F;&#x5BF9;&#x76AE;&#x4E0B;&#x7B4B;&#x819C;&#x5C42;&#x4EA7;&#x751F;&#x5FAE;&#x5C0F;&#x521B;&#x4F24;&#xFF0C;&#x6FC0;&#x53D1;&#x7EC4;&#x7EC7;&#x81EA;&#x6211;&#x4FEE;&#x590D;&#x673A;&#x5236;&#x3002;</p><p><img src=\"http://hera.s.gmei.com/2016/10/11/5e4085e426\" style=\"width: 786px; height: 458.654px;\"><br></p><p>&#x6CBB;&#x7597;&#x8FC7;&#x7A0B;&#x2193;</p><p>1.&#x6E05;&#x6D01;&#x9762;&#x90E8;&#x3002;</p><p>2.&#x6577;&#x8868;&#x9762;&#x9EBB;&#x9189;&#x836F;&#x7269;&#xFF08;&#x53EF;&#x9009;&#xFF09;&#x3002;</p><p>3.&#x8BBE;&#x8BA1;&#x753B;&#x7EBF;&#x3001;&#x6D82;&#x62B9;&#x51B7;&#x51DD;&#x80F6;&#x3002;</p><p>4.&#x8BBE;&#x5B9A;&#x6CBB;&#x7597;&#x5F3A;&#x5EA6;&#x3001;&#x4F7F;&#x7528;&#x4E0D;&#x540C;&#x6DF1;&#x5EA6;&#x7684;&#x63A2;&#x5934;&#x5BF9;&#x753B;&#x7EBF;&#x533A;&#x57DF;&#x8FDB;&#x884C;&#x6CBB;&#x7597;&#x3002;</p><p><img src=\"http://hera.s.gmei.com/2016/10/11/c866adf7d3\" style=\"width: 787px;\"><br></p><p><br></p>"},"Sample":{"name":"效果示例","content":"<img src=\"http://hera.s.gmei.com/itemwiki/2016/10/11/bf9450093f-w\">"},"BeforIdear":{"name":"效果示例","content":"<p>1.&#x8D85;&#x58F0;&#x5200;&#x6CBB;&#x7597;&#x524D;6-12&#x4E2A;&#x6708;&#x5185;&#x4E0D;&#x53EF;&#x505A;&#x57CB;&#x7EBF;&#x63D0;&#x5347;&#xFF0C;&#x5426;&#x5219;&#x6709;&#x70EB;&#x4F24;&#x7684;&#x98CE;&#x9669;&#x3002;</p><p>2.&#x8D85;&#x58F0;&#x5200;&#x6CBB;&#x7597;&#x524D;3&#x4E2A;&#x6708;&#x5185;&#xFF0C;&#x4E0D;&#x8981;&#x505A;&#x6709;&#x521B;&#x5149;&#x7535;&#x6CBB;&#x7597;&#xFF0C;&#x5982;&#x70B9;&#x9635;&#x6FC0;&#x5149;&#x3002;</p><p>3.&#x8D85;&#x58F0;&#x5200;&#x6CBB;&#x7597;&#x524D;1&#x4E2A;&#x6708;&#x5185;&#xFF0C;&#x4E0D;&#x8981;&#x505A;&#x65E0;&#x521B;&#x5149;&#x7535;&#x6CBB;&#x7597;&#xFF0C;&#x5982;&#x5149;&#x5B50;&#x5AE9;&#x80A4;&#x3001;&#x767D;&#x74F7;&#x5A03;&#x5A03;&#x3002;</p><p>4.&#x8D85;&#x58F0;&#x5200;&#x6CBB;&#x7597;&#x524D;3&#x4E2A;&#x6708;&#x5185;&#xFF0C;&#x4E0D;&#x8981;&#x505A;&#x81EA;&#x4F53;&#x8102;&#x80AA;&#x586B;&#x5145;&#xFF0C;&#x4EE5;&#x514D;&#x5C06;&#x8102;&#x80AA;&#x7834;&#x574F;&#x3002;</p>"},"AfterIdear":{"name":"优点","content":"<p>1.&#x6CBB;&#x7597;&#x540E;&#x5F53;&#x665A;&#x4E0D;&#x8981;&#x7528;&#x8FC7;&#x51B7;&#x6216;&#x8FC7;&#x70ED;&#x7684;&#x6C34;&#x6D17;&#x8138;&#x3002;</p><p>2.&#x6CBB;&#x7597;&#x540E;&#x4E00;&#x5468;&#x5185;&#x4E0D;&#x8981;&#x4F7F;&#x7528;&#x523A;&#x6FC0;&#x6027;&#x62A4;&#x80A4;&#x54C1;&#xFF08;&#x679C;&#x9178;&#x3001;A&#x9178;&#x3001;&#x9AD8;&#x6D53;&#x5EA6;&#x5DE6;&#x65CB;VC&#x3001;&#x718A;&#x679C;&#x82F7;&#x7B49;&#xFF09;&#x3002;</p><p>3.&#x6CBB;&#x7597;&#x540E;&#x4E00;&#x5468;&#x5185;&#x6CE8;&#x610F;&#x9632;&#x6652;&#x3001;&#x4F7F;&#x7528;SPF30&#x4EE5;&#x4E0A;&#x7684;&#x9632;&#x6652;&#x971C;&#x3002;</p><p>4.&#x6CBB;&#x7597;&#x540E;7&#x5929;&#x5185;&#x4E0D;&#x8981;&#x53BB;&#x84B8;&#x6851;&#x62FF;&#x3001;&#x6D17;&#x4E09;&#x6696;&#x3001;&#x70EB;&#x67D3;&#x5934;&#x53D1;&#x3001;&#x5267;&#x70C8;&#x8FD0;&#x52A8;&#x3001;&#x6E38;&#x6CF3;&#x3002;</p><p>5.&#x6CBB;&#x7597;&#x540E;&#x534A;&#x5E74;&#x5185;&#x5C3D;&#x91CF;&#x907F;&#x514D;&#x5438;&#x70DF;&#x3001;&#x996E;&#x9152;&#x3001;&#x5403;&#x8F9B;&#x8FA3;&#x7269;&#x3002;</p>"},"GoodPoint":{"name":"缺点及风险","content":"<p>1.&#x4E0D;&#x76F4;&#x63A5;&#x4F5C;&#x7528;&#x4E8E;&#x8868;&#x76AE;&#xFF0C;&#x4E0D;&#x4F1A;&#x5BF9;&#x8868;&#x76AE;&#x9020;&#x6210;&#x4EFB;&#x4F55;&#x521B;&#x4F24;&#xFF0C;&#x56E0;&#x800C;&#x65E0;&#x9700;&#x6062;&#x590D;&#x671F;&#x3002;</p><p>2.&#x80FD;&#x91CF;&#x53EF;&#x63A7;&#x3001;&#x6CBB;&#x7597;&#x51C6;&#x786E;&#xFF0C;&#x56E0;&#x800C;&#x5B89;&#x5168;&#x6709;&#x6548;&#xFF0C;&#x8FD8;&#x53EF;&#x5236;&#x5B9A;&#x4E2A;&#x6027;&#x5316;&#x6CBB;&#x7597;&#x65B9;&#x6848;&#x3002;</p><p>3.&#x548C;&#x5176;&#x5B83;&#x6297;&#x8870;&#x4EEA;&#x5668;&#x76F8;&#x6BD4;&#xFF0C;&#x6CBB;&#x7597;&#x5C42;&#x6B21;&#x6DF1;&#x3001;&#x7EF4;&#x6301;&#x65F6;&#x95F4;&#x4E45;&#x3002;</p><p>4.&#x53EF;&#x89E3;&#x51B3;&#x9762;&#x90E8;&#x3001;&#x8EAB;&#x4F53;&#x591A;&#x79CD;&#x8870;&#x8001;&#x95EE;&#x9898;&#xFF1A;&#x677E;&#x5F1B;&#x3001;&#x76B1;&#x7EB9;&#x3001;&#x80A5;&#x80D6;&#x3002;</p><p>5.&#x8D85;&#x58F0;&#x5200;&#x6E29;&#x5EA6;&#x63A7;&#x5236;&#x5728;65-72&#x2103;&#xFF0C;&#x662F;&#x523A;&#x6FC0;&#x80F6;&#x539F;&#x6700;&#x6709;&#x6548;&#x7684;&#x6E29;&#x5EA6;&#x3002;</p><p>6.&#x65E0;&#x9700;&#x5F00;&#x5200;&#x505A;&#x624B;&#x672F;&#xFF0C;&#x98CE;&#x9669;&#x8F83;&#x5C0F;&#x3002;</p>"},"BadPoint":{"name":"术前锦囊","content":"<p>1.&#x4EF7;&#x683C;&#x6602;&#x8D35;&#x3002;</p><p>2.&#x76AE;&#x80A4;&#x53EF;&#x80FD;&#x6682;&#x65F6;&#x6027;&#x7684;&#x53D1;&#x7EA2;&#x3001;&#x523A;&#x75DB;&#x4EE5;&#x53CA;&#x9EBB;&#x80C0;&#x611F;&#x3002;</p><p>3.&#x6709;&#x6781;&#x5C11;&#x90E8;&#x5206;&#x4EBA;&#x4F1A;&#x6709;&#x8FC7;&#x654F;&#x73B0;&#x8C61;&#x3002;</p><p>4.&#x6CBB;&#x7597;&#x540E;&#x51E0;&#x5C0F;&#x65F6;&#x5185;&#x53EF;&#x80FD;&#x6709;&#x8F7B;&#x5FAE;&#x7684;&#x6CDB;&#x7EA2;&#x3001;&#x6C34;&#x80BF;&#x3001;&#x5C0F;&#x523A;&#x75DB;&#x3001;&#x80FD;&#x91CF;&#x70B9;&#x5C0F;&#x75B9;&#x3001;&#x9EBB;&#x80C0;&#x611F;&#x5747;&#x5C5E;&#x6B63;&#x5E38;&#x73B0;&#x8C61;&#x3002;</p><p>5.&#x64CD;&#x4F5C;&#x4E0D;&#x5F53;&#x6709;&#x707C;&#x4F24;&#x3001;&#x70EB;&#x4F24;&#x7684;&#x98CE;&#x9669;&#x3002;</p>"}}