{"Title":"假体+耳软骨隆鼻","Related":{"name":"关联百科","content":[{"relatedId":"356","name":"硅胶隆鼻"},{"relatedId":"355","name":"膨体隆鼻"},{"relatedId":"677","name":"肋软骨隆鼻"},{"relatedId":"676","name":"达拉斯鼻综合（鼻中隔隆鼻）"},{"relatedId":"516","name":"Medpor隆鼻"}]},"ShorDesc":{"name":"简介","content":"<p>&#x9002;&#x5E94;&#x75C7;&#xFF1A;&#x584C;&#x9F3B;&#x6881;&#x3001;&#x77ED;&#x9F3B;&#x3001;&#x9F3B;&#x5C16;&#x4F4E;&#x5782;</p><p>&#x4F7F;&#x7528;I&#x5F62;&#x7845;&#x80F6;&#x3001;&#x81A8;&#x4F53;&#x3001;Medpor&#xFF08;&#x805A;&#x4E59;&#x70EF;&#xFF09;&#x6216;&#x8005;L&#x5F62;&#x7845;&#x80F6;&#x5047;&#x4F53;&#xFF0C;&#x6765;&#x57AB;&#x9AD8;&#x9F3B;&#x6881;&#xFF0C;&#x8033;&#x8F6F;&#x9AA8;&#x96D5;&#x5851;&#x540E;&#x62AC;&#x9AD8;&#x9F3B;&#x5C16;&#x3001;&#x7A81;&#x51FA;&#x9F3B;&#x5C16;&#x8868;&#x73B0;&#x70B9;&#xFF0C;&#x540C;&#x65F6;&#x8FD8;&#x53EF;&#x4FDD;&#x62A4;&#x9F3B;&#x5934;&#xFF0C;&#x4EE5;&#x9632;&#x6B62;L&#x5F62;&#x7845;&#x80F6;&#x5047;&#x4F53;&#x7A7F;&#x51FA;&#x3002;&#x8BE5;&#x624B;&#x672F;&#x65B9;&#x6CD5;&#x9002;&#x5408;&#x9F3B;&#x90E8;&#x57FA;&#x7840;&#x8F83;&#x597D;&#x7684;&#x6C42;&#x7F8E;&#x8005;&#x3002;</p>"},"Property":{"name":"档案","content":["\n                <li>&#x6CBB;&#x7597;&#x65B9;&#x5F0F;&#xFF1A;<span>&#x624B;&#x672F;</span></li>\n                <li>&#x75BC;&#x75DB;&#x611F;&#xFF1A;<span>3&#x9897;&#x661F;</span><a href=\"gengmei://common_webview?url=http://backend.gmei.com/hybrid/ache_level\">&#x67E5;&#x770B;&#x75BC;&#x75DB;&#x5206;&#x7EA7;</a></li>\n                <li>&#x7EF4;&#x6301;&#x65F6;&#x95F4;&#xFF1A;<span>&#x6C38;&#x4E45;</span></li>\n                <li>&#x6CBB;&#x7597;&#x65F6;&#x95F4;&#xFF1A;<span>60-120&#x5206;&#x949F;</span></li>\n                <li>&#x53C2;&#x8003;&#x4EF7;&#x683C;&#xFF1A;<span>5000-20000</span></li>\n                <li>&#x9EBB;&#x9189;&#x65B9;&#x5F0F;&#xFF1A;<span>&#x5C40;&#x9EBB;</span></li>\n                <li>&#x662F;&#x5426;&#x4F4F;&#x9662;&#xFF1A;<span>&#x5426;</span></li>\n                \n                <li>&#x62C6;&#x7EBF;&#x65F6;&#x95F4;&#xFF1A;<span>6-8&#x5929;</span></li>\n            "]},"Desc":{"name":"项目／手术原理","content":"<p>1.&#x5168;&#x9762;&#x90E8;&#x3001;&#x9F3B;&#x90E8;&#xFF08;&#x9F3B;&#x5B54;&#xFF09;&#x3001;&#x8033;&#x90E8;&#x6D88;&#x6BD2;&#x3002;</p><p>2.&#x8FDB;&#x884C;&#x5168;&#x8EAB;&#x9EBB;&#x9189;&#x3002;</p><p>3.&#x53D6;&#x5047;&#x4F53;&#x8FDB;&#x884C;&#x96D5;&#x523B;&#x3001;&#x690D;&#x5165;&#x9F3B;&#x6881;&#x9AA8;&#x819C;&#x4E0A;&#x65B9;&#x3002;</p><p>4.&#x53D6;&#x8033;&#x8F6F;&#x9AA8;&#xFF0C;&#x5207;&#x5F00;&#x3001;&#x96D5;&#x523B;&#xFF0C;&#x690D;&#x5165;&#x672F;&#x524D;&#x8BBE;&#x8BA1;&#x7684;&#x9F3B;&#x5934;&#x90E8;&#x4F4D;&#x5E76;&#x7F1D;&#x5408;&#x3002;</p><p>5.&#x7F1D;&#x5408;&#x624B;&#x672F;&#x5207;&#x53E3;&#x3002;</p><p>6.&#x52A0;&#x538B;&#x5305;&#x624E;&#xFF0C;&#x9632;&#x6B62;&#x8840;&#x80BF;&#x3001;&#x5047;&#x4F53;&#x79FB;&#x4F4D;&#x3002;</p><p><img src=\"http://hera.s.gmei.com/2016/10/11/7b84c9cff0\" style=\"width: 600px;\"><br></p>"},"Sample":{"name":"效果示例","content":"<img src=\"http://hera.s.gmei.com/itemwiki/2016/10/11/194fdc59e9-w\">"},"BeforIdear":{"name":"效果示例","content":"<p>1.&#x914D;&#x5408;&#x533B;&#x9662;&#x505A;&#x5E38;&#x89C4;&#x68C0;&#x67E5;&#xFF0C;&#x4F20;&#x67D3;&#x75C5;&#x3001;&#x4E25;&#x91CD;&#x5668;&#x8D28;&#x6027;&#x75BE;&#x75C5;&#x3001;&#x8840;&#x6DB2;&#x75BE;&#x75C5;&#x3001;&#x9AD8;&#x8840;&#x538B;&#x548C;&#x7CD6;&#x5C3F;&#x75C5;&#x5C1A;&#x672A;&#x63A7;&#x5236;&#x7684;&#x4EBA;&#x4E25;&#x7981;&#x505A;&#x624B;&#x672F;&#x3002;</p><p>2.&#x672F;&#x524D;2&#x5468;&#x5185;&#x7981;&#x670D;&#x6297;&#x51DD;&#x836F;&#x7269;&#xFF08;&#x5982;&#x963F;&#x53F8;&#x5339;&#x6797;&#xFF09;&#x3002;</p><p>3.&#x624B;&#x672F;&#x524D;&#x4E00;&#x5929;&#x6D17;&#x5934;&#x3001;&#x672F;&#x524D;&#x7D20;&#x989C;&#x3001;&#x6E05;&#x6D01;&#x9762;&#x90E8;</p><p>4.&#x624B;&#x672F;&#x8981;&#x4E25;&#x683C;&#x907F;&#x5F00;&#x6708;&#x7ECF;&#x671F;&#xFF0C;&#x5EFA;&#x8BAE;&#x6708;&#x7ECF;&#x7ED3;&#x675F;&#x540E;3-7&#x5929;&#x6765;&#x505A;&#x624B;&#x672F;&#x3002;</p><p>5.&#x598A;&#x5A20;&#x671F;&#x3001;&#x54FA;&#x4E73;&#x671F;&#x5987;&#x5973;&#x4E0D;&#x53EF;&#x505A;&#x624B;&#x672F;&#x3002;</p>"},"AfterIdear":{"name":"优点","content":"<p>1.&#x672F;&#x540E;72h&#x5185;&#x51B0;&#x6577;30~40min&#xFF0C;&#x65E9;&#x3001;&#x4E2D;&#x3001;&#x665A;&#x5404;&#x6577;&#x4E00;&#x6B21;&#xFF0C;&#x53EF;&#x4EE5;&#x6539;&#x5584;&#x80BF;&#x80C0;&#x548C;&#x75BC;&#x75DB;&#x3002;</p><p>2.&#x7B2C;2-3&#x5929;&#x53BB;&#x533B;&#x9662;&#x6362;&#x836F;&#xFF0C;&#x6216;&#x9075;&#x5FAA;&#x533B;&#x5631;&#x6362;&#x836F;&#x3002;</p><p>3.&#x4F24;&#x53E3;&#x505C;&#x6B62;&#x6E17;&#x8840;&#x540E;&#xFF0C;&#x62C6;&#x7EBF;&#x524D;&#xFF0C;&#x6BCF;&#x65E5;&#x7528;3%&#x7684;&#x53CC;&#x6C27;&#x6C34;/&#x7898;&#x4F0F;/&#x65E0;&#x83CC;&#x76D0;&#x6C34;&#x6D88;&#x6BD2;&#x4F24;&#x53E3;&#xFF0C;&#x518D;&#x6D82;&#x62B9;&#x5C11;&#x91CF;&#x6297;&#x751F;&#x7D20;&#x7C7B;&#x836F;&#x7269;&#x3002;</p><p>4.&#x672F;&#x540E;3-5&#x5929;&#x670D;&#x7528;&#x6D88;&#x708E;&#x836F;&#xFF08;&#x6216;&#x9075;&#x533B;&#x5631;&#xFF09;&#x3002;</p><p>5.&#x672F;&#x540E;3&#x5929;&#x5185;&#x5C3D;&#x91CF;&#x4E0D;&#x8981;&#x4F4E;&#x5934;&#x3001;&#x7761;&#x89C9;&#x5C06;&#x6795;&#x5934;&#x57AB;&#x9AD8;&#xFF0C;&#x53EF;&#x4EE5;&#x7F13;&#x89E3;&#x80BF;&#x80C0;&#x3002;</p><p>6.&#x672A;&#x7ECF;&#x533B;&#x751F;&#x5141;&#x8BB8;&#xFF0C;&#x4E0D;&#x53EF;&#x968F;&#x610F;&#x6458;&#x6389;&#x9F3B;&#x90E8;&#x4FDD;&#x62A4;/&#x5851;&#x5F62;&#x5668;&#x3002;</p><p>7.&#x672F;&#x540E;1&#x4E2A;&#x6708;&#x5185;&#x4E0D;&#x5F97;&#x4F69;&#x6234;&#x773C;&#x955C;&#x3001;&#x4E0D;&#x5F97;&#x6316;&#x9F3B;&#x5B54;&#x3001;&#x4E0D;&#x80FD;&#x6324;&#x538B;&#x6216;&#x7528;&#x529B;&#x63C9;&#x9F3B;&#x5B50;&#x3002;</p>"},"GoodPoint":{"name":"缺点及风险","content":"<p>1.&#x9F3B;&#x6881;&#x589E;&#x9AD8;&#x7684;&#x540C;&#x65F6;&#xFF0C;&#x9F3B;&#x5C16;&#x7684;&#x5F62;&#x6001;&#x4E5F;&#x53EF;&#x6539;&#x5584;&#x3002;</p><p>2.&#x624B;&#x672F;&#x6548;&#x679C;&#x53EF;&#x6C38;&#x4E45;&#x7EF4;&#x6301;&#x3002;</p><p>3.&#x53EF;&#x4EE5;&#x9632;&#x6B62;&#x5047;&#x4F53;&#x7A7F;&#x51FA;&#x3002;</p>"},"BadPoint":{"name":"术前锦囊","content":"<p>1.&#x5BF9;&#x4E8E;&#x9F3B;&#x5934;&#x5927;&#x3001;&#x9F3B;&#x7FFC;&#x5BBD;&#x3001;&#x671D;&#x5929;&#x9F3B;&#x3001;&#x9E70;&#x94A9;&#x9F3B;&#x3001;&#x9A7C;&#x5CF0;&#x9F3B;&#x7684;&#x6539;&#x5584;&#x6548;&#x679C;&#x8F83;&#x5DEE;&#x3002;</p><p>2.&#x624B;&#x672F;&#x6709;&#x4E24;&#x5904;&#x521B;&#x4F24;&#xFF08;&#x9F3B;&#x90E8;&#x4E0E;&#x8033;&#x90E8;&#xFF09;&#xFF0C;&#x8033;&#x8F6F;&#x9AA8;&#x91CF;&#x6709;&#x9650;&#xFF0C;&#x8BE5;&#x624B;&#x672F;&#x65B9;&#x5F0F;&#x4E0D;&#x9002;&#x5408;&#x505A;&#x4FEE;&#x590D;&#x3002;</p><p>3.&#x690D;&#x5165;&#x5047;&#x4F53;&#x53EF;&#x80FD;&#x53D1;&#x751F;&#x611F;&#x67D3;&#x3001;&#x6392;&#x5F02;&#x3001;&#x5047;&#x4F53;&#x79FB;&#x4F4D;&#x3001;&#x6B6A;&#x659C;&#x7B49;&#x5E76;&#x53D1;&#x75C7;&#x3002;</p><p>4.&#x624B;&#x672F;&#x540E;7&#x5929;&#x5185;&#x4F1A;&#x6709;&#x80BF;&#x80C0;&#x3001;&#x6DE4;&#x9752;&#x3002;</p>"}}