{"Title":"润百颜（国产）","Related":{"name":"关联百科","content":[{"relatedId":"689","name":"玻尿酸填充面部"}]},"ShorDesc":{"name":"简介","content":"<p class=\"MsoNormal\">&#x54C1;&#x724C;&#x540D;&#x79F0;&#xFF1A;&#x6DA6;&#x767E;&#x989C;<span lang=\"EN-US\">BIOHYALUX</span></p><p class=\"MsoNormal\" align=\"left\">&#x751F;&#x4EA7;&#x5546;&#xFF1A;&#x534E;&#x7199;&#x798F;&#x745E;&#x8FBE;&#x751F;&#x7269;&#x533B;&#x836F;&#x6709;&#x9650;&#x516C;&#x53F8;<span lang=\"EN-US\"><o:p></o:p></span></p><p class=\"MsoNormal\" align=\"left\">&#x73BB;&#x5C3F;&#x9178;&#x7C7B;&#x578B;&#xFF1A;&#x53CC;&#x76F8;&#xFF08;&#x9897;&#x7C92;&#x578B;&#xFF09;</p><p class=\"MsoNormal\" align=\"left\">&#x54C1;&#x724C;&#x7CFB;&#x5217;&#xFF1A;&#x6DA6;&#x767E;&#x989C;&#x9664;&#x76B1;&#x4EA7;&#x54C1;&#xFF08;&#x767D;&#x7D2B;&#x88C5;&#xFF09;&#x3001;&#x6DA6;&#x767E;&#x989C;&#x5851;&#x5F62;&#x4EA7;&#x54C1;&#xFF08;&#x9ED1;&#x91D1;&#x88C5;&#xFF09;</p><p class=\"MsoNormal\" align=\"left\">&#x7EF4;&#x6301;&#x65F6;&#x95F4;&#xFF1A;&#x767D;&#x7D2B;&#x88C5;3-<span lang=\"EN-US\">6</span>&#x4E2A;&#x6708;&#xFF0C;&#x9ED1;&#x91D1;&#x88C5;6-12&#x4E2A;&#x6708;</p><p class=\"MsoNormal\" align=\"left\">&#x4F5C;&#x7528;&#xFF1A;&#x767D;&#x7D2B;&#x88C5;&#x9664;&#x76B1;&#x3001;&#x6D45;&#x5C42;&#x8F6F;&#x7EC4;&#x7EC7;&#x586B;&#x5145;&#xFF1B;&#x9ED1;&#x91D1;&#x88C5;&#x6DF1;&#x5EA6;&#x9664;&#x76B1;&#x3001;&#x6DF1;&#x5C42;&#x8F6F;&#x7EC4;&#x7EC7;&#x586B;&#x5145;&#x3001;&#x8F6E;&#x5ED3;&#x5851;&#x5F62;&#x3002;</p><p>\n\n\n\n\n\n\n\n\n\n\n\n\n\n</p><p class=\"MsoNormal\">&#x8BA4;&#x8BC1;&#xFF1A;&#x4E2D;&#x56FD;&#x56FD;&#x5BB6;&#x98DF;&#x54C1;&#x836F;&#x54C1;&#x76D1;&#x7763;&#x7BA1;&#x7406;&#x5C40;&#xFF08;<span lang=\"EN-US\">CFDA</span>&#xFF09;</p><p class=\"MsoNormal\"><img src=\"http://hera.s.gmei.com/2016/10/14/9918427f53\" style=\"width: 781px;\"><br></p>"},"Property":{"name":"档案","content":[]},"Desc":{"name":"项目／手术原理","content":""},"Sample":{"name":"效果示例","content":"<img src=\"http://hera.s.gmei.com/itemwiki/2016/10/14/70c28f8353-w\">"},"BeforIdear":{"name":"效果示例","content":""},"AfterIdear":{"name":"优点","content":""},"GoodPoint":{"name":"缺点及风险","content":""},"BadPoint":{"name":"术前锦囊","content":""}}