{"Title":"LASEK角膜切割","Related":{"name":"关联百科","content":[]},"ShorDesc":{"name":"简介","content":"<div class=\"para\" label-module=\"para\" style=\"word-wrap: break-word; margin-bottom: 15px; line-height: 24px; zoom: 1;\"><b>LASEK&#x8FD1;&#x89C6;&#x624B;&#x672F;&#x2014;&#x2014;&#x51C6;&#x5206;&#x5B50;&#x6FC0;&#x5149;&#x4E0A;&#x76AE;&#x74E3;&#x4E0B;&#x89D2;&#x819C;&#x78E8;&#x9576;&#x672F;&#x3000;</b></div><div class=\"para\" label-module=\"para\" style=\"word-wrap: break-word; margin-bottom: 15px; line-height: 24px; zoom: 1;\">&#x662F;&#x7528;&#x51C6;&#x5206;&#x5B50;&#x6FC0;&#x5149;&#x8FDB;&#x884C;&#x539F;&#x4F4D;&#x78E8;&#x9576;&#x6765;&#x6539;&#x53D8;&#x89D2;&#x819C;&#x7684;&#x5C48;&#x5149;&#x5EA6;&#xFF0C;&#x4ECE;&#x800C;&#x8FBE;&#x5230;&#x77EB;&#x6B63;&#x8FD1;&#x89C6;&#x3001;&#x6563;&#x5149;&#x7684;&#x76EE;&#x7684;&#xFF0C;&#x800C;&#x540E;&#x4E0A;&#x76AE;&#x74E3;&#x590D;&#x4F4D;&#x3002;&#x8BE5;&#x624B;&#x672F;&#x9002;&#x5408;&#x89D2;&#x819C;&#x539A;&#x5EA6;&#x8F83;&#x8584;&#x7684;&#x9AD8;&#x5EA6;&#x8FD1;&#x89C6;&#x53CA;&#x4E2D;&#x4F4E;&#x5EA6;&#x8FD1;&#x89C6;&#x3002;</div><div class=\"para\" label-module=\"para\" style=\"word-wrap: break-word; margin-bottom: 15px; line-height: 24px; zoom: 1;\"><img src=\"http://hera.s.gmei.com/2017/04/01/60dd5b3d0c\" style=\"width: 500px;\"><br></div>"},"Property":{"name":"档案","content":["\n                <li>&#x6CBB;&#x7597;&#x65B9;&#x5F0F;&#xFF1A;<span>&#x624B;&#x672F;</span></li>\n                <li>&#x75BC;&#x75DB;&#x611F;&#xFF1A;<span>2&#x9897;&#x661F;</span><a href=\"gengmei://common_webview?url=http://backend.gmei.com/hybrid/ache_level\">&#x67E5;&#x770B;&#x75BC;&#x75DB;&#x5206;&#x7EA7;</a></li>\n                <li>&#x7EF4;&#x6301;&#x65F6;&#x95F4;&#xFF1A;<span>5&#x5E74;&#x4EE5;&#x4E0A;</span></li>\n                <li>&#x6CBB;&#x7597;&#x65F6;&#x95F4;&#xFF1A;<span>30-40&#x5206;&#x949F;</span></li>\n                <li>&#x53C2;&#x8003;&#x4EF7;&#x683C;&#xFF1A;<span>1800-18000</span></li>\n                <li>&#x9EBB;&#x9189;&#x65B9;&#x5F0F;&#xFF1A;<span>&#x8868;&#x9762;&#x9EBB;&#x9189;</span></li>\n                <li>&#x662F;&#x5426;&#x4F4F;&#x9662;&#xFF1A;<span>&#x5426;</span></li>\n                \n                <li>&#x62C6;&#x7EBF;&#x65F6;&#x95F4;&#xFF1A;<span>0-0&#x5929;</span></li>\n            "]},"Desc":{"name":"项目／手术原理","content":"<p>&#x624B;&#x672F;&#x539F;&#x7406;&#x662F;&#x5148;&#x7528;&#x9152;&#x7CBE;&#x6D78;&#x6CE1;&#x8F6F;&#x5316;&#x89D2;&#x819C;&#x4E0A;&#x76AE;&#xFF0C;&#x518D;&#x7528;&#x4E0A;&#x76AE;&#x73AF;&#x94BB;&#x5200;&#x5207;&#x51FA;&#x4E00;&#x4E2A;&#x5E26;&#x8482;&#x7684;&#x4E0A;&#x76AE;&#x74E3;&#xFF0C;&#x6380;&#x5F00;&#x4E0A;&#x76AE;&#x74E3;&#x540E;&#xFF0C;&#x7528;&#x51C6;&#x5206;&#x5B50;&#x6FC0;&#x5149;&#x8FDB;&#x884C;&#x539F;&#x4F4D;&#x78E8;&#x9576;&#x6765;&#x6539;&#x53D8;&#x89D2;&#x819C;&#x7684;&#x5C48;&#x5149;&#x5EA6;&#x3002;<br></p>"},"Sample":{"name":"效果示例","content":"<img src=\"http://hera.s.gmei.com/itemwiki/2017/04/01/6415c39924-w\">"},"BeforIdear":{"name":"效果示例","content":""},"AfterIdear":{"name":"优点","content":"<div class=\"para\" label-module=\"para\" style=\"word-wrap: break-word; margin-bottom: 15px; line-height: 24px; zoom: 1;\">1&#x3001;&#x8FD1;&#x89C6;&#x7F34;&#x6B63;&#x624B;&#x672F;&#x89D2;&#x819C;&#x7EC4;&#x7EC7;&#x4FEE;&#x590D;&#x6709;&#x4E00;&#x4E2A;&#x8FC7;&#x7A0B;&#xFF0C;&#x624B;&#x672F;&#x65E5;&#x5F53;&#x665A;&#xFF0C;&#x4E0D;&#x80FD;&#x968F;&#x610F;&#x6458;&#x4E0B;&#x900F;&#x660E;&#x773C;&#x7F69;&#x3002;</div><div class=\"para\" label-module=\"para\" style=\"word-wrap: break-word; margin-bottom: 15px; line-height: 24px; zoom: 1;\">2&#x3001;&#x624B;&#x672F;&#x540E;&#x7B2C;&#x4E8C;&#x5929;&#x5FC5;&#x987B;&#x5230;&#x533B;&#x9662;&#x590D;&#x67E5;&#xFF0C;&#x68C0;&#x67E5;&#x89C6;&#x529B;&#x3001;&#x5C48;&#x5149;&#x5EA6;&#x3001;&#x89D2;&#x819C;&#x7684;&#x6062;&#x590D;&#x60C5;&#x51B5;&#xFF0C;&#x5E76;&#x5F00;&#x59CB;&#x70B9;&#x672F;&#x540E;&#x7528;&#x836F;&#x3002;</div><div class=\"para\" label-module=\"para\" style=\"word-wrap: break-word; margin-bottom: 15px; line-height: 24px; zoom: 1;\">3&#x3001;&#x624B;&#x672F;&#x540E;&#x4E00;&#x4E2A;&#x6708;&#x5185;&#x5916;&#x51FA;&#x6234;&#x58A8;&#x955C;&#xFF0C;&#x4EE5;&#x51CF;&#x5C11;&#x7D2B;&#x5916;&#x7EBF;&#x53CA;&#x98CE;&#x6C99;&#x5BF9;&#x773C;&#x775B;&#x7684;&#x523A;&#x6FC0;&#x3002;</div><div class=\"para\" label-module=\"para\" style=\"word-wrap: break-word; margin-bottom: 15px; line-height: 24px; zoom: 1;\">4&#x3001;&#x624B;&#x672F;&#x540E;&#x4E00;&#x5468;&#x3001;&#x4E00;&#x4E2A;&#x6708;&#x3001;&#x534A;&#x5E74;&#x53CA;&#x4E00;&#x5E74;&#x53EF;&#x6765;&#x533B;&#x9662;&#x590D;&#x67E5;&#x3002;&#x53CA;&#x65F6;&#x89C2;&#x5BDF;&#xFF0C;&#x786E;&#x4FDD;&#x83B7;&#x5F97;&#x6700;&#x4F73;&#x7684;&#x89C6;&#x529B;&#x6548;&#x679C;&#x3002;</div>"},"GoodPoint":{"name":"缺点及风险","content":""},"BadPoint":{"name":"术前锦囊","content":"<p>&#x672F;&#x540E;&#x75C5;&#x4EBA;&#x75BC;&#x75DB;&#xFF0C;&#x89C6;&#x529B;&#x6062;&#x590D;&#x8F83;&#x6162;&#xFF0C;&#x9700;&#x957F;&#x671F;&#x4F7F;&#x7528;&#x6FC0;&#x7D20;&#xFF0C;&#x4E14;&#x56E0;&#x9700;&#x9152;&#x7CBE;&#x6D78;&#x6CE1;&#xFF0C;&#x6613;&#x51FA;&#x73B0;&#x89D2;&#x819C;&#x96FE;&#x72B6;&#x6DF7;&#x6D4A;&#x3002;<br></p>"}}