{"Title":"红蓝光祛痘","Related":{"name":"关联百科","content":[{"relatedId":"302","name":"光子嫩肤"},{"relatedId":"533","name":"果酸换肤"}]},"ShorDesc":{"name":"简介","content":"<p>&#x9002;&#x5E94;&#x75C7;&#xFF1A;&#x957F;&#x75D8;&#x75D8;&#x3001;&#x76AE;&#x80A4;&#x654F;&#x611F;&#x3001;&#x538C;&#x6C27;&#x83CC;&#x611F;&#x67D3;</p><p>&#x7EA2;&#x5149;&#x53EF;&#x4FEE;&#x590D;&#x521B;&#x9762;&#x3001;&#x6539;&#x5584;&#x8FC7;&#x654F;&#x53CD;&#x5E94;&#x3001;&#x4FC3;&#x8FDB;&#x8840;&#x6DB2;&#x5FAA;&#x73AF;&#x3001;&#x6291;&#x5236;&#x708E;&#x75C7;&#xFF1B;&#x84DD;&#x5149;&#x53EF;&#x6D88;&#x708E;&#x3001;&#x6740;&#x83CC;&#x3001;&#x9547;&#x9759;&#x3002;</p>"},"Property":{"name":"档案","content":["\n                <li>&#x6CBB;&#x7597;&#x65B9;&#x5F0F;&#xFF1A;<span>&#x5149;&#x7535;&#xFF08;&#x65E0;&#x521B;&#xFF09;</span></li>\n                <li>&#x75BC;&#x75DB;&#x611F;&#xFF1A;<span>0&#x9897;&#x661F;</span><a href=\"gengmei://common_webview?url=http://backend.gmei.com/hybrid/ache_level\">&#x67E5;&#x770B;&#x75BC;&#x75DB;&#x5206;&#x7EA7;</a></li>\n                <li>&#x7EF4;&#x6301;&#x65F6;&#x95F4;&#xFF1A;<span>&#x56E0;&#x4EBA;&#x800C;&#x5F02;</span></li>\n                <li>&#x6CBB;&#x7597;&#x65F6;&#x95F4;&#xFF1A;<span>20-40&#x5206;&#x949F;</span></li>\n                <li>&#x53C2;&#x8003;&#x4EF7;&#x683C;&#xFF1A;<span>500-2000</span></li>\n                <li>&#x9EBB;&#x9189;&#x65B9;&#x5F0F;&#xFF1A;<span>&#x65E0;</span></li>\n                <li>&#x662F;&#x5426;&#x4F4F;&#x9662;&#xFF1A;<span>&#x5426;</span></li>\n                \n                <li>&#x62C6;&#x7EBF;&#x65F6;&#x95F4;&#xFF1A;<span>0-0&#x5929;</span></li>\n            "]},"Desc":{"name":"项目／手术原理","content":"<p>1.&#x6E05;&#x6D01;&#x76AE;&#x80A4;&#x3002;</p><p>2.&#x7167;&#x5C04;&#x7EA2;&#x5149;/&#x84DD;&#x5149;&#xFF0C;&#x6216;&#x540C;&#x65F6;&#x7167;&#x5C04;&#x3002;</p><p>3.&#x6577;&#x4FDD;&#x6E7F;&#x9762;&#x819C;&#x3002;</p><p><img src=\"http://hera.s.gmei.com/2016/10/11/305309fd0b\" style=\"width: 1251px;\"><br></p>"},"Sample":{"name":"效果示例","content":"<img src=\"http://hera.s.gmei.com/itemwiki/2016/10/11/e435844faf-w\">"},"BeforIdear":{"name":"效果示例","content":"<p>1.&#x6CBB;&#x7597;&#x524D;1&#x4E2A;&#x6708;&#x5185;&#x4E0D;&#x80FD;&#x66B4;&#x6652;&#x3002;</p><p>2.&#x7D20;&#x989C;&#x3002;</p><p>3.&#x6709;&#x5149;&#x654F;&#x53F2;&#x9700;&#x63D0;&#x524D;&#x544A;&#x77E5;&#x533B;&#x751F;&#x3002;</p>"},"AfterIdear":{"name":"优点","content":"<p>1.&#x4E25;&#x683C;&#x9632;&#x6652;&#xFF0C;&#x4F7F;&#x7528;SPF30+&#x7684;&#x9632;&#x6652;&#x971C;&#x3001;&#x58A8;&#x955C;&#x3001;&#x906E;&#x9633;&#x4F1E;&#x3002;</p><p>2.&#x4F7F;&#x7528;&#x4FDD;&#x6E7F;&#x9762;&#x819C;&#x3001;&#x9762;&#x971C;&#x3002;</p><p>3.&#x575A;&#x6301;&#x6CBB;&#x7597;&#xFF0C;&#x4E00;&#x5468;1-2&#x6B21;&#x3002;</p>"},"GoodPoint":{"name":"缺点及风险","content":"<p>1.&#x5B89;&#x5168;&#x3001;&#x65E0;&#x521B;&#x3001;&#x65E0;&#x75DB;&#x3001;&#x65E0;&#x6062;&#x590D;&#x671F;&#x3001;&#x5FEB;&#x901F;&#x3002;</p><p>2.&#x6709;&#x6548;&#x6CBB;&#x7597;&#x75D8;&#x75D8;&#xFF0C;&#x53EF;&#x8FBE;&#x5230;&#x6D88;&#x708E;&#x3001;&#x6740;&#x83CC;&#x3001;&#x53BB;&#x7EA2;&#x3001;&#x6297;&#x654F;&#x611F;&#x7684;&#x4F5C;&#x7528;&#x3002;</p>"},"BadPoint":{"name":"术前锦囊","content":"<p>1.&#x6CBB;&#x7597;&#x4E00;&#x6B21;&#x6548;&#x679C;&#x6781;&#x5176;&#x4E0D;&#x660E;&#x663E;&#xFF0C;&#x9700;&#x8981;&#x6309;&#x7597;&#x7A0B;&#x591A;&#x6B21;&#x6CBB;&#x7597;&#x3002;&#x4E00;&#x822C;8-10&#x6B21;&#xFF0C;&#x75D8;&#x75D8;&#x53EF;&#x5B8C;&#x5168;&#x6CBB;&#x6108;&#x3002;</p><p>2.&#x5BF9;&#x4E8E;&#x6781;&#x5EA6;&#x4E25;&#x91CD;&#x7684;&#x75E4;&#x75AE;&#xFF1A;&#x56CA;&#x80BF;&#x4E0E;&#x7ED3;&#x8282;&#x578B;&#x7684;&#x75E4;&#x75AE;&#xFF0C;&#x6CBB;&#x7597;&#x6548;&#x679C;&#x7F13;&#x6162;&#x3002;</p><p>3.&#x6CBB;&#x7597;&#x540E;&#x76AE;&#x80A4;&#x6682;&#x65F6;&#x6027;&#x5E72;&#x71E5;&#x3002;</p>"}}