{"Title":"开内眼角","Related":{"name":"关联百科","content":[{"relatedId":"199","name":"上睑下垂矫正"},{"relatedId":"668","name":"眼睑下至术"},{"relatedId":"191","name":"微创双眼皮"},{"relatedId":"190","name":"埋线双眼皮"},{"relatedId":"193","name":"开外眼角"},{"relatedId":"484","name":"切开双眼皮"}]},"ShorDesc":{"name":"简介","content":"<p>&#x9002;&#x5E94;&#x75C7;&#xFF1A;&#x8F7B;&#x3001;&#x4E2D;&#x5EA6;&#x5185;&#x7726;&#x8D58;&#x76AE;&#xFF0C;&#x773C;&#x775B;&#x8FC7;&#x5C0F;&#xFF0C;&#x773C;&#x95F4;&#x8DDD;&#x8FC7;&#x5BBD;</p><p>&#x5207;&#x9664;&#x5185;&#x773C;&#x89D2;&#x591A;&#x4F59;&#x76AE;&#x80A4;&#xFF0C;&#x628A;&#x6321;&#x5728;&#x5185;&#x773C;&#x89D2;&#x7684;&#x5185;&#x7726;&#x8D58;&#x76AE;&#x6253;&#x5F00;&#xFF0C;&#x653E;&#x5927;&#x773C;&#x775B;&#x3002;</p>"},"Property":{"name":"档案","content":["\n                <li>&#x6CBB;&#x7597;&#x65B9;&#x5F0F;&#xFF1A;<span>&#x624B;&#x672F;</span></li>\n                <li>&#x75BC;&#x75DB;&#x611F;&#xFF1A;<span>2&#x9897;&#x661F;</span><a href=\"gengmei://common_webview?url=http://backend.gmei.com/hybrid/ache_level\">&#x67E5;&#x770B;&#x75BC;&#x75DB;&#x5206;&#x7EA7;</a></li>\n                <li>&#x7EF4;&#x6301;&#x65F6;&#x95F4;&#xFF1A;<span>&#x6C38;&#x4E45;</span></li>\n                <li>&#x6CBB;&#x7597;&#x65F6;&#x95F4;&#xFF1A;<span>30-30&#x5206;&#x949F;</span></li>\n                <li>&#x53C2;&#x8003;&#x4EF7;&#x683C;&#xFF1A;<span>5000-18000</span></li>\n                <li>&#x9EBB;&#x9189;&#x65B9;&#x5F0F;&#xFF1A;<span>&#x5C40;&#x9EBB;</span></li>\n                <li>&#x662F;&#x5426;&#x4F4F;&#x9662;&#xFF1A;<span>&#x5426;</span></li>\n                \n                <li>&#x62C6;&#x7EBF;&#x65F6;&#x95F4;&#xFF1A;<span>5-7&#x5929;</span></li>\n            "]},"Desc":{"name":"项目／手术原理","content":"<p>1.&#x8BBE;&#x8BA1;&#x773C;&#x89D2;&#x7684;&#x5F62;&#x72B6;&#x3002;</p><p>2.&#x5207;&#x5F00;&#x5185;&#x7726;&#x8D58;&#x76AE;&#x3002;</p><p>3.&#x5207;&#x9664;&#x5185;&#x7726;&#x8D58;&#x76AE;&#x90E8;&#x4F4D;&#x4E0D;&#x9700;&#x8981;&#x7684;&#x76AE;&#x80A4;&#x3002;</p><p>4.&#x7F1D;&#x5408;&#x3002;</p><p><img src=\"http://hera.s.gmei.com/2016/10/12/c630371429\" style=\"width: 531px;\"><br></p>"},"Sample":{"name":"效果示例","content":"<img src=\"http://hera.s.gmei.com/itemwiki/2016/10/12/de82c4ad11-w\">"},"BeforIdear":{"name":"效果示例","content":"<p>1&#x3001;&#x5973;&#x6027;&#x907F;&#x5F00;&#x4F8B;&#x5047;&#x671F;&#xFF0C;&#x907F;&#x514D;&#x51FA;&#x8840;&#x589E;&#x591A;&#x6216;&#x80BF;&#x80C0;&#x52A0;&#x91CD;&#x3002;</p><p>2&#x3001;&#x624B;&#x672F;&#x524D;&#x4E24;&#x5468;&#x5185;&#xFF0C;&#x8BF7;&#x52FF;&#x670D;&#x7528;&#x56FA;&#x9187;&#x6FC0;&#x7D20;&#x548C;&#x963F;&#x65AF;&#x5339;&#x6797;&#x7C7B;&#x6297;&#x51DD;&#x836F;&#x7269;&#x3002;</p><p>3&#x3001;&#x624B;&#x672F;&#x5F53;&#x65E5;&#x4E0D;&#x8981;&#x5316;&#x5986;&#xFF0C;&#x4E5F;&#x4E0D;&#x8981;&#x6234;&#x88C5;&#x9970;&#x7269;&#x7B49;&#x3002;</p><p>4&#x3001;&#x598A;&#x5A20;&#x524D;&#x671F;(&#x4E09;&#x4E2A;&#x6708;)&#x6216;&#x598A;&#x5A20;&#x540E;&#x671F;(&#x4E09;&#x4E2A;&#x6708;)&#x6682;&#x7F13;&#x624B;&#x672F;&#x3002;</p><p>5&#x3001;&#x7537;&#x6027;&#x9700;&#x8981;&#x63D0;&#x524D;&#x6212;&#x70DF;&#x4E00;&#x5468;&#x3002;</p><p>6&#x3001;&#x5E38;&#x89C4;&#x8EAB;&#x4F53;&#x68C0;&#x67E5;&#x2014;&#x2014;&#x5168;&#x8EAB;&#x68C0;&#x67E5;&#xFF0C;&#x8840;&#x538B;&#x3001;&#x5FC3;&#x7535;&#x56FE;&#x7B49;&#x3002;</p>"},"AfterIdear":{"name":"优点","content":"<p>1&#x3001;&#x4FDD;&#x8BC1;&#x624B;&#x672F;&#x90E8;&#x4F4D;&#x6E05;&#x6D01;&#xFF0C;&#x9632;&#x6B62;&#x611F;&#x67D3;&#x3002;&#x5982;&#x679C;&#x4F24;&#x53E3;&#x4E0A;&#x6709;&#x8840;&#x75C2;&#x6216;&#x5206;&#x6CCC;&#x7269;&#xFF0C;&#x53EF;&#x7528;&#x65E0;&#x83CC;&#x76D0;&#x6C34;&#x64E6;&#x62ED;&#x3002;</p><p>2&#x3001;&#x5B89;&#x9759;&#x8212;&#x9002;&#x7684;&#x73AF;&#x5883;&#x4F11;&#x517B;&#x3002;&#x4F11;&#x606F;&#x65F6;&#xFF0C;&#x6795;2-3&#x4E2A;&#x6795;&#x5934;&#x80FD;&#x8F83;&#x5FEB;&#x6D88;&#x80BF;&#x3002;</p><p>3&#x3001;&#x672F;&#x540E;2-3&#x5929;&#x5DE6;&#x53F3;&#x53EF;&#x5BF9;&#x5C40;&#x90E8;&#x4F24;&#x53E3;&#x52A0;&#x538B;&#x5305;&#x624E;&#x3002;</p><p>72&#x5C0F;&#x65F6;&#x5185;&#xFF0C;&#x7528;&#x51B0;&#x888B;&#x51B0;&#x6577;&#xFF08;&#x888B;&#x88C5;&#x51BB;&#x725B;&#x5976;&#x4E5F;&#x53EF;&#xFF09;&#xFF0C;&#x534A;&#x5C0F;&#x65F6;&#x5DE6;&#x53F3;&#x4F11;&#x606F;&#x5341;&#x5206;&#x949F;&#xFF1B;72&#x5C0F;&#x65F6;&#x540E;&#xFF0C;&#x53EF;&#x5F00;&#x59CB;&#x5BF9;&#x624B;&#x672F;&#x533A;&#x70ED;&#x6577;&#x3002;</p><p>4&#x3001;&#x672F;&#x540E;7&#x5929;&#x4E4B;&#x5185;&#x5C3D;&#x91CF;&#x907F;&#x514D;&#x624B;&#x672F;&#x90E8;&#x4F4D;&#x6CBE;&#x6C34;&#xFF0C;&#x4E0D;&#x8981;&#x78B0;&#x5230;&#x624B;&#x672F;&#x90E8;&#x4F4D;&#x3002;</p><p>5&#x3001;&#x672F;&#x540E;2&#x5468;&#x5185;&#x4E0D;&#x8981;&#x770B;&#x7535;&#x89C6;&#x3001;&#x62A5;&#x7EB8;&#xFF0C;&#x5367;&#x5E8A;&#x4F11;&#x606F;&#x65F6;&#x6700;&#x597D;&#x534A;&#x5367;&#x4F4D;(&#x628A;&#x6795;&#x5934;&#x57AB;&#x9AD8;)&#x3002;</p><p>6&#x3001;&#x624B;&#x672F;2&#x5468;&#x5185;&#x4E0D;&#x8981;&#x6234;&#x9690;&#x5F62;&#x773C;&#x955C;&#xFF0C;&#x4E25;&#x7981;&#x670D;&#x7528;&#x963F;&#x53F8;&#x5339;&#x6797;&#x3001;&#x6CD5;&#x6797;&#xFF0C;&#x6FC0;&#x7D20;&#xFF0C;&#x53CA;&#x6D3B;&#x8840;&#x5316;&#x6DE4;&#x7B49;&#x836F;&#x7269;&#x3002;</p><p>7&#x3001;&#x4E00;&#x4E2A;&#x6708;&#x5185;&#x52FF;&#x98DF;&#x70DF;&#x9152;&#x3001;&#x8165;&#x3001;&#x8FA3;&#x7B49;&#x523A;&#x6FC0;&#x6027;&#x98DF;&#x7269;&#xFF0C;&#x4E0D;&#x8981;&#x5316;&#x5986;&#xFF0C;&#x4E0D;&#x53EF;&#x4F7F;&#x7528;&#x542B;&#x6709;&#x91CD;&#x91D1;&#x5C5E;&#x7684;&#x62A4;&#x80A4;&#x54C1;&#x3002;</p>"},"GoodPoint":{"name":"缺点及风险","content":"<p>1.&#x6A2A;&#x5411;&#x6C38;&#x4E45;&#x3002;</p><p>2.&#x81EA;&#x7136;&#x53D8;&#x5927;&#x3002;</p><p>3.&#x4F7F;&#x773C;&#x775B;&#x89C6;&#x91CE;&#x66F4;&#x5F00;&#x9614;&#x3001;&#x6709;&#x795E;&#x3002;</p>"},"BadPoint":{"name":"术前锦囊","content":"<p>1.&#x53EF;&#x80FD;&#x5B58;&#x5728;&#x75A4;&#x75D5;&#x9057;&#x7559;&#x95EE;&#x9898;&#x3002;</p><p>2.&#x6062;&#x590D;&#x65F6;&#x95F4;&#x8F83;&#x957F;&#x3002;</p>"}}