{"Title":"牙齿冷光美白","Related":{"name":"关联百科","content":[{"relatedId":"562","name":"美容冠"},{"relatedId":"563","name":"牙齿贴面"},{"relatedId":"267","name":"洗牙"},{"relatedId":"266","name":"烤瓷牙"}]},"ShorDesc":{"name":"简介","content":"<p>&#x9002;&#x5E94;&#x75C7;&#xFF1A;&#x7259;&#x9F7F;&#x67D3;&#x8272;</p><p>&#x5C06;&#x6CE2;&#x957F;&#x4ECB;&#x4E8E;480&#xFF0D;520&#x7EB3;&#x7C73;&#x4E4B;&#x95F4;&#x7684;&#x9AD8;&#x5F3A;&#x5EA6;&#x84DD;&#x5149;&#xFF0C;&#x5C06;&#x8FC7;&#x6C27;&#x5316;&#x6C22;&#x548C;&#x76F4;&#x5F84;&#x4E3A;20&#x7EB3;&#x7C73;&#x7684;&#x4E8C;&#x6C27;&#x5316;&#x7845;&#x7B49;&#x4E3A;&#x4E3B;&#x4F53;&#x7684;&#x7F8E;&#x767D;&#x5242;&#xFF0C;&#x5FEB;&#x901F;&#x4EA7;&#x751F;&#x6C27;&#x5316;&#x8FD8;&#x539F;&#x4F5C;&#x7528;&#x3002;&#x900F;&#x8FC7;&#x7259;&#x5C0F;&#x7BA1;&#xFF0C;&#x53BB;&#x9664;&#x7259;&#x9F7F;&#x8868;&#x9762;&#x53CA;&#x6DF1;&#x5C42;&#x9644;&#x7740;&#x7684;&#x8272;&#x7D20;&#xFF0C;&#x4ECE;&#x800C;&#x8FBE;&#x5230;&#x7F8E;&#x767D;&#x7684;&#x6548;&#x679C;&#x3002;</p>"},"Property":{"name":"档案","content":["\n                <li>&#x6CBB;&#x7597;&#x65B9;&#x5F0F;&#xFF1A;<span>&#x5149;&#x7535;&#xFF08;&#x65E0;&#x521B;&#xFF09;</span></li>\n                <li>&#x75BC;&#x75DB;&#x611F;&#xFF1A;<span>0&#x9897;&#x661F;</span><a href=\"gengmei://common_webview?url=http://backend.gmei.com/hybrid/ache_level\">&#x67E5;&#x770B;&#x75BC;&#x75DB;&#x5206;&#x7EA7;</a></li>\n                <li>&#x7EF4;&#x6301;&#x65F6;&#x95F4;&#xFF1A;<span>&#x6C38;&#x4E45;</span></li>\n                <li>&#x6CBB;&#x7597;&#x65F6;&#x95F4;&#xFF1A;<span>30-60&#x5206;&#x949F;</span></li>\n                <li>&#x53C2;&#x8003;&#x4EF7;&#x683C;&#xFF1A;<span>1500-5000</span></li>\n                <li>&#x9EBB;&#x9189;&#x65B9;&#x5F0F;&#xFF1A;<span>&#x65E0;</span></li>\n                <li>&#x662F;&#x5426;&#x4F4F;&#x9662;&#xFF1A;<span>&#x5426;</span></li>\n                \n                <li>&#x62C6;&#x7EBF;&#x65F6;&#x95F4;&#xFF1A;<span>0-0&#x5929;</span></li>\n            "]},"Desc":{"name":"项目／手术原理","content":"<p>1. &#x6CBB;&#x7597;&#x524D;&#xFF0C;&#x5728;&#x8272;&#x677F;&#x4E0A;&#x627E;&#x51FA;&#x7259;&#x9F7F;&#x989C;&#x8272;&#xFF0C;&#x4EE5;&#x4FBF;&#x6CBB;&#x7597;&#x540E;&#x8FDB;&#x884C;&#x5BF9;&#x6BD4;&#x3002;</p><p>2. &#x6234;&#x4E0A;&#x62A4;&#x76EE;&#x955C;&#xFF0C;&#x7528;&#x629B;&#x5149;&#x6C99;&#x5728;&#x7259;&#x9F7F;&#x8868;&#x9762;&#x8FDB;&#x884C;&#x7B80;&#x5355;&#x5904;&#x7406;&#x3002;</p><p>3. &#x5E26;&#x4E0A;&#x5F00;&#x53E3;&#x5668;&#xFF0C;&#x5728;&#x5507;&#x5185;&#x4FA7;&#x585E;&#x5165;&#x68C9;&#x6761;&#xFF0C;&#x6D82;&#x4E0A;&#x62A4;&#x5507;&#x6CB9;&#x3002;</p><p>4. &#x5C06;&#x7259;&#x9F88;&#x4FDD;&#x62A4;&#x5242;&#x6D82;&#x62B9;&#x5728;&#x7259;&#x9F88;&#x4E0A;&#x5E76;&#x906E;&#x76D6;&#x5370;&#x4E0B;&#xFF0C;&#x5149;&#x56FA;&#x5316;&#x706F;&#x7167;&#x5C04;&#x7EA6;3&#x79D2;&#x3002;</p><p>5. &#x5C06;&#x8C03;&#x597D;&#x7684;&#x7F8E;&#x767D;&#x5242;&#x8986;&#x76D6;&#x5728;&#x4E0A;&#x4E0B;&#x5404;8&#x9897;&#x6216;&#x66F4;&#x591A;&#x7259;&#x9F7F;&#x8868;&#x9762;&#xFF0C;&#x539A;&#x5EA6;&#x7EA6;2-3mm&#x3002;</p><p>6. &#x5C06;&#x51B7;&#x5149;&#x706F;&#x5934;&#x4E0E;&#x7259;&#x9F7F;&#x4FDD;&#x6301;90&#xB0;&#x5782;&#x76F4;&#xFF0C;&#x5F00;&#x59CB;&#x7B2C;&#x4E00;&#x4E2A;8&#x5206;&#x949F;&#x7684;&#x7597;&#x7A0B;&#x3002;&#x4E00;&#x822C;2-3&#x4E2A;&#x7597;&#x7A0B;&#xFF0C;&#x53EF;&#x89C1;&#x660E;&#x663E;&#x6548;&#x679C;&#x3002;</p><p>7. &#x6CBB;&#x7597;&#x7ED3;&#x675F;&#x540E;&#xFF0C;&#x6D17;&#x6389;&#x7F8E;&#x767D;&#x5242;&#xFF0C;&#x7528;&#x6C34;&#x51B2;&#x6D17;&#x7259;&#x9F7F;&#x8868;&#x9762;&#x53CA;&#x7259;&#x7F1D;&#x3002;</p><p>8. &#x53D6;&#x51FA;&#x68C9;&#x6761;&#xFF0C;&#x6458;&#x6389;&#x5F00;&#x53E3;&#x5668;&#x53CA;&#x62A4;&#x76EE;&#x955C;&#x3002;</p><p><img src=\"http://hera.s.gmei.com/2016/10/12/f721f0935f\" style=\"width: 448px;\"><br></p>"},"Sample":{"name":"效果示例","content":"<img src=\"http://hera.s.gmei.com/itemwiki/2016/10/12/49f9aafed0-w\">"},"BeforIdear":{"name":"效果示例","content":"<p>1&#x3001;&#x6CBB;&#x7597;&#x524D;&#x6E05;&#x6D01;&#x53E3;&#x8154;&#x3002;</p>"},"AfterIdear":{"name":"优点","content":"<p>1&#x3001;&#x7259;&#x9F7F;&#x6F02;&#x767D;&#x540E;&#x7684;48&#x5C0F;&#x65F6;&#x5185;&#xFF0C;&#x9700;&#x907F;&#x514D;&#x51B7;&#x70ED;&#x996E;&#xFF0C;&#x907F;&#x514D;&#x996E;&#x7528;&#x8336;&#x3001;&#x5496;&#x5561;&#x3001;&#x53EF;&#x4E50;&#x3001;&#x7EA2;&#x9152;&#x3001;&#x8393;&#x679C;&#x7C7B;&#x996E;&#x6599;&#x3001;&#x6709;&#x8272;&#x7259;&#x818F;&#x3001;&#x6F31;&#x53E3;&#x6C34;&#x7B49;&#xFF0C;&#x52FF;&#x98DF;&#x7528;&#x6DF1;&#x8272;&#x98DF;&#x7269;&#xFF0C;&#x540C;&#x65F6;&#x8981;&#x907F;&#x514D;&#x5438;&#x70DF;&#x3002;</p><p>2&#x3001;&#x4E3A;&#x9632;&#x6B62;&#x7259;&#x9F7F;&#x5728;&#x6B64;&#x65F6;&#x5438;&#x6536;&#x66F4;&#x591A;&#x8272;&#x7D20;&#xFF0C;&#x4E00;&#x661F;&#x671F;&#x5185;&#xFF0C;&#x6700;&#x597D;&#x4E0D;&#x5403;&#x5BB9;&#x6613;&#x67D3;&#x8272;&#x7684;&#x98DF;&#x7269;&#xFF0C;&#x6BD4;&#x5982;&#x9EBB;&#x8FA3;&#x706B;&#x9505;&#xFF0C;&#x4E5F;&#x4E0D;&#x5B9C;&#x5480;&#x56BC;&#x69DF;&#x6994;&#x3001;&#x5438;&#x70DF;&#x7B49;&#x3002;</p><p>3&#x3001;&#x51B7;&#x5149;&#x7F8E;&#x767D;&#x540E;&#x8981;&#x5B9A;&#x671F;&#x68C0;&#x67E5;&#x7259;&#x9F7F;&#x548C;&#x6D17;&#x7259;&#x80FD;&#x7EF4;&#x6301;&#x7259;&#x9F7F;&#x7F8E;&#x767D;&#x3002;</p><p>4&#x3001;&#x6BCF;&#x4E2A;&#x4EBA;&#x7259;&#x9F7F;&#x6F02;&#x767D;&#x7684;&#x6548;&#x679C;&#x4E0D;&#x4E00;&#x6837;&#xFF0C;&#x4E3A;&#x4E86;&#x8FBE;&#x5230;&#x6700;&#x597D;&#x7684;&#x7F8E;&#x767D;&#x6548;&#x679C;&#xFF0C;&#x53EF;&#x4EE5;&#x53CD;&#x590D;&#x6F02;&#x767D;&#x3002;&#x4F46;&#x4E0D;&#x5B9C;&#x8FC7;&#x5EA6;&#xFF0C;&#x4E24;&#x4E09;&#x6B21;&#x5C31;&#x53EF;&#x4EE5;&#xFF0C;&#x5426;&#x5219;&#x5BF9;&#x7259;&#x9F7F;&#x5065;&#x5EB7;&#x6709;&#x4E00;&#x5B9A;&#x4F24;&#x5BB3;&#x3002;</p>"},"GoodPoint":{"name":"缺点及风险","content":"<p>1&#x3001;&#x7EF4;&#x6301;&#x65F6;&#x95F4;&#x8F83;&#x957F;&#x3002; </p><p>2&#x3001;&#x5BF9;&#x7259;&#x9F7F;&#x635F;&#x4F24;&#x8F83;&#x5C0F;&#x3002;</p>"},"BadPoint":{"name":"术前锦囊","content":"<p>1&#x3001;&#x4EF7;&#x683C;&#x8F83;&#x9AD8;&#x3002; </p><p>2&#x3001;&#x9002;&#x7528;&#x8303;&#x56F4;&#x76F8;&#x5BF9;&#x8F83;&#x5C0F;&#x3002;</p>"}}