{"Title":"孕睫术","Related":{"name":"关联百科","content":[{"relatedId":"594","name":"半永久纹眼线"},{"relatedId":"703","name":"半永久纹美瞳线"}]},"ShorDesc":{"name":"简介","content":"<p>&#x9002;&#x5E94;&#x75C7;&#xFF1A;&#x776B;&#x6BDB;&#x77ED;&#xFF0C;&#x776B;&#x6BDB;&#x7A00;&#x5C11;</p><p>&#x5B55;&#x776B;&#x672F;&#x662F;&#x6FC0;&#x6D3B;&#x4F11;&#x7720;&#x7684;&#x6BDB;&#x56CA;&#xFF0C;&#x8865;&#x5145;&#x776B;&#x6BDB;&#x8425;&#x517B;&#xFF0C;&#x6539;&#x5584;&#x776B;&#x6BDB;&#x6839;&#x90E8;&#x95EE;&#x9898;&#xFF0C;&#x5373;&#x4F7F;&#x776B;&#x6BDB;&#x5468;&#x671F;&#x6027;&#x6389;&#x843D;&#x540E;&#xFF0C;&#x957F;&#x51FA;&#x6765;&#x7684;&#x8FD8;&#x662F;&#x4E00;&#x6837;&#x7C97;&#x3001;&#x5BC6;&#x3001;&#x9ED1;&#x3001;&#x957F;&#x3002;</p>"},"Property":{"name":"档案","content":["\n                <li>&#x6CBB;&#x7597;&#x65B9;&#x5F0F;&#xFF1A;<span>&#x6CE8;&#x5C04;</span></li>\n                <li>&#x75BC;&#x75DB;&#x611F;&#xFF1A;<span>1&#x9897;&#x661F;</span><a href=\"gengmei://common_webview?url=http://backend.gmei.com/hybrid/ache_level\">&#x67E5;&#x770B;&#x75BC;&#x75DB;&#x5206;&#x7EA7;</a></li>\n                <li>&#x7EF4;&#x6301;&#x65F6;&#x95F4;&#xFF1A;<span>&#x6C38;&#x4E45;</span></li>\n                <li>&#x6CBB;&#x7597;&#x65F6;&#x95F4;&#xFF1A;<span>20-40&#x5206;&#x949F;</span></li>\n                <li>&#x53C2;&#x8003;&#x4EF7;&#x683C;&#xFF1A;<span>4300-24000</span></li>\n                <li>&#x9EBB;&#x9189;&#x65B9;&#x5F0F;&#xFF1A;<span>&#x5C40;&#x9EBB;</span></li>\n                <li>&#x662F;&#x5426;&#x4F4F;&#x9662;&#xFF1A;<span>&#x5426;</span></li>\n                \n                <li>&#x62C6;&#x7EBF;&#x65F6;&#x95F4;&#xFF1A;<span>5-6&#x5929;</span></li>\n            "]},"Desc":{"name":"项目／手术原理","content":"<p>1&#x3001;&#x672F;&#x524D;&#x62CD;&#x7167;&#x3002;</p><p>2&#x3001;&#x6E05;&#x6D01;&#x9762;&#x90E8;&#xFF0C;&#x5BF9;&#x773C;&#x90E8;&#x6D88;&#x6BD2;&#x3002;</p><p>3&#x3001;&#x6D4B;&#x91CF;&#x776B;&#x6BDB;&#x957F;&#x5EA6;&#x3002;</p><p>4.&#x70ED;&#x6577;&#x3002;</p><p>5.&#x6D82;&#x62B9;&#x5B55;&#x776B;&#x7CBE;&#x534E;&#x6DB2;&#x3002;</p><p>6.&#x4F7F;&#x7528;&#x7EB3;&#x7C73;&#x9488;&#x5934;&#x523A;&#x7834;&#x776B;&#x6BDB;&#x6839;&#x90E8;&#xFF0C;&#x4F7F;&#x7CBE;&#x534E;&#x6DB2;&#x6E17;&#x5165;&#x76AE;&#x4E0B;&#x3002;</p><p><img src=\"http://hera.s.gmei.com/2016/10/12/e588a1a125\" style=\"width: 480px;\"><br></p>"},"Sample":{"name":"效果示例","content":"<img src=\"http://hera.s.gmei.com/itemwiki/2016/10/12/8546d93aea-w\">"},"BeforIdear":{"name":"效果示例","content":"<p>1.&#x907F;&#x5F00;&#x6708;&#x7ECF;&#x671F;&#x3001;&#x598A;&#x5A20;&#x671F;&#xFF0C;&#x4EE5;&#x514D;&#x52A0;&#x91CD;&#x51FA;&#x8840;&#x548C;&#x80BF;&#x80C0;&#x3002;</p><p>2.&#x672F;&#x524D;7&#x5929;&#x7981;&#x670D;&#x6297;&#x51DD;&#x836F;&#x7269;&#xFF08;&#x5982;&#x963F;&#x53F8;&#x5339;&#x6797;&#xFF09;&#x3002;</p><p>3.&#x7D20;&#x989C;&#xFF0C;&#x6CBB;&#x7597;&#x524D;&#x5145;&#x5206;&#x6D01;&#x9762;&#x3001;&#x6D88;&#x6BD2;&#x6740;&#x83CC;&#x3002;</p>"},"AfterIdear":{"name":"优点","content":"<p>1.&#x6CBB;&#x7597;&#x540E;&#x51B0;&#x6577;&#x53EF;&#x7F13;&#x89E3;&#x7EA2;&#x80BF;&#x548C;&#x75BC;&#x75DB;&#x3002;</p>"},"GoodPoint":{"name":"缺点及风险","content":"<p>1.&#x6709;&#x6548;&#x8BA9;&#x776B;&#x6BDB;&#x589E;&#x957F;&#x3001;&#x53D8;&#x6D53;&#x5BC6;&#x3002;</p>"},"BadPoint":{"name":"术前锦囊","content":"<p>1.&#x9700;&#x8981;&#x957F;&#x65F6;&#x95F4;&#x575A;&#x6301;&#x5B9A;&#x671F;&#xFF08;&#x6BCF;&#x5468;&#xFF09;&#x53BB;&#x505A;&#x6CBB;&#x7597;&#x3002;</p><p>2.&#x64CD;&#x4F5C;&#x4E0D;&#x5F53;&#xFF0C;&#x53EF;&#x80FD;&#x5BFC;&#x81F4;&#x611F;&#x67D3;&#x3002;</p><p></p>"}}