{"Title":"微创双眼皮","Related":{"name":"关联百科","content":[{"relatedId":"594","name":"半永久纹眼线"},{"relatedId":"192","name":"开内眼角"},{"relatedId":"190","name":"埋线双眼皮"},{"relatedId":"193","name":"开外眼角"},{"relatedId":"703","name":"半永久纹美瞳线"},{"relatedId":"484","name":"切开双眼皮"},{"relatedId":"199","name":"上睑下垂矫正"}]},"ShorDesc":{"name":"简介","content":"<p>&#x9002;&#x5E94;&#x75C7;&#xFF1A;&#x80BF;&#x6CE1;&#x773C; &#x5185;&#x53CC; &#x5355;&#x773C;&#x76AE; &#x5916;&#x773C;&#x89D2;&#x8F7B;&#x5FAE;&#x4E0B;&#x5782;</p><p>&#x5206;&#x4E3A;&#x5355;&#x5207;&#x53E3;&#x3001;&#x53CC;&#x5207;&#x53E3;&#x548C;&#x4E09;&#x5207;&#x53E3;&#xFF08;&#x97E9;&#x5F0F;&#x4E09;&#x70B9;&#xFF09;&#x4E09;&#x79CD;&#x65B9;&#x5F0F;&#xFF0C;&#x8FDB;&#x884C;&#x9002;&#x91CF;&#x8102;&#x80AA;&#x548C;&#x773C;&#x8F6E;&#x531D;&#x808C;&#x53BB;&#x9664;&#xFF0C;&#x5C06;&#x771F;&#x76AE;&#x5C42;&#x4E0E;&#x7751;&#x677F;&#x8FDB;&#x884C;&#x591A;&#x70B9;&#x7F1D;&#x5408;&#xFF0C;&#x5F62;&#x6210;&#x53CC;&#x773C;&#x76AE;&#x3002;</p>"},"Property":{"name":"档案","content":["\n                <li>&#x6CBB;&#x7597;&#x65B9;&#x5F0F;&#xFF1A;<span>&#x624B;&#x672F;</span></li>\n                <li>&#x75BC;&#x75DB;&#x611F;&#xFF1A;<span>2&#x9897;&#x661F;</span><a href=\"gengmei://common_webview?url=http://backend.gmei.com/hybrid/ache_level\">&#x67E5;&#x770B;&#x75BC;&#x75DB;&#x5206;&#x7EA7;</a></li>\n                <li>&#x7EF4;&#x6301;&#x65F6;&#x95F4;&#xFF1A;<span>&#x56E0;&#x4EBA;&#x800C;&#x5F02;</span></li>\n                <li>&#x6CBB;&#x7597;&#x65F6;&#x95F4;&#xFF1A;<span>60-90&#x5206;&#x949F;</span></li>\n                <li>&#x53C2;&#x8003;&#x4EF7;&#x683C;&#xFF1A;<span>2000-18000</span></li>\n                <li>&#x9EBB;&#x9189;&#x65B9;&#x5F0F;&#xFF1A;<span>&#x5C40;&#x9EBB;</span></li>\n                <li>&#x662F;&#x5426;&#x4F4F;&#x9662;&#xFF1A;<span>&#x5426;</span></li>\n                \n                <li>&#x62C6;&#x7EBF;&#x65F6;&#x95F4;&#xFF1A;<span>5-7&#x5929;</span></li>\n            "]},"Desc":{"name":"项目／手术原理","content":"<p>1. &#x672F;&#x524D;&#x8BBE;&#x8BA1;&#x91CD;&#x7751;&#x7EBF;&#xFF0C;&#x6253;3&#x4E2A;&#x5C0F;&#x5B54;&#x3002;</p><p>2. &#x5C40;&#x90E8;&#x9EBB;&#x9189;&#x3002;</p><p>3. &#x53D6;&#x51FA;&#x591A;&#x4F59;&#x8102;&#x80AA;&#x548C;&#x76AE;&#x80A4;&#x3002;</p><p>4. &#x7F1D;&#x5408;&#xFF0C;&#x5F62;&#x6210;&#x91CD;&#x7751;&#x7EBF;&#x3002;</p><p><img src=\"http://hera.s.gmei.com/2016/10/12/c492d26c78\" style=\"width: 655px;\"><br></p>"},"Sample":{"name":"效果示例","content":"<img src=\"http://hera.s.gmei.com/itemwiki/2016/10/12/48aae2b42d-w\">"},"BeforIdear":{"name":"效果示例","content":"<p>1.&#x672F;&#x524D;2&#x5468;&#x7981;&#x670D;&#x6297;&#x51DD;&#x836F;&#x7269;&#xFF08;&#x963F;&#x53F8;&#x5339;&#x6797;&#x3001;&#x56FA;&#x9187;&#x6FC0;&#x7D20;&#x3001;&#x7EF4;&#x751F;&#x7D20;E&#xFF09;&#xFF0C;&#x4EE5;&#x514D;&#x52A0;&#x91CD;&#x672F;&#x540E;&#x8840;&#x80BF;&#x3002;</p><p>2.&#x624B;&#x672F;&#x907F;&#x5F00;&#x6708;&#x7ECF;&#x671F;&#x3001;&#x598A;&#x5A20;&#x671F;&#xFF0C;&#x4EE5;&#x514D;&#x52A0;&#x91CD;&#x672F;&#x540E;&#x51FA;&#x8840;&#x3001;&#x8840;&#x80BF;&#x3002;</p><p>3.&#x624B;&#x672F;&#x524D;&#x4E00;&#x5929;&#x6D17;&#x6FA1;&#x3001;&#x6D17;&#x5934;&#xFF1B;&#x624B;&#x672F;&#x5F53;&#x5929;&#x7D20;&#x989C;&#x3001;&#x51C0;&#x9762;&#x3002;</p><p>4.&#x7537;&#x6027;&#x9700;&#x8981;&#x63D0;&#x524D;&#x6212;&#x70DF;&#x4E00;&#x5468;&#x3002;</p><p>5.&#x5168;&#x8EAB;&#x68C0;&#x67E5;&#xFF0C;&#x5404;&#x9879;&#x5316;&#x9A8C;&#x68C0;&#x67E5;&#xFF0C;&#x4E2D;&#x3001;&#x8001;&#x5E74;&#x53D7;&#x672F;&#x8005;&#x5FC5;&#x8981;&#x65F6;&#x9700;&#x6D4B;&#x8840;&#x538B;&#x548C;&#x505A;&#x5FC3;&#x7535;&#x56FE;&#x3002;</p>"},"AfterIdear":{"name":"优点","content":"<p>1.&#x5F53;&#x5929;&#x5C40;&#x90E8;&#x4F24;&#x53E3;&#x53EF;&#x80FD;&#x51FA;&#x73B0;&#x5C11;&#x91CF;&#x6E17;&#x8840;&#xFF0C;&#x53EF;&#x7528;&#x624B;&#x638C;&#x8F7B;&#x538B;&#x672F;&#x533A;&#x7EB1;&#x5E03;15-30&#x5206;&#x949F;&#x6B62;&#x8840;&#x3002;</p><p>2.&#x672F;&#x540E;72&#x5C0F;&#x65F6;&#x5185;&#x51B0;&#x6577;&#xFF0C;&#x4E00;&#x5929;&#x4E09;&#x6B21;&#xFF0C;&#x6BCF;&#x6B21;20-30min&#xFF0C;&#x53EF;&#x6539;&#x5584;&#x51FA;&#x8840;&#x548C;&#x80BF;&#x80C0;&#x3002;</p><p>3.&#x624B;&#x672F;72&#x5C0F;&#x65F6;&#x540E;&#xFF0C;&#x5F00;&#x59CB;&#x8FDB;&#x884C;&#x5C40;&#x90E8;&#x70ED;&#x6577;&#x3002;</p><p>4.&#x773C;&#x7751;&#x90E8;&#x7EB1;&#x5E03;&#x52A0;&#x538B;1-2&#x5929;&#xFF0C;&#x4E8E;&#x672F;&#x540E;24-48&#x5C0F;&#x65F6;&#x81EA;&#x884C;&#x89E3;&#x9664;&#xFF0C;&#x4E0D;&#x5FC5;&#x518D;&#x5305;&#x624E;&#x3002;</p><p>5.&#x624B;&#x672F;1&#x4E2A;&#x6708;&#x5185;&#xFF0C;&#x5C3D;&#x91CF;&#x4E0D;&#x8981;&#x8FC7;&#x5EA6;&#x7528;&#x773C;&#xFF0C;&#x4F11;&#x606F;&#x65F6;&#x628A;&#x6795;&#x5934;&#x57AB;&#x9AD8;&#x3002;</p><p>6.&#x624B;&#x672F;1&#x4E2A;&#x6708;&#x5185;&#xFF0C;&#x4E0D;&#x8981;&#x753B;&#x6D53;&#x5986;&#x3001;&#x4F7F;&#x7528;&#x542B;&#x91CD;&#x91D1;&#x5C5E;&#x5316;&#x5986;&#x54C1;&#xFF0C;&#x4E0D;&#x6234;&#x9690;&#x5F62;&#x773C;&#x955C;&#xFF0C;&#x4E0D;&#x8D34;&#x5047;&#x776B;&#x6BDB;&#xFF0C;&#x4EE5;&#x9632;&#x75A4;&#x75D5;&#x589E;&#x751F;&#xFF08;&#x53EF;&#x4F7F;&#x7528;&#x795B;&#x75A4;&#x836F;&#xFF09;&#x3002;</p>"},"GoodPoint":{"name":"缺点及风险","content":"<p>1.&#x5FAE;&#x521B;&#x65E0;&#x75D5;&#xFF0C;&#x6062;&#x590D;&#x671F;&#x77ED;&#x3002;</p><p>2.&#x6548;&#x679C;&#x6C38;&#x4E45;&#x3002;</p><p>3.&#x81EA;&#x7136;&#x7F8E;&#x89C2;&#xFF0C;&#x51E0;&#x4E4E;&#x770B;&#x4E0D;&#x5230;&#x75A4;&#x75D5;&#x3002;</p>"},"BadPoint":{"name":"术前锦囊","content":"<p>1.&#x4E0D;&#x9002;&#x5408;&#x4E0A;&#x773C;&#x7751;&#x91CD;&#x5EA6;&#x677E;&#x5782;&#x7684;&#x8001;&#x5E74;&#x60A3;&#x8005;&#x3002;</p><p>2.&#x4EF7;&#x683C;&#x8F83;&#x9AD8;&#x3002;</p>"}}