{"Title":"艾丽薇（进口）","Related":{"name":"关联百科","content":[{"relatedId":"689","name":"玻尿酸填充面部"}]},"ShorDesc":{"name":"简介","content":"<p class=\"MsoNormal\">&#x54C1;&#x724C;&#x540D;&#x79F0;&#xFF1A;&#x827E;&#x8389;&#x8587;<span lang=\"EN-US\">Elravie<o:p></o:p></span></p><p class=\"MsoNormal\">&#x751F;&#x4EA7;&#x5546;&#xFF1A;Humedix Co.,Ltd.</p><p class=\"MsoNormal\">&#x73BB;&#x5C3F;&#x9178;&#x7C7B;&#x578B;&#xFF1A;&#x5355;&#x76F8;&#xFF08;&#x5E73;&#x6ED1;&#x578B;&#xFF09;</p><p class=\"MsoNormal\">&#x54C1;&#x724C;&#x7CFB;&#x5217;&#xFF1A;Deep Line Plus</p><p class=\"MsoNormal\">&#x7EF4;&#x6301;&#x65F6;&#x95F4;&#xFF1A;12&#x4E2A;&#x6708;&#xB1;</p><p class=\"MsoNormal\">&#x4F5C;&#x7528;&#xFF1A;&#x7EA0;&#x6B63;&#x4E2D;&#x91CD;&#x5EA6;&#x9F3B;&#x5507;&#x6C9F;&#x76B1;&#x7EB9;&#x3001;&#x8F6F;&#x7EC4;&#x7EC7;&#x586B;&#x5145;&#x3001;&#x8F6E;&#x5ED3;&#x5851;&#x5F62;&#x3002;</p><p class=\"MsoNormal\">&#x8BA4;&#x8BC1;&#xFF1A;&#x4E2D;&#x56FD;&#x56FD;&#x5BB6;&#x98DF;&#x54C1;&#x836F;&#x54C1;&#x76D1;&#x7763;&#x7BA1;&#x7406;&#x5C40;&#xFF08;<span lang=\"EN-US\">CFDA</span>&#xFF09;&#x3001;<span lang=\"EN-US\">KFDA</span>&#xFF08;&#x97E9;&#x56FD;&#xFF09;&#x3001;<span lang=\"EN-US\">CE</span>&#xFF08;&#x6B27;&#x76DF;&#xFF09;&#x3002;</p><p class=\"MsoNormal\"><img src=\"http://hera.s.gmei.com/2016/10/14/be4069f460\" style=\"width: 777px;\"><span style=\"font-family: &#x5B8B;&#x4F53;; font-size: 16px; line-height: 22.8571px;\"><br></span></p><p class=\"MsoNormal\"><br></p><p class=\"MsoNormal\"><span lang=\"EN-US\" style=\"font-size:12.0pt;font-family:&#x5B8B;&#x4F53;;\nmso-ascii-theme-font:minor-fareast;mso-fareast-font-family:&#x5B8B;&#x4F53;;mso-fareast-theme-font:\nminor-fareast;mso-hansi-theme-font:minor-fareast\"><o:p>&#xA0;</o:p></span></p><p class=\"MsoNormal\"><br></p>"},"Property":{"name":"档案","content":[]},"Desc":{"name":"项目／手术原理","content":""},"Sample":{"name":"效果示例","content":"<img src=\"http://hera.s.gmei.com/itemwiki/2016/10/14/aba4041344-w\">"},"BeforIdear":{"name":"效果示例","content":""},"AfterIdear":{"name":"优点","content":""},"GoodPoint":{"name":"缺点及风险","content":""},"BadPoint":{"name":"术前锦囊","content":""}}