{"Title":"肉毒素祛腋臭","Related":{"name":"关联百科","content":[{"relatedId":"749","name":"手术祛腋臭"},{"relatedId":"747","name":"激光祛腋臭"},{"relatedId":"493","name":"肉毒素除皱"}]},"ShorDesc":{"name":"简介","content":"<p>&#x9002;&#x5E94;&#x75C7;&#xFF1A;&#x814B;&#x81ED;</p><p>&#x5411;&#x814B;&#x7A9D;&#x6CE8;&#x5C04;A&#x578B;&#x8089;&#x6BD2;&#x7D20;&#xFF0C;&#x652F;&#x914D;&#x6C57;&#x817A;&#x7684;&#x4EA4;&#x611F;&#x795E;&#x7ECF;&#x8282;&#x540E;&#x7EA4;&#x7EF4;&#x7684;&#x4E59;&#x9170;&#x80C6;&#x78B1;&#x91CA;&#x653E;&#x91CF;&#x5C31;&#x4F1A;&#x51CF;&#x5C11;&#xFF0C;&#x4ECE;&#x800C;&#x5BFC;&#x81F4;&#x814B;&#x7A9D;&#x533A;&#x5927;&#x6C57;&#x817A;&#x9010;&#x6E10;&#x840E;&#x7F29;&#xFF0C;&#x6C57;&#x6DB2;&#x5206;&#x6CCC;&#x91CF;&#x9010;&#x6E10;&#x51CF;&#x5C11;&#xFF0C;&#x4ECE;&#x800C;&#x8FBE;&#x5230;&#x53BB;&#x9664;&#x814B;&#x81ED;&#x7684;&#x76EE;&#x7684;&#x3002;</p>"},"Property":{"name":"档案","content":["\n                <li>&#x6CBB;&#x7597;&#x65B9;&#x5F0F;&#xFF1A;<span>&#x6CE8;&#x5C04;</span></li>\n                <li>&#x75BC;&#x75DB;&#x611F;&#xFF1A;<span>1&#x9897;&#x661F;</span><a href=\"gengmei://common_webview?url=http://backend.gmei.com/hybrid/ache_level\">&#x67E5;&#x770B;&#x75BC;&#x75DB;&#x5206;&#x7EA7;</a></li>\n                <li>&#x7EF4;&#x6301;&#x65F6;&#x95F4;&#xFF1A;<span>6-12&#x4E2A;&#x6708;</span></li>\n                <li>&#x6CBB;&#x7597;&#x65F6;&#x95F4;&#xFF1A;<span>60-60&#x5206;&#x949F;</span></li>\n                <li>&#x53C2;&#x8003;&#x4EF7;&#x683C;&#xFF1A;<span>2000-6000</span></li>\n                <li>&#x9EBB;&#x9189;&#x65B9;&#x5F0F;&#xFF1A;<span>&#x5C40;&#x9EBB;</span></li>\n                <li>&#x662F;&#x5426;&#x4F4F;&#x9662;&#xFF1A;<span>&#x5426;</span></li>\n                \n                <li>&#x62C6;&#x7EBF;&#x65F6;&#x95F4;&#xFF1A;<span>5-7&#x5929;</span></li>\n            "]},"Desc":{"name":"项目／手术原理","content":"<p>1.&#x6D88;&#x6BD2;&#x3002;</p><p>2.&#x5C40;&#x90E8;&#x9EBB;&#x9189;&#x3002;</p><p>3.&#x6CE8;&#x5C04;&#x8089;&#x6BD2;&#x7D20;&#x3002;</p><p><img src=\"http://hera.s.gmei.com/2016/10/12/1e6813d188\" style=\"width: 668px;\"><br></p>"},"Sample":{"name":"效果示例","content":""},"BeforIdear":{"name":"效果示例","content":"<p>1&#x3001;&#x624B;&#x672F;&#x524D;&#x4E24;&#x5468;&#x5185;&#xFF0C;&#x8BF7;&#x52FF;&#x670D;&#x7528;&#x56FA;&#x9187;&#x6FC0;&#x7D20;&#x548C;&#x963F;&#x65AF;&#x5339;&#x6797;&#x7C7B;&#x6297;&#x51DD;&#x836F;&#x7269;&#x3002;</p><p>2&#x3001;&#x4F8B;&#x5047;&#x671F;&#xFF0C;&#x598A;&#x5A20;&#x524D;&#x671F;(&#x4E09;&#x4E2A;&#x6708;)&#x6216;&#x598A;&#x5A20;&#x540E;&#x671F;(&#x4E09;&#x4E2A;&#x6708;)&#x6682;&#x7F13;&#x624B;&#x672F;&#x3002;</p>"},"AfterIdear":{"name":"优点","content":"<p>1.&#x6CE8;&#x5C04;&#x540E;6-24h&#x5185;&#x907F;&#x514D;&#x6309;&#x6469;&#x53CA;&#x63A5;&#x89E6;&#x6CE8;&#x5C04;&#x90E8;&#x4F4D;&#x4EE5;&#x514D;&#x836F;&#x7269;&#x6269;&#x6563;&#x3002;</p><p>2.&#x6CE8;&#x5C04;&#x540E;&#x7528;&#x624B;&#x638C;&#x6839;&#x6309;&#x538B;5-10&#x5206;&#x949F;&#xFF0C;&#x51B0;&#x6577;15-30&#x5206;&#x949F;&#xFF0C;&#x9488;&#x773C;&#x5904;&#x6D82;&#x7EA2;&#x9709;&#x7D20;&#x818F;&#xFF0C;24&#x5C0F;&#x65F6;&#x4E0D;&#x6CBE;&#x6C34;&#xFF0C;&#x9488;&#x773C;&#x5904;&#x4E0D;&#x64E6;&#x62A4;&#x80A4;&#x54C1;&#x3002;</p><p>3&#x3001;&#x6CE8;&#x5C04;&#x540E;4&#x5C0F;&#x65F6;&#x5019;&#x5185;&#x624B;&#x81C2;&#x4E0D;&#x8981;&#x505A;&#x5267;&#x70C8;&#x8FD0;&#x52A8;&#x3002;</p><p>4&#x3001;&#x6CE8;&#x5C04;&#x540E;&#x4E00;&#x5468;&#x5185;&#x4E0D;&#x8981;&#x5403;&#x8F9B;&#x8FA3;&#x3001;&#x6D77;&#x9C9C;&#x7B49;&#x98DF;&#x7269;&#x3001;&#x4E0D;&#x8981;&#x62BD;&#x70DF;&#x559D;&#x9152;&#x3002;</p>"},"GoodPoint":{"name":"缺点及风险","content":"<p>1&#x3001;&#x6BCF;&#x6B21;&#x6CBB;&#x7597;&#x65F6;&#x95F4;&#x77ED;&#x3002;</p><p>2&#x3001;&#x521B;&#x4F24;&#x76F8;&#x5BF9;&#x8F83;&#x5C0F;&#x3002;</p>"},"BadPoint":{"name":"术前锦囊","content":"<p>1&#x3001;&#x9700;&#x8981;&#x591A;&#x6B21;&#x6CE8;&#x5C04;&#x6CBB;&#x7597;&#x3002;</p><p>2&#x3001;&#x7EF4;&#x6301;&#x6548;&#x679C;&#x65F6;&#x95F4;&#x77ED;&#x3002;</p>"}}