{"Title":"激光祛腋臭","Related":{"name":"关联百科","content":[{"relatedId":"748","name":"肉毒素祛腋臭"},{"relatedId":"749","name":"手术祛腋臭"}]},"ShorDesc":{"name":"简介","content":"<p>&#x9002;&#x5E94;&#x75C7;&#xFF1A;&#x814B;&#x81ED;</p><p>miraDry &#x814B;&#x51C0;&#x723D;&#x662F;&#x9488;&#x5BF9;&#x814B;&#x4E0B;&#x591A;&#x6C57;&#x75C7;&#x6D41;&#x6C57;&#x6539;&#x5584;&#x7684;&#x65B0;&#x6280;&#x672F;&#x7597;&#x6CD5;&#xFF0C;&#x5229;&#x7528;&#x975E;&#x4FB5;&#x5165;&#x6027;&#x5FAE;&#x6CE2;&#x6280;&#x672F;&#x53BB;&#x9664;&#x814B;&#x4E0B;&#x6C57;&#x817A;&#x3001;&#x51CF;&#x5C11;&#x814B;&#x4E0B;&#x6392;&#x6C57;&#x91CF;&#x3002;&#x4E14;&#x5728;&#x4F20;&#x9012;&#x80FD;&#x91CF;&#x7684;&#x540C;&#x65F6;&#xFF0C;&#x4F1A;&#x5229;&#x7528;&#x51B7;&#x5374;&#x7CFB;&#x7EDF;&#x6765;&#x4FDD;&#x62A4;&#x8868;&#x76AE;&#x53CA;&#x771F;&#x76AE;&#x4E0A;&#x90E8;&#x7B49;&#x5176;&#x4ED6;&#x7EC4;&#x7EC7;&#x3002;&#x800C;&#x5DF2;&#x7ECF;&#x88AB;&#x7834;&#x574F;&#x7684;&#x6C57;&#x817A;&#x4E0D;&#x4F1A;&#x518D;&#x65B0;&#x751F;&#xFF0C;&#x6240;&#x4EE5;&#x5BF9;&#x4E8E;&#x6CBB;&#x7597;&#x814B;&#x4E0B;&#x591A;&#x6C57;&#x75C7;&#x53EF;&#x4EE5;&#x8FBE;&#x5230;&#x6301;&#x7EED;&#x6027;&#x7684;&#x6548;&#x679C;&#x3002;</p>"},"Property":{"name":"档案","content":["\n                <li>&#x6CBB;&#x7597;&#x65B9;&#x5F0F;&#xFF1A;<span>&#x5149;&#x7535;&#xFF08;&#x65E0;&#x521B;&#xFF09;</span></li>\n                <li>&#x75BC;&#x75DB;&#x611F;&#xFF1A;<span>0&#x9897;&#x661F;</span><a href=\"gengmei://common_webview?url=http://backend.gmei.com/hybrid/ache_level\">&#x67E5;&#x770B;&#x75BC;&#x75DB;&#x5206;&#x7EA7;</a></li>\n                <li>&#x7EF4;&#x6301;&#x65F6;&#x95F4;&#xFF1A;<span>&#x6C38;&#x4E45;</span></li>\n                <li>&#x6CBB;&#x7597;&#x65F6;&#x95F4;&#xFF1A;<span>40-60&#x5206;&#x949F;</span></li>\n                <li>&#x53C2;&#x8003;&#x4EF7;&#x683C;&#xFF1A;<span>2000-10000</span></li>\n                <li>&#x9EBB;&#x9189;&#x65B9;&#x5F0F;&#xFF1A;<span>&#x5C40;&#x9EBB;</span></li>\n                <li>&#x662F;&#x5426;&#x4F4F;&#x9662;&#xFF1A;<span>&#x5426;</span></li>\n                \n                <li>&#x62C6;&#x7EBF;&#x65F6;&#x95F4;&#xFF1A;<span>0-0&#x5929;</span></li>\n            "]},"Desc":{"name":"项目／手术原理","content":"<p>1.&#x786E;&#x5B9A;&#x6CBB;&#x7597;&#x53C2;&#x6570;&#x3002;</p><p>2.&#x6807;&#x8BB0;&#x6CBB;&#x7597;&#x533A;&#x57DF;&#x3002;</p><p>3.&#x5C40;&#x90E8;&#x9EBB;&#x9189;&#x3002;</p><p>4.&#x6CBB;&#x7597;&#x3002;</p><p><img src=\"http://hera.s.gmei.com/2016/10/11/483b4bb0aa\" style=\"width: 668px;\"><br></p>"},"Sample":{"name":"效果示例","content":"<img src=\"http://hera.s.gmei.com/itemwiki/2016/10/11/28c8f52eb1-w\">"},"BeforIdear":{"name":"效果示例","content":"<p>1.&#x914D;&#x5408;&#x533B;&#x9662;&#x505A;&#x5168;&#x8EAB;&#x68C0;&#x67E5;&#x3002;</p><p>2.&#x672F;&#x524D;&#x4E24;&#x5468;&#x7981;&#x670D;&#x6297;&#x51DD;&#x836F;&#x7269;&#xFF08;&#x5982;&#x963F;&#x65AF;&#x5339;&#x6797;,&#x7EF4;&#x751F;&#x7D20;E&#x7B49;&#xFF09;&#x3002;</p><p>3.&#x672F;&#x524D;&#x4E00;&#x5468;&#x6212;&#x70DF;&#x9152;&#x3002;</p><p>4.&#x5973;&#x751F;&#x5E94;&#x907F;&#x5F00;&#x751F;&#x7406;&#x5468;&#x671F;&#x3001;&#x598A;&#x5A20;&#x671F;&#x3002;</p><p>5.&#x672F;&#x524D;&#x4E00;&#x5929;&#x6E05;&#x6D01;&#x8EAB;&#x4F53;&#x3002;</p>"},"AfterIdear":{"name":"优点","content":"<p>1&#x3001;&#x6FC0;&#x5149;&#x6CBB;&#x7597;&#x540E;&#xFF0C;&#x6CBB;&#x7597;&#x90E8;&#x4F4D;&#x4F1A;&#x6709;&#x707C;&#x70ED;&#x611F;&#x6216;&#x5FAE;&#x91CF;&#x51FA;&#x8840;&#xFF0C;&#x4E0D;&#x5FC5;&#x8FC7;&#x4E8E;&#x62C5;&#x5FC3;&#x3002;&#x4E4B;&#x540E;&#x4F1A;&#x6709;&#x7ED3;&#x75C2;&#x4EA7;&#x751F;&#xFF0C;&#x65E0;&#x9700;&#x7279;&#x6B8A;&#x5904;&#x7406;&#xFF0C;&#x7ED3;&#x75C2;&#x4E00;&#x822C;&#x4F1A;&#x5728;7-10&#x5929;&#x540E;&#x81EA;&#x884C;&#x8131;&#x843D;&#xFF0C;&#x6CE8;&#x610F;&#x4E0D;&#x8981;&#x5F3A;&#x884C;&#x53BB;&#x9664;&#x7ED3;&#x75C2;&#x3002;</p><p>2&#x3001;&#x7531;&#x4E8E;&#x4E2A;&#x4EBA;&#x4F53;&#x8D28;&#x548C;&#x76AE;&#x80A4;&#x72B6;&#x51B5;&#x7684;&#x4E0D;&#x540C;&#xFF0C;&#x6FC0;&#x5149;&#x6CBB;&#x7597;&#x540E;&#x7684;&#x53CD;&#x5E94;&#x4E0D;&#x540C;&#xFF0C;&#x4E2A;&#x522B;&#x4EBA;&#x53EF;&#x80FD;&#x4F1A;&#x51FA;&#x73B0;&#x4E00;&#x4E9B;&#x7A0B;&#x5EA6;&#x7684;&#x7EA2;&#x80BF;&#x73B0;&#x8C61;&#xFF0C;&#x53EF;&#x4EE5;&#x7528;&#x51B0;&#x6577;&#x7684;&#x65B9;&#x6CD5;&#x6765;&#x7F13;&#x89E3;&#x3002;</p><p>3&#x3001;&#x521A;&#x505A;&#x5B8C;&#x6CBB;&#x7597;&#x7684;&#x90E8;&#x4F4D;&#x5BF9;&#x4E8E;&#x9633;&#x5149;&#x4F1A;&#x5F88;&#x654F;&#x611F;&#xFF0C;&#x6CBB;&#x7597;&#x540E;3&#x4E2A;&#x6708;&#x5230;&#x534A;&#x5E74;&#x5185;&#x8981;&#x6CE8;&#x610F;&#x9632;&#x6652;&#xFF0C;&#x907F;&#x514D;&#x8272;&#x7D20;&#x7684;&#x6C89;&#x79EF;&#x3002;</p><p>4&#x3001;&#x4E00;&#x5468;&#x4E4B;&#x5185;&#x6CBB;&#x7597;&#x90E8;&#x4F4D;&#x7981;&#x6C34;&#xFF0C;&#x53EA;&#x80FD;&#x7528;&#x68C9;&#x68D2;&#x6CBE;&#x6C34;&#x5C0F;&#x5FC3;&#x64E6;&#x62ED;&#x5468;&#x56F4;&#x90E8;&#x4F4D;&#x4EE5;&#x514D;&#x9020;&#x6210;&#x7EC6;&#x83CC;&#x611F;&#x67D3;&#x3002;</p><p>5&#x3001;&#x60A3;&#x5904;&#x5E94;&#x6BCF;&#x5929;&#x64E6;&#x62ED;&#x4FEE;&#x590D;&#x56E0;&#x5B50;&#x6216;&#x7EA2;&#x9709;&#x7D20;&#x4EE5;&#x52A0;&#x5FEB;&#x76AE;&#x80A4;&#x4FEE;&#x62A4;&#x3002;</p>"},"GoodPoint":{"name":"缺点及风险","content":"<p>1.&#x65E0;&#x521B;&#x65E0;&#x75DB;&#x3002;</p><p>2.&#x6548;&#x679C;&#x6C38;&#x4E45;&#x3002;</p><p>3.&#x53EA;&#x9700;&#x6CBB;&#x7597;&#x4E00;&#x6B21;&#x3002;</p>"},"BadPoint":{"name":"术前锦囊","content":"<p>1&#x3001;&#x65E0;&#x6CD5;100%&#x53BB;&#x9664;&#x6C57;&#x817A;&#x3002;</p><p>2&#x3001;&#x53EF;&#x80FD;&#x51FA;&#x73B0;&#x80BF;&#x80C0;&#x7B49;&#x3002;</p>"}}