{"Title":"NIR红外紧肤","Related":{"name":"关联百科","content":[{"relatedId":"717","name":"射频提升"},{"relatedId":"480","name":"超声刀"},{"relatedId":"551","name":"黄金微针"},{"relatedId":"718","name":"电波拉皮"}]},"ShorDesc":{"name":"简介","content":"<p class=\"MsoNormal\" align=\"left\"><span style=\"font-family:\n&#x5B8B;&#x4F53;;mso-ascii-font-family:Calibri;mso-ascii-theme-font:minor-latin;mso-fareast-font-family:\n&#x5B8B;&#x4F53;;mso-fareast-theme-font:minor-fareast;mso-hansi-font-family:Calibri;\nmso-hansi-theme-font:minor-latin\">&#x9002;&#x5E94;&#x75C7;&#xFF1A;&#x6BDB;&#x5B54;&#x7C97;&#x5927;&#x3001;&#x76AE;&#x80A4;&#x677E;&#x5F1B;&#x3001;&#x7EC6;&#x5C0F;&#x76B1;&#x7EB9;&#x3001;&#x80A4;&#x8272;&#x6697;&#x6C89;</span><span lang=\"EN-US\"><o:p></o:p></span></p><p>\n\n</p><p class=\"MsoNormal\" align=\"left\"><span lang=\"EN-US\">NIR</span><span style=\"font-family:&#x5B8B;&#x4F53;;mso-ascii-font-family:Calibri;mso-ascii-theme-font:minor-latin;\nmso-fareast-font-family:&#x5B8B;&#x4F53;;mso-fareast-theme-font:minor-fareast;mso-hansi-font-family:\nCalibri;mso-hansi-theme-font:minor-latin\">&#xFF08;</span><span lang=\"EN-US\">Near\nInfrared</span><span style=\"font-family:&#x5B8B;&#x4F53;;mso-ascii-font-family:Calibri;\nmso-ascii-theme-font:minor-latin;mso-fareast-font-family:&#x5B8B;&#x4F53;;mso-fareast-theme-font:\nminor-fareast;mso-hansi-font-family:Calibri;mso-hansi-theme-font:minor-latin\">&#xFF09;&#x5373;&#x8FD1;&#x7EA2;&#x5916;&#x5149;&#xFF0C;&#x53EF;&#x7528;&#x4E8E;&#x63D0;&#x4EAE;&#x80A4;&#x8272;&#x548C;&#x5BF9;&#x6297;&#x76AE;&#x80A4;&#x8F7B;&#x5EA6;&#x8870;&#x8001;&#x3002;</span><span lang=\"EN-US\">NIR</span><span style=\"font-family:&#x5B8B;&#x4F53;;mso-ascii-font-family:Calibri;\nmso-ascii-theme-font:minor-latin;mso-fareast-font-family:&#x5B8B;&#x4F53;;mso-fareast-theme-font:\nminor-fareast;mso-hansi-font-family:Calibri;mso-hansi-theme-font:minor-latin\">&#x8FD1;&#x7EA2;&#x5916;&#x5149;&#x4E5F;&#x88AB;&#x79F0;&#x4E3A;&#x725B;&#x5976;&#x5149;&#xFF0C;&#x6CBB;&#x7597;&#x5168;&#x7A0B;&#x65E0;&#x75DB;&#xFF0C;&#x8212;&#x9002;&#x6E29;&#x548C;&#xFF0C;&#x6548;&#x679C;&#x663E;&#x8457;&#x3002;</span><span lang=\"EN-US\"><o:p></o:p></span></p>"},"Property":{"name":"档案","content":["\n                <li>&#x6CBB;&#x7597;&#x65B9;&#x5F0F;&#xFF1A;<span>&#x5149;&#x7535;&#xFF08;&#x65E0;&#x521B;&#xFF09;</span></li>\n                <li>&#x75BC;&#x75DB;&#x611F;&#xFF1A;<span>0&#x9897;&#x661F;</span><a href=\"gengmei://common_webview?url=http://backend.gmei.com/hybrid/ache_level\">&#x67E5;&#x770B;&#x75BC;&#x75DB;&#x5206;&#x7EA7;</a></li>\n                <li>&#x7EF4;&#x6301;&#x65F6;&#x95F4;&#xFF1A;<span>&#x56E0;&#x4EBA;&#x800C;&#x5F02;</span></li>\n                <li>&#x6CBB;&#x7597;&#x65F6;&#x95F4;&#xFF1A;<span>30-60&#x5206;&#x949F;</span></li>\n                <li>&#x53C2;&#x8003;&#x4EF7;&#x683C;&#xFF1A;<span>1000-5000</span></li>\n                <li>&#x9EBB;&#x9189;&#x65B9;&#x5F0F;&#xFF1A;<span>&#x65E0;</span></li>\n                <li>&#x662F;&#x5426;&#x4F4F;&#x9662;&#xFF1A;<span>&#x5426;</span></li>\n                \n                <li>&#x62C6;&#x7EBF;&#x65F6;&#x95F4;&#xFF1A;<span>0-0&#x5929;</span></li>\n            "]},"Desc":{"name":"项目／手术原理","content":"<p class=\"MsoNormal\" align=\"left\"><span lang=\"EN-US\">1.</span><span style=\"font-family:&#x5B8B;&#x4F53;;mso-ascii-font-family:Calibri;mso-ascii-theme-font:minor-latin;\nmso-fareast-font-family:&#x5B8B;&#x4F53;;mso-fareast-theme-font:minor-fareast;mso-hansi-font-family:\nCalibri;mso-hansi-theme-font:minor-latin\">&#x70ED;&#x4F5C;&#x7528;&#x5BFC;&#x81F4;&#x7684;&#x80F6;&#x539F;&#x7EA4;&#x7EF4;&#x6536;&#x7F29;&#xFF1A;&#x771F;&#x76AE;&#x4E73;&#x5934;&#x5C42;&#x4E2D;&#x7684;&#x6C34;&#x5438;&#x6536;&#x7EA2;&#x5916;&#x5149;&#x80FD;&#x8F6C;&#x5316;&#x70ED;&#x80FD;&#xFF0C;&#x4ECE;&#x800C;&#x52A0;&#x70ED;&#x771F;&#x76AE;&#x7EC4;&#x7EC7;&#xFF0C;&#x771F;&#x76AE;&#x5C42;&#x80F6;&#x539F;&#x8D28;&#x4F1A;&#x7ACB;&#x5373;&#x6536;&#x7F29;&#xFF0C;&#x4F7F;&#x6BDB;&#x5B54;&#x6536;&#x7EC6;&#x3001;&#x677E;&#x5F1B;&#x76AE;&#x80A4;&#x53CA;&#x76B1;&#x7EB9;&#x88AB;&#x62C9;&#x7D27;&#x3002;</span>\n<span lang=\"EN-US\"><o:p></o:p></span></p><p class=\"MsoNormal\" align=\"left\"><span lang=\"EN-US\">2.</span><span style=\"font-family:&#x5B8B;&#x4F53;;mso-ascii-font-family:Calibri;mso-ascii-theme-font:minor-latin;\nmso-fareast-font-family:&#x5B8B;&#x4F53;;mso-fareast-theme-font:minor-fareast;mso-hansi-font-family:\nCalibri;mso-hansi-theme-font:minor-latin\">&#x771F;&#x76AE;&#x91CD;&#x7EC4;&#xFF0C;&#x4FEE;&#x590D;&#x548C;&#x91CD;&#x5851;&#xFF1A;&#x70ED;&#x4F5C;&#x7528;&#x4FC3;&#x8FDB;&#x771F;&#x76AE;&#x6DF1;&#x90E8;&#x80F6;&#x539F;&#x86CB;&#x767D;&#x589E;&#x751F;&#xFF0C;&#x65B0;&#x751F;&#x7684;&#x80F6;&#x539F;&#x91CD;&#x65B0;&#x6392;&#x5217;&#xFF0C;&#x6570;&#x91CF;&#x589E;&#x52A0;&#xFF0C;&#x4EE5;&#x6B64;&#x586B;&#x8865;&#x6536;&#x7F29;&#x548C;&#x6D41;&#x5931;&#x7684;&#x80F6;&#x539F;&#x8D28;&#x7684;&#x7A7A;&#x7F3A;&#xFF0C;&#x4ECE;&#x800C;&#x518D;&#x6B21;&#x6258;&#x8D77;&#x76AE;&#x80A4;&#x7684;&#x652F;&#x67B6;&#xFF0C;&#x5F53;&#x80F6;&#x539F;&#x8D28;&#x6E90;&#x6E90;&#x4E0D;&#x65AD;&#x4EA7;&#x751F;&#x65F6;&#xFF0C;&#x5C31;&#x4F1A;&#x4F7F;&#x771F;&#x76AE;&#x5C42;&#x7684;&#x539A;&#x5EA6;&#x548C;&#x5BC6;&#x5EA6;&#x589E;&#x52A0;&#xFF0C;&#x629A;&#x5E73;&#x76B1;&#x7EB9;&#xFF0C;&#x6536;&#x7EC6;&#x6BDB;&#x5B54;&#xFF0C;&#x6062;&#x590D;&#x76AE;&#x80A4;&#x5F39;&#x6027;&#x3002;</span><span lang=\"EN-US\"><o:p></o:p></span></p><p>\n\n\n\n</p><p class=\"MsoNormal\" align=\"left\"><span lang=\"EN-US\">3.</span><span style=\"font-family:&#x5B8B;&#x4F53;;mso-ascii-font-family:Calibri;mso-ascii-theme-font:minor-latin;\nmso-fareast-font-family:&#x5B8B;&#x4F53;;mso-fareast-theme-font:minor-fareast;mso-hansi-font-family:\nCalibri;mso-hansi-theme-font:minor-latin\">&#x63D0;&#x4EAE;&#x80A4;&#x8272;&#xFF1A;&#x80F6;&#x539F;&#x86CB;&#x767D;&#x3001;&#x5F39;&#x529B;&#x7EA4;&#x7EF4;&#x7684;&#x6570;&#x91CF;&#x662F;&#x7EF4;&#x6301;&#x76AE;&#x80A4;&#x5149;&#x6ED1;&#x4E0E;&#x900F;&#x660E;&#x611F;&#xFF0C;&#x4F7F;&#x76AE;&#x80A4;&#x6210;&#x4E3A;&#x4F18;&#x826F;&#x53CD;&#x5149;&#x677F;&#x7684;&#x56E0;&#x7D20;&#x3002;&#x5F53;&#x76AE;&#x80A4;&#x7684;&#x5149;&#x7EBF;&#x6298;&#x5C04;&#x7387;&#x8F83;&#x9AD8;&#x65F6;&#xFF0C;&#x76AE;&#x80A4;&#x770B;&#x8D77;&#x6765;&#x81EA;&#x7136;&#x900F;&#x4EAE;&#x8BB8;&#x591A;&#x3002;&#x8FD1;&#x7EA2;&#x5916;&#x5149;&#x4EA7;&#x751F;&#x7684;&#x5149;&#x70ED;&#x4F5C;&#x7528;&#xFF0C;&#x53EF;&#x589E;&#x5F3A;&#x8840;&#x7BA1;&#x529F;&#x80FD;&#xFF0C;&#x4F7F;&#x5FAA;&#x73AF;&#x6539;&#x5584;&#xFF0C;&#x4FC3;&#x8FDB;&#x63D0;&#x4EAE;&#x80A4;&#x8272;&#x3002;</span></p><p class=\"MsoNormal\" align=\"left\"><img src=\"http://hera.s.gmei.com/2016/10/11/62380532af\" style=\"width: 336px;\"><span style=\"font-family:&#x5B8B;&#x4F53;;mso-ascii-font-family:Calibri;mso-ascii-theme-font:minor-latin;\nmso-fareast-font-family:&#x5B8B;&#x4F53;;mso-fareast-theme-font:minor-fareast;mso-hansi-font-family:\nCalibri;mso-hansi-theme-font:minor-latin\"><br></span>\n<span lang=\"EN-US\"><o:p></o:p></span></p>"},"Sample":{"name":"效果示例","content":"<img src=\"http://hera.s.gmei.com/itemwiki/2016/10/11/af1edd388b-w\">"},"BeforIdear":{"name":"效果示例","content":"<p class=\"MsoNormal\"><span lang=\"EN-US\" style=\"mso-bidi-font-size:10.5pt;\nfont-family:&#x5B8B;&#x4F53;;mso-ascii-theme-font:minor-fareast;mso-fareast-font-family:&#x5B8B;&#x4F53;;\nmso-fareast-theme-font:minor-fareast;mso-hansi-theme-font:minor-fareast\">1.</span><span style=\"mso-bidi-font-size:10.5pt;font-family:&#x5B8B;&#x4F53;;mso-ascii-theme-font:minor-fareast;\nmso-fareast-font-family:&#x5B8B;&#x4F53;;mso-fareast-theme-font:minor-fareast;mso-hansi-theme-font:\nminor-fareast\">&#x6CBB;&#x7597;&#x524D;<span lang=\"EN-US\">1</span>&#xFFFD;&#xFFFD;&#xFFFD;&#x6708;&#x5185;&#x4E0D;&#x80FD;&#x66B4;&#x6652;&#x3002;<span lang=\"EN-US\"><o:p></o:p></span></span></p><p class=\"MsoNormal\"><span lang=\"EN-US\" style=\"mso-bidi-font-size:10.5pt;\nfont-family:&#x5B8B;&#x4F53;;mso-ascii-theme-font:minor-fareast;mso-fareast-font-family:&#x5B8B;&#x4F53;;\nmso-fareast-theme-font:minor-fareast;mso-hansi-theme-font:minor-fareast\">2.</span><span style=\"mso-bidi-font-size:10.5pt;font-family:&#x5B8B;&#x4F53;;mso-ascii-theme-font:minor-fareast;\nmso-fareast-font-family:&#x5B8B;&#x4F53;;mso-fareast-theme-font:minor-fareast;mso-hansi-theme-font:\nminor-fareast\">&#x7D20;&#x989C;&#x3002;<span lang=\"EN-US\"><o:p></o:p></span></span></p><p>\n\n\n\n</p><p class=\"MsoNormal\"><span lang=\"EN-US\" style=\"mso-bidi-font-size:10.5pt;\nfont-family:&#x5B8B;&#x4F53;;mso-ascii-theme-font:minor-fareast;mso-fareast-font-family:&#x5B8B;&#x4F53;;\nmso-fareast-theme-font:minor-fareast;mso-hansi-theme-font:minor-fareast\">3.</span><span style=\"mso-bidi-font-size:10.5pt;font-family:&#x5B8B;&#x4F53;;mso-ascii-theme-font:minor-fareast;\nmso-fareast-font-family:&#x5B8B;&#x4F53;;mso-fareast-theme-font:minor-fareast;mso-hansi-theme-font:\nminor-fareast\">&#x6709;&#x5149;&#x654F;&#x53F2;&#x9700;&#x63D0;&#x524D;&#x544A;&#x77E5;&#x533B;&#x751F;&#x3002;<span lang=\"EN-US\"><o:p></o:p></span></span></p>"},"AfterIdear":{"name":"优点","content":"<p class=\"MsoNormal\"><span lang=\"EN-US\" style=\"mso-bidi-font-size:\n10.5pt;font-family:&#x5B8B;&#x4F53;;mso-ascii-theme-font:minor-fareast;mso-fareast-font-family:\n&#x5B8B;&#x4F53;;mso-fareast-theme-font:minor-fareast;mso-hansi-theme-font:minor-fareast\">1.</span><span style=\"mso-bidi-font-size:10.5pt;font-family:&#x5B8B;&#x4F53;;mso-ascii-theme-font:minor-fareast;\nmso-fareast-font-family:&#x5B8B;&#x4F53;;mso-fareast-theme-font:minor-fareast;mso-hansi-theme-font:\nminor-fareast\">&#x4E25;&#x683C;&#x9632;&#x6652;&#xFF0C;&#x4F7F;&#x7528;<span lang=\"EN-US\">SPF30+</span>&#x7684;&#x9632;&#x6652;&#x971C;&#x3001;&#x58A8;&#x955C;&#x3001;&#x906E;&#x9633;&#x4F1E;&#x3002;<span lang=\"EN-US\"><o:p></o:p></span></span></p><p class=\"MsoNormal\" align=\"left\"><span lang=\"EN-US\" style=\"mso-bidi-font-size:10.5pt;font-family:&#x5B8B;&#x4F53;;mso-ascii-theme-font:minor-fareast;\nmso-fareast-font-family:&#x5B8B;&#x4F53;;mso-fareast-theme-font:minor-fareast;mso-hansi-theme-font:\nminor-fareast\">2.</span><span style=\"mso-bidi-font-size:10.5pt;font-family:\n&#x5B8B;&#x4F53;;mso-ascii-theme-font:minor-fareast;mso-fareast-font-family:&#x5B8B;&#x4F53;;mso-fareast-theme-font:\nminor-fareast;mso-hansi-theme-font:minor-fareast\">&#x4F7F;&#x7528;&#x4FDD;&#x6E7F;&#x9762;&#x819C;&#x3001;&#x9762;&#x971C;&#x3002;<span lang=\"EN-US\"><o:p></o:p></span></span></p><p>\n\n\n\n</p><p class=\"MsoNormal\" align=\"left\"><span lang=\"EN-US\" style=\"mso-bidi-font-size:10.5pt;font-family:&#x5B8B;&#x4F53;;mso-ascii-theme-font:minor-fareast;\nmso-fareast-font-family:&#x5B8B;&#x4F53;;mso-fareast-theme-font:minor-fareast;mso-hansi-theme-font:\nminor-fareast\">3.</span><span style=\"mso-bidi-font-size:10.5pt;font-family:\n&#x5B8B;&#x4F53;;mso-ascii-theme-font:minor-fareast;mso-fareast-font-family:&#x5B8B;&#x4F53;;mso-fareast-theme-font:\nminor-fareast;mso-hansi-theme-font:minor-fareast\">&#x575A;&#x6301;&#x6309;&#x7597;&#x7A0B;&#x6CBB;&#x7597;&#xFF0C;&#x6BCF;<span lang=\"EN-US\">3-4</span>&#x5468;&#x6CBB;&#x7597;&#x4E00;&#x6B21;&#x3002;<span lang=\"EN-US\"><o:p></o:p></span></span></p>"},"GoodPoint":{"name":"缺点及风险","content":"<p class=\"MsoNormal\" align=\"left\"><span lang=\"EN-US\">1.</span><span style=\"font-family:&#x5B8B;&#x4F53;;mso-ascii-font-family:Calibri;mso-ascii-theme-font:minor-latin;\nmso-fareast-font-family:&#x5B8B;&#x4F53;;mso-fareast-theme-font:minor-fareast;mso-hansi-font-family:\nCalibri;mso-hansi-theme-font:minor-latin\">&#x65E0;&#x75DB;&#x3001;&#x65E0;&#x521B;&#x3001;&#x5B89;&#x5168;&#x3002;</span><span lang=\"EN-US\"><o:p></o:p></span></p><p>\n\n</p><p class=\"MsoNormal\" align=\"left\"><span lang=\"EN-US\">2.</span><span style=\"font-family:&#x5B8B;&#x4F53;;mso-ascii-font-family:Calibri;mso-ascii-theme-font:minor-latin;\nmso-fareast-font-family:&#x5B8B;&#x4F53;;mso-fareast-theme-font:minor-fareast;mso-hansi-font-family:\nCalibri;mso-hansi-theme-font:minor-latin\">&#x6CBB;&#x7597;&#x6548;&#x679C;&#x597D;&#xFF0C;&#x53EF;&#x4E00;&#x6B21;&#x6027;&#x89E3;&#x51B3;&#x76AE;&#x80A4;&#x8870;&#x8001;&#x3001;&#x6697;&#x6C89;&#x95EE;&#x9898;&#xFF0C;&#x4F5C;&#x7528;&#x6E29;&#x548C;&#x3002;</span><span lang=\"EN-US\"><o:p></o:p></span></p>"},"BadPoint":{"name":"术前锦囊","content":"<p class=\"MsoNormal\" align=\"left\"><span lang=\"EN-US\">1.</span><span style=\"font-family:&#x5B8B;&#x4F53;;mso-ascii-font-family:Calibri;mso-ascii-theme-font:minor-latin;\nmso-fareast-font-family:&#x5B8B;&#x4F53;;mso-fareast-theme-font:minor-fareast;mso-hansi-font-family:\nCalibri;mso-hansi-theme-font:minor-latin\">&#x9700;&#x8981;&#x6309;&#x7597;&#x7A0B;&#x591A;&#x6B21;&#x6CBB;&#x7597;&#x3002;</span><span lang=\"EN-US\"><o:p></o:p></span></p>"}}