{"Title":"假体隆胸","Related":{"name":"关联百科","content":[{"relatedId":"478","name":"胸部假体取出"},{"relatedId":"364","name":"自体脂肪隆胸"}]},"ShorDesc":{"name":"简介","content":"<p>&#x9002;&#x5E94;&#x75C7;&#xFF1A;&#x5E73;&#x80F8;&#x3001;&#x80F8;&#x90E8;&#x4E0B;&#x5782;&#x3001;&#x80F8;&#x90E8;&#x4E0D;&#x5BF9;&#x79F0;</p><p>&#x5047;&#x4F53;&#x9686;&#x80F8;&#x662F;&#x5728;&#x80F8;&#x90E8;&#x7684;&#x5468;&#x56F4;&#x505A;&#x4E00;&#x4E2A;&#x5207;&#x53E3;&#xFF0C;&#x7136;&#x540E;&#x5C06;&#x96D5;&#x5851;&#x597D;&#x7684;&#x7845;&#x80F6;&#x5047;&#x4F53;&#x690D;&#x5165;&#x3001;&#x7F1D;&#x5408;&#x6765;&#x8FBE;&#x5230;&#x9686;&#x80F8;&#x6548;&#x679C;&#x3002;</p>"},"Property":{"name":"档案","content":["\n                <li>&#x6CBB;&#x7597;&#x65B9;&#x5F0F;&#xFF1A;<span>&#x624B;&#x672F;</span></li>\n                <li>&#x75BC;&#x75DB;&#x611F;&#xFF1A;<span>5&#x9897;&#x661F;</span><a href=\"gengmei://common_webview?url=http://backend.gmei.com/hybrid/ache_level\">&#x67E5;&#x770B;&#x75BC;&#x75DB;&#x5206;&#x7EA7;</a></li>\n                <li>&#x7EF4;&#x6301;&#x65F6;&#x95F4;&#xFF1A;<span>&#x6C38;&#x4E45;</span></li>\n                <li>&#x6CBB;&#x7597;&#x65F6;&#x95F4;&#xFF1A;<span>120-180&#x5206;&#x949F;</span></li>\n                <li>&#x53C2;&#x8003;&#x4EF7;&#x683C;&#xFF1A;<span>20000-200000</span></li>\n                <li>&#x9EBB;&#x9189;&#x65B9;&#x5F0F;&#xFF1A;<span>&#x5168;&#x9EBB;</span></li>\n                <li>&#x662F;&#x5426;&#x4F4F;&#x9662;&#xFF1A;<span>&#x662F;</span></li>\n                <li>&#x4F4F;&#x9662;&#x65F6;&#x95F4;&#xFF1A;<span>0-3&#x5929;</span></li>\n                <li>&#x62C6;&#x7EBF;&#x65F6;&#x95F4;&#xFF1A;<span>7-10&#x5929;</span></li>\n            "]},"Desc":{"name":"项目／手术原理","content":"<p>1.&#x5168;&#x8EAB;&#x3001;&#x80F8;&#x90E8;&#x6D88;&#x6BD2;&#x3002;</p><p>2.&#x8FDB;&#x884C;&#x5168;&#x8EAB;&#x9EBB;&#x9189;&#x3002;</p><p>3.&#x5728;&#x814B;&#x4E0B;/&#x4E73;&#x6655;/&#x4E73;&#x623F;&#x76B1;&#x895E;&#x5F00;&#x4E00;&#x4E2A;2-3cm&#x7684;&#x5207;&#x53E3;&#x3002;</p><p>4.&#x5265;&#x79BB;&#x6D45;&#x5C42;&#x7EC4;&#x7EC7;&#xFF0C;&#x5C06;&#x7845;&#x80F6;&#x5047;&#x4F53;&#x690D;&#x5165;&#x9002;&#x5F53;&#x7684;&#x5C42;&#x6B21;&#x3002;</p><p>5.&#x6B62;&#x8840;&#x3001;&#x7F1D;&#x5408;&#x3001;&#x52A0;&#x538B;&#x5305;&#x624E;&#x3002;</p><p><img src=\"http://hera.s.gmei.com/2016/10/11/39d19c41ca\" style=\"width: 584px;\"><br></p>"},"Sample":{"name":"效果示例","content":"<img src=\"http://hera.s.gmei.com/itemwiki/2016/10/11/81eb2fd7bc-w\">"},"BeforIdear":{"name":"效果示例","content":"<p>1.&#x5E38;&#x89C4;&#x672F;&#x524D;&#x68C0;&#x67E5;&#xFF1A;&#x8840;&#x68C0;&#x3001;&#x5C3F;&#x68C0;&#x3001;&#x8840;&#x538B;&#x3001;&#x5FC3;&#x7535;&#x56FE;&#x7B49;&#x3002;</p><p>2.&#x672F;&#x524D;&#x5145;&#x5206;&#x6C9F;&#x901A;&#xFF1A;&#x5047;&#x4F53;&#x690D;&#x5165;&#x540E;&#x7684;&#x6548;&#x679C;&#x3001;&#x5047;&#x4F53;&#x5C3A;&#x5BF8;&#x3001;&#x5047;&#x4F53;&#x5F62;&#x72B6;&#x3001;&#x5047;&#x4F53;&#x6750;&#x8D28;&#x53CA;&#x672F;&#x540E;&#x53EF;&#x80FD;&#x5B58;&#x5728;&#x7684;&#x5E76;&#x53D1;&#x75C7;&#x548C;&#x6062;&#x590D;&#x671F;&#x6CE8;&#x610F;&#x4E8B;&#x9879;&#x3002;</p><p>3.&#x5973;&#x6027;&#x5FC5;&#x987B;&#x907F;&#x5F00;&#x6708;&#x7ECF;&#x671F;&#x3001;&#x598A;&#x5A20;&#x671F;&#x3001;&#x54FA;&#x4E73;&#x671F;&#x3002;</p><p>4.&#x672F;&#x524D;&#x4E00;&#x5929;&#x5F7B;&#x5E95;&#x6E05;&#x6D17;&#x5934;&#x9762;&#x3001;&#x8EAB;&#x4F53;&#xFF08;&#x672F;&#x540E;7-8&#x5929;&#x4E0D;&#x80FD;&#x6DCB;&#x6D74;&#x3001;&#x6CE1;&#x6FA1;&#xFF0C;&#x4F24;&#x53E3;&#x4E0D;&#x80FD;&#x6CBE;&#x6C34;&#xFF09;</p><p>5.&#x5982;&#x6709;&#x5FC5;&#x8981;&#xFF0C;&#x529E;&#x7406;&#x4F4F;&#x9662;&#x624B;&#x7EED;&#x3001;&#x8D2D;&#x4E70;&#x675F;&#x80F8;&#x8863;&#x3001;&#x6D88;&#x708E;&#x836F;&#x7269;&#x53CA;&#x6291;&#x5236;&#x75A4;&#x75D5;&#x589E;&#x751F;&#x836F;&#x7269;&#x3002;</p>"},"AfterIdear":{"name":"优点","content":"<p>1.&#x5168;&#x9EBB;&#x672F;&#x540E;6h&#x7981;&#x98DF;&#x7981;&#x6C34;&#x3002;</p><p>2.&#x5047;&#x4F53;&#x9686;&#x80F8;&#x672F;&#x540E;&#x53EF;&#x4F69;&#x6234;&#x6B62;&#x75DB;&#x6CF5;&#xFF0C;&#x6216;&#x901A;&#x8FC7;&#x8C03;&#x8282;&#x4F53;&#x4F4D;&#x6765;&#x7F13;&#x89E3;&#x75BC;&#x75DB;&#x3002;</p><p>3.&#x672F;&#x540E;&#x4F69;&#x6234;&#x5F15;&#x6D41;&#x7BA1;&#xFF0C;&#x5C06;&#x7EC4;&#x7EC7;&#x79EF;&#x6DB2;&#x3001;&#x8840;&#x6DB2;&#x6392;&#x51FA;&#xFF0C;24-48h&#x540E;&#x6458;&#x9664;&#x3002;</p><p>4.&#x80F8;&#x90E8;&#x52A0;&#x538B;&#x7684;&#x5F39;&#x529B;&#x7EF7;&#x5E26;&#x4E0D;&#x53EF;&#x81EA;&#x5DF1;&#x968F;&#x610F;&#x6458;&#x9664;&#xFF0C;&#x672F;&#x540E;48h&#x7531;&#x533B;&#x62A4;&#x4EBA;&#x5458;&#x66F4;&#x6362;&#x6577;&#x6599;&#xFF0C;&#x6539;&#x7528;&#x5F39;&#x6027;&#x80F8;&#x7F69;&#x7EE7;&#x7EED;&#x56FA;&#x5B9A;2-3&#x5468;&#x3002;</p><p>5.&#x9759;&#x8109;&#x6EF4;&#x6CE8;&#x6297;&#x751F;&#x7D20;3~5&#x5929;&#xFF0C;&#x6B62;&#x8840;&#x836F;2~3&#x5929;&#x3002;</p><p>6.&#x624B;&#x672F;3&#x5929;&#x5185;&#x4E0D;&#x8981;&#x62AC;&#x80F3;&#x818A;&#x3001;&#x6216;&#x7528;&#x529B;&#xFF0C;&#x4EE5;&#x514D;&#x5047;&#x4F53;&#x79FB;&#x4F4D;&#x3002;</p><p>7.6~8&#x5929;&#x62C6;&#x7EBF;&#xFF0C;&#x62C6;&#x7EBF;&#x540E;48h&#x65B9;&#x53EF;&#x6CBE;&#x6C34;&#x3002;</p><p>8.&#x7A7F;&#x5F39;&#x6027;&#x80F8;&#x7F69;&#x7EE7;&#x7EED;&#x56FA;&#x5B9A;2-3&#x5468;&#xFF0C;&#x4E0D;&#x53EF;&#x968F;&#x610F;&#x7A7F;&#x6234;&#x94A2;&#x6258;&#x5185;&#x8863;&#x3002;</p><p>9.&#x672F;&#x540E;14&#x5929;&#x5185;&#xFF0C;&#x9650;&#x5236;&#x80F8;&#x90E8;&#x53CA;&#x4E0A;&#x81C2;&#x6D3B;&#x52A8;&#xFF0C;&#x4EE5;&#x514D;&#x5047;&#x4F53;&#x79FB;&#x4F4D;&#x3002;</p><p>10.&#x624B;&#x672F;7&#x5929;&#x540E;&#xFF0C;&#x6BCF;&#x5929;&#x5BF9;&#x80F8;&#x90E8;&#x8FDB;&#x884C;&#x6309;&#x6469;&#x575A;&#x6301;6&#x4E2A;&#x6708;&#xFF08;&#x6216;&#x9075;&#x5FAA;&#x533B;&#x5631;&#x4E0D;&#x9700;&#x6309;&#x6469;&#xFF09;&#xFF0C;&#x53EF;&#x4EE5;&#x9884;&#x9632;&#x7EA4;&#x7EF4;&#x631B;&#x7F29;&#x80F8;&#x90E8;&#x53D8;&#x786C;&#x3002;</p><p>11.6&#x4E2A;&#x6708;&#x5185;&#x4E0D;&#x7A7F;&#x5E26;&#x6709;&#x94A2;&#x6258;&#x7684;&#x6587;&#x80F8;&#x3002;</p>"},"GoodPoint":{"name":"缺点及风险","content":"<p>1.&#x4E00;&#x6B21;&#x6210;&#x5F62;&#xFF0C;&#x5F97;&#x5230;&#x7406;&#x60F3;&#x80F8;&#x5F62;&#x3002;</p><p>2.&#x53EF;&#x4EE5;&#x6539;&#x5584;&#x8F7B;&#x5EA6;&#x7684;&#x80F8;&#x90E8;&#x4E0B;&#x5782;&#x3002;</p><p>3.&#x516C;&#x8BA4;&#x7684;&#x6700;&#x5B89;&#x5168;&#x7684;&#x9686;&#x80F8;&#x65B9;&#x6CD5;&#x3002;</p>"},"BadPoint":{"name":"术前锦囊","content":"<p>1.&#x624B;&#x672F;&#x53EF;&#x80FD;&#x51FA;&#x73B0;&#x8840;&#x80BF;&#x3001;&#x6392;&#x5F02;&#x3001;&#x5305;&#x819C;&#x631B;&#x7F29;&#x3001;&#x5047;&#x4F53;&#x79FB;&#x4F4D;&#x7B49;&#x5E76;&#x53D1;&#x75C7;&#x3002;</p><p>2.&#x53EF;&#x80FD;&#x5B58;&#x5728;&#x8F83;&#x660E;&#x663E;&#x7684;&#x624B;&#x672F;&#x75A4;&#x75D5;&#xFF08;&#x814B;&#x4E0B;/&#x4E73;&#x6655;/&#x4E73;&#x623F;&#x76B1;&#x895E;&#xFF09;&#x3002;</p><p>3.&#x624B;&#x672F;&#x521B;&#x4F24;&#x5927;&#x3001;&#x6062;&#x590D;&#x671F;&#x957F;&#x3002;</p>"}}