{"Title":"牙齿贴面","Related":{"name":"关联百科","content":[{"relatedId":"267","name":"洗牙"},{"relatedId":"266","name":"烤瓷牙"},{"relatedId":"265","name":"牙齿冷光美白"}]},"ShorDesc":{"name":"简介","content":"<p>&#x9002;&#x5E94;&#x75C7;&#xFF1A;&#x7259;&#x9F7F;&#x67D3;&#x8272;</p><p>&#x7259;&#x9F7F;&#x7F8E;&#x767D;&#x8D34;&#x9762;&#x4E3B;&#x8981;&#x662F;&#x5728;&#x7259;&#x9F7F;&#x8868;&#x9762;&#x7C98;&#x4E0A;&#x4E00;&#x5C42;&#x8D34;&#x9762;&#xFF0C;&#x5BF9;&#x5DF2;&#x7ECF;&#x53D8;&#x8272;&#x7684;&#x7259;&#x9F7F;&#x8D77;&#x5230;&#x906E;&#x6321;&#x7684;&#x4F5C;&#x7528;&#x3002;&#x73B0;&#x5728;&#x6D41;&#x884C;&#x7684;&#x7259;&#x9F7F;&#x8D34;&#x9762;&#x53EF;&#x4EE5;&#x5206;&#x4E3A;&#x6811;&#x8102;&#x8D34;&#x9762;&#x548C;&#x74F7;&#x8D34;&#x9762;&#x4E24;&#x79CD;&#x3002;</p>"},"Property":{"name":"档案","content":["\n                <li>&#x6CBB;&#x7597;&#x65B9;&#x5F0F;&#xFF1A;<span>&#x53E3;&#x8154;</span></li>\n                <li>&#x75BC;&#x75DB;&#x611F;&#xFF1A;<span>1&#x9897;&#x661F;</span><a href=\"gengmei://common_webview?url=http://backend.gmei.com/hybrid/ache_level\">&#x67E5;&#x770B;&#x75BC;&#x75DB;&#x5206;&#x7EA7;</a></li>\n                <li>&#x7EF4;&#x6301;&#x65F6;&#x95F4;&#xFF1A;<span>&#x957F;&#x4E45;</span></li>\n                <li>&#x6CBB;&#x7597;&#x65F6;&#x95F4;&#xFF1A;<span>30-60&#x5206;&#x949F;</span></li>\n                <li>&#x53C2;&#x8003;&#x4EF7;&#x683C;&#xFF1A;<span>200-5000</span></li>\n                <li>&#x9EBB;&#x9189;&#x65B9;&#x5F0F;&#xFF1A;<span>&#x5C40;&#x9EBB;</span></li>\n                <li>&#x662F;&#x5426;&#x4F4F;&#x9662;&#xFF1A;<span>&#x5426;</span></li>\n                \n                <li>&#x62C6;&#x7EBF;&#x65F6;&#x95F4;&#xFF1A;<span>0-0&#x5929;</span></li>\n            "]},"Desc":{"name":"项目／手术原理","content":"<p>1. &#x7F8E;&#x767D;&#x8D34;&#x7247;&#x7684;&#x672F;&#x524D;&#x9884;&#x5907;&#x3002;</p><p>2. &#x7259;&#x51A0;&#x6A21;&#x578B;&#x7684;&#x53E3;&#x5185;&#x8BD5;&#x6234;&#x4E0E;&#x5916;&#x5F62;&#x8C03;&#x6539;&#x3002;</p><p>3. &#x786E;&#x5B9A;&#x7C98;&#x8D34;&#x9762;&#x989C;&#x8272;&#x3002;</p><p>4. &#x6D82;&#x62B9;&#x7C98;&#x8D34;&#x5242;&#x3002;</p><p>5. &#x7C98;&#x63A5;&#x56FA;&#x5B9A;&#x3002;</p><p><img src=\"http://hera.s.gmei.com/2016/10/12/b157b3d99f\" style=\"width: 500px;\"><br></p>"},"Sample":{"name":"效果示例","content":"<img src=\"http://hera.s.gmei.com/itemwiki/2016/10/12/83200b26e8-w\">"},"BeforIdear":{"name":"效果示例","content":"<p>1&#x3001;&#x624B;&#x672F;&#x524D;&#x786E;&#x5B9A;&#x8EAB;&#x4F53;&#x5065;&#x5EB7;&#xFF0C;&#x65E0;&#x4F20;&#x67D3;&#x75C5;&#x6216;&#x5176;&#x4ED6;&#x8EAB;&#x4F53;&#x708E;&#x75C7;&#x3002;</p><p>2&#x3001;&#x672F;&#x524D;&#x4E00;&#x5468;&#x5185;&#x505C;&#x6B62;&#x996E;&#x9152;&#x3001;&#x670D;&#x7528;&#x963F;&#x53F8;&#x5339;&#x6797;&#x3001;&#x7EF4;&#x751F;&#x7D20;E&#x7B49;&#x6269;&#x8840;&#x7BA1;&#x836F;&#x7269;&#x3002;</p><p>3&#x3001;&#x5438;&#x70DF;&#x8005;&#x9700;&#x8981;&#x63D0;&#x524D;&#x4E00;&#x5468;&#x6212;&#x70DF;&#x3002;</p>"},"AfterIdear":{"name":"优点","content":"<p>1&#x3001;&#x521D;&#x65F6;&#x6709;&#x8F7B;&#x5EA6;&#x4E0D;&#x9002;&#x611F;&#xFF0C;&#x60A3;&#x8005;&#x5E94;&#x8010;&#x5FC3;&#x7EC3;&#x4E60;&#x4F7F;&#x7528;&#xFF0C;&#x9010;&#x6E10;&#x9002;&#x5E94;&#x3002;</p><p>2&#x3001;&#x5E94;&#x5403;&#x8F6F;&#x7684;&#x98DF;&#x7269;&#xFF0C;&#x9002;&#x5E94;&#x540E;&#x518D;&#x5403;&#x6B63;&#x5E38;&#x98DF;&#x7269;&#x3002;&#x4E0D;&#x8981;&#x54AC;&#x592A;&#x786C;&#x7684;&#x98DF;&#x7269;&#xFF0C;&#x6BD4;&#x5982;&#x6838;&#x6843;&#x4E00;&#x7C7B;&#x7684;&#x4E1C;&#x897F;&#x3002;</p><p>3&#x3001;3&#x5929;&#x5185;&#xFF0C;&#x4E3A;&#x4E86;&#x9632;&#x6B62;&#x7259;&#x9F7F;&#x67D3;&#x8272;&#xFF0C;&#x7EDD;&#x4E0D;&#x80FD;&#x8BA9;&#x7259;&#x9F7F;&#x63A5;&#x89E6;&#x4EFB;&#x4F55;&#x6709;&#x8272;&#x7D20;&#x7684;&#x4E1C;&#x897F;&#xFF0C;&#x65E0;&#x8BBA;&#x4EBA;&#x5DE5;&#x8272;&#x7D20;&#x8FD8;&#x662F;&#x5929;&#x7136;&#x8272;&#x7D20;&#x3002;&#x8B6C;&#x5982;&#x5E38;&#x89C1;&#x7684;&#x5496;&#x5561;&#x3001;&#x6C7D;&#x6C34;&#x3001;&#x53EF;&#x4E50;&#x3001;&#x852C;&#x83DC;&#x3001;&#x8336;&#x53F6;&#x3001;&#x9999;&#x70DF;&#x7B49;&#xFF0C;&#x53EF;&#x4EE5;&#x8FDB;&#x98DF;&#x725B;&#x5976;&#xFF0C;&#x767D;&#x7A00;&#x996D;&#x3001;&#x9E21;&#x86CB;&#x767D;&#x3001;&#x9C7C;&#x8089;&#x7B49;&#x3002;</p>"},"GoodPoint":{"name":"缺点及风险","content":"<p>1.&#x8272;&#x6CFD;&#x597D;&#xFF0C;&#x5F62;&#x6001;&#x597D;&#xFF0C;&#x8DDF;&#x771F;&#x7259;&#x51E0;&#x4E4E;&#x6BEB;&#x65E0;&#x533A;&#x522B;&#x3002;</p><p>2.&#x5236;&#x4F5C;&#x5DE5;&#x827A;&#x5F88;&#x7CBE;&#x7EC6;&#xFF0C;&#x662F;&#x6CBB;&#x7597;&#x7259;&#x4F53;&#x7F3A;&#x635F;&#x3001;&#x7259;&#x5217;&#x7F3A;&#x5931;&#x7684;&#x4E3B;&#x8981;&#x65B9;&#x6CD5;&#x3002;</p>"},"BadPoint":{"name":"术前锦囊","content":"<p>1.&#x6613;&#x8131;&#x843D;&#x3001;&#x6613;&#x53D8;&#x8272;&#x3002;</p><p>2.&#x5BB9;&#x6613;&#x5F15;&#x8D77;&#x7259;&#x9F88;&#x80BF;&#x80C0;&#x3001;&#x51FA;&#x8840;&#x53D1;&#x708E;&#x7B49;&#x540E;&#x9057;&#x75C7;&#x3002;</p><p>3.&#x6811;&#x8102;&#x8D34;&#x9762;&#x6709;&#x4E00;&#x5B9A;&#x539A;&#x5EA6;&#xFF0C;&#x4F1A;&#x4EE4;&#x53E3;&#x5507;&#x7A0D;&#x5FAE;&#x53D8;&#x51F8;&#xFF0C;&#x5BF9;&#x5916;&#x8868;&#x7684;&#x7F8E;&#x89C2;&#x6709;&#x4E00;&#x5B9A;&#x7684;&#x5F71;&#x54CD;&#x3002;</p><p>4.&#x4EF7;&#x683C;&#x504F;&#x9AD8;&#x3002;</p>"}}