{"Title":"眼睑下至术","Related":{"name":"关联百科","content":[{"relatedId":"193","name":"开外眼角"},{"relatedId":"192","name":"开内眼角"}]},"ShorDesc":{"name":"简介","content":"<p>&#x9002;&#x5E94;&#x75C7;&#xFF1A;&#x540A;&#x68A2;&#x773C;</p><p>&#x901A;&#x8FC7;&#x624B;&#x672F;&#x65B9;&#x6CD5;&#xFF0C;&#x4EBA;&#x4E3A;&#x7684;&#x5C06;&#x4E0B;&#x7751;&#x7F29;&#x808C;&#x6298;&#x53E0;&#x3001;&#x7F29;&#x77ED;&#xFF0C;&#x4F7F;&#x4E0B;&#x7751;&#x7F18;&#x5411;&#x4E0B;&#x79FB;&#x52A8;&#xFF0C;&#x5728;&#x4FDD;&#x8BC1;&#x4E0B;&#x773C;&#x7751;&#x4E0D;&#x5411;&#x5916;&#x7FFB;&#x7684;&#x60C5;&#x51B5;&#x4E0B;&#xFF0C;&#x8BA9;&#x773C;&#x775B;&#x7EB5;&#x5411;&#x589E;&#x5927;&#x3002;</p>"},"Property":{"name":"档案","content":["\n                <li>&#x6CBB;&#x7597;&#x65B9;&#x5F0F;&#xFF1A;<span>&#x624B;&#x672F;</span></li>\n                <li>&#x75BC;&#x75DB;&#x611F;&#xFF1A;<span>2&#x9897;&#x661F;</span><a href=\"gengmei://common_webview?url=http://backend.gmei.com/hybrid/ache_level\">&#x67E5;&#x770B;&#x75BC;&#x75DB;&#x5206;&#x7EA7;</a></li>\n                <li>&#x7EF4;&#x6301;&#x65F6;&#x95F4;&#xFF1A;<span>&#x6C38;&#x4E45;</span></li>\n                <li>&#x6CBB;&#x7597;&#x65F6;&#x95F4;&#xFF1A;<span>30-60&#x5206;&#x949F;</span></li>\n                <li>&#x53C2;&#x8003;&#x4EF7;&#x683C;&#xFF1A;<span>5000-20000</span></li>\n                <li>&#x9EBB;&#x9189;&#x65B9;&#x5F0F;&#xFF1A;<span>&#x5C40;&#x9EBB;</span></li>\n                <li>&#x662F;&#x5426;&#x4F4F;&#x9662;&#xFF1A;<span>&#x5426;</span></li>\n                \n                <li>&#x62C6;&#x7EBF;&#x65F6;&#x95F4;&#xFF1A;<span>7-10&#x5929;</span></li>\n            "]},"Desc":{"name":"项目／手术原理","content":"<p>1.&#x8BBE;&#x8BA1;</p><p>2.&#x5168;&#x8EAB;&#x9EBB;&#x9189;</p><p>3.&#x7ED3;&#x819C;&#x5165;&#x8DEF;&#xFF0C;&#x5207;&#x9664;&#x4E0B;&#x7751;&#x7684;&#x7751;&#x677F;&#x4E0B;&#x7F18;</p><p>4.&#x7F1D;&#x5408;</p><p><img src=\"http://hera.s.gmei.com/2016/10/12/1a8e235488\" style=\"width: 395px;\"><br></p>"},"Sample":{"name":"效果示例","content":"<img src=\"http://hera.s.gmei.com/itemwiki/2016/10/12/5b0f0b83ef-w\">"},"BeforIdear":{"name":"效果示例","content":"<p>1&#x3001;&#x5973;&#x6027;&#x907F;&#x5F00;&#x4F8B;&#x5047;&#x671F;&#xFF0C;&#x53EF;&#x80FD;&#x4F1A;&#x5BFC;&#x81F4;&#x672F;&#x4E2D;&#x6216;&#x672F;&#x540E;&#x51FA;&#x8840;&#x76F8;&#x5BF9;&#x589E;&#x591A;&#x6216;&#x8005;&#x80BF;&#x80C0;&#x76F8;&#x5BF9;&#x52A0;&#x91CD;&#x73B0;&#x8C61;&#x3002;</p><p>2&#x3001;&#x624B;&#x672F;&#x524D;&#x4E24;&#x5468;&#x5185;&#xFF0C;&#x8BF7;&#x52FF;&#x670D;&#x7528;&#x56FA;&#x9187;&#x6FC0;&#x7D20;&#x548C;&#x963F;&#x65AF;&#x5339;&#x6797;&#x7C7B;&#x6297;&#x51DD;&#x836F;&#x7269;&#x3002;</p><p>3&#x3001;&#x624B;&#x672F;&#x5F53;&#x65E5;&#x4E0D;&#x8981;&#x5316;&#x5986;&#xFF0C;&#x4E5F;&#x4E0D;&#x8981;&#x6234;&#x88C5;&#x9970;&#x7269;&#x7B49;&#x3002;</p><p>4&#x3001;&#x598A;&#x5A20;&#x524D;&#x671F;(&#x4E09;&#x4E2A;&#x6708;)&#x6216;&#x598A;&#x5A20;&#x540E;&#x671F;(&#x4E09;&#x4E2A;&#x6708;)&#x6682;&#x7F13;&#x624B;&#x672F;&#x3002;</p><p>5&#x3001;&#x7537;&#x6027;&#x9700;&#x8981;&#x63D0;&#x524D;&#x6212;&#x70DF;&#x4E00;&#x5468;&#x3002;</p><p>6&#x3001;&#x5E38;&#x89C4;&#x8EAB;&#x4F53;&#x68C0;&#x67E5;&#x2014;&#x2014;&#x5168;&#x8EAB;&#x68C0;&#x67E5;&#xFF0C;&#x5404;&#x9879;&#x5316;&#x9A8C;&#x68C0;&#x67E5;&#xFF0C;&#x6D4B;&#x8840;&#x538B;&#x548C;&#x505A;&#x5FC3;&#x7535;&#x56FE;&#x7B49;&#x3002;</p>"},"AfterIdear":{"name":"优点","content":"<p>1&#x3001;&#x5F53;&#x5929;&#x5C40;&#x90E8;&#x4F24;&#x53E3;&#x53EF;&#x80FD;&#x51FA;&#x73B0;&#x5C11;&#x91CF;&#x6E17;&#x8840;&#xFF0C;&#x53EF;&#x7528;&#x624B;&#x638C;&#x8F7B;&#x538B;&#x672F;&#x533A;&#x7EB1;&#x5E03;15-30&#x5206;&#x949F;&#x6B62;&#x8840;&#x3002;</p><p>2&#x3001;72&#x5C0F;&#x65F6;&#x5185;&#xFF0C;&#x7528;&#x51B0;&#x888B;&#x51B0;&#x6577;&#xFF08;&#x888B;&#x88C5;&#x51BB;&#x725B;&#x5976;&#x4E5F;&#x53EF;&#xFF09;&#xFF0C;&#x534A;&#x5C0F;&#x65F6;&#x5DE6;&#x53F3;&#x4F11;&#x606F;&#x5341;&#x5206;&#x949F;&#xFF0C;&#x4EE5;&#x51CF;&#x5C11;&#x5C40;&#x90E8;&#x51FA;&#x8840;&#x53CA;&#x80BF;&#x80C0;&#x3002;72&#x5C0F;&#x65F6;&#x540E;&#xFF0C;&#x53EF;&#x5F00;&#x59CB;&#x5BF9;&#x624B;&#x672F;&#x533A;&#x70ED;&#x6577;&#xFF0C;&#x4EE5;&#x4FC3;&#x8FDB;&#x624B;&#x672F;&#x533A;&#x57DF;&#x7684;&#x6563;&#x6DE4;&#x6D88;&#x80BF;&#x3002;</p><p>3&#x3001;72&#x5C0F;&#x65F6;&#x540E;&#xFF0C;&#x53EF;&#x5F00;&#x59CB;&#x5BF9;&#x624B;&#x672F;&#x533A;&#x70ED;&#x6577;&#xFF0C;&#x4EE5;&#x4FC3;&#x8FDB;&#x624B;&#x672F;&#x533A;&#x57DF;&#x7684;&#x6563;&#x6DE4;&#x6D88;&#x80BF;&#x3002;</p><p>4&#x3001;&#x773C;&#x7751;&#x90E8;&#x7EB1;&#x5E03;&#x52A0;&#x538B;1-2&#x5929;&#xFF0C;&#x4E8E;&#x672F;&#x540E;24-48&#x5C0F;&#x65F6;&#x81EA;&#x884C;&#x89E3;&#x9664;&#xFF0C;&#x4E0D;&#x5FC5;&#x518D;&#x5305;&#x624E;&#x3002;</p><p>5&#x3001;&#x672F;&#x540E;2&#x5468;&#x5185;&#x4E0D;&#x8981;&#x770B;&#x7535;&#x89C6;&#x3001;&#x62A5;&#x7EB8;&#xFF0C;&#x5367;&#x5E8A;&#x4F11;&#x606F;&#x65F6;&#x6700;&#x597D;&#x534A;&#x5367;&#x4F4D;(&#x628A;&#x6795;&#x5934;&#x57AB;&#x9AD8;)&#xFF0C;&#x4EE5;&#x51CF;&#x8F7B;&#x773C;&#x7751;&#x90E8;&#x80BF;&#x80C0;&#xFF0C;&#x907F;&#x514D;&#x773C;&#x775B;&#x8FC7;&#x5EA6;&#x75B2;&#x52B3;&#x3002;</p><p>6&#x3001;&#x672F;&#x540E;&#x4E24;&#x5468;&#x5185;&#x4E25;&#x7981;&#x670D;&#x7528;&#x963F;&#x53F8;&#x5339;&#x6797;&#x3001;&#x6CD5;&#x6797;&#xFF0C;&#x6FC0;&#x7D20;&#xFF0C;&#x53CA;&#x6D3B;&#x8840;&#x5316;&#x6DE4;&#x7B49;&#x836F;&#x7269;&#x3002;</p><p>7&#x3001;&#x672F;&#x540E;&#x53EF;&#x4F69;&#x6234;&#x58A8;&#x955C;&#xFF0C;2&#x5468;&#x4EE5;&#x540E;&#x65B9;&#x53EF;&#x6234;&#x9690;&#x5F62;&#x773C;&#x955C;&#xFF0C;1&#x4E2A;&#x6708;&#x4EE5;&#x540E;&#x65B9;&#x53EF;&#x8D34;&#x5047;&#x773C;&#x776B;&#x6BDB;&#x3002;</p><p>8&#x3001;&#x4E00;&#x4E2A;&#x6708;&#x5185;&#x52FF;&#x98DF;&#x70DF;&#x9152;&#x3001;&#x8165;&#x3001;&#x8FA3;&#x7B49;&#x523A;&#x6FC0;&#x6027;&#x98DF;&#x7269;&#xFF0C;&#x7F8A;&#x8089;&#xFF0C;&#x9C7C;&#x7B49;&#xFF0C;&#x4EE5;&#x6E05;&#x6DE1;&#x8425;&#x517B;&#x996E;&#x98DF;&#x4E3A;&#x4F73;&#x3002;&#x4E00;&#x4E2A;&#x6708;&#x5185;&#x4E0D;&#x8981;&#x5316;&#x5986;&#xFF0C;&#x5207;&#x4E0D;&#x53EF;&#x4F7F;&#x7528;&#x542B;&#x6709;&#x91CD;&#x91D1;&#x5C5E;&#x7684;&#x5316;&#x5986;&#x62A4;&#x80A4;&#x54C1;&#xFF0C;&#x6709;&#x53EF;&#x80FD;&#x52A0;&#x91CD;&#x75A4;&#x75D5;&#x589E;&#x751F;&#x3002;</p>"},"GoodPoint":{"name":"缺点及风险","content":"<p>1.&#x773C;&#x775B;&#x7EB5;&#x5411;&#x6C38;&#x4E45;&#x53D8;&#x5927;&#x3002;</p><p>2.&#x6539;&#x5584;&#x540A;&#x68A2;&#x773C;&#x95EE;&#x9898;&#x3002;</p>"},"BadPoint":{"name":"术前锦囊","content":"<p>1.&#x624B;&#x672F;&#x4E0D;&#x5F53;&#xFF0C;&#x53EF;&#x80FD;&#x5BFC;&#x81F4;&#x4E0B;&#x7751;&#x5916;&#x7FFB;&#x3002;</p><p>2.&#x4E0B;&#x7751;&#x9000;&#x7F29;&#x4E25;&#x91CD;&#xFF0C;&#x773C;&#x775B;&#x4F1A;&#x53D1;&#x708E;&#x3001;&#x4E0D;&#x9002;&#x3002;</p><p>3.&#x5916;&#x5207;&#x6CD5;&#x53EF;&#x80FD;&#x4F1A;&#x6709;&#x75A4;&#x75D5;&#x9057;&#x7559;&#x3002;</p>"}}