{"Title":"光纤溶脂","Related":{"name":"关联百科","content":[{"relatedId":"726","name":"负压吸脂"},{"relatedId":"561","name":"射频溶脂"},{"relatedId":"725","name":"水动力吸脂"},{"relatedId":"559","name":"冷冻溶脂"},{"relatedId":"560","name":"超声溶脂"}]},"ShorDesc":{"name":"简介","content":"<p class=\"MsoNormal\" align=\"left\"><span style=\"mso-bidi-font-size:\n10.5pt;font-family:&#x5B8B;&#x4F53;;mso-ascii-theme-font:minor-fareast;mso-fareast-font-family:\n&#x5B8B;&#x4F53;;mso-fareast-theme-font:minor-fareast;mso-hansi-theme-font:minor-fareast\">&#x9002;&#x5E94;&#x75C7;&#xFF1A;&#x773C;&#x888B;&#x3001;&#x8774;&#x8776;&#x8896;&#x3001;&#x4E0A;&#x8179;&#x90E8;&#x8D58;&#x8089;&#x3001;&#x53CC;&#x4E0B;&#x5DF4;&#x3001;&#x8138;&#x80D6;&#x3001;&#x5A74;&#x513F;&#x80A5;&#x3001;&#x819D;&#x76D6;&#x5185;&#x4FA7;&#x8102;&#x80AA;&#x5806;&#x79EF;&#x3001;&#x5927;&#x817F;&#x5185;&#x4FA7;&#x8089;&#x591A;&#x3001;&#x9762;&#x90E8;&#x76AE;&#x80A4;&#x677E;&#x5F1B;&#x4E0B;&#x5782;&#x3001;&#x8EAB;&#x4F53;&#x76AE;&#x80A4;&#x677E;&#x5F1B;<span lang=\"EN-US\"><o:p></o:p></span></span></p><p>\n\n</p><p class=\"MsoNormal\" align=\"left\"><span style=\"font-family:\n&#x5B8B;&#x4F53;;mso-ascii-font-family:Calibri;mso-ascii-theme-font:minor-latin;mso-fareast-font-family:\n&#x5B8B;&#x4F53;;mso-fareast-theme-font:minor-fareast;mso-hansi-font-family:Calibri;\nmso-hansi-theme-font:minor-latin\">&#x5149;&#x7EA4;&#x6EB6;&#x8102;&#x624B;&#x672F;&#x662F;&#x7ED3;&#x5408;&#x6FC0;&#x5149;&#x6280;&#x672F;&#x548C;&#x6CE8;&#x5C04;&#x6280;&#x672F;&#x7684;&#x4E00;&#x79CD;&#x53BB;&#x8102;&#x624B;&#x672F;&#x3002;&#x548C;&#x4F20;&#x7EDF;&#x5438;&#x8102;&#x624B;&#x672F;&#x4E4B;&#x95F4;&#x7684;&#x533A;&#x522B;&#x662F;&#x521B;&#x4F24;&#x66F4;&#x5C0F;&#xFF08;&#x6062;&#x590D;&#x671F;&#x6781;&#x77ED;&#xFF09;&#x3001;&#x66F4;&#x5B89;&#x5168;&#xFF08;&#x51FA;&#x8840;&#x5C11;&#xFF09;&#x3002;&#x5149;&#x7EA4;&#x6EB6;&#x8102;&#x9002;&#x5408;&#x89E3;&#x51B3;&#x4F20;&#x7EDF;&#x5438;&#x8102;&#x624B;&#x672F;&#x4E0D;&#x6613;&#x6CBB;&#x7597;&#x7684;&#x90E8;&#x4F4D;&#xFF0C;&#x6BD4;&#x5982;&#xFF1A;&#x4E0B;&#x5DF4;&#x3001;&#x9762;&#x988A;&#x3001;&#x773C;&#x888B;&#x3001;&#x4E0A;&#x8179;&#x90E8;&#x3001;&#x80CC;&#x90E8;&#x3001;&#x819D;&#x76D6;&#x3001;&#x8774;&#x8776;&#x8896;&#x7B49;&#x3002;</span><span lang=\"EN-US\"><o:p></o:p></span></p>"},"Property":{"name":"档案","content":["\n                <li>&#x6CBB;&#x7597;&#x65B9;&#x5F0F;&#xFF1A;<span>&#x624B;&#x672F;</span></li>\n                <li>&#x75BC;&#x75DB;&#x611F;&#xFF1A;<span>2&#x9897;&#x661F;</span><a href=\"gengmei://common_webview?url=http://backend.gmei.com/hybrid/ache_level\">&#x67E5;&#x770B;&#x75BC;&#x75DB;&#x5206;&#x7EA7;</a></li>\n                <li>&#x7EF4;&#x6301;&#x65F6;&#x95F4;&#xFF1A;<span>&#x6C38;&#x4E45;</span></li>\n                <li>&#x6CBB;&#x7597;&#x65F6;&#x95F4;&#xFF1A;<span>90-120&#x5206;&#x949F;</span></li>\n                <li>&#x53C2;&#x8003;&#x4EF7;&#x683C;&#xFF1A;<span>20000-50000</span></li>\n                <li>&#x9EBB;&#x9189;&#x65B9;&#x5F0F;&#xFF1A;<span>&#x5C40;&#x9EBB;</span></li>\n                <li>&#x662F;&#x5426;&#x4F4F;&#x9662;&#xFF1A;<span>&#x5426;</span></li>\n                \n                <li>&#x62C6;&#x7EBF;&#x65F6;&#x95F4;&#xFF1A;<span>0-0&#x5929;</span></li>\n            "]},"Desc":{"name":"项目／手术原理","content":"<p class=\"MsoNormal\" align=\"left\"><span lang=\"EN-US\">1.</span><span style=\"font-family:&#x5B8B;&#x4F53;;mso-ascii-font-family:Calibri;mso-ascii-theme-font:minor-latin;\nmso-fareast-font-family:&#x5B8B;&#x4F53;;mso-fareast-theme-font:minor-fareast;mso-hansi-font-family:\nCalibri;mso-hansi-theme-font:minor-latin\">&#x5728;&#x6EB6;&#x8102;&#x90E8;&#x4F4D;&#x505A;&#x6807;&#x8BB0;&#x3001;&#x5168;&#x9762;&#x6D88;&#x6BD2;&#x3002;</span><span lang=\"EN-US\"><o:p></o:p></span></p><p class=\"MsoNormal\" align=\"left\"><span lang=\"EN-US\">2.</span><span style=\"font-family:&#x5B8B;&#x4F53;;mso-ascii-font-family:Calibri;mso-ascii-theme-font:minor-latin;\nmso-fareast-font-family:&#x5B8B;&#x4F53;;mso-fareast-theme-font:minor-fareast;mso-hansi-font-family:\nCalibri;mso-hansi-theme-font:minor-latin\">&#x8FDB;&#x884C;&#x5C40;&#x90E8;&#x9EBB;&#x9189;&#x3001;&#x5728;&#x9700;&#x8981;&#x5438;&#x8102;&#x7684;&#x533A;&#x57DF;&#x6CE8;&#x5C04;&#x80BF;&#x80C0;&#x6DB2;&#xFF08;&#x6709;&#x9EBB;&#x9189;&#x3001;&#x6B62;&#x8840;&#x3001;&#x4FDD;&#x62A4;&#x5468;&#x56F4;&#x7EC4;&#x7EC7;&#x5668;&#x5B98;&#x7684;&#x4F5C;&#x7528;&#xFF09;&#x3002;</span><span lang=\"EN-US\"><o:p></o:p></span></p><p class=\"MsoNormal\" align=\"left\"><span lang=\"EN-US\">3.</span><span style=\"font-family:&#x5B8B;&#x4F53;;mso-ascii-font-family:Calibri;mso-ascii-theme-font:minor-latin;\nmso-fareast-font-family:&#x5B8B;&#x4F53;;mso-fareast-theme-font:minor-fareast;mso-hansi-font-family:\nCalibri;mso-hansi-theme-font:minor-latin\">&#x5C06;&#x76F4;&#x5F84;</span><span lang=\"EN-US\">1-2</span><span style=\"font-family:&#x5B8B;&#x4F53;;mso-ascii-font-family:Calibri;mso-ascii-theme-font:minor-latin;\nmso-fareast-font-family:&#x5B8B;&#x4F53;;mso-fareast-theme-font:minor-fareast;mso-hansi-font-family:\nCalibri;mso-hansi-theme-font:minor-latin\">&#x6BEB;&#x7C73;&#x6FC0;&#x5149;&#x53D1;&#x5C04;&#x5BFC;&#x7BA1;&#x63D2;&#x5165;&#x8102;&#x80AA;&#x5C42;&#xFF0C;&#x8FDB;&#x884C;&#x6FC0;&#x5149;&#x6EB6;&#x8102;&#x3002;</span><span lang=\"EN-US\"><o:p></o:p></span></p><p class=\"MsoNormal\" align=\"left\"><span lang=\"EN-US\">4.</span><span style=\"font-family:&#x5B8B;&#x4F53;;mso-ascii-font-family:Calibri;mso-ascii-theme-font:minor-latin;\nmso-fareast-font-family:&#x5B8B;&#x4F53;;mso-fareast-theme-font:minor-fareast;mso-hansi-font-family:\nCalibri;mso-hansi-theme-font:minor-latin\">&#x5229;&#x7528;&#x771F;&#x7A7A;&#x8D1F;&#x538B;&#xFF08;&#x6216;&#x4EBA;&#x4F53;&#x65B0;&#x9648;&#x4EE3;&#x8C22;&#x529F;&#x80FD;&#xFF09;&#x5C06;&#x8102;&#x80AA;&#x6DB2;&#x6D3E;&#x51FA;&#x4F53;&#x5916;&#x3002;</span><span lang=\"EN-US\"><o:p></o:p></span></p><p>\n\n\n\n\n\n\n\n</p><p class=\"MsoNormal\" align=\"left\"><span lang=\"EN-US\">5.</span><span style=\"font-family:&#x5B8B;&#x4F53;;mso-ascii-font-family:Calibri;mso-ascii-theme-font:minor-latin;\nmso-fareast-font-family:&#x5B8B;&#x4F53;;mso-fareast-theme-font:minor-fareast;mso-hansi-font-family:\nCalibri;mso-hansi-theme-font:minor-latin\">&#x52A0;&#x538B;&#x5305;&#x624E;&#x9488;&#x5B54;&#x3002;</span></p><p class=\"MsoNormal\" align=\"left\"><img src=\"http://hera.s.gmei.com/2016/10/11/63e913a491\" style=\"width: 550px;\"><span style=\"font-family:&#x5B8B;&#x4F53;;mso-ascii-font-family:Calibri;mso-ascii-theme-font:minor-latin;\nmso-fareast-font-family:&#x5B8B;&#x4F53;;mso-fareast-theme-font:minor-fareast;mso-hansi-font-family:\nCalibri;mso-hansi-theme-font:minor-latin\"><br></span><span lang=\"EN-US\"><o:p></o:p></span></p>"},"Sample":{"name":"效果示例","content":"<img src=\"http://hera.s.gmei.com/itemwiki/2016/10/11/3d06c785c1-w\">"},"BeforIdear":{"name":"效果示例","content":"<p class=\"MsoNormal\" align=\"left\"><span lang=\"EN-US\">1.</span><span style=\"font-family:&#x5B8B;&#x4F53;;mso-ascii-font-family:Calibri;mso-ascii-theme-font:minor-latin;\nmso-fareast-font-family:&#x5B8B;&#x4F53;;mso-fareast-theme-font:minor-fareast;mso-hansi-font-family:\nCalibri;mso-hansi-theme-font:minor-latin\">&#x4E0E;&#x533B;&#x751F;&#x5145;&#x5206;&#x6C9F;&#x901A;&#xFF0C;&#x786E;&#x8BA4;&#x5438;&#x8102;&#x91CF;&#x4E0E;&#x5438;&#x8102;&#x90E8;&#x4F4D;&#x3002;</span><span lang=\"EN-US\"><o:p></o:p></span></p><p class=\"MsoNormal\" align=\"left\"><span lang=\"EN-US\">2.</span><span style=\"font-family:&#x5B8B;&#x4F53;;mso-ascii-font-family:Calibri;mso-ascii-theme-font:minor-latin;\nmso-fareast-font-family:&#x5B8B;&#x4F53;;mso-fareast-theme-font:minor-fareast;mso-hansi-font-family:\nCalibri;mso-hansi-theme-font:minor-latin\">&#x914D;&#x5408;&#x533B;&#x9662;&#x505A;&#x5E38;&#x89C4;&#x68C0;&#x67E5;&#x3002;</span><span lang=\"EN-US\"><o:p></o:p></span></p><p class=\"MsoNormal\" align=\"left\"><span lang=\"EN-US\">3.</span><span style=\"font-family:&#x5B8B;&#x4F53;;mso-ascii-font-family:Calibri;mso-ascii-theme-font:minor-latin;\nmso-fareast-font-family:&#x5B8B;&#x4F53;;mso-fareast-theme-font:minor-fareast;mso-hansi-font-family:\nCalibri;mso-hansi-theme-font:minor-latin\">&#x672F;&#x524D;&#x4E24;&#x5468;&#x7981;&#x670D;&#x6297;&#x51DD;&#x836F;&#x7269;&#xFF08;&#x5982;&#x963F;&#x65AF;&#x5339;&#x6797;</span><span lang=\"EN-US\">,</span><span style=\"font-family:&#x5B8B;&#x4F53;;mso-ascii-font-family:Calibri;\nmso-ascii-theme-font:minor-latin;mso-fareast-font-family:&#x5B8B;&#x4F53;;mso-fareast-theme-font:\nminor-fareast;mso-hansi-font-family:Calibri;mso-hansi-theme-font:minor-latin\">&#x7EF4;&#x751F;&#x7D20;</span><span lang=\"EN-US\">E</span><span style=\"font-family:&#x5B8B;&#x4F53;;mso-ascii-font-family:Calibri;\nmso-ascii-theme-font:minor-latin;mso-fareast-font-family:&#x5B8B;&#x4F53;;mso-fareast-theme-font:\nminor-fareast;mso-hansi-font-family:Calibri;mso-hansi-theme-font:minor-latin\">&#x7B49;&#xFF09;&#x3002;</span><span lang=\"EN-US\"><o:p></o:p></span></p><p class=\"MsoNormal\" align=\"left\"><span lang=\"EN-US\">4.</span><span style=\"font-family:&#x5B8B;&#x4F53;;mso-ascii-font-family:Calibri;mso-ascii-theme-font:minor-latin;\nmso-fareast-font-family:&#x5B8B;&#x4F53;;mso-fareast-theme-font:minor-fareast;mso-hansi-font-family:\nCalibri;mso-hansi-theme-font:minor-latin\">&#x672F;&#x524D;&#x4E00;&#x5468;&#x6212;&#x70DF;&#x9152;&#x3002;</span><span lang=\"EN-US\"><o:p></o:p></span></p><p class=\"MsoNormal\" align=\"left\"><span lang=\"EN-US\">5.</span><span style=\"font-family:&#x5B8B;&#x4F53;;mso-ascii-font-family:Calibri;mso-ascii-theme-font:minor-latin;\nmso-fareast-font-family:&#x5B8B;&#x4F53;;mso-fareast-theme-font:minor-fareast;mso-hansi-font-family:\nCalibri;mso-hansi-theme-font:minor-latin\">&#x5973;&#x6027;&#x5E94;&#x907F;&#x5F00;&#x6708;&#x7ECF;&#x671F;&#x3001;&#x598A;&#x5A20;&#x671F;&#x548C;&#x54FA;&#x4E73;&#x671F;&#x3002;</span><span lang=\"EN-US\"><o:p></o:p></span></p><p>\n\n\n\n\n\n\n\n\n\n</p><p class=\"MsoNormal\" align=\"left\"><span lang=\"EN-US\">6.</span><span style=\"font-family:&#x5B8B;&#x4F53;;mso-ascii-font-family:Calibri;mso-ascii-theme-font:minor-latin;\nmso-fareast-font-family:&#x5B8B;&#x4F53;;mso-fareast-theme-font:minor-fareast;mso-hansi-font-family:\nCalibri;mso-hansi-theme-font:minor-latin\">&#x672F;&#x524D;&#x4E00;&#x5929;&#x6E05;&#x6D01;&#x5934;&#x9762;&#x4E0E;&#x8EAB;&#x4F53;&#x3002;</span><span lang=\"EN-US\"><o:p></o:p></span></p>"},"AfterIdear":{"name":"优点","content":"<p class=\"MsoNormal\" align=\"left\"><span lang=\"EN-US\">1.</span><span style=\"font-family:&#x5B8B;&#x4F53;;mso-ascii-font-family:Calibri;mso-ascii-theme-font:minor-latin;\nmso-fareast-font-family:&#x5B8B;&#x4F53;;mso-fareast-theme-font:minor-fareast;mso-hansi-font-family:\nCalibri;mso-hansi-theme-font:minor-latin\">&#x9075;&#x5FAA;&#x533B;&#x5631;&#x670D;&#x7528;&#x6D88;&#x708E;&#x836F;&#x3001;&#x6B62;&#x75DB;&#x836F;</span><span lang=\"EN-US\">3-5</span><span style=\"font-family:&#x5B8B;&#x4F53;;mso-ascii-font-family:Calibri;mso-ascii-theme-font:minor-latin;\nmso-fareast-font-family:&#x5B8B;&#x4F53;;mso-fareast-theme-font:minor-fareast;mso-hansi-font-family:\nCalibri;mso-hansi-theme-font:minor-latin\">&#x5929;&#x3002;</span><span lang=\"EN-US\"><o:p></o:p></span></p><p class=\"MsoNormal\" align=\"left\"><span lang=\"EN-US\">2.</span><span style=\"font-family:&#x5B8B;&#x4F53;;mso-ascii-font-family:Calibri;mso-ascii-theme-font:minor-latin;\nmso-fareast-font-family:&#x5B8B;&#x4F53;;mso-fareast-theme-font:minor-fareast;mso-hansi-font-family:\nCalibri;mso-hansi-theme-font:minor-latin\">&#x9488;&#x5B54;&#x672F;&#x540E;</span><span lang=\"EN-US\">1-2</span><span style=\"font-family:&#x5B8B;&#x4F53;;mso-ascii-font-family:Calibri;mso-ascii-theme-font:minor-latin;\nmso-fareast-font-family:&#x5B8B;&#x4F53;;mso-fareast-theme-font:minor-fareast;mso-hansi-font-family:\nCalibri;mso-hansi-theme-font:minor-latin\">&#x5929;&#x4F1A;&#x6709;&#x6DB2;&#x4F53;&#x6E17;&#x51FA;&#xFF0C;&#x5E94;&#x4F7F;&#x7528;&#x65E0;&#x83CC;&#x751F;&#x7406;&#x76D0;&#x6C34;&#x6216;&#x7898;&#x4F0F;&#x6D88;&#x6BD2;&#x5E76;&#x66F4;&#x6362;&#x7EB1;&#x5E03;&#x3002;&#x4E00;&#x5929;&#x66F4;&#x6362;</span><span lang=\"EN-US\">1-2</span><span style=\"font-family:&#x5B8B;&#x4F53;;mso-ascii-font-family:Calibri;\nmso-ascii-theme-font:minor-latin;mso-fareast-font-family:&#x5B8B;&#x4F53;;mso-fareast-theme-font:\nminor-fareast;mso-hansi-font-family:Calibri;mso-hansi-theme-font:minor-latin\">&#x6B21;&#x7EB1;&#x5E03;&#x3002;</span><span lang=\"EN-US\"><o:p></o:p></span></p><p class=\"MsoNormal\" align=\"left\"><span lang=\"EN-US\">3.</span><span style=\"font-family:&#x5B8B;&#x4F53;;mso-ascii-font-family:Calibri;mso-ascii-theme-font:minor-latin;\nmso-fareast-font-family:&#x5B8B;&#x4F53;;mso-fareast-theme-font:minor-fareast;mso-hansi-font-family:\nCalibri;mso-hansi-theme-font:minor-latin\">&#x4F24;&#x53E3;&#x6108;&#x5408;&#x524D;&#xFF0C;&#x907F;&#x514D;&#x78B0;&#x6C34;&#xFF0C;&#x4E25;&#x7981;&#x76C6;&#x6D74;&#x3001;&#x6CE1;&#x6FA1;&#x3002;</span><span lang=\"EN-US\"><o:p></o:p></span></p><p class=\"MsoNormal\" align=\"left\"><span lang=\"EN-US\">4.</span><span style=\"font-family:&#x5B8B;&#x4F53;;mso-ascii-font-family:Calibri;mso-ascii-theme-font:minor-latin;\nmso-fareast-font-family:&#x5B8B;&#x4F53;;mso-fareast-theme-font:minor-fareast;mso-hansi-font-family:\nCalibri;mso-hansi-theme-font:minor-latin\">&#x4F24;&#x53E3;&#x6108;&#x5408;&#x540E;&#xFF0C;&#x81F3;&#x672F;&#x540E;&#x534A;&#x5E74;&#xFF0C;&#x5E94;&#x6BCF;&#x5929;&#x6309;&#x6469;</span><span lang=\"EN-US\">30</span><span style=\"font-family:&#x5B8B;&#x4F53;;mso-ascii-font-family:Calibri;\nmso-ascii-theme-font:minor-latin;mso-fareast-font-family:&#x5B8B;&#x4F53;;mso-fareast-theme-font:\nminor-fareast;mso-hansi-font-family:Calibri;mso-hansi-theme-font:minor-latin\">&#x5206;&#x949F;&#x3002;</span><span lang=\"EN-US\"><o:p></o:p></span></p><p class=\"MsoNormal\" align=\"left\"><span lang=\"EN-US\">5.</span><span style=\"font-family:&#x5B8B;&#x4F53;;mso-ascii-font-family:Calibri;mso-ascii-theme-font:minor-latin;\nmso-fareast-font-family:&#x5B8B;&#x4F53;;mso-fareast-theme-font:minor-fareast;mso-hansi-font-family:\nCalibri;mso-hansi-theme-font:minor-latin\">&#x7A7F;</span><span lang=\"EN-US\">7</span><span style=\"font-family:&#x5B8B;&#x4F53;;mso-ascii-font-family:Calibri;mso-ascii-theme-font:minor-latin;\nmso-fareast-font-family:&#x5B8B;&#x4F53;;mso-fareast-theme-font:minor-fareast;mso-hansi-font-family:\nCalibri;mso-hansi-theme-font:minor-latin\">&#x5929;&#x5851;&#x8EAB;&#x8863;&#x3002;</span><span lang=\"EN-US\"><o:p></o:p></span></p><p>\n\n\n\n\n\n\n\n\n\n</p><p class=\"MsoNormal\" align=\"left\"><span lang=\"EN-US\">6.</span><span style=\"font-family:&#x5B8B;&#x4F53;;mso-ascii-font-family:Calibri;mso-ascii-theme-font:minor-latin;\nmso-fareast-font-family:&#x5B8B;&#x4F53;;mso-fareast-theme-font:minor-fareast;mso-hansi-font-family:\nCalibri;mso-hansi-theme-font:minor-latin\">&#x672F;&#x540E;&#x5B9A;&#x671F;&#x590D;&#x8BCA;&#x3002;</span><span lang=\"EN-US\"><o:p></o:p></span></p>"},"GoodPoint":{"name":"缺点及风险","content":"<p class=\"MsoNormal\" align=\"left\"><span lang=\"EN-US\">1.</span><span style=\"font-family:&#x5B8B;&#x4F53;;mso-ascii-font-family:Calibri;mso-ascii-theme-font:minor-latin;\nmso-fareast-font-family:&#x5B8B;&#x4F53;;mso-fareast-theme-font:minor-fareast;mso-hansi-font-family:\nCalibri;mso-hansi-theme-font:minor-latin\">&#x5149;&#x7EA4;&#x6EB6;&#x8102;&#x7684;&#x540C;&#x65F6;&#x8FD8;&#x80FD;&#x51DD;&#x56FA;&#x5C0F;&#x8840;&#x7BA1;&#x4ECE;&#x800C;&#x51CF;&#x5C11;&#x51FA;&#x8840;&#x3002;</span><span lang=\"EN-US\"><o:p></o:p></span></p><p class=\"MsoNormal\" align=\"left\"><span lang=\"EN-US\">2.</span><span style=\"font-family:&#x5B8B;&#x4F53;;mso-ascii-font-family:Calibri;mso-ascii-theme-font:minor-latin;\nmso-fareast-font-family:&#x5B8B;&#x4F53;;mso-fareast-theme-font:minor-fareast;mso-hansi-font-family:\nCalibri;mso-hansi-theme-font:minor-latin\">&#x5149;&#x7EA4;&#x6EB6;&#x8102;&#x7684;&#x540C;&#x65F6;&#x80FD;&#x8FDB;&#x884C;&#x706D;&#x83CC;&#x6D88;&#x6BD2;&#xFF0C;&#x9632;&#x6B62;&#x611F;&#x67D3;&#x3002;</span><span lang=\"EN-US\"><o:p></o:p></span></p><p class=\"MsoNormal\" align=\"left\"><span lang=\"EN-US\">3.</span><span style=\"font-family:&#x5B8B;&#x4F53;;mso-ascii-font-family:Calibri;mso-ascii-theme-font:minor-latin;\nmso-fareast-font-family:&#x5B8B;&#x4F53;;mso-fareast-theme-font:minor-fareast;mso-hansi-font-family:\nCalibri;mso-hansi-theme-font:minor-latin\">&#x4E0E;&#x4F20;&#x7EDF;&#x5438;&#x8102;&#x624B;&#x672F;&#x76F8;&#x6BD4;&#xFF0C;&#x5B83;&#x53EA;&#x9700;&#x5C40;&#x9EBB;&#xFF08;&#x65E0;&#x75DB;&#x611F;&#xFF09;&#x3001;&#x5FAE;&#x521B;&#xFF08;&#x51E0;&#x4E4E;&#x4E0D;&#x51FA;&#x8840;&#x3001;&#x6CA1;&#x6709;&#x6301;&#x7EED;&#x7684;&#x8840;&#x80BF;&#x6216;&#x6C34;&#x80BF;&#xFF09;&#x3001;&#x6062;&#x590D;&#x671F;&#x77ED;&#x3001;&#x65E0;&#x9700;&#x62C6;&#x7EBF;&#x3001;&#x52A0;&#x538B;&#x7A7F;&#x7D27;&#x8EAB;&#x8863;&#x65F6;&#x95F4;&#x77ED;&#x3002;</span><span lang=\"EN-US\"><o:p></o:p></span></p><p class=\"MsoNormal\" align=\"left\"><span lang=\"EN-US\">4.</span><span style=\"font-family:&#x5B8B;&#x4F53;;mso-ascii-font-family:Calibri;mso-ascii-theme-font:minor-latin;\nmso-fareast-font-family:&#x5B8B;&#x4F53;;mso-fareast-theme-font:minor-fareast;mso-hansi-font-family:\nCalibri;mso-hansi-theme-font:minor-latin\">&#x4E0E;&#x4F20;&#x7EDF;&#x5438;&#x8102;&#x624B;&#x672F;&#x53CA;&#x65E0;&#x521B;&#x6EB6;&#x8102;&#x624B;&#x6BB5;&#x76F8;&#x6BD4;&#xFF0C;&#x5B83;&#x66F4;&#x9002;&#x5408;&#x5904;&#x7406;&#x8F83;&#x7EC6;&#x8282;&#x7684;&#x90E8;&#x4F4D;&#x7684;&#x8102;&#x80AA;&#x5806;&#x79EF;&#xFF0C;&#x6BD4;&#x5982;&#xFF1A;&#x8138;&#x90E8;&#x3001;&#x4E0B;&#x5DF4;&#x3001;&#x8774;&#x8776;&#x8896;&#x3001;&#x819D;&#x76D6;&#x3001;&#x4E0A;&#x8179;&#x90E8;&#x3001;&#x5927;&#x817F;&#x5167;&#x5074;&#x7B49;&#x3002;</span><span lang=\"EN-US\"><o:p></o:p></span></p><p class=\"MsoNormal\" align=\"left\"><span lang=\"EN-US\">5.</span><span style=\"font-family:&#x5B8B;&#x4F53;;mso-ascii-font-family:Calibri;mso-ascii-theme-font:minor-latin;\nmso-fareast-font-family:&#x5B8B;&#x4F53;;mso-fareast-theme-font:minor-fareast;mso-hansi-font-family:\nCalibri;mso-hansi-theme-font:minor-latin\">&#x4E0E;&#x4F20;&#x7EDF;&#x5438;&#x8102;&#x624B;&#x672F;&#x76F8;&#x6BD4;&#xFF0C;&#x5149;&#x7EA4;&#x6EB6;&#x8102;&#x6CBB;&#x7597;&#x6548;&#x679C;&#x5747;&#x5300;&#xFF1A;&#x672F;&#x533A;&#x4E0E;&#x975E;&#x624B;&#x672F;&#x533A;&#x5E73;&#x7F13;&#x8FC7;&#x5EA6;&#xFF0C;&#x53EF;&#x4EE5;&#x907F;&#x514D;&#x672F;&#x540E;&#x51F9;&#x51F8;&#x4E0D;&#x5E73;&#x7684;&#x95EE;&#x9898;&#x3002;</span><span lang=\"EN-US\"><o:p></o:p></span></p><p class=\"MsoNormal\" align=\"left\"><span lang=\"EN-US\">6.</span><span style=\"font-family:&#x5B8B;&#x4F53;;mso-ascii-font-family:Calibri;mso-ascii-theme-font:minor-latin;\nmso-fareast-font-family:&#x5B8B;&#x4F53;;mso-fareast-theme-font:minor-fareast;mso-hansi-font-family:\nCalibri;mso-hansi-theme-font:minor-latin\">&#x5149;&#x7EA4;&#x6EB6;&#x8102;&#x8FD8;&#x80FD;&#x523A;&#x6FC0;&#x76AE;&#x4E0B;&#x80F6;&#x539F;&#x518D;&#x751F;&#xFF0C;&#x8FBE;&#x5230;&#x5AE9;&#x80A4;&#x3001;&#x7D27;&#x80A4;&#x7684;&#x6548;&#x679C;&#x3001;&#x6539;&#x5584;&#x6A58;&#x76AE;&#x3002;</span><span lang=\"EN-US\"><o:p></o:p></span></p><p>\n\n\n\n\n\n\n\n\n\n\n\n</p><p class=\"MsoNormal\" align=\"left\"><span lang=\"EN-US\">7.</span><span style=\"font-family:&#x5B8B;&#x4F53;;mso-ascii-font-family:Calibri;mso-ascii-theme-font:minor-latin;\nmso-fareast-font-family:&#x5B8B;&#x4F53;;mso-fareast-theme-font:minor-fareast;mso-hansi-font-family:\nCalibri;mso-hansi-theme-font:minor-latin\">&#x9002;&#x5408;&#x9762;&#x90E8;&#x4E2D;&#x5C0F;&#x91CF;&#x591A;&#x4F59;&#x8102;&#x80AA;&#x7684;&#x6EB6;&#x89E3;&#xFF0C;&#x56E0;&#x6B64;&#x5F88;&#x9002;&#x5408;&#x89E3;&#x51B3;&#x9762;&#x90E8;&#x8102;&#x80AA;&#x586B;&#x5145;&#x8FC7;&#x91CF;&#x7684;&#x4FEE;&#x590D;&#x3002;</span><span lang=\"EN-US\"><o:p></o:p></span></p>"},"BadPoint":{"name":"术前锦囊","content":"<p class=\"MsoNormal\" align=\"left\"><span lang=\"EN-US\">1.</span><span style=\"font-family:&#x5B8B;&#x4F53;;mso-ascii-font-family:Calibri;mso-ascii-theme-font:minor-latin;\nmso-fareast-font-family:&#x5B8B;&#x4F53;;mso-fareast-theme-font:minor-fareast;mso-hansi-font-family:\nCalibri;mso-hansi-theme-font:minor-latin\">&#x53EA;&#x9002;&#x5408;&#x5C0F;&#x8303;&#x56F4;&#x3001;&#x5C11;&#x91CF;&#x8102;&#x80AA;&#x7684;&#x6EB6;&#x8102;&#x3002;&#x50CF;&#x8170;&#x8179;&#x3001;&#x5927;&#x817F;&#x5927;&#x9762;&#x79EF;&#x7684;&#x8102;&#x80AA;&#x6548;&#x679C;&#x8FDC;&#x4E0D;&#x5982;&#x4F20;&#x7EDF;&#x5438;&#x8102;&#x624B;&#x672F;&#x3002;</span><span lang=\"EN-US\"><o:p></o:p></span></p><p class=\"MsoNormal\" align=\"left\"><span lang=\"EN-US\">2.</span><span style=\"font-family:&#x5B8B;&#x4F53;;mso-ascii-font-family:Calibri;mso-ascii-theme-font:minor-latin;\nmso-fareast-font-family:&#x5B8B;&#x4F53;;mso-fareast-theme-font:minor-fareast;mso-hansi-font-family:\nCalibri;mso-hansi-theme-font:minor-latin\">&#x548C;&#x65E0;&#x521B;&#x6EB6;&#x8102;&#x76F8;&#x6BD4;&#xFF0C;&#x5149;&#x7EA4;&#x6EB6;&#x8102;&#x9700;&#x8981;&#x6062;&#x590D;&#x671F;&#x3001;&#x9700;&#x8981;&#x7A7F;&#x5851;&#x8EAB;&#x8863;&#x3002;</span><span lang=\"EN-US\"><o:p></o:p></span></p><p>\n\n\n\n</p><p class=\"MsoNormal\" align=\"left\"><span lang=\"EN-US\">3.</span><span style=\"font-family:&#x5B8B;&#x4F53;;mso-ascii-font-family:Calibri;mso-ascii-theme-font:minor-latin;\nmso-fareast-font-family:&#x5B8B;&#x4F53;;mso-fareast-theme-font:minor-fareast;mso-hansi-font-family:\nCalibri;mso-hansi-theme-font:minor-latin\">&#x53EF;&#x80FD;&#x51FA;&#x73B0;&#x76AE;&#x80A4;&#x53CA;&#x6DF1;&#x5C42;&#x7EC4;&#x7EC7;&#x70EB;&#x4F24;&#x3001;&#x8840;&#x6E05;&#x80BF;&#x3001;&#x76AE;&#x80A4;&#x7600;&#x6591;&#xFF08;&#x65E0;&#x9700;&#x5904;&#x7406;&#xFF09;&#x3001;&#x8272;&#x7D20;&#x6C89;&#x7740;&#x53CA;&#x8102;&#x80AA;&#x6813;&#x585E;&#x7B49;&#x5E76;&#x53D1;&#x75C7;&#x3002;</span><span lang=\"EN-US\"><o:p></o:p></span></p>"}}