{"Title":"热玛吉","Related":{"name":"关联百科","content":[{"relatedId":"717","name":"射频提升"},{"relatedId":"302","name":"光子嫩肤"},{"relatedId":"708","name":"抗衰提升"}]},"ShorDesc":{"name":"简介","content":"<p class=\"MsoNormal\">&#x54C1;&#x724C;&#x540D;&#x79F0;&#xFF1A;&#x70ED;&#x739B;&#x5409;&#xFF08;<span lang=\"EN-US\">Thermage)</span>&#x53C8;&#x540D;&#x5851;&#x7F8E;&#x6781;<span lang=\"EN-US\"><o:p></o:p></span></p><p class=\"MsoNormal\">&#x751F;&#x4EA7;&#x5546;&#xFF1A;&#x7F8E;&#x56FD;<span lang=\"EN-US\">SOLTA Medical</span>&#xFF08;&#x73B0;&#x88AB;&#x535A;&#x58EB;&#x4F26;&#x4EE3;&#x7406;&#xFF09;<span lang=\"EN-US\"><o:p></o:p></span></p><p class=\"MsoNormal\">&#x5C5E;&#x6027;&#xFF1A;&#x4E00;&#x79CD;&#x4E13;&#x4E1A;&#x7684;&#x975E;&#x624B;&#x672F;&#x7D27;&#x80A4;&#x3001;&#x9664;&#x76B1;&#x3001;&#x5851;&#x5F62;&#x8BBE;&#x5907;<span lang=\"EN-US\"><o:p></o:p></span></p><p class=\"MsoNormal\">&#x7EF4;&#x6301;&#x65F6;&#x95F4;&#xFF1A;&#x56E0;&#x4EBA;&#x800C;&#x5F02;&#x4E00;&#x822C;&#x7EF4;&#x6301;<span lang=\"EN-US\">1</span>&#x5E74;&#x5DE6;&#x53F3;<span lang=\"EN-US\"><o:p></o:p></span></p><p class=\"MsoNormal\">&#x4F5C;&#x7528;&#xFF1A;&#x4E3B;&#x8981;&#x7528;&#x4E8E;&#x5168;&#x9762;&#x90E8;&#x76AE;&#x80A4;&#x7EC4;&#x7EC7;&#x677E;&#x5F1B;&#x4E0B;&#x5782;&#x3001;&#x76B1;&#x7EB9;&#x8FC7;&#x591A;&#xFF0C;&#x80A4;&#x8D28;&#x8001;&#x5316;&#x7C97;&#x7CD9;&#xFF0C;&#x91CD;&#x5851;&#x8138;&#x578B;&#x66F2;&#x7EBF;&#x3001;&#x6709;&#x6548;&#x63D0;&#x5347;&#x773C;&#x5468;&#x533A;&#x53CA;&#x9888;&#x90E8;&#x7EC4;&#x7EC7;&#x677E;&#x5F1B;&#x3001;&#x4E0B;&#x5782;&#xFF0C;&#x4E5F;&#x53EF;&#x7528;&#x4E8E;&#x6CBB;&#x7597;&#x9752;&#x6625;&#x75D8;&#xFF0C;&#x5168;&#x8EAB;&#x6297;&#x8870;&#x8001;&#x3002;<span lang=\"EN-US\"><o:p></o:p></span></p><p class=\"MsoNormal\">&#x8BA4;&#x8BC1;&#xFF1A;<span style=\"line-height: 1.42857;\">&#x4E2D;&#x56FD;&#x98DF;&#x54C1;&#x836F;&#x54C1;&#x76D1;&#x7763;&#x7BA1;&#x7406;&#x5C40;&#xFF08;CFDA&#xFF09;&#x3001;&#x7F8E;&#x56FD;&#x98DF;&#x54C1;&#x836F;&#x54C1;&#x76D1;&#x7763;&#x7BA1;&#x7406;&#x5C40;&#xFF08;FDA&#xFF09;&#x3001;CE&#xFF08;&#x6B27;&#x76DF;&#xFF09;&#x3002;</span></p><p>\n\n\n\n\n\n\n\n\n\n\n\n</p><p class=\"MsoNormal\">&#x8BB8;&#x53EF;&#x8BC1;&#x7F16;&#x53F7;&#xFF1A;&#x56FD;&#x68B0;&#x6CE8;&#x8FDB;<span lang=\"EN-US\">20153262408<o:p></o:p></span></p>"},"Property":{"name":"档案","content":["\n                <li>&#x6CBB;&#x7597;&#x65B9;&#x5F0F;&#xFF1A;<span>&#x5149;&#x7535;&#xFF08;&#x65E0;&#x521B;&#xFF09;</span></li>\n                <li>&#x75BC;&#x75DB;&#x611F;&#xFF1A;<span>1&#x9897;&#x661F;</span><a href=\"gengmei://common_webview?url=http://backend.gmei.com/hybrid/ache_level\">&#x67E5;&#x770B;&#x75BC;&#x75DB;&#x5206;&#x7EA7;</a></li>\n                <li>&#x7EF4;&#x6301;&#x65F6;&#x95F4;&#xFF1A;<span>1&#x5E74;&#x4EE5;&#x4E0A;</span></li>\n                <li>&#x6CBB;&#x7597;&#x65F6;&#x95F4;&#xFF1A;<span>40-90&#x5206;&#x949F;</span></li>\n                <li>&#x53C2;&#x8003;&#x4EF7;&#x683C;&#xFF1A;<span>15000-10000</span></li>\n                <li>&#x9EBB;&#x9189;&#x65B9;&#x5F0F;&#xFF1A;<span>&#x65E0;</span></li>\n                <li>&#x662F;&#x5426;&#x4F4F;&#x9662;&#xFF1A;<span>&#x5426;</span></li>\n                \n                <li>&#x62C6;&#x7EBF;&#x65F6;&#x95F4;&#xFF1A;<span>0-0&#x5929;</span></li>\n            "]},"Desc":{"name":"项目／手术原理","content":"<p class=\"MsoNormal\"><span lang=\"EN-US\">1.</span><span style=\"font-family:&#x5B8B;&#x4F53;;\nmso-ascii-font-family:Calibri;mso-ascii-theme-font:minor-latin;mso-fareast-font-family:\n&#x5B8B;&#x4F53;;mso-fareast-theme-font:minor-fareast;mso-hansi-font-family:Calibri;\nmso-hansi-theme-font:minor-latin\">&#x5E94;&#x6025;&#x53CD;&#x5E94;&#xFF1A;&#x901A;&#x8FC7;&#x5C04;&#x9891;&#x7535;&#x573A;&#x5F62;&#x6210;&#x805A;&#x7126;&#x9762;&#xFF0C;&#x5728;&#x76AE;&#x4E0B;</span><span lang=\"EN-US\">2.6~3mm</span><span style=\"font-family:&#x5B8B;&#x4F53;;mso-ascii-font-family:Calibri;mso-ascii-theme-font:minor-latin;\nmso-fareast-font-family:&#x5B8B;&#x4F53;;mso-fareast-theme-font:minor-fareast;mso-hansi-font-family:\nCalibri;mso-hansi-theme-font:minor-latin\">&#x5DE6;&#x53F3;&#x7684;&#x6DF1;&#x5EA6;&#xFF0C;&#x5F3A;&#x70C8;&#x649E;&#x51FB;&#x771F;&#x76AE;&#x7EC4;&#x7EC7;&#xFF0C;&#x53D7;&#x5230;&#x523A;&#x6FC0;&#x7684;&#x6BDB;&#x7EC6;&#x8840;&#x7BA1;&#x8BEF;&#x4EE5;&#x4E3A;&#x7EC4;&#x7EC7;&#x53D7;&#x4F24;&#xFF0C;&#x53D1;&#x51FA;&#x6C42;&#x52A9;&#x6108;&#x5408;&#x4FE1;&#x53F7;&#xFF0C;&#x540C;&#x65F6;&#x53E3;&#x670D;&#x4FEE;&#x590D;&#x578B;&#x80F6;&#x539F;&#x86CB;&#x767D;&#xFF0C;&#x5C31;&#x4F1A;&#x4EA7;&#x751F;&#x5927;&#x91CF;&#x80F6;&#x539F;&#x86CB;&#x767D;&#x5BF9;&#x5176;&#x8FDB;&#x884C;&#x4FEE;&#x590D;&#xFF0C;&#x80F6;&#x539F;&#x5206;&#x5B50;&#x9010;&#x6E10;&#x7EC4;&#x5408;&#x6210;&#x6392;&#x5217;&#x6709;&#x5E8F;&#x7684;&#x80F6;&#x539F;&#x8D28;&#xFF0C;&#x4ECE;&#x800C;&#x8FBE;&#x5230;&#x7D27;&#x80A4;&#x795B;&#x76B1;&#x7684;&#x6548;&#x679C;&#x3002;</span><span lang=\"EN-US\"><o:p></o:p></span></p><p class=\"MsoNormal\"><span lang=\"EN-US\">2.</span><span style=\"font-family:&#x5B8B;&#x4F53;;\nmso-ascii-font-family:Calibri;mso-ascii-theme-font:minor-latin;mso-fareast-font-family:\n&#x5B8B;&#x4F53;;mso-fareast-theme-font:minor-fareast;mso-hansi-font-family:Calibri;\nmso-hansi-theme-font:minor-latin\">&#x7535;&#x79BB;&#x6E17;&#x900F;&#xFF1A;&#x5C04;&#x9891;&#x7535;&#x573A;&#x80FD;&#x6539;&#x53D8;&#x7EC6;&#x80DE;&#x819C;&#x65AD;&#x9762;&#x7684;&#x70B9;&#x4F4D;&#x5206;&#x5E03;&#xFF0C;&#x5F71;&#x54CD;&#x7EC6;&#x80DE;&#x819C;&#x5468;&#x56F4;&#x7535;&#x5B50;&#x548C;&#x79BB;&#x5B50;&#x6D53;&#x5EA6;&#xFF0C;&#x4ECE;&#x800C;&#x6539;&#x5584;&#x7EC6;&#x80DE;&#x819C;&#x7684;&#x6E17;&#x900F;&#x6027;&#xFF0C;&#x901A;&#x8FC7;&#x5C04;&#x9891;&#x7535;&#x573A;&#x7684;&#x89E3;&#x805A;&#x53CD;&#x5E94;&#xFF0C;&#x6253;&#x5F00;&#x7EC6;&#x80DE;&#x819C;&#x7684;&#x6C34;&#x79BB;&#x5B50;&#x901A;&#x9053;&#xFF0C;&#x52A0;&#x5F3A;&#x7EC6;&#x80DE;&#x95F4;&#x7684;&#x901A;&#x900F;&#x6027;&#x3002;&#x540C;&#x65F6;&#x5728;&#x7535;&#x78C1;&#x6CE2;&#x805A;&#x7126;&#x5F15;&#x529B;&#x7684;&#x4F5C;&#x7528;&#x4E0B;&#xFF0C;&#x8868;&#x76AE;&#x4E0A;&#x88AB;&#x7535;&#x79BB;&#x5316;&#x7684;&#x6C34;&#x548C;&#x8425;&#x517B;&#x4FBF;&#x5F88;&#x5BB9;&#x6613;&#x6E17;&#x900F;&#x81F3;&#x771F;&#x76AE;&#x7EC4;&#x7EC7;&#x3002;</span><span lang=\"EN-US\"><o:p></o:p></span></p><p class=\"MsoNormal\"><span lang=\"EN-US\">3.</span><span style=\"font-family:&#x5B8B;&#x4F53;;\nmso-ascii-font-family:Calibri;mso-ascii-theme-font:minor-latin;mso-fareast-font-family:\n&#x5B8B;&#x4F53;;mso-fareast-theme-font:minor-fareast;mso-hansi-font-family:Calibri;\nmso-hansi-theme-font:minor-latin\">&#x878D;&#x8102;&#x53CD;&#x5E94;&#xFF1A;&#x5C04;&#x9891;&#x7535;&#x573A;&#x4F5C;&#x7528;&#x4E8E;&#x76AE;&#x80A4;&#x7EC4;&#x7EC7;&#x65F6;&#xFF0C;&#x76AE;&#x4E0B;&#x8102;&#x80AA;&#x5347;&#x6E29;&#x4E0E;&#x771F;&#x76AE;&#x7EC4;&#x7EC7;&#x5347;&#x6E29;&#x4E4B;&#x6BD4;&#x8FBE;</span><span lang=\"EN-US\">8</span><span style=\"font-family:&#x5B8B;&#x4F53;;mso-ascii-font-family:Calibri;\nmso-ascii-theme-font:minor-latin;mso-fareast-font-family:&#x5B8B;&#x4F53;;mso-fareast-theme-font:\nminor-fareast;mso-hansi-font-family:Calibri;mso-hansi-theme-font:minor-latin\">&#xFF1A;</span><span lang=\"EN-US\">1</span><span style=\"font-family:&#x5B8B;&#x4F53;;mso-ascii-font-family:Calibri;\nmso-ascii-theme-font:minor-latin;mso-fareast-font-family:&#x5B8B;&#x4F53;;mso-fareast-theme-font:\nminor-fareast;mso-hansi-font-family:Calibri;mso-hansi-theme-font:minor-latin\">&#x3002;&#x8102;&#x80AA;&#x7EC4;&#x7EC7;&#x5438;&#x6536;&#x80FD;&#x91CF;&#x540E;&#x88AB;&#x8F6F;&#x5316;&#x3001;&#x6536;&#x7F29;&#x3001;&#x5206;&#x89E3;&#xFF0C;&#x4F7F;&#x76AE;&#x80A4;&#x7D27;&#x81F4;&#x6709;&#x5F39;&#x6027;&#x3002;</span><span lang=\"EN-US\"><o:p></o:p></span></p><p>\n\n\n\n\n\n</p><p class=\"MsoNormal\"><span lang=\"EN-US\"><o:p>&#xA0;</o:p></span></p>"},"Sample":{"name":"效果示例","content":"<img src=\"http://hera.s.gmei.com/itemwiki/2016/10/18/cdf5a37376-w\">"},"BeforIdear":{"name":"效果示例","content":"<p class=\"MsoNormal\">&#x4EE5;&#x4E0B;&#x72B6;&#x51B5;&#x4E0D;&#x9002;&#x5408;&#x505A;&#xFF1A;</p><p class=\"MsoNormal\"><span lang=\"EN-US\">1.</span>&#x76AE;&#x80A4;&#x6709;&#x53D1;&#x708E;&#x6216;&#x8FC7;&#x654F;&#x53CD;&#x5E94;</p><p class=\"MsoNormal\"><span lang=\"EN-US\">&#xA0;</span><span lang=\"EN-US\">2.</span>&#x6709;&#x5B89;&#x88C5;&#x5FC3;&#x810F;&#x8282;&#x5F8B;&#x5668;</p><p class=\"MsoNormal\"><span lang=\"EN-US\">&#xA0;</span><span lang=\"EN-US\">3.</span>&#x6000;&#x5B55;</p><p class=\"MsoNormal\"><span lang=\"EN-US\">&#xA0;</span><span lang=\"EN-US\">4.</span>&#x786C;&#x76AE;&#x75C7;</p><p class=\"MsoNormal\"><span lang=\"EN-US\">&#xA0;</span><span lang=\"EN-US\">5.</span>&#x6DCB;&#x5DF4;&#x6027;&#x6C34;&#x80BF;</p><p class=\"MsoNormal\"><span lang=\"EN-US\">6.</span>&#x6CBB;&#x7597;&#x4E0D;&#x4F4D;&#x6709;&#x4E25;&#x91CD;&#x76AE;&#x80A4;&#x75C5;<span lang=\"EN-US\"><o:p></o:p></span></p><p class=\"MsoNormal\"><span lang=\"EN-US\">&#xA0;</span><span lang=\"EN-US\">7.</span>&#x5E74;&#x7EAA;&#x592A;&#x8F7B;<span lang=\"EN-US\">/</span>&#x8001;&#xFF08;&#x6548;&#x679C;&#x4E0D;&#x663E;&#x8457;&#xFF09;</p><p class=\"MsoNormal\"><span lang=\"EN-US\">&#xA0;</span>&#x672F;&#x524D;&#x51C6;&#x5907;&#xFF1A;</p><p class=\"MsoNormal\"><span lang=\"EN-US\">&#xA0;</span><span lang=\"EN-US\">1.</span>&#x672F;&#x524D;&#x4FDD;&#x6301;&#x76AE;&#x80A4;&#x3001;&#x6BDB;&#x53D1;&#x90E8;&#x4F4D;&#x6E05;&#x6D01;&#x536B;&#x751F;&#xFF0C;&#x624B;&#x672F;&#x5F53;&#x5929;&#x4E0D;&#x80FD;&#x5316;&#x5986;&#xFF0C;&#x4EE5;&#x524D;&#x5316;&#x5986;&#x7684;&#x75D5;&#x8FF9;&#x8981;&#x5C3D;&#x91CF;&#x53BB;&#x9664;&#x3002;</p><p class=\"MsoNormal\"><span lang=\"EN-US\">2.</span>&#x672F;&#x524D;&#x8981;&#x4E0E;&#x4F60;&#x7684;&#x4E3B;&#x6CBB;&#x533B;&#x5E08;&#x5145;&#x5206;&#x7684;&#x6C9F;&#x901A;&#xFF0C;&#x4E25;&#x683C;&#x6309;&#x7167;&#x533B;&#x5631;&#x65E9;&#x3001;&#x665A;&#x5404;&#x4E00;&#x6B21;&#xFF0C;&#x5341;&#x4E8C;&#x514B;&#x70ED;&#x739B;&#x5409;&#x4E13;&#x7528;&#x4FEE;&#x590D;&#x578B;&#x80F6;&#x539F;&#x86CB;&#x767D;<span lang=\"EN-US\">ACMETEA</span>&#xFF0C;&#x670D;&#x7528;<span lang=\"EN-US\">10</span>&#xFF0D;<span lang=\"EN-US\">20</span>&#x5929;&#x3002;<span lang=\"EN-US\"><o:p></o:p></span></p><p class=\"MsoNormal\"></p><p class=\"MsoNormal\"><span lang=\"EN-US\">3.</span>&#x4E09;&#x5929;&#x5185;&#x8BF7;&#x52FF;&#x7528;&#x70ED;&#x6C34;&#x6D17;&#x8138;<span lang=\"EN-US\">&#xA0;(</span>&#x4E0D;&#x8D85;&#x8FC7;&#x4F53;&#x6E29;&#x7684;&#x6C34;&#x5373;&#x53EF;<span lang=\"EN-US\">);</span>&#x6CE8;&#x610F;&#x8865;&#x6C34;&#x5373;&#x53EF;&#x3002;&#x5EFA;&#x8BAE;&#x4E00;&#x5468;&#x6700;&#x5C11;&#x6577;&#x7528;&#x9762;&#x819C;<span lang=\"EN-US\">3</span>&#x6B21;&#x3002;</p>"},"AfterIdear":{"name":"优点","content":"<p class=\"MsoNormal\">&#x6CBB;&#x7597;&#x533A;&#x4F1A;&#x6709;&#x8F7B;&#x5FAE;&#x6CDB;&#x7EA2;&#x7684;&#x60C5;&#x5F62;&#xFF0C;&#x6570;&#x5C0F;&#x65F6;&#x540E;&#x4F1A;&#x6D88;&#x5931;&#xFF0C;&#x5C11;&#x6570;&#x4EBA;&#x4E8E;&#x6CBB;&#x7597;&#x540E;&#x4F1A;&#x6709;&#x8F7B;&#x5FAE;&#x80BF;&#x80C0;&#x7684;&#x60C5;&#x5F62;&#xFF0C;&#x901A;&#x5E38;<span lang=\"EN-US\">3-5</span>&#x5929;&#x5373;&#x53EF;&#x6D88;&#x9000;&#xFF0C;&#x76AE;&#x80A4;&#x4F1A;&#x51FA;&#x73B0;&#x660E;&#x663E;&#x7684;&#x7D27;&#x7EF7;&#x611F;&#xFF0C;&#x6CBB;&#x7597;&#x540E;&#x53EF;&#x7ACB;&#x5373;&#x6062;&#x590D;&#x6B63;&#x5E38;&#x4F5C;&#x606F;&#x3002;<span lang=\"EN-US\"><o:p></o:p></span></p><p class=\"MsoNormal\"><span lang=\"EN-US\">&#xA0;</span><span lang=\"EN-US\">1.</span>&#x4EE5;&#x6E29;&#x6C34;&#x888B;&#x70ED;&#x6577;&#x6CBB;&#x7597;&#x5B8C;&#x7684;&#x533A;&#x57DF;&#xFF08;&#x4E0D;&#x53EF;&#x51B0;&#x6577;&#xFF09;</p><p class=\"MsoNormal\"><span lang=\"EN-US\">&#xA0;</span><span lang=\"EN-US\">2.</span>&#x5F53;&#x5929;&#x4E0D;&#x8981;&#x7528;&#x51B7;&#x6C34;&#x6D17;&#x8138;</p><p class=\"MsoNormal\"><span lang=\"EN-US\">&#xA0;</span><span lang=\"EN-US\">3.</span>&#x6CE8;&#x610F;&#x9632;&#x6652;&#x548C;&#x4FDD;&#x6E7F;&#xFF0C;&#x591A;&#x5403;&#x5BCC;&#x542B;&#x80F6;&#x539F;&#x86CB;&#x767D;&#x7684;&#x98DF;&#x7269;</p><p class=\"MsoNormal\"><span lang=\"EN-US\">&#xA0;</span><span lang=\"EN-US\">4.</span>&#x4E00;&#x6708;&#x5185;&#x4E0D;&#x8981;&#x5403;&#x9171;&#x6CB9;&#x7B49;&#x8272;&#x7D20;&#x91CD;&#x7684;&#x4E1C;&#x897F;&#xFF0C;&#x4E0D;&#x8981;&#x559D;&#x9152;&#x3001;&#x5403;&#x8FA3;&#x6912;</p><p class=\"MsoNormal\"><span lang=\"EN-US\">&#xA0;</span><span lang=\"EN-US\">5.</span>&#x65E9;&#x3001;&#x665A;&#x5404;&#x4E00;&#x6B21;&#xFF0C;&#x5341;&#x4E8C;&#x514B;&#x70ED;&#x739B;&#x5409;&#x4E13;&#x7528;&#x4FEE;&#x590D;&#x578B;&#x80F6;&#x539F;&#x86CB;&#x767D;<span lang=\"EN-US\">ACMETEA</span>&#xFF0C;<span lang=\"EN-US\">3</span>&#x81F3;<span lang=\"EN-US\">6</span>&#x4E2A;&#x6708;&#xFF0C;&#x7528;&#x91CF;&#x6839;&#x636E;&#x76AE;&#x80A4;&#x5EB7;&#x590D;&#x60C5;&#x51B5;&#xFF0C;&#x666E;&#x901A;&#x7684;&#x80F6;&#x539F;&#x86CB;&#x767D;&#x4E0D;&#x884C;&#xFF0C;&#x4E0D;&#x542B;&#x4FEE;&#x590D;&#x56E0;&#x5B50;&#x8FBE;&#x4E0D;&#x5230;&#x4FEE;&#x590D;&#x6548;&#x679C;&#x3002;</p><p class=\"MsoNormal\"><span lang=\"EN-US\">&#xA0;</span><span lang=\"EN-US\">6.</span>&#x70ED;&#x739B;&#x5409;&#x7F8E;&#x5BB9;&#x6CBB;&#x7597;&#x540E;&#x6CE8;&#x610F;&#x672F;&#x540E;<span lang=\"EN-US\">1</span>&#x6708;&#x5185;&#x4E0D;&#x8981;&#x53BB;&#x9AD8;&#x6E29;&#x6851;&#x62FF;</p><p>\n\n\n\n\n\n\n\n\n\n\n\n\n\n\n\n\n\n\n\n\n\n\n\n\n\n</p><p class=\"MsoNormal\"><span lang=\"EN-US\"><o:p>&#xA0;</o:p></span></p>"},"GoodPoint":{"name":"缺点及风险","content":"<p class=\"MsoNormal\">&#x4F18;&#x52BF;&#x4E00;&#xFF1A;&#x5B89;&#x5168;&#x65E0;&#x521B;&#xFF0C;&#x968F;&#x505A;&#x968F;&#x8D70;&#xFF0C;&#x4E0D;&#x803D;&#x8BEF;&#x65F6;&#x95F4;<span lang=\"EN-US\"><o:p></o:p></span></p><p class=\"MsoNormal\">&#x5F88;&#x591A;&#x540D;&#x5A9B;&#x3001;&#x660E;&#x661F;&#x505A;&#x5851;&#x7F8E;&#x6781;&#x6CBB;&#x7597;&#xFF0C;&#x90A3;&#x4E48;&#x5979;&#x4EEC;&#x600E;&#x4E48;&#x4F1A;&#x6709;&#x90A3;&#x4E48;&#x591A;&#x7684;&#x65F6;&#x95F4;&#x5462;&#xFF1F;&#x4E13;&#x5BB6;&#x4ECB;&#x7ECD;&#x5176;&#x5B9E;&#x505A;&#x5851;&#x7F8E;&#x6781;&#x4E00;&#x6B21;&#x9664;&#x76B1;&#x3001;&#x5851;&#x8EAB;&#x53EA;&#x9700;<span lang=\"EN-US\">40</span>&#x5206;&#x949F;&#x5DE6;&#x53F3;&#x5C31;&#x53EF;&#x4EE5;&#x5B8C;&#x6210;&#x6CBB;&#x7597;&#x4E86;&#x3002;&#x800C;&#x4E14;&#x6CBB;&#x7597;&#x8FC7;&#x7A0B;&#x6CA1;&#x6709;&#x75BC;&#x75DB;&#x611F;&#xFF0C;&#x66F4;&#x65E0;&#x9700;&#x6062;&#x590D;&#x671F;&#x3002;<span lang=\"EN-US\"><o:p></o:p></span></p><p class=\"MsoNormal\">&#x4F18;&#x52BF;&#x4E8C;&#xFF1A;&#x6253;&#x683C;&#x5B9A;&#x4F4D;&#x6280;&#x672F;&#xFF0C;&#x6548;&#x679C;&#x7CBE;&#x786E;&#x81EA;&#x7136;<span lang=\"EN-US\"><o:p></o:p></span></p><p class=\"MsoNormal\">&#x8981;&#x95EE;&#x5851;&#x7F8E;&#x6781;&#x6CBB;&#x7597;&#x6700;&#x6807;&#x5FD7;&#x6027;&#x7684;&#x624B;&#x6CD5;&#x662F;&#x4EC0;&#x4E48;&#xFF0C;&#x5F53;&#x7136;&#x662F;&#x5851;&#x7F8E;&#x6781;&#x7279;&#x6709;&#x7684;&#x6253;&#x683C;&#x5B9A;&#x4F4D;&#x6280;&#x672F;&#x3002;&#x901A;&#x8FC7;&#x6253;&#x683C;&#x5B9A;&#x4F4D;&#x6280;&#x672F;&#xFF0C;&#x53EF;&#x4EE5;&#x7CBE;&#x786E;&#x5730;&#x5B9A;&#x4F4D;&#x6CBB;&#x7597;&#x7684;&#x90E8;&#x4F4D;&#xFF0C;&#x4F7F;&#x5F97;&#x505A;&#x5B8C;&#x7684;&#x6548;&#x679C;&#x5BF9;&#x79F0;&#x81EA;&#x7136;&#x3002;<span lang=\"EN-US\"><o:p></o:p></span></p><p class=\"MsoNormal\">&#x4F18;&#x52BF;&#x4E09;&#xFF1A;&#x523A;&#x6FC0;&#x80F6;&#x539F;&#x86CB;&#x767D;&#x65B0;&#x751F;&#xFF0C;&#x6548;&#x679C;&#x6301;&#x7EED;&#x6570;&#x5E74;<span lang=\"EN-US\"><o:p></o:p></span></p><p class=\"MsoNormal\">&#x5851;&#x7F8E;&#x6781;&#x600E;&#x4E48;&#x53EF;&#x4EE5;&#x505A;&#x5230;&#x4E00;&#x6B21;&#x6CBB;&#x7597;&#x4E4B;&#x540E;&#x6548;&#x679C;&#x8FD8;&#x53EF;&#x4EE5;&#x6301;&#x7EED;&#x90A3;&#x4E48;&#x4E45;&#xFF0C;&#x800C;&#x4E14;&#x8FD8;&#x53EF;&#x4EE5;&#x4F7F;&#x5F97;&#x4EBA;&#x5E74;&#x8F7B;<span lang=\"EN-US\">10</span>&#x5E74;&#x3002;<span lang=\"EN-US\"><o:p></o:p></span></p><p class=\"MsoNormal\">&#x4F18;&#x52BF;&#x56DB;&#xFF1A;&#x5851;&#x7F8E;&#x6781;&#x4E0D;&#x4EC5;&#x63D0;&#x62C9;&#x7D27;&#x81F4;&#x808C;&#x80A4;&#xFF0C;&#x4FEE;&#x590D;&#x80F6;&#x539F;&#x86CB;&#x767D;&#xFF0C;&#x800C;&#x4E14;&#x8FD8;&#x523A;&#x6FC0;&#x80F6;&#x539F;&#x86CB;&#x767D;&#x6E90;&#x6E90;&#x4E0D;&#x65AD;&#x5730;&#x518D;&#x751F;&#xFF0C;&#x6548;&#x679C;&#x76F4;&#x63A5;&#xFF0C;&#x80DC;&#x8FC7;&#x5176;&#x4ED6;&#x65B9;&#x5F0F;&#x8865;&#x5145;&#x80F6;&#x539F;&#x86CB;&#x767D;&#x3002;<span lang=\"EN-US\"><o:p></o:p></span></p><p>\n\n\n\n\n\n\n\n\n\n\n\n\n\n</p><p class=\"MsoNormal\"><span lang=\"EN-US\"><o:p>&#xA0;</o:p></span></p>"},"BadPoint":{"name":"术前锦囊","content":""}}