{"Title":"颧弓降低","Related":{"name":"关联百科","content":[{"relatedId":"693","name":"V-line改脸型"},{"relatedId":"231","name":"颧骨降低"},{"relatedId":"358","name":"下颌角切除术"}]},"ShorDesc":{"name":"简介","content":"<p>&#x9002;&#x5E94;&#x75C7;&#xFF1A;&#x98A7;&#x5F13;&#x80A5;&#x5927;</p><p>&#x98A7;&#x9AA8;&#x4E0E;&#x98A7;&#x5F13;&#x662F;&#x9762;&#x4E2D;&#x90E8;&#x7684;&#x652F;&#x6491;&#x7ED3;&#x6784;&#xFF0C;&#x4F46;&#x5982;&#x679C;&#x98A7;&#x5F13;&#x8FC7;&#x4E8E;&#x80A5;&#x5927;&#x3001;&#x8FC7;&#x9AD8;&#x8138;&#x578B;&#x4F1A;&#x5448;&#x73B0;&#x83F1;&#x5F62;&#xFF0C;&#x663E;&#x5F97;&#x9762;&#x76F8;&#x523B;&#x8584;&#x3001;&#x8001;&#x76F8;&#xFF08;&#x592A;&#x9633;&#x7A74;&#x4F1A;&#x663E;&#x5F97;&#x8F83;&#x4E3A;&#x51F9;&#x9677;&#xFF09;&#xFF0C;&#x8FD9;&#x79CD;&#x60C5;&#x51B5;&#x53EF;&#x4EE5;&#x901A;&#x8FC7;&#x98A7;&#x5F13;&#x7F29;&#x5C0F;&#x672F;&#x6765;&#x6539;&#x5584;&#x3002;</p>"},"Property":{"name":"档案","content":["\n                <li>&#x6CBB;&#x7597;&#x65B9;&#x5F0F;&#xFF1A;<span>&#x624B;&#x672F;</span></li>\n                <li>&#x75BC;&#x75DB;&#x611F;&#xFF1A;<span>4&#x9897;&#x661F;</span><a href=\"gengmei://common_webview?url=http://backend.gmei.com/hybrid/ache_level\">&#x67E5;&#x770B;&#x75BC;&#x75DB;&#x5206;&#x7EA7;</a></li>\n                <li>&#x7EF4;&#x6301;&#x65F6;&#x95F4;&#xFF1A;<span>&#x6C38;&#x4E45;</span></li>\n                <li>&#x6CBB;&#x7597;&#x65F6;&#x95F4;&#xFF1A;<span>120-180&#x5206;&#x949F;</span></li>\n                <li>&#x53C2;&#x8003;&#x4EF7;&#x683C;&#xFF1A;<span>40000-100000</span></li>\n                <li>&#x9EBB;&#x9189;&#x65B9;&#x5F0F;&#xFF1A;<span>&#x5168;&#x9EBB;</span></li>\n                <li>&#x662F;&#x5426;&#x4F4F;&#x9662;&#xFF1A;<span>&#x662F;</span></li>\n                <li>&#x4F4F;&#x9662;&#x65F6;&#x95F4;&#xFF1A;<span>2-5&#x5929;</span></li>\n                <li>&#x62C6;&#x7EBF;&#x65F6;&#x95F4;&#xFF1A;<span>7-10&#x5929;</span></li>\n            "]},"Desc":{"name":"项目／手术原理","content":"<p>1. &#x53E3;&#x5185;&#x6700;&#x5C0F;&#x5207;&#x53E3;&#xFF0C;&#x786E;&#x4FDD;&#x624B;&#x672F;&#x7A7A;&#x95F4;&#x3002;</p><p>2. &#x78E8;&#x53BB;&#x524D;&#x90E8;&#x51F8;&#x51FA;&#x7684;&#x98A7;&#x9AA8;&#xFF0C;&#x51CF;&#x5C11;&#x9AA8;&#x539A;&#x5EA6;&#x3002;</p><p>3. &#x5207;&#x6389;&#x524D;&#x98A7;&#x9AA8;&#x540E;&#xFF0C;&#x5411;&#x91CC;&#x63A8;&#x3002;</p><p>4. &#x5728;&#x8033;&#x524D;&#x9B13;&#x89D2;&#x90E8;&#x4F4D;&#x5207;&#x5F00;1cm&#x3002;</p><p>5. &#x5728;&#x4FA7;&#x98A7;&#x9AA8;&#x5904;&#x5207;&#x5F00;&#x540E;&#x5411;&#x91CC;&#x63A8;&#x3002;</p><p><img src=\"http://hera.s.gmei.com/2016/10/12/bff19e88fb\" style=\"width: 572px;\"><br></p>"},"Sample":{"name":"效果示例","content":"<img src=\"http://hera.s.gmei.com/itemwiki/2016/10/12/c6ba47248b-w\">"},"BeforIdear":{"name":"效果示例","content":"<p>1&#x3001;&#x505A;&#x5168;&#x8EAB;&#x5E38;&#x89C4;&#x68C0;&#x67E5;&#xFF1A;&#x8840;&#x5E38;&#x89C4;&#x3001;&#x5C3F;&#x5E38;&#x89C4;&#x3001;&#x809D;&#x529F;&#x3001;&#x80BE;&#x529F;&#x3001;&#x5FC3;&#x7535;&#x56FE;&#x3001;&#x8D85;&#x58F0;&#x6CE2;&#x3001;&#x8840;&#x538B;&#x7B49;&#x3002;</p><p>2&#x3001;&#x505A;X&#x7EBF;&#x6B63;&#x4F4D;&#x7247;&#x3001;&#x988C;&#x5E95;&#x4F4D;&#x4FA7;&#x4F4D;&#x7247;&#x3001;CT&#x3001;&#x4E09;&#x4F4D;CT&#x68C0;&#x67E5;&#x3002;</p><p>3&#x3001;&#x907F;&#x5F00;&#x6708;&#x7ECF;&#x671F;&#x3001;&#x907F;&#x514D;&#x611F;&#x5192;&#x3002;</p><p>4&#x3001;&#x672F;&#x524D;&#x4E00;&#x5929;/&#x5F53;&#x5929;&#x8BA4;&#x771F;&#x6E05;&#x6D17;&#x5168;&#x8EAB;&#x3001;&#x5934;&#x9762;&#x90E8;&#xFF08;&#x672F;&#x540E;&#x591A;&#x5929;&#x4E0D;&#x80FD;&#x6D17;&#x5934;&#xFF09;&#x3002;</p><p>5&#x3001;&#x672F;&#x524D;8&#x5C0F;&#x65F6;&#x7981;&#x98DF;&#x7981;&#x6C34;&#xFF08;&#x4EE5;&#x514D;&#x624B;&#x672F;&#x65F6;&#x4EE3;&#x8C22;&#x7269;&#x4E0D;&#x81EA;&#x4E3B;&#x6392;&#x51FA;&#xFF09;&#x3002;</p><p>6&#x3001;&#x529E;&#x7406;&#x4F4F;&#x9662;&#x624B;&#x7EED;&#x3001;&#x8D2D;&#x4E70;&#x5FC5;&#x5907;&#x836F;&#x7269;&#xFF08;&#x5C3D;&#x91CF;&#x6709;&#x5BB6;&#x5C5E;&#x966A;&#x540C;&#xFF09;&#x3002;</p><p>7&#x3001;&#x4F9D;&#x636E;&#x60C5;&#x51B5;&#xFF0C;&#x672F;&#x524D;24&#x5C0F;&#x65F6;&#xFF0C;&#x53EF;&#x80FD;&#x9759;&#x8109;&#x8F93;&#x6297;&#x751F;&#x7D20;&#x3002;</p>"},"AfterIdear":{"name":"优点","content":"<p>1&#x3001;&#x672F;&#x540E;&#x4F1A;&#x4F9D;&#x636E;&#x60C5;&#x51B5;&#x653E;&#x7F6E;&#x8D1F;&#x538B;&#x5F15;&#x6D41;&#x7BA1;&#xFF08;&#x78E8;&#x9AA8;&#x4E00;&#x822C;&#x4E0D;&#x9700;&#x8981;&#xFF09;&#xFF0C;&#x5927;&#x6982;2-3&#x5929;&#x62C6;&#x9664;&#x3002;</p><p>2&#x3001;&#x5168;&#x9EBB;&#x672F;&#x540E;6&#x5C0F;&#x65F6;&#x540E;&#x624D;&#x53EF;&#x996E;&#x6C34;&#x3001;&#x8FDB;&#x98DF;&#x3002;</p><p>3&#x3001;&#x672F;&#x540E;3&#x5929;&#x9700;&#x5F39;&#x6027;&#x7EF7;&#x5E26;&#x5305;&#x624E;&#x3001;&#x672F;&#x540E;2-3&#x5468;&#x9700;&#x8981;&#x4F69;&#x6234;&#x5F39;&#x6027;&#x988C;&#x6258;&#xFF08;&#x5851;&#x5F62;&#x9762;&#x7F69;&#xFF0C;&#x672F;&#x524D;&#x5E94;&#x8D2D;&#x4E70;&#x597D;&#xFF09;&#x3002;</p><p>4&#x3001;&#x670D;&#x7528;3-5&#x5929;&#x6297;&#x751F;&#x7D20;&#x3002;</p><p>5&#x3001;&#x672F;&#x540E;3&#x5929;&#x4E25;&#x683C;&#x8FDB;&#x6D41;&#x98DF;&#xFF0C;4-7&#x5929;&#x53EF;&#x4EE5;&#x98DF;&#x7528;&#x534A;&#x6D41;&#x98DF;&#x3002;</p><p>6&#x3001;&#x53E3;&#x5185;&#x5207;&#x53E3;&#x624B;&#x672F;&#x62C6;&#x7EBF;&#x524D;&#x4E0D;&#x80FD;&#x7528;&#x5237;&#x7259;&#xFF0C;&#x9910;&#x540E;&#x7761;&#x524D;&#x5FC5;&#x987B;&#x7528;&#x533B;&#x7528;&#x6F31;&#x53E3;&#x6C34;&#x6D88;&#x6BD2;&#x53E3;&#x8154;&#x3002;</p><p>7&#x3001;&#x672F;&#x540E;3&#x4E2A;&#x6708;&#x5185;&#x4E25;&#x7981;&#x5267;&#x70C8;&#x8FD0;&#x52A8;&#x3002;</p>"},"GoodPoint":{"name":"缺点及风险","content":"<p>1.&#x53EF;&#x4EE5;&#x5F88;&#x5927;&#x7A0B;&#x5EA6;&#x7684;&#x6539;&#x5584;&#x8138;&#x578B;&#x3002;</p><p>2.&#x624B;&#x672F;&#x6548;&#x679C;&#x81EA;&#x7136;&#x7F8E;&#x3002; </p><p>3.&#x8DDF;&#x5176;&#x4ED6;&#x98A7;&#x9AA8;&#x6574;&#x5F62;&#x624B;&#x672F;&#x76F8;&#x6BD4;&#xFF0C;&#x51CF;&#x5C11;&#x53CC;&#x4FA7;&#x4E0D;&#x5BF9;&#x79F0;&#x7684;&#x5371;&#x9669;&#x3002;</p>"},"BadPoint":{"name":"术前锦囊","content":"<p>1.&#x8D39;&#x7528;&#x8F83;&#x9AD8;&#x3002; </p><p>2.&#x624B;&#x672F;&#x8FC7;&#x7A0B;&#x6BD4;&#x8F83;&#x590D;&#x6742;&#xFF0C;&#x6709;&#x4E00;&#x5B9A;&#x7684;&#x98CE;&#x9669;&#x6027;&#x3002;</p><p>3.&#x6062;&#x590D;&#x65F6;&#x95F4;&#x957F;&#x3002;</p>"}}