{"Title":"射频溶脂","Related":{"name":"关联百科","content":[{"relatedId":"560","name":"超声溶脂"},{"relatedId":"559","name":"冷冻溶脂"},{"relatedId":"728","name":"光纤溶脂"}]},"ShorDesc":{"name":"简介","content":"<p>&#x9002;&#x5E94;&#x75C7;&#xFF1A;&#x8774;&#x8776;&#x8896;&#x3001;&#x8170;&#x8179;&#x6709;&#x8D58;&#x8089;&#x3001;&#x5927;&#x817F;&#x7C97;&#x3001;&#x5C0F;&#x817F;&#x7C97;&#x3001;&#x53CC;&#x4E0B;&#x5DF4;&#x3001;&#x8138;&#x80D6;&#x3001;&#x5A74;&#x513F;&#x80A5;&#x3001;&#x9762;&#x90E8;&#x76AE;&#x80A4;&#x677E;&#x5F1B;&#x4E0B;&#x5782;&#x3001;&#x8EAB;&#x4F53;&#x76AE;&#x80A4;&#x677E;&#x5F1B;</p><p>&#x5C04;&#x9891;&#x6EB6;&#x8102;&#x4EEA;&#x5668;&#x5229;&#x7528;&#x7535;&#x78C1;&#x6CE2;&#x7684;&#x70ED;&#x80FD;&#xFF0C;&#x4FC3;&#x8FDB;&#x8102;&#x80AA;&#x7EC6;&#x80DE;&#x7684;&#x5206;&#x89E3;&#x3001;&#x8BA9;&#x8102;&#x80AA;&#x7EC6;&#x80DE;&#x574F;&#x6B7B;&#x5E76;&#x901A;&#x8FC7;&#x8EAB;&#x4F53;&#x81EA;&#x7136;&#x4EE3;&#x8C22;&#x6392;&#x51FA;&#x4F53;&#x5916;&#x3002;&#x5C04;&#x9891;&#x4E0D;&#x4EC5;&#x6709;&#x6EB6;&#x8102;&#x7684;&#x6548;&#x679C;&#xFF0C;&#x5B83;&#x7684;&#x7D27;&#x80A4;&#x6548;&#x679C;&#x4E5F;&#x76F8;&#x5F53;&#x663E;&#x8457;&#xFF1A;&#x901A;&#x8FC7;&#x523A;&#x6FC0;&#x76AE;&#x4E0B;&#x80F6;&#x539F;&#x518D;&#x751F;&#x8BA9;&#x76AE;&#x80A4;&#x9010;&#x6E10;&#x6536;&#x7D27;&#x3002;</p>"},"Property":{"name":"档案","content":["\n                <li>&#x6CBB;&#x7597;&#x65B9;&#x5F0F;&#xFF1A;<span>&#x5149;&#x7535;&#xFF08;&#x65E0;&#x521B;&#xFF09;</span></li>\n                <li>&#x75BC;&#x75DB;&#x611F;&#xFF1A;<span>1&#x9897;&#x661F;</span><a href=\"gengmei://common_webview?url=http://backend.gmei.com/hybrid/ache_level\">&#x67E5;&#x770B;&#x75BC;&#x75DB;&#x5206;&#x7EA7;</a></li>\n                <li>&#x7EF4;&#x6301;&#x65F6;&#x95F4;&#xFF1A;<span>&#x6C38;&#x4E45;</span></li>\n                <li>&#x6CBB;&#x7597;&#x65F6;&#x95F4;&#xFF1A;<span>60-90&#x5206;&#x949F;</span></li>\n                <li>&#x53C2;&#x8003;&#x4EF7;&#x683C;&#xFF1A;<span>10000-30000</span></li>\n                <li>&#x9EBB;&#x9189;&#x65B9;&#x5F0F;&#xFF1A;<span>&#x65E0;</span></li>\n                <li>&#x662F;&#x5426;&#x4F4F;&#x9662;&#xFF1A;<span>&#x5426;</span></li>\n                \n                <li>&#x62C6;&#x7EBF;&#x65F6;&#x95F4;&#xFF1A;<span>0-0&#x5929;</span></li>\n            "]},"Desc":{"name":"项目／手术原理","content":"<p>&#x76EE;&#x524D;&#xFF0C;&#x56FD;&#x9645;&#x4E0A;&#x6BD4;&#x8F83;&#x77E5;&#x540D;&#x7684;&#x5C04;&#x9891;&#x6EB6;&#x8102;&#x4EEA;&#x5668;&#x6709;&#xFF1A;</p><p>1. &#x4EE5;&#x8272;&#x5217;invasix&#x516C;&#x53F8;&#x7814;&#x53D1;&#x7684;Body Tite&#xFF0C;&#x4E3B;&#x8981;&#x7528;&#x4E8E;&#x6EB6;&#x6D45;&#x5C42;&#x8102;&#x80AA;&#x3001;&#x7D27;&#x80A4;&#x3002;</p><p>2. &#x7F8E;&#x56FD;&#x8D5B;&#x8BFA;&#x9F99;&#xFF08;Syneron&#xFF09;&#x516C;&#x53F8;&#x7814;&#x53D1;&#x7684;Velashape-2&#xFF08;&#x8D85;&#x51E1;&#x5FAE;&#x62C9;&#xFF09;&#x3001;Velashape-3,&#x3002;&#x524D;&#x8005;&#x7528;&#x4E8E;&#x6EB6;&#x8102;&#xFF0C;&#x540E;&#x8005;&#x7528;&#x4E8E;&#x6539;&#x5584;&#x76AE;&#x80A4;&#x677E;&#x5F1B;&#x3001;&#x6A58;&#x76AE;&#x7EC4;&#x7EC7;&#x3002;</p><p>3.&#x4EE5;&#x8272;&#x5217;&#x98DE;&#x987F;&#x516C;&#x53F8;&#x7814;&#x53D1;&#x7684;&#x70ED;&#x62C9;&#x63D0;&#xFF0C;&#x4E3B;&#x8981;&#x7528;&#x4E8E;&#x9762;&#x90E8;&#x3001;&#x8EAB;&#x4F53;&#x7684;&#x7D27;&#x81F4;&#x63D0;&#x5347;&#x3001;&#x6EB6;&#x8102;&#x3002;</p><p>4.&#x4EE5;&#x8272;&#x5217;Venus Concept&#x516C;&#x53F8;&#x7814;&#x53D1;&#x7684;Venus Freeze&#x591A;&#x7EA7;&#x5C04;&#x9891;&#x6CBB;&#x7597;&#x7CFB;&#x7EDF;&#xFF0C;&#x4E3B;&#x8981;&#x7528;&#x4E8E;&#x9762;&#x90E8;&#x3001;&#x8EAB;&#x4F53;&#x7684;&#x7D27;&#x81F4;&#x5851;&#x5F62;&#x3001;&#x53BB;&#x76B1;&#x3001;&#x6539;&#x5584;&#x6A58;&#x76AE;&#x7EC4;&#x7EC7;&#x53CA;&#x6EB6;&#x8102;&#x3002;</p><p>5.&#x4EE5;&#x8272;&#x5217;EndyMed&#x516C;&#x53F8;&#x7814;&#x53D1;&#x7684;EndyMed PRO 3Deep&#x8EAB;&#x4F53;&#x5851;&#x5F62;&#xFF0C;&#x4E3B;&#x8981;&#x7528;&#x4E8E;&#x8EAB;&#x4F53;&#x6EB6;&#x8102;&#x3001;&#x5851;&#x5F62;&#x3002;</p><p>6.&#x82F1;&#x56FD;BTL&#x516C;&#x53F8;&#x7814;&#x53D1;&#x7684;&#x8D85;&#x7EA7;&#x5C04;&#x9891;EXILIS&#xFF0C;&#x4E3B;&#x8981;&#x7528;&#x4E8E;&#x9762;&#x90E8;&#x3001;&#x8EAB;&#x4F53;&#x7684;&#x7D27;&#x81F4;&#x5851;&#x5F62;&#x3001;&#x51CF;&#x5C11;&#x76B1;&#x7EB9;&#x3001;&#x6EB6;&#x8102;&#x3002;</p>"},"Sample":{"name":"效果示例","content":"<img src=\"http://hera.s.gmei.com/itemwiki/2016/10/11/ac2a325636-w\">"},"BeforIdear":{"name":"效果示例","content":"<p>1.&#x957F;&#x671F;&#x6301;&#x7EED;&#x4F7F;&#x7528;&#x6297;&#x805A;&#x5408;&#x836F;&#x7269;&#x8005;&#x4F8B;&#x5982;&#xFF1A;&#x975E;&#x7C7B;&#x56FA;&#x9187;&#x6297;&#x53D1;&#x708E;&#x836F;&#x7269;&#x6216;&#x53E3;&#x670D;&#x907F;&#x5B55;&#x836F;&#x9700;&#x505C;&#x836F;&#x4E00;&#x6BB5;&#x65F6;&#x95F4;&#x518D;&#x8FDB;&#x884C;&#x6CBB;&#x7597;&#x3002;</p><p>2.&#x5C04;&#x9891;&#x6EB6;&#x8102;&#x9002;&#x5408;&#x8102;&#x80AA;&#x5C42;&#x8F7B;&#x5EA6;&#x80A5;&#x539A;&#x4E14;&#x76AE;&#x80A4;&#x677E;&#x5F1B;&#x7684;&#x4EBA;&#xFF0C;&#x6CBB;&#x7597;&#x524D;&#x9700;&#x548C;&#x533B;&#x751F;&#x8FDB;&#x884C;&#x5145;&#x5206;&#x6C9F;&#x901A;&#xFF0C;&#x4EE5;&#x514D;&#x9884;&#x671F;&#x8FC7;&#x9AD8;&#x3002;</p><p>3.&#x8EAB;&#x4F53;&#x5185;&#x6709;&#x5FC3;&#x5F8B;&#x8282;&#x5F8B;&#x5668;&#x3001;&#x690D;&#x5165;&#x5F0F;&#x5FC3;&#x810F;&#x53BB;&#x98A4;&#x5668;&#x6216;&#x5176;&#x4ED6;&#x7535;&#x78C1;&#x690D;&#x5165;&#x5F0F;&#x533B;&#x7597;&#x88C5;&#x7F6E;&#x9700;&#x63D0;&#x524D;&#x544A;&#x77E5;&#x533B;&#x751F;&#x3002;</p><p>4.&#x5973;&#x6027;&#x5E94;&#x907F;&#x5F00;&#x598A;&#x5A20;&#x671F;&#x3001;&#x54FA;&#x4E73;&#x671F;&#x3002;</p>"},"AfterIdear":{"name":"优点","content":"<p>1.&#x6CBB;&#x7597;&#x540E;&#x5F53;&#x665A;&#x4E0D;&#x8981;&#x7528;&#x8FC7;&#x51B7;&#x6216;&#x8FC7;&#x70ED;&#x7684;&#x6C34;&#x6D17;&#x6FA1;&#x3002;</p><p>2.&#x6CBB;&#x7597;&#x540E;&#x4E00;&#x5468;&#x5185;&#x4E0D;&#x8981;&#x4F7F;&#x7528;&#x523A;&#x6FC0;&#x6027;&#x62A4;&#x80A4;&#x54C1;&#xFF08;&#x679C;&#x9178;&#x3001;A&#x9178;&#x3001;&#x9AD8;&#x6D53;&#x5EA6;&#x5DE6;&#x65CB;VC&#x3001;&#x718A;&#x679C;&#x82F7;&#x7B49;&#xFF09;&#x3002;</p><p>3.&#x6CBB;&#x7597;&#x540E;&#x4E00;&#x5468;&#x5185;&#x6CE8;&#x610F;&#x9632;&#x6652;&#x3001;&#x4F7F;&#x7528;SPF30&#x4EE5;&#x4E0A;&#x7684;&#x9632;&#x6652;&#x971C;&#x3002;</p><p>4.&#x6CBB;&#x7597;&#x540E;7&#x5929;&#x5185;&#x4E0D;&#x8981;&#x53BB;&#x84B8;&#x6851;&#x62FF;&#x3001;&#x6D17;&#x4E09;&#x6696;&#x3001;&#x70EB;&#x67D3;&#x5934;&#x53D1;&#x3001;&#x5267;&#x70C8;&#x8FD0;&#x52A8;&#x3001;&#x6E38;&#x6CF3;&#x3002;</p><p>5.&#x6CBB;&#x7597;&#x540E;&#xFF0C;&#x9002;&#x5F53;&#x6309;&#x6469;&#x6CBB;&#x7597;&#x90E8;&#x4F4D;&#xFF0C;&#x4FC3;&#x8FDB;&#x8840;&#x6DB2;&#x5FAA;&#x73AF;&#x3001;&#x8102;&#x80AA;&#x4EE3;&#x8C22;&#x3002;</p><p>6.&#x6CBB;&#x7597;&#x540E;&#x534A;&#x5E74;&#x5185;&#x5C3D;&#x91CF;&#x907F;&#x514D;&#x5438;&#x70DF;&#x3001;&#x996E;&#x9152;&#x3001;&#x5403;&#x8F9B;&#x8FA3;&#x7269;&#x3002;</p>"},"GoodPoint":{"name":"缺点及风险","content":"<p>1.&#x65E0;&#x9700;&#x5438;&#x8102;&#x3001;&#x65E0;&#x521B;&#x3001;&#x65E0;&#x6062;&#x590D;&#x671F;&#x3002;</p><p>2.&#x5B89;&#x5168;&#x7A33;&#x5B9A;&#x3001;&#x98CE;&#x9669;&#x4F4E;&#x3002;</p><p>3.&#x4E0D;&#x4EC5;&#x6709;&#x6EB6;&#x8102;&#x4F5C;&#x7528;&#xFF0C;&#x8FD8;&#x80FD;&#x523A;&#x6FC0;&#x76AE;&#x4E0B;&#x80F6;&#x539F;&#x518D;&#x751F;&#x3001;&#x8FBE;&#x5230;&#x7D27;&#x80A4;&#x6548;&#x679C;&#x3002;</p><p>4.&#x6CBB;&#x7597;&#x8FC7;&#x7A0B;&#x65E0;&#x75BC;&#x75DB;&#x611F;&#x3002;</p>"},"BadPoint":{"name":"术前锦囊","content":"<p>1.&#x53CC;&#x6781;&#x3001;&#x591A;&#x7EA7;&#x5C04;&#x9891;&#x6CBB;&#x7597;&#x5C42;&#x6B21;&#x6D45;&#xFF0C;&#x53EA;&#x80FD;&#x6EB6;&#x89E3;&#x6D45;&#x5C42;&#x8102;&#x80AA;&#x7EC6;&#x80DE;&#x3002;</p><p>2.&#x5355;&#x7EA7;&#x5C04;&#x9891;&#x80FD;&#x91CF;&#x96C6;&#x4E2D;&#xFF0C;&#x6613;&#x70EB;&#x4F24;&#x8868;&#x76AE;&#x3001;&#x4F7F;&#x76AE;&#x80A4;&#x5E72;&#x71E5;&#x8131;&#x5C51;&#x3002;</p><p>3.&#x6709;&#x53CD;&#x5F39;&#x7684;&#x53EF;&#x80FD;&#x6027;&#x3002;</p><p>4.&#x82E5;&#x60F3;&#x8FBE;&#x5230;&#x4E00;&#x5B9A;&#x6548;&#x679C;&#xFF0C;&#x9700;&#x591A;&#x6B21;&#x6CBB;&#x7597;&#x3002;</p>"}}