{"Title":"下颌角切除术","Related":{"name":"关联百科","content":[{"relatedId":"227","name":"面颊吸脂"},{"relatedId":"693","name":"V-line改脸型"},{"relatedId":"498","name":"瘦脸针"},{"relatedId":"522","name":"咬肌切除术"},{"relatedId":"228","name":"祛颊脂垫"}]},"ShorDesc":{"name":"简介","content":"<p>&#x9002;&#x5E94;&#x75C7;&#xFF1A;&#x8138;&#x5BBD;&#x3001;&#x8138;&#x5927;&#x3001;&#x4E0B;&#x988C;&#x89D2;&#x80A5;&#x5927;&#x3001;&#x8138;&#x578B;&#x65B9;</p><p>&#x4E0B;&#x988C;&#x89D2;&#x5207;&#x9664;&#x672F;&#x53EF;&#x4EE5;&#x6539;&#x5584;&#x4E0B;&#x9762;&#x90E8;&#x5BBD;&#x5927;&#x3001;&#x8138;&#x578B;&#x5448;&#x65B9;&#x5F62;&#x6216;&#x68AF;&#x5F62;&#x7684;&#x95EE;&#x9898;&#x3002;&#x4E0B;&#x988C;&#x89D2;&#x5207;&#x9664;&#x672F;&#x901A;&#x5E38;&#x6709;&#x4EE5;&#x4E0B;&#x51E0;&#x79CD;&#x65B9;&#x6CD5;&#xFF1A;&#x78E8;&#x9AA8;&#x6CD5;&#xFF08;&#x5C06;&#x591A;&#x4F59;&#x9AA8;&#x8D28;&#x78E8;&#x6389;&#xFF09;&#x3001;&#x622A;&#x9AA8;&#x6CD5;&#xFF08;&#x5C06;&#x80A5;&#x5927;&#x7684;&#x4E0B;&#x988C;&#x89D2;&#x5B8C;&#x6574;&#x622A;&#x6389;&#xFF09;&#x3001;&#x5916;&#x677F;&#x5288;&#x9664;&#x6CD5;&#xFF08;&#x53BB;&#x9664;&#x4E0B;&#x988C;&#x89D2;+&#x90E8;&#x5206;&#x5BBD;&#x5927;&#x4E0B;&#x988C;&#x9AA8;&#xFF09;&#x53CA;&#x4E0A;&#x8FF0;&#x65B9;&#x6CD5;&#x7684;&#x8054;&#x5408;&#x5E94;&#x7528;&#xFF08;&#x901A;&#x5E38;&#x9488;&#x5BF9;&#x4E0B;&#x988C;&#x89D2;&#x4E25;&#x91CD;&#x80A5;&#x5927;&#x7684;&#x4EBA;&#xFF09;&#x3002;&#x8BE5;&#x624B;&#x672F;&#x7684;&#x5207;&#x53E3;&#x53EF;&#x80FD;&#x5728;&#x53E3;&#x5185;&#x3001;&#x53E3;&#x5916;&#xFF08;&#x4E0B;&#x988C;&#x7F18;&#xFF09;&#x6216;&#x8005;&#x8033;&#x540E;&#x5207;&#x53E3;&#xFF0C;&#x5177;&#x4F53;&#x8981;&#x770B;&#x533B;&#x751F;&#x7684;&#x624B;&#x672F;&#x65B9;&#x6848;&#x3002;&#x53E6;&#x5916;&#xFF0C;&#x4E0B;&#x988C;&#x89D2;&#x5207;&#x9664;&#x672F;&#x5C5E;&#x4E8E;&#x56DB;&#x7EA7;&#x624B;&#x672F;&#xFF0C;&#x5E94;&#x5F53;&#x5728;&#x4E09;&#x7EA7;&#x6574;&#x5F62;&#x533B;&#x9662;&#x6216;&#x4E09;&#x7EA7;&#x533B;&#x9662;&#x6574;&#x5F62;&#x7F8E;&#x5BB9;&#x5916;&#x79D1;&#x5B9E;&#x65BD;&#x8BE5;&#x624B;&#x672F;&#x3002;</p>"},"Property":{"name":"档案","content":["\n                <li>&#x6CBB;&#x7597;&#x65B9;&#x5F0F;&#xFF1A;<span>&#x624B;&#x672F;</span></li>\n                <li>&#x75BC;&#x75DB;&#x611F;&#xFF1A;<span>4&#x9897;&#x661F;</span><a href=\"gengmei://common_webview?url=http://backend.gmei.com/hybrid/ache_level\">&#x67E5;&#x770B;&#x75BC;&#x75DB;&#x5206;&#x7EA7;</a></li>\n                <li>&#x7EF4;&#x6301;&#x65F6;&#x95F4;&#xFF1A;<span>&#x6C38;&#x4E45;</span></li>\n                <li>&#x6CBB;&#x7597;&#x65F6;&#x95F4;&#xFF1A;<span>90-180&#x5206;&#x949F;</span></li>\n                <li>&#x53C2;&#x8003;&#x4EF7;&#x683C;&#xFF1A;<span>30000-600000</span></li>\n                <li>&#x9EBB;&#x9189;&#x65B9;&#x5F0F;&#xFF1A;<span>&#x5168;&#x9EBB;</span></li>\n                <li>&#x662F;&#x5426;&#x4F4F;&#x9662;&#xFF1A;<span>&#x662F;</span></li>\n                <li>&#x4F4F;&#x9662;&#x65F6;&#x95F4;&#xFF1A;<span>0-3&#x5929;</span></li>\n                <li>&#x62C6;&#x7EBF;&#x65F6;&#x95F4;&#xFF1A;<span>7-10&#x5929;</span></li>\n            "]},"Desc":{"name":"项目／手术原理","content":"<p>1.&#x5934;&#x9762;&#x90E8;&#x3001;&#x53E3;&#x8154;&#x6D88;&#x6BD2;&#x3002;</p><p>2.&#x8FDB;&#x884C;&#x5168;&#x8EAB;&#x9EBB;&#x9189;&#xFF08;&#x7ECF;&#x9F3B;&#x8154;&#x63D2;&#x7BA1;&#x9EBB;&#x9189;&#xFF09;&#x3002;</p><p>3.&#x9009;&#x62E9;&#x5408;&#x9002;&#x7684;&#x5207;&#x53E3;&#xFF1A;</p><p>&#x2460;&#x53E3;&#x5916;&#x5207;&#x53E3;&#xFF1A;&#x662F;&#x5728;&#x4E0B;&#x988C;&#x89D2;&#x5904;&#x505A;&#x4E00;&#x4E2A;3-5&#x5398;&#x7C73;&#x7684;&#x5207;&#x53E3;&#x5207;&#x9664;&#x4E0B;&#x988C;&#x89D2;&#x3002;&#x4F18;&#x70B9;&#xFF1A;&#x624B;&#x672F;&#x662F;&#x5728;&#x76F4;&#x89C6;&#x4E0B;&#x8FDB;&#x884C;&#xFF0C;&#x6BD4;&#x8F83;&#x5B89;&#x5168;&#xFF1B;&#x4E0D;&#x9700;&#x8981;&#x590D;&#x6742;&#x7684;&#x8BBE;&#x5907;&#x3001;&#x5668;&#x68B0;&#xFF0C;&#x53EF;&#x4EE5;&#x540C;&#x65F6;&#x5C06;&#x5480;&#x56BC;&#x808C;&#x90E8;&#x5206;&#x5207;&#x53BB;&#x3002;</p><p>&#x2461;&#x8033;&#x540E;&#x5207;&#x53E3;&#xFF1A;&#x662F;&#x5728;&#x8033;&#x540E;&#x505A;&#x4E00;&#x4E2A;3-4&#x5398;&#x7C73;&#x5207;&#x53E3;&#x5207;&#x9664;&#x4E0B;&#x988C;&#x89D2;&#x3002;&#x4F18;&#x70B9;&#xFF1A;&#x5207;&#x53E3;&#x76F8;&#x5BF9;&#x9690;&#x853D;&#xFF0C;&#x64CD;&#x4F5C;&#x76F8;&#x5BF9;&#x7B80;&#x5355;&#x3002;&#x3000;</p><p>&#x2462;&#x53E3;&#x5185;&#x5916;&#x8054;&#x5408;&#x5207;&#x53E3;&#xFF1A;&#x5E94;&#x7528;&#x53E3;&#x8154;&#x5185;3&#x5398;&#x7C73;&#xFF5E;4&#x5398;&#x7C73;&#x5207;&#x53E3;&#x548C;&#x4E0B;&#x988C;&#x4E0B;&#x4E24;&#x4E2A;0.5&#x5398;&#x7C73;&#xFF5E;0.8&#x5398;&#x7C73;&#x5927;&#x5C0F;&#x5207;&#x53E3;&#xFF0C;&#x975E;&#x5E38;&#x65B9;&#x4FBF;&#x5730;&#x53BB;&#x9664;&#x80A5;&#x5927;&#x7684;&#x4E0B;&#x988C;&#x89D2;&#xFF0C;&#x540C;&#x65F6;&#x53EF;&#x4EE5;&#x5207;&#x9664;&#x6216;&#x78E8;&#x524A;&#x4E0B;&#x988C;&#x9AA8;&#x5916;&#x677F;&#x548C;&#x4E0B;&#x988C;&#x7F18;&#xFF0C;&#x5207;&#x9664;&#x90E8;&#x5206;&#x54AC;&#x808C;&#x3002;&#x4F18;&#x70B9;&#xFF1A;&#x624B;&#x672F;&#x975E;&#x5E38;&#x65B9;&#x4FBF;&#xFF0C;&#x8BB8;&#x591A;&#x521D;&#x5B66;&#x8005;&#x5747;&#x91C7;&#x7528;&#x8BE5;&#x65B9;&#x6CD5;&#x3002;&#x4E0B;&#x988C;&#x4E0B;&#x7684;&#x5FAE;&#x5207;&#x53E3;&#x7ECF;&#x8FC7;&#x4E00;&#x6BB5;&#x65F6;&#x95F4;&#x6062;&#x590D;&#xFF0C;&#x75D5;&#x8FF9;&#x5C06;&#x4E0D;&#x660E;&#x663E;&#x3002;</p><p>&#x2463;&#x4E0B;&#x988C;&#x4E0B;&#x5FAE;&#x5207;&#x53E3;&#xFF1A;&#x5C31;&#x662F;&#x5E94;&#x7528;&#x53E3;&#x5185;&#x5916;&#x8054;&#x5408;&#x5207;&#x53E3;&#x63D2;&#x5165;&#x7535;&#x952F;&#x7684;0.5&#x5398;&#x7C73;&#xFF5E;0.8&#x5398;&#x7C73;&#x5FAE;&#x5C0F;&#x5207;&#x53E3;&#x5B8C;&#x6210;&#x6240;&#x6709;&#x7684;&#x624B;&#x672F;&#x8FC7;&#x7A0B;&#xFF0C;&#x5207;&#x53E3;&#x5728;&#x4E0B;&#x988C;&#x7684;&#x4E0B;&#x9762;&#xFF0C;3&#xFF5E;6&#x4E2A;&#x6708;&#x540E;&#x8BE5;&#x5207;&#x53E3;&#x5C06;&#x4E0D;&#x660E;&#x663E;&#x3002;&#x4F18;&#x70B9;&#xFF1A;&#x8BE5;&#x65B9;&#x6CD5;&#x53E3;&#x5185;&#x6CA1;&#x6709;&#x5207;&#x53E3;&#xFF0C;&#x56E0;&#x6B64;&#x624B;&#x672F;&#x521B;&#x4F24;&#x5C0F;&#x3001;&#x672F;&#x540E;&#x6062;&#x590D;&#x5FEB;&#x3002;</p><p>&#x2464;&#x5B8C;&#x5168;&#x53E3;&#x5185;&#x5207;&#x53E3;&#xFF1A;&#x662F;&#x76EE;&#x524D;&#x6700;&#x597D;&#x7684;&#x624B;&#x672F;&#x65B9;&#x6CD5;&#x3002;&#x662F;&#x5E94;&#x7528;&#x53E3;&#x8154;&#x5185;3&#x5398;&#x7C73;&#xFF5E;4&#x5398;&#x7C73;&#x5207;&#x53E3;&#x5F27;&#x5F62;&#x622A;&#x9664;&#x80A5;&#x5927;&#x4E0B;&#x988C;&#x89D2;&#xFF0C;&#x540C;&#x65F6;&#x53EF;&#x4EE5;&#x5207;&#x9664;&#x6216;&#x78E8;&#x524A;&#x4E0B;&#x988C;&#x9AA8;&#x5916;&#x677F;&#x548C;&#x4E0B;&#x988C;&#x7F18;&#xFF0C;&#x53EF;&#x4EE5;&#x5207;&#x9664;&#x90E8;&#x5206;&#x54AC;&#x808C;&#x3002;[1]&#x4F18;&#x70B9;&#xFF1A;&#x56E0;&#x4E3A;&#x6574;&#x4E2A;&#x624B;&#x672F;&#x53EA;&#x6709;&#x53E3;&#x5185;&#x5207;&#x53E3;&#xFF0C;&#x4F53;&#x8868;&#x4E0D;&#x4F1A;&#x9057;&#x7559;&#x4EFB;&#x4F55;&#x624B;&#x672F;&#x75A4;&#x75D5;&#xFF0C;&#x624B;&#x672F;&#x521B;&#x4F24;&#x76F8;&#x5BF9;&#x4E8E;&#x53E3;&#x5185;&#x5916;&#x8054;&#x5408;&#x5207;&#x53E3;&#x8981;&#x5C0F;&#x7684;&#x591A;&#xFF0C;&#x6062;&#x590D;&#x4E5F;&#x660E;&#x663E;&#x52A0;&#x5FEB;&#x3002;</p><p>4.&#x5265;&#x79BB;&#x8102;&#x80AA;&#x3001;&#x808C;&#x8089;&#x7B49;&#x7EC4;&#x7EC7;&#x3002;</p><p>5.&#x4F7F;&#x7528;&#x78E8;&#x9AA8;&#x3001;&#x622A;&#x9AA8;&#x3001;&#x5916;&#x677F;&#x5288;&#x9664;&#x6CD5;&#x6216;&#x8005;&#x4EE5;&#x4E0A;&#x65B9;&#x6CD5;&#x7684;&#x8054;&#x5408;&#x3002;</p><p>6.&#x6B62;&#x8840;&#x3001;&#x7F1D;&#x5408;&#x3001;&#x52A0;&#x538B;&#x5305;&#x624E;&#x3002;</p><p><img src=\"http://hera.s.gmei.com/2016/10/11/622deff136\" style=\"width: 529px;\"><br></p>"},"Sample":{"name":"效果示例","content":"<img src=\"http://hera.s.gmei.com/itemwiki/2016/10/11/e3b9a29e8d-w\">"},"BeforIdear":{"name":"效果示例","content":"<p>1.&#x505A;&#x5168;&#x8EAB;&#x5E38;&#x89C4;&#x68C0;&#x67E5;&#xFF1A;&#x8840;&#x5E38;&#x89C4;&#x3001;&#x5C3F;&#x5E38;&#x89C4;&#x3001;&#x809D;&#x529F;&#x3001;&#x80BE;&#x529F;&#x3001;&#x5FC3;&#x7535;&#x56FE;&#x3001;&#x8D85;&#x58F0;&#x6CE2;&#x3001;&#x8840;&#x538B;&#x7B49;&#x3002;</p><p>2.&#x505A;X&#x7EBF;&#x6B63;&#x4F4D;&#x7247;&#x3001;&#x988C;&#x5E95;&#x4F4D;&#x4FA7;&#x4F4D;&#x7247;&#x3001;CT&#x3001;&#x4E09;&#x4F4D;CT&#x68C0;&#x67E5;&#x3002;</p><p>3.&#x907F;&#x5F00;&#x6708;&#x7ECF;&#x671F;&#x3001;&#x907F;&#x514D;&#x611F;&#x5192;&#x3002;</p><p>4.&#x672F;&#x524D;&#x4E00;&#x5929;/&#x5F53;&#x5929;&#x8BA4;&#x771F;&#x6E05;&#x6D17;&#x5168;&#x8EAB;&#x3001;&#x5934;&#x9762;&#x90E8;&#xFF08;&#x672F;&#x540E;&#x591A;&#x5929;&#x4E0D;&#x80FD;&#x6D17;&#x5934;&#xFF09;&#x3002;</p><p>5.&#x672F;&#x524D;8&#x5C0F;&#x65F6;&#x7981;&#x98DF;&#x7981;&#x6C34;&#xFF08;&#x4EE5;&#x514D;&#x624B;&#x672F;&#x65F6;&#x4EE3;&#x8C22;&#x7269;&#x4E0D;&#x81EA;&#x4E3B;&#x6392;&#x51FA;&#xFF09;&#x3002;</p><p>6.&#x529E;&#x7406;&#x4F4F;&#x9662;&#x624B;&#x7EED;&#x3001;&#x8D2D;&#x4E70;&#x5FC5;&#x5907;&#x836F;&#x7269;&#xFF08;&#x5C3D;&#x91CF;&#x6709;&#x5BB6;&#x5C5E;&#x966A;&#x540C;&#xFF09;&#x3002;</p><p>7.&#x4F9D;&#x636E;&#x60C5;&#x51B5;&#xFF0C;&#x672F;&#x524D;24&#x5C0F;&#x65F6;&#xFF0C;&#x53EF;&#x80FD;&#x9759;&#x8109;&#x8F93;&#x6297;&#x751F;&#x7D20;&#x3002;</p>"},"AfterIdear":{"name":"优点","content":"<p>1.&#x672F;&#x540E;&#x4F1A;&#x4F9D;&#x636E;&#x60C5;&#x51B5;&#x653E;&#x7F6E;&#x8D1F;&#x538B;&#x5F15;&#x6D41;&#x7BA1;&#xFF08;&#x78E8;&#x9AA8;&#x4E00;&#x822C;&#x4E0D;&#x9700;&#x8981;&#xFF09;&#xFF0C;&#x5927;&#x6982;2-3&#x5929;&#x62C6;&#x9664;&#x3002;</p><p>2.&#x5168;&#x9EBB;&#x672F;&#x540E;6&#x5C0F;&#x65F6;&#x540E;&#x624D;&#x53EF;&#x996E;&#x6C34;&#x3001;&#x8FDB;&#x98DF;&#x3002;</p><p>3.&#x672F;&#x540E;3&#x5929;&#x9700;&#x5F39;&#x6027;&#x7EF7;&#x5E26;&#x5305;&#x624E;&#x3001;&#x672F;&#x540E;1&#x4E2A;&#x6708;&#x5185;&#xFF0C;&#x9700;&#x8981;&#x4F69;&#x6234;&#x5F39;&#x6027;&#x988C;&#x6258;&#xFF08;&#x5851;&#x5F62;&#x9762;&#x7F69;&#xFF0C;&#x672F;&#x524D;&#x5E94;&#x8D2D;&#x4E70;&#x597D;&#xFF09;&#x3002;</p><p>4.&#x9759;&#x8109;&#x6CE8;&#x5C04;3-5&#x5929;&#x6297;&#x751F;&#x7D20;&#x3002;</p><p>5.&#x672F;&#x540E;3&#x5929;&#x4E25;&#x683C;&#x8FDB;&#x6D41;&#x98DF;&#xFF0C;4-7&#x5929;&#x53EF;&#x4EE5;&#x98DF;&#x7528;&#x534A;&#x6D41;&#x98DF;&#x3002;</p><p>6.&#x53E3;&#x5185;&#x5207;&#x53E3;&#x624B;&#x672F;&#x62C6;&#x7EBF;&#x524D;&#x4E0D;&#x80FD;&#x7528;&#x5237;&#x7259;&#xFF0C;&#x9910;&#x540E;&#x7761;&#x524D;&#x5FC5;&#x987B;&#x7528;&#x533B;&#x7528;&#x6D88;&#x708E;&#x6F31;&#x53E3;&#x6C34;&#x6D88;&#x6BD2;&#x53E3;&#x8154;&#x3002;</p><p>7.7-10&#x5929;&#x62C6;&#x7EBF;&#xFF0C;&#x62C6;&#x7EBF;&#x524D;&#xFF0C;&#x6BCF;&#x65E5;&#x7528;&#x65E0;&#x83CC;&#x76D0;&#x6C34;&#x3001;&#x7898;&#x4F0F;&#x6D88;&#x6BD2;&#x4F24;&#x53E3;&#xFF0C;&#x4EE5;&#x514D;&#x611F;&#x67D3;&#x3002;</p><p>8.&#x672F;&#x540E;3&#x4E2A;&#x6708;&#x5185;&#x4E25;&#x7981;&#x5267;&#x70C8;&#x8FD0;&#x52A8;&#x3002;</p><p>9.&#x672F;&#x540E;1-3&#x4E2A;&#x6708;&#x5FC5;&#x987B;&#x6765;&#x590D;&#x8BCA;&#x3002;</p>"},"GoodPoint":{"name":"缺点及风险","content":"<p>1.&#x5F7B;&#x5E95;&#x6539;&#x5584;&#x8138;&#x5BBD;&#x3001;&#x8138;&#x5927;&#x3001;&#x8138;&#x65B9;&#x7684;&#x95EE;&#x9898;&#xFF0C;&#x6548;&#x679C;&#x6781;&#x5176;&#x663E;&#x8457;&#x3002;</p><p>2.&#x6548;&#x679C;&#x6C38;&#x4E45;&#x3002;</p>"},"BadPoint":{"name":"术前锦囊","content":"<p>1.&#x624B;&#x672F;&#x521B;&#x4F24;&#x5927;&#x3001;&#x6062;&#x590D;&#x671F;&#x957F;&#x3001;&#x80BF;&#x80C0;&#x671F;&#x8F83;&#x957F;&#x3002;</p><p>2.&#x53EF;&#x80FD;&#x5B58;&#x5728;&#x7684;&#x5E76;&#x53D1;&#x75C7;&#x8F83;&#x591A;&#xFF0C;&#x5982;&#x5F20;&#x53E3;&#x56F0;&#x96BE;&#xFF0C;&#x635F;&#x4F24;&#x9762;&#x90E8;&#x795E;&#x7ECF;&#x3001;&#x816E;&#x817A;&#x5BFC;&#x7BA1;&#x3001;&#x8F6F;&#x7EC4;&#x7EC7;&#x4EE5;&#x53CA;&#x611F;&#x67D3;&#x3001;&#x8840;&#x80BF;&#x3002;</p>"}}