{"Title":"祛痘坑","Related":{"name":"关联百科","content":[{"relatedId":"656","name":"滚轮微针"},{"relatedId":"802","name":"离子束激光"},{"relatedId":"302","name":"光子嫩肤"},{"relatedId":"651","name":"点阵激光"}]},"ShorDesc":{"name":"简介","content":"<p class=\"MsoNormal\" align=\"left\"><span style=\"font-family:\n&#x5B8B;&#x4F53;;mso-ascii-font-family:Calibri;mso-ascii-theme-font:minor-latin;mso-fareast-font-family:\n&#x5B8B;&#x4F53;;mso-fareast-theme-font:minor-fareast;mso-hansi-font-family:Calibri;\nmso-hansi-theme-font:minor-latin\">&#x9002;&#x5E94;&#x75C7;&#xFF1A;&#x75D8;&#x5751;</span><span lang=\"EN-US\"><o:p></o:p></span></p><p class=\"MsoNormal\" align=\"left\"><span style=\"font-family:\n&#x5B8B;&#x4F53;;mso-ascii-font-family:Calibri;mso-ascii-theme-font:minor-latin;mso-fareast-font-family:\n&#x5B8B;&#x4F53;;mso-fareast-theme-font:minor-fareast;mso-hansi-font-family:Calibri;\nmso-hansi-theme-font:minor-latin\">&#x8868;&#x6D45;&#x75D8;&#x5751;&#x3001;&#x6709;&#x591A;&#x91CD;&#x76AE;&#x80A4;&#x95EE;&#x9898;&#x7684;&#x4EBA;&#x53EF;&#x4EE5;&#x505A;&#x6FC0;&#x5149;&#xFF1A;&#x5982;</span><span lang=\"EN-US\">OPT</span><span style=\"font-family:&#x5B8B;&#x4F53;;mso-ascii-font-family:Calibri;mso-ascii-theme-font:minor-latin;\nmso-fareast-font-family:&#x5B8B;&#x4F53;;mso-fareast-theme-font:minor-fareast;mso-hansi-font-family:\nCalibri;mso-hansi-theme-font:minor-latin\">&#x7F8E;&#x80A4;&#x3001;</span><span lang=\"EN-US\">DPL</span><span style=\"font-family:&#x5B8B;&#x4F53;;mso-ascii-font-family:Calibri;mso-ascii-theme-font:minor-latin;\nmso-fareast-font-family:&#x5B8B;&#x4F53;;mso-fareast-theme-font:minor-fareast;mso-hansi-font-family:\nCalibri;mso-hansi-theme-font:minor-latin\">&#x7F8E;&#x80A4;&#x3001;&#x767D;&#x74F7;&#x5A03;&#x5A03;&#x53CA;&#x6EDA;&#x8F6E;&#x5FAE;&#x9488;&#x3002;&#x8F83;&#x660E;&#x663E;&#x7684;&#x3001;&#x6DF1;&#x5C42;&#x75D8;&#x5751;&#x5219;&#x8981;&#x4E13;&#x95E8;&#x4F7F;&#x7528;&#x70B9;&#x9635;&#x4E8C;&#x6C27;&#x5316;&#x78B3;&#x6FC0;&#x5149;&#x3001;&#x7B49;&#x79BB;&#x5B50;&#x672F;&#x6FC0;&#x5149;&#x6765;&#x8FDB;&#x884C;&#x6CBB;&#x7597;&#x3002;</span></p>"},"Property":{"name":"档案","content":["\n                <li>&#x6CBB;&#x7597;&#x65B9;&#x5F0F;&#xFF1A;<span>&#x5149;&#x7535;&#xFF08;&#x6709;&#x521B;&#xFF09;</span></li>\n                <li>&#x75BC;&#x75DB;&#x611F;&#xFF1A;<span>1&#x9897;&#x661F;</span><a href=\"gengmei://common_webview?url=http://backend.gmei.com/hybrid/ache_level\">&#x67E5;&#x770B;&#x75BC;&#x75DB;&#x5206;&#x7EA7;</a></li>\n                <li>&#x7EF4;&#x6301;&#x65F6;&#x95F4;&#xFF1A;<span>&#x6C38;&#x4E45;</span></li>\n                <li>&#x6CBB;&#x7597;&#x65F6;&#x95F4;&#xFF1A;<span>40-60&#x5206;&#x949F;</span></li>\n                <li>&#x53C2;&#x8003;&#x4EF7;&#x683C;&#xFF1A;<span>3000-8000</span></li>\n                <li>&#x9EBB;&#x9189;&#x65B9;&#x5F0F;&#xFF1A;<span>&#x8868;&#x9762;&#x9EBB;&#x9189;</span></li>\n                <li>&#x662F;&#x5426;&#x4F4F;&#x9662;&#xFF1A;<span>&#x5426;</span></li>\n                \n                <li>&#x62C6;&#x7EBF;&#x65F6;&#x95F4;&#xFF1A;<span>0-0&#x5929;</span></li>\n            "]},"Desc":{"name":"项目／手术原理","content":"<p class=\"MsoNormal\" align=\"left\"><span lang=\"EN-US\">1.</span><span style=\"font-family:&#x5B8B;&#x4F53;;mso-ascii-font-family:Calibri;mso-ascii-theme-font:minor-latin;\nmso-fareast-font-family:&#x5B8B;&#x4F53;;mso-fareast-theme-font:minor-fareast;mso-hansi-font-family:\nCalibri;mso-hansi-theme-font:minor-latin\">&#x5149;&#x5B50;&#x5AE9;&#x80A4;&#xFF1A;&#x795B;&#x7EA2;&#xFF08;&#x6539;&#x5584;&#x75D8;&#x5751;&#x989C;&#x8272;&#xFF09;&#x3001;&#x523A;&#x6FC0;&#x771F;&#x76AE;&#x6D45;&#x5C42;&#x80F6;&#x539F;&#x518D;&#x751F;&#x6539;&#x5584;&#x8F7B;&#x5EA6;&#x75D8;&#x5751;&#x3002;</span><span lang=\"EN-US\"><o:p></o:p></span></p><p class=\"MsoNormal\" align=\"left\"><span lang=\"EN-US\">2.</span><span style=\"font-family:&#x5B8B;&#x4F53;;mso-ascii-font-family:Calibri;mso-ascii-theme-font:minor-latin;\nmso-fareast-font-family:&#x5B8B;&#x4F53;;mso-fareast-theme-font:minor-fareast;mso-hansi-font-family:\nCalibri;mso-hansi-theme-font:minor-latin\">&#x6EDA;&#x8F6E;&#x5FAE;&#x9488;&#xFF1A;&#x5FAE;&#x9488;&#x523A;&#x7A7F;&#x8868;&#x76AE;&#x5F62;&#x6210;&#x5FAE;&#x5C0F;&#x901A;&#x9053;&#x6709;&#x5229;&#x4E8E;&#x836F;&#x7269;&#x5438;&#x6536;&#xFF0C;&#x8FD9;&#x4E9B;&#x836F;&#x7269;&#x6709;&#x5E2E;&#x52A9;&#x6539;&#x5584;&#x75D8;&#x5751;&#x548C;&#x80A4;&#x8D28;&#x7684;&#x4F5C;&#x7528;&#xFF0C;&#x53E6;&#x5916;&#x5FAE;&#x9488;&#x523A;&#x7A7F;&#x8868;&#x76AE;&#x8FD8;&#x53EF;&#x6FC0;&#x53D1;&#x76AE;&#x80A4;&#x81EA;&#x6211;&#x4FEE;&#x590D;&#x529F;&#x80FD;&#xFF0C;&#x4FC3;&#x8FDB;&#x80F6;&#x539F;&#x518D;&#x751F;&#x3002;</span><span lang=\"EN-US\"><o:p></o:p></span></p><p class=\"MsoNormal\" align=\"left\"><span lang=\"EN-US\">3.</span><span style=\"font-family:&#x5B8B;&#x4F53;;mso-ascii-font-family:Calibri;mso-ascii-theme-font:minor-latin;\nmso-fareast-font-family:&#x5B8B;&#x4F53;;mso-fareast-theme-font:minor-fareast;mso-hansi-font-family:\nCalibri;mso-hansi-theme-font:minor-latin\">&#x70B9;&#x9635;&#x6FC0;&#x5149;&#xFF1A;&#x6FC0;&#x5149;&#x53EF;&#x51C6;&#x786E;&#x6CBB;&#x7597;&#x4E8E;&#x60A3;&#x5904;&#xFF0C;&#x5229;&#x7528;&#x5149;&#x70ED;&#x80FD;&#x91CF;&#x6FC0;&#x53D1;&#x76AE;&#x80A4;&#x81EA;&#x6211;&#x4FEE;&#x590D;&#x529F;&#x80FD;&#xFF0C;&#x4FC3;&#x8FDB;&#x80F6;&#x539F;&#x7EA4;&#x7EF4;&#x548C;&#x5F39;&#x6027;&#x7EA4;&#x7EF4;&#x518D;&#x751F;&#x3002;</span><span lang=\"EN-US\"><o:p></o:p></span></p><p>\n\n\n\n\n\n</p><p class=\"MsoNormal\" align=\"left\"><span lang=\"EN-US\">4.</span><span style=\"font-family:&#x5B8B;&#x4F53;;mso-ascii-font-family:Calibri;mso-ascii-theme-font:minor-latin;\nmso-fareast-font-family:&#x5B8B;&#x4F53;;mso-fareast-theme-font:minor-fareast;mso-hansi-font-family:\nCalibri;mso-hansi-theme-font:minor-latin\">&#x7B49;&#x79BB;&#x5B50;&#x672F;&#x6FC0;&#x5149;&#xFF1A;&#x5229;&#x7528;&#x5C04;&#x9891;&#x539F;&#x7406;&#xFF0C;&#x51C6;&#x786E;&#x6CBB;&#x7597;&#x4E8E;&#x60A3;&#x5904;&#xFF0C;&#x523A;&#x6FC0;&#x771F;&#x76AE;&#x5C42;&#x80F6;&#x539F;&#x7EA4;&#x7EF4;&#x3001;&#x5F39;&#x6027;&#x7EA4;&#x7EF4;&#x518D;&#x751F;&#x3001;&#x91CD;&#x7EC4;&#x3002;</span></p><p class=\"MsoNormal\" align=\"left\"><img src=\"http://hera.s.gmei.com/2016/10/11/e19bccda49\" style=\"width: 900px;\"><span style=\"font-family:&#x5B8B;&#x4F53;;mso-ascii-font-family:Calibri;mso-ascii-theme-font:minor-latin;\nmso-fareast-font-family:&#x5B8B;&#x4F53;;mso-fareast-theme-font:minor-fareast;mso-hansi-font-family:\nCalibri;mso-hansi-theme-font:minor-latin\"><br></span><span lang=\"EN-US\"><o:p></o:p></span></p>"},"Sample":{"name":"效果示例","content":"<img src=\"http://hera.s.gmei.com/itemwiki/2016/10/11/0b2e1cd64a-w\">"},"BeforIdear":{"name":"效果示例","content":""},"AfterIdear":{"name":"优点","content":""},"GoodPoint":{"name":"缺点及风险","content":""},"BadPoint":{"name":"术前锦囊","content":""}}