{"Title":"激光淡化乳晕","Related":{"name":"关联百科","content":[{"relatedId":"337","name":"激光淡化乳晕"}]},"ShorDesc":{"name":"简介","content":"<p>&#x9002;&#x5E94;&#x75C7;&#xFF1A;&#x4E73;&#x6655;&#x989C;&#x8272;&#x8FC7;&#x6DF1;</p><p>&#x6FC0;&#x5149;&#x6F02;&#x767D;&#x53EF;&#x7528;&#x7EA2;&#x5B9D;&#x77F3;&#x6FC0;&#x5149;&#x6216;532nm&#x6CE2;&#x957F;&#x6FC0;&#x5149;&#x7ECF;&#x8FC7;&#x4E8C;&#x81F3;&#x56DB;&#x6B21;&#x7684;&#x6CBB;&#x7597;&#x53EF;&#x8FBE;&#x5230;&#x6DE1;&#x5316;&#x8272;&#x7D20;&#x6548;&#x679C;&#xFF0C;&#x4F7F;&#x4E73;&#x6655;&#x4E3A;&#x6DE1;&#x7EA2;&#x8272;&#x3002;</p>"},"Property":{"name":"档案","content":["\n                <li>&#x6CBB;&#x7597;&#x65B9;&#x5F0F;&#xFF1A;<span>&#x5149;&#x7535;&#xFF08;&#x5FAE;&#x521B;&#xFF09;</span></li>\n                <li>&#x75BC;&#x75DB;&#x611F;&#xFF1A;<span>1&#x9897;&#x661F;</span><a href=\"gengmei://common_webview?url=http://backend.gmei.com/hybrid/ache_level\">&#x67E5;&#x770B;&#x75BC;&#x75DB;&#x5206;&#x7EA7;</a></li>\n                <li>&#x7EF4;&#x6301;&#x65F6;&#x95F4;&#xFF1A;<span>&#x6C38;&#x4E45;</span></li>\n                <li>&#x6CBB;&#x7597;&#x65F6;&#x95F4;&#xFF1A;<span>60-90&#x5206;&#x949F;</span></li>\n                <li>&#x53C2;&#x8003;&#x4EF7;&#x683C;&#xFF1A;<span>2000-5000</span></li>\n                <li>&#x9EBB;&#x9189;&#x65B9;&#x5F0F;&#xFF1A;<span>&#x8868;&#x9762;&#x9EBB;&#x9189;</span></li>\n                <li>&#x662F;&#x5426;&#x4F4F;&#x9662;&#xFF1A;<span>&#x5426;</span></li>\n                \n                <li>&#x62C6;&#x7EBF;&#x65F6;&#x95F4;&#xFF1A;<span>0-0&#x5929;</span></li>\n            "]},"Desc":{"name":"项目／手术原理","content":"<p>1&#x3001;&#x6E05;&#x6D01;&#xFFFD;&#xFFFD;&#xFFFD;&#x7597;&#x90E8;&#x4F4D;&#x3002;</p><p>2&#x3001;&#x6D82;&#x62B9;&#x51B7;&#x51DD;&#x80F6;&#x3002;</p><p>3&#x3001;&#x4F7F;&#x7528;&#x6FC0;&#x5149;&#x8FDB;&#x884C;&#x6CBB;&#x7597;&#x3002;</p><p><br></p><p><br></p>"},"Sample":{"name":"效果示例","content":""},"BeforIdear":{"name":"效果示例","content":"<p>1&#x3001;&#x60A3;&#x8005;&#x9700;&#x505A;&#x76F8;&#x5173;&#x68C0;&#x67E5;&#xFF0C;&#x786E;&#x4FDD;&#x6FC0;&#x5149;&#x5BF9;&#x81EA;&#x5DF1;&#x6CA1;&#x6709;&#x4F24;&#x5BB3;&#x3002;</p><p>2&#x3001;&#x6E05;&#x6D01;&#x6CBB;&#x7597;&#x90E8;&#x4F4D;&#x3002;</p><p>3&#x3001;&#x6CBB;&#x7597;&#x524D;&#x4E0D;&#x8981;&#x5316;&#x5986;&#x3002;</p>"},"AfterIdear":{"name":"优点","content":"<p>1.&#x5B9A;&#x5986;&#x90E8;&#x4F4D;3&#x65E5;&#x5185;&#x5C3D;&#x91CF;&#x4E0D;&#x8981;&#x6CBE;&#x6C34;&#x3002;</p><p>2.&#x5B9A;&#x5986;&#x540E;&#x5C3D;&#x91CF;&#x4E0D;&#x8981;&#x84B8;&#x6851;&#x62FF;&#x3001;&#x505A;&#x5149;&#x7535;&#x6CBB;&#x7597;&#x3002;</p><p>3.&#x9075;&#x5FAA;&#x533B;&#x5631;&#x6D82;&#x62B9;&#x4FEE;&#x62A4;&#x4EA7;&#x54C1;&#x3002;</p>"},"GoodPoint":{"name":"缺点及风险","content":"<p>1&#x3001;&#x624B;&#x672F;&#x7B80;&#x5355;&#x5B89;&#x5168;&#x3002;</p><p>2&#x3001;&#x7F8E;&#x767D;&#x6548;&#x679C;&#x660E;&#x663E;&#x3002; </p><p>3&#x3001;&#x5BF9;&#x8EAB;&#x4F53;&#x65E0;&#x526F;&#x4F5C;&#x7528;&#x3002;</p>"},"BadPoint":{"name":"术前锦囊","content":"<p>1.&#x9700;&#x591A;&#x6B21;&#x6CBB;&#x7597;&#x3002; </p><p>2.&#x672F;&#x540E;&#x6709;&#x8F7B;&#x5FAE;&#x75BC;&#x75DB;&#x3002;</p><p>3.&#x53EF;&#x80FD;&#x4F1A;&#x6709;&#x4E73;&#x623F;&#x611F;&#x67D3;&#xFF0C;&#x7EA2;&#x80BF;&#x7B49;&#x3002;</p>"}}