{"Title":"硅胶隆下巴","Related":{"name":"关联百科","content":[{"relatedId":"236","name":"膨体隆下巴"},{"relatedId":"237","name":"Medpor隆下巴"},{"relatedId":"232","name":"玻尿酸隆下巴"}]},"ShorDesc":{"name":"简介","content":"<p>&#x9002;&#x5E94;&#x75C7;&#xFF1A;&#x4E0B;&#x5DF4;&#x6241;&#x5E73;&#xFF0C;&#x4E0B;&#x5DF4;&#x8FC7;&#x77ED;</p><p>&#x5C06;&#x533B;&#x7528;&#x56FA;&#x4F53;&#x7845;&#x80F6;&#x5047;&#x4F53;&#x7F6E;&#x4E8E;&#x4E0B;&#x988C;&#x533A;&#x57DF;&#xFF0C;&#x8FBE;&#x5230;&#x9686;&#x4E0B;&#x5DF4;&#x7684;&#x6548;&#x679C;&#x3002;</p>"},"Property":{"name":"档案","content":["\n                <li>&#x6CBB;&#x7597;&#x65B9;&#x5F0F;&#xFF1A;<span>&#x624B;&#x672F;</span></li>\n                <li>&#x75BC;&#x75DB;&#x611F;&#xFF1A;<span>3&#x9897;&#x661F;</span><a href=\"gengmei://common_webview?url=http://backend.gmei.com/hybrid/ache_level\">&#x67E5;&#x770B;&#x75BC;&#x75DB;&#x5206;&#x7EA7;</a></li>\n                <li>&#x7EF4;&#x6301;&#x65F6;&#x95F4;&#xFF1A;<span>&#x6C38;&#x4E45;</span></li>\n                <li>&#x6CBB;&#x7597;&#x65F6;&#x95F4;&#xFF1A;<span>60-90&#x5206;&#x949F;</span></li>\n                <li>&#x53C2;&#x8003;&#x4EF7;&#x683C;&#xFF1A;<span>3000-15000</span></li>\n                <li>&#x9EBB;&#x9189;&#x65B9;&#x5F0F;&#xFF1A;<span>&#x5C40;&#x9EBB;</span></li>\n                <li>&#x662F;&#x5426;&#x4F4F;&#x9662;&#xFF1A;<span>&#x5426;</span></li>\n                \n                <li>&#x62C6;&#x7EBF;&#x65F6;&#x95F4;&#xFF1A;<span>5-7&#x5929;</span></li>\n            "]},"Desc":{"name":"项目／手术原理","content":"<p>1&#x3001;&#x5728;&#x4E0B;&#x5DF4;&#x5C16;&#x90E8;&#x5207;&#x5F00;&#x3002;</p><p>2&#x3001;&#x63D0;&#x5347;&#x9AA8;&#x819C;&#xFF0C;&#x817E;&#x51FA;&#x7A7A;&#x95F4;&#xFF0C;&#x690D;&#x5165;&#x5047;&#x4F53;&#x3002;</p><p>3&#x3001;&#x7F1D;&#x5408;&#x3002;</p><p><img src=\"http://hera.s.gmei.com/2016/10/12/d5892ab864\" style=\"width: 668px;\"><br></p>"},"Sample":{"name":"效果示例","content":"<img src=\"http://hera.s.gmei.com/itemwiki/2016/10/12/c977e15a82-w\">"},"BeforIdear":{"name":"效果示例","content":"<p>1&#x3001;&#x6709;&#x9F8B;&#x9F7F;&#x6216;&#x5176;&#x4ED6;&#x7259;&#x75BE;&#x7684;&#x53E3;&#x8154;&#x75C5;&#x8005;&#x5E94;&#x5148;&#x4E88;&#x4EE5;&#x77EB;&#x6CBB;&#x3002;</p><p>2&#x3001;&#x624B;&#x672F;&#x524D;&#x4E24;&#x5468;&#x5185;&#xFF0C;&#x8BF7;&#x52FF;&#x670D;&#x7528;&#x56FA;&#x9187;&#x6FC0;&#x7D20;&#x548C;&#x963F;&#x65AF;&#x5339;&#x6797;&#x7C7B;&#x6297;&#x51DD;&#x836F;&#x7269;&#x3002;</p><p>3&#x3001;&#x624B;&#x672F;&#x5F53;&#x65E5;&#x4E0D;&#x8981;&#x5316;&#x5986;&#xFF0C;&#x4E5F;&#x4E0D;&#x8981;&#x6234;&#x88C5;&#x9970;&#x7269;&#x7B49;&#xFF0C;&#x672F;&#x524D;&#x5237;&#x7259;&#x3001;&#x6E05;&#x6D01;&#x53E3;&#x8154;&#x3002;</p><p>4&#x3001;&#x4F8B;&#x5047;&#x671F;&#xFF0C;&#x598A;&#x5A20;&#x524D;&#x671F;(&#x4E09;&#x4E2A;&#x6708;)&#x6216;&#x598A;&#x5A20;&#x540E;&#x671F;(&#x4E09;&#x4E2A;&#x6708;)&#x6682;&#x7F13;&#x624B;&#x672F;&#x3002;</p>"},"AfterIdear":{"name":"优点","content":"<p>1.&#x4F1A;&#x6709;&#x5C11;&#x91CF;&#x8840;&#x75C2;&#xFF0C;&#x6B21;&#x65E5;&#x6362;&#x836F;&#x4E00;&#x6B21;&#x53EF;&#x6E05;&#x9664;&#xFF0C;&#x53EF;&#x53E3;&#x670D;&#x6297;&#x751F;&#x7D20;3-5&#x5929;&#x3002;</p><p>2.&#x672F;&#x540E;&#x5F53;&#x5929;&#x5403;&#x51B7;&#x6D41;&#x98DF;&#xFF0C;&#x56FA;&#x5B9A;&#x7EB1;&#x5E03;&#x548C;&#x80F6;&#x5E26;&#x4E0D;&#x5F97;&#x968F;&#x610F;&#x53D6;&#x4E0B;&#xFF0C;&#x907F;&#x514D;&#x5047;&#x4F53;&#x79FB;&#x4F4D;&#x3002;&#x672F;&#x540E;&#x4E09;&#x5929;&#x5403;&#x6D41;&#x98DF;&#xFF0C;&#x4E0D;&#x80FD;&#x5237;&#x7259;&#x3002;</p><p>3.&#x62C6;&#x7EBF;&#x524D;&#x548C;&#x62C6;&#x7EBF;24&#x5C0F;&#x65F6;&#x4E0D;&#x80FD;&#x6CBE;&#x6C34;&#x3002;</p><p>4.&#x672F;&#x540E;&#x4E00;&#x5468;&#x5185;&#x4E0D;&#x62BD;&#x70DF;&#xFF0C;&#x4E0D;&#x559D;&#x9152;&#xFF0C;&#x4E0D;&#x5403;&#x8F9B;&#x8FA3;&#x523A;&#x6FC0;&#x6027;&#x98DF;&#x7269;&#xFF0C;&#x4E0D;&#x5403;&#x6D77;&#x9C9C;&#x7C7B;&#x548C;&#x6D77;&#x9C9C;&#x7C7B;&#x4EA7;&#x54C1;&#x3002;&#x4E0D;&#x6D17;&#x6851;&#x62FF;&#x6D74;&#xFF0C;&#x4E0D;&#x6D17;&#x70ED;&#x6D74;&#xFF0C;&#x4E0D;&#x505A;&#x5267;&#x70C8;&#x8FD0;&#x52A8;&#x3002;</p>"},"GoodPoint":{"name":"缺点及风险","content":"<p>1&#x3001;&#x7EF4;&#x6301;&#x65F6;&#x95F4;&#x6C38;&#x4E45;&#x3002; </p><p>2&#x3001;&#x4E00;&#x6B21;&#x624B;&#x672F;&#x5373;&#x53EF;&#x3002; </p><p>3&#x3001;&#x672F;&#x540E;&#x53D1;&#x751F;&#x611F;&#x67D3;&#x548C;&#x6392;&#x5F02;&#x53CD;&#x5E94;&#x3002;</p>"},"BadPoint":{"name":"术前锦囊","content":"<p>1&#x3001;&#x9700;&#x8981;&#x624B;&#x672F;&#x5207;&#x53E3;&#xFF0C;&#x53EF;&#x80FD;&#x7559;&#x75A4;&#x3002; </p><p>2&#x3001;&#x5F62;&#x6001;&#x4E0D;&#x81EA;&#x7136;&#x3002;</p><p>3&#x3001;&#x672F;&#x540E;&#x6709;&#x53EF;&#x80FD;&#x51FA;&#x73B0;&#x5047;&#x4F53;&#x7A7F;&#x523A;&#x6216;&#x6B6A;&#x659C;&#x3001;&#x79FB;&#x4F4D;&#x3002; </p><p>4&#x3001;&#x672F;&#x540E;&#x6709;&#x53EF;&#x80FD;&#x51FA;&#x73B0;&#x8840;&#x80BF;&#x3001;&#x611F;&#x67D3;&#x3002;</p>"}}