{"Title":"阴道紧缩","Related":{"name":"关联百科","content":[{"relatedId":"745","name":"处女膜修复"},{"relatedId":"746","name":"阴唇厚改薄"}]},"ShorDesc":{"name":"简介","content":"<p>&#x9002;&#x5E94;&#x75C7;&#xFF1A;&#x9634;&#x9053;&#x677E;&#x5F1B;&#xFF0C;&#x4F1A;&#x9634;&#x635F;&#x4F24;</p><p>&#x901A;&#x8FC7;&#x624B;&#x672F;&#x4FEE;&#x590D;&#x635F;&#x4F24;&#x677E;&#x5F1B;&#x7684;&#x808C;&#x8089;&#x548C;&#x7B4B;&#x819C;&#xFF0C;&#x4F7F;&#x9634;&#x9053;&#x5F39;&#x6027;&#x589E;&#x5F3A;&#xFF0C;&#x677E;&#x7D27;&#x5EA6;&#x53D8;&#x5F97;&#x5408;&#x9002;&#xFF0C;&#x89E3;&#x9664;&#x4E86;&#x60A3;&#x8005;&#x5FC3;&#x7406;&#x4E0A;&#x548C;&#x751F;&#x7406;&#x4E0A;&#x7684;&#x75DB;&#x82E6;&#x3002;</p>"},"Property":{"name":"档案","content":["\n                <li>&#x6CBB;&#x7597;&#x65B9;&#x5F0F;&#xFF1A;<span>&#x624B;&#x672F;</span></li>\n                <li>&#x75BC;&#x75DB;&#x611F;&#xFF1A;<span>3&#x9897;&#x661F;</span><a href=\"gengmei://common_webview?url=http://backend.gmei.com/hybrid/ache_level\">&#x67E5;&#x770B;&#x75BC;&#x75DB;&#x5206;&#x7EA7;</a></li>\n                <li>&#x7EF4;&#x6301;&#x65F6;&#x95F4;&#xFF1A;<span>&#x957F;&#x4E45;</span></li>\n                <li>&#x6CBB;&#x7597;&#x65F6;&#x95F4;&#xFF1A;<span>60-120&#x5206;&#x949F;</span></li>\n                <li>&#x53C2;&#x8003;&#x4EF7;&#x683C;&#xFF1A;<span>1000-70000</span></li>\n                <li>&#x9EBB;&#x9189;&#x65B9;&#x5F0F;&#xFF1A;<span>&#x5168;&#x9EBB;</span></li>\n                <li>&#x662F;&#x5426;&#x4F4F;&#x9662;&#xFF1A;<span>&#x5426;</span></li>\n                \n                <li>&#x62C6;&#x7EBF;&#x65F6;&#x95F4;&#xFF1A;<span>5-7&#x5929;</span></li>\n            "]},"Desc":{"name":"项目／手术原理","content":"<p>1.&#x5728;&#x9634;&#x9053;&#x540E;&#x58C1;&#x76AE;&#x80A4;&#x4E0E;&#x7C98;&#x819C;&#x4EA4;&#x754C;&#x5904;&#x76AE;&#x80A4;&#x4FA7;&#x505A;&#x5F27;&#x5F62;&#x5207;&#x53E3;&#x3002;</p><p>2.&#x4E8E;&#x9634;&#x9053;&#x7C98;&#x819C;&#x4E0B;&#x5265;&#x79BB;&#x9634;&#x9053;&#x540E;&#x58C1;&#x7C98;&#x819C;&#x5168;&#x957F;&#x7684;1/2&#xFF0C;&#x5C06;&#x4E24;&#x4FA7;&#x58C1;&#x808C;&#x8089;&#x7EC4;&#x7EC7;&#x62C9;&#x62E2;&#x7F1D;&#x5408;&#xFF0C;&#x808C;&#x8089;&#x65AD;&#x88C2;&#x8005;&#x4E88;&#x4EE5;&#x4FEE;&#x590D;&#xFF0C;&#x9634;&#x9053;&#x677E;&#x7D27;&#x4EE5;&#x5BB9;&#x7EB3;&#x4E24;&#x6307;&#x4E3A;&#x5B9C;&#x3002;</p><p>3.&#x9634;&#x9053;&#x7C98;&#x819C;&#x51F8;&#x5411;&#x9634;&#x9053;&#x5185;&#xFF0C;&#x4E0D;&#x4E88;&#x5207;&#x9664;&#xFF0C;&#x4FDD;&#x6301;&#x7C98;&#x819C;&#x5C42;&#x7684;&#x5B8C;&#x6574;&#x6027;&#x3002;</p><p>4.&#x9634;&#x9053;&#x5185;&#x586B;&#x5145;&#x76F4;&#x5F84;3&#xFF5E;4cm&#x7EB1;&#x5E03;&#x5377;&#x6216;&#x7898;&#x4EFF;&#x7EB1;&#x5E03;&#x5377;&#x538B;&#x8FEB;&#x6B62;&#x8840;&#xFF0C;24&#xFF5E;48h&#x540E;&#x53D6;&#x51FA;&#x3002;</p><p><img src=\"http://hera.s.gmei.com/2016/10/12/1129ec52e8\" style=\"width: 408px;\"><br></p>"},"Sample":{"name":"效果示例","content":""},"BeforIdear":{"name":"效果示例","content":"<p>1&#x3001;&#x907F;&#x5F00;&#x4F8B;&#x5047;&#x671F;&#xFF0C;&#x598A;&#x5A20;&#x671F;&#x3002;</p><p>2&#x3001;&#x624B;&#x672F;&#x524D;&#x4E24;&#x5468;&#x5185;&#xFF0C;&#x8BF7;&#x52FF;&#x670D;&#x7528;&#x56FA;&#x9187;&#x6FC0;&#x7D20;&#x548C;&#x963F;&#x65AF;&#x5339;&#x6797;&#x7C7B;&#x6297;&#x51DD;&#x836F;&#x7269;&#x3002;</p><p>3&#x3001;&#x672F;&#x524D;&#x8981;&#x505A;&#x5168;&#x9762;&#x7684;&#x5987;&#x79D1;&#x68C0;&#x67E5;&#xFF0C;&#x5982;&#x679C;&#x6709;&#x5987;&#x79D1;&#x708E;&#x75C7;&#x6216;&#x6027;&#x75C5;&#x8981;&#x5148;&#x884C;&#x6CBB;&#x7597;&#xFF0C;&#x7136;&#x540E;&#x624D;&#x80FD;&#x505A;&#x9634;&#x9053;&#x7D27;&#x7F29;&#x672F;&#xFF0C;&#x5426;&#x5219;&#x4F1A;&#x9020;&#x6210;&#x611F;&#x67D3;&#xFF0C;&#x5BFC;&#x81F4;&#x4E25;&#x91CD;&#x540E;&#x679C;&#x3002;</p><p>4&#x3001;&#x672F;&#x524D;2&#x5929;&#x5F00;&#x59CB;&#x9075;&#x5FAA;&#x533B;&#x5631;&#x81EA;&#x884C;&#x51B2;&#x6D17;&#x9634;&#x9053;&#x53CA;&#x4F1A;&#x9634;&#x90E8;&#x3002;</p>"},"AfterIdear":{"name":"优点","content":"<p>1&#x3001;&#x672F;&#x540E;1&#x5468;&#x5185;&#x8981;&#x9075;&#x7167;&#x533B;&#x5631;&#x53E3;&#x670D;&#x6297;&#x751F;&#x7D20;3-5&#x5929;&#xFF0C;&#x6BCF;&#x65E5;1&#x6B21;&#x7528;&#x4E00;&#x5B9A;&#x6D53;&#x5EA6;&#x9AD8;&#x9530;&#x9178;&#x94BE;&#x6DB2;&#x5750;&#x6D74;&#x3002;</p><p>2&#x3001;&#x4FDD;&#x6301;&#x4F1A;&#x9634;&#x90E8;&#x6E05;&#x6D01;&#x5E72;&#x71E5;&#xFF0C;&#x7A7F;&#x5BBD;&#x677E;&#x3001;&#x68C9;&#x8D28;&#x5185;&#x88E4;&#xFF0C;&#x4E0D;&#x8981;&#x7528;&#x536B;&#x751F;&#x5DFE;&#x548C;&#x536B;&#x751F;&#x62A4;&#x57AB;&#x3002;</p><p>3&#x3001;&#x672F;&#x540E;1&#x4E2A;&#x6708;&#x5185;&#x4E0D;&#x9A91;&#x81EA;&#x884C;&#x8F66;&#xFF0C;&#x4E0D;&#x505A;&#x5267;&#x70C8;&#x8FD0;&#x52A8;&#xFF0C;&#x4EE5;&#x907F;&#x514D;&#x7F1D;&#x5408;&#x90E8;&#x4F4D;&#x4F24;&#x53E3;&#x5F00;&#x88C2;&#x3002;</p><p>4&#x3001;&#x672F;&#x540E;&#x4E0D;&#x670D;&#x7528;&#x963F;&#x53F8;&#x5339;&#x6797;&#xFF0C;&#x4E0D;&#x5438;&#x70DF;&#xFF0C;&#x591A;&#x5403;&#x852C;&#x83DC;&#x6C34;&#x679C;&#x7B49;&#xFF0C;&#x907F;&#x514D;&#x4FBF;&#x79D8;&#x3002;</p>"},"GoodPoint":{"name":"缺点及风险","content":"<p>1. &#x4E34;&#x5E8A;&#x5E94;&#x7528;&#x8F83;&#x591A;&#xFF0C;&#x6280;&#x672F;&#x6210;&#x719F;&#x3002;</p><p>2. &#x4E0E;&#x5176;&#x4ED6;&#x624B;&#x672F;&#x65B9;&#x6CD5;&#x76F8;&#x6BD4;&#xFF0C;&#x521B;&#x4F24;&#x76F8;&#x5BF9;&#x8F83;&#x5C0F;&#x3002;</p>"},"BadPoint":{"name":"术前锦囊","content":"<p>1.&#x66F4;&#x6613;&#x635F;&#x4F24;&#x76F4;&#x80A0;&#x3002;</p>"}}