{"Title":"激光祛黑眼圈","Related":{"name":"关联百科","content":[{"relatedId":"196","name":"激光祛眼袋"},{"relatedId":"647","name":"激光祛纹身"}]},"ShorDesc":{"name":"简介","content":"<p>&#x9002;&#x5E94;&#x75C7;&#xFF1A;&#x8272;&#x6C89;&#x578B;&#x9ED1;&#x773C;&#x5708;</p><p>&#x5229;&#x7528;&#x7684;&#x662F;&#x4E00;&#x79CD;&#x8FDC;&#x7EA2;&#x5916;&#x957F;&#x8109;&#x51B2;&#x6FC0;&#x5149;&#xFF0C;&#x80FD;&#x9002;&#x7528;&#x4E8E;&#x591A;&#x79CD;&#x539F;&#x56E0;&#x5F15;&#x8D77;&#x7684;&#x9ED1;&#x773C;&#x5708;&#xFF0C;&#x7ECF;&#x8FC7;&#x5B9A;&#x671F;&#x7684;&#x6CBB;&#x7597;&#x548C;&#x4E13;&#x4E1A;&#x62A4;&#x7406;&#xFF0C;&#x6709;&#x6548;&#x5730;&#x6253;&#x6563;&#x4E0B;&#x773C;&#x7751;&#x3001;&#x773C;&#x7736;&#x5904;&#x7684;&#x6DF1;&#x5C42;&#x8272;&#x7D20;&#x6C89;&#x7740;&#xFF0C;&#x6539;&#x5584;&#x76AE;&#x80A4;&#x4EE3;&#x8C22;&#xFF0C;&#x8FBE;&#x5230;&#x53BB;&#x9664;&#x9ED1;&#x773C;&#x5708;&#x7684;&#x76EE;&#x7684;&#x3002;</p>"},"Property":{"name":"档案","content":["\n                <li>&#x6CBB;&#x7597;&#x65B9;&#x5F0F;&#xFF1A;<span>&#x5149;&#x7535;&#xFF08;&#x5FAE;&#x521B;&#xFF09;</span></li>\n                <li>&#x75BC;&#x75DB;&#x611F;&#xFF1A;<span>0&#x9897;&#x661F;</span><a href=\"gengmei://common_webview?url=http://backend.gmei.com/hybrid/ache_level\">&#x67E5;&#x770B;&#x75BC;&#x75DB;&#x5206;&#x7EA7;</a></li>\n                <li>&#x7EF4;&#x6301;&#x65F6;&#x95F4;&#xFF1A;<span>&#x6C38;&#x4E45;</span></li>\n                <li>&#x6CBB;&#x7597;&#x65F6;&#x95F4;&#xFF1A;<span>60-120&#x5206;&#x949F;</span></li>\n                <li>&#x53C2;&#x8003;&#x4EF7;&#x683C;&#xFF1A;<span>4000-6000</span></li>\n                <li>&#x9EBB;&#x9189;&#x65B9;&#x5F0F;&#xFF1A;<span>&#x65E0;</span></li>\n                <li>&#x662F;&#x5426;&#x4F4F;&#x9662;&#xFF1A;<span>&#x5426;</span></li>\n                \n                <li>&#x62C6;&#x7EBF;&#x65F6;&#x95F4;&#xFF1A;<span>0-0&#x5929;</span></li>\n            "]},"Desc":{"name":"项目／手术原理","content":"<p>1. &#x6E05;&#x6D01;&#x9762;&#x90E8;&#xFF0C;&#x6D88;&#x6BD2;&#x3002;</p><p>2. &#x63A5;&#x901A;&#x7535;&#x6E90;&#xFF0C;&#x8C03;&#x8BD5;&#x5408;&#x9002;&#x80FD;&#x91CF;&#x53C2;&#x6570;&#x3002;</p><p>3. &#x5149;&#x6591;&#x7167;&#x5C04;&#x75C5;&#x53D8;&#x533A;&#x57DF;&#x3002;</p><p><img src=\"http://hera.s.gmei.com/2016/10/12/ac995247ef\" style=\"width: 550px;\"><br></p>"},"Sample":{"name":"效果示例","content":"<img src=\"http://hera.s.gmei.com/itemwiki/2016/10/12/3886b7f1b2-w\">"},"BeforIdear":{"name":"效果示例","content":"<p>1&#x3001;&#x6CBB;&#x7597;&#x524D;&#x7D20;&#x989C;&#x3001;&#x6E05;&#x6D01;&#x76AE;&#x80A4;&#x3002;&#xA0;</p><p>2&#x3001;&#x4FDD;&#x62A4;&#x597D;&#x773C;&#x775B;&#xFF0C;&#x907F;&#x514D;&#x707C;&#x4F24;&#x3002;</p>"},"AfterIdear":{"name":"优点","content":"<p>1&#x3001;&#x672F;&#x540E;3&#x5929;&#x5185;&#xFF0C;&#x9002;&#x5F53;&#x51B0;&#x6577;, &#x6301;&#x7EED;&#x9891;&#x7E41;&#x4F7F;&#x7528;&#x4FEE;&#x590D;&#x7C7B;&#x4EA7;&#x54C1; ,&#x4E25;&#x683C;&#x9632;&#x6652; , &#x51B7;&#x6C34;&#x6D17;&#x8138;, &#x505C;&#x7528;&#x6240;&#x6709;&#x523A;&#x6FC0;&#x6027;&#x5316;&#x5986;&#x54C1;,&#x7981;&#x70DF;&#x9152;&#x53CA;&#x8F9B;&#x8FA3;&#x523A;&#x6FC0;&#x7684;&#x98DF;&#x7269;&#x3002;</p><p>2&#x3001;&#x6CBB;&#x7597;&#x540E;&#xFF0C;&#x75C2;&#x76AE;&#x8131;&#x843D;&#x4EE5;&#x524D;&#x6CBB;&#x7597;&#x533A;&#x57DF;&#x4E0D;&#x63A5;&#x89E6;&#x6C34;&#xFF0C;&#x4E0D;&#x6413;&#x64E6;&#xFF0C;&#x5FCC;&#x8FA3;&#x3001;&#x70DF;&#x548C;&#x9152;&#xFF0C;&#x8FD1;&#x6BB5;&#x65F6;&#x95F4;&#x7981;&#x98DF;&#x989C;&#x8272;&#x6DF1;&#x7684;&#x98DF;&#x7269;&#x5982;&#xFF1A;&#x5496;&#x5561;&#x3001;&#x53EF;&#x4E50;&#x7B49;&#xFF0C;&#x8981;&#x8BA9;&#x75C2;&#x76AE;&#x81EA;&#x884C;&#x8131;&#x843D;&#xFF0C;&#x4E0D;&#x5F97;&#x5F3A;&#x884C;&#x5265;&#x843D;&#x3002;</p><p>3&#x3001;&#x6CE8;&#x610F;&#x9632;&#x6652;&#x548C;&#x4FDD;&#x6E7F;&#x3002;</p><p>4&#x3001;&#x75C2;&#x76AE;&#x8131;&#x843D;&#x4EE5;&#x524D;&#x4E0D;&#x53C2;&#x52A0;&#x6FC0;&#x70C8;&#x8FD0;&#x52A8;&#xFF0C;&#x4EE5;&#x514D;&#x51FA;&#x6C57;&#x540E;&#x5F15;&#x8D77;&#x611F;&#x67D3;&#x3002;</p>"},"GoodPoint":{"name":"缺点及风险","content":"<p>1. &#x9002;&#x5E94;&#x4EBA;&#x7FA4;&#x8F83;&#x5E7F;&#x3002;</p><p>2. &#x4EF7;&#x683C;&#x76F8;&#x5BF9;&#x5149;&#x5B50;&#x548C;E&#x5149;&#x4FBF;&#x5B9C;&#x3002;</p><p>3. &#x6CBB;&#x7597;&#x6240;&#x9700;&#x65F6;&#x95F4;&#x77ED;&#x3002;</p><p>4. &#x5BF9;&#x76AE;&#x80A4;&#x635F;&#x4F24;&#x5C0F;&#x3002;</p>"},"BadPoint":{"name":"术前锦囊","content":"<p>1&#x3001;&#x672F;&#x540E;&#x9ED1;&#x773C;&#x5708;&#x6709;&#x590D;&#x53D1;&#x7684;&#x53EF;&#x80FD;&#x3002;</p><p>2&#x3001;&#x53EF;&#x80FD;&#x51FA;&#x73B0;&#x7EA2;&#x6591;&#x3001;&#x8272;&#x7D20;&#x6C89;&#x7740;&#x3002;</p>"}}