{"Title":"眼部松弛","Related":{"name":"关联百科","content":[{"relatedId":"195","name":"外切祛眼袋"},{"relatedId":"194","name":"内切祛眼袋"},{"relatedId":"196","name":"激光祛眼袋"},{"relatedId":"199","name":"上睑下垂矫正"},{"relatedId":"671","name":"鱼尾纹"}]},"ShorDesc":{"name":"简介","content":"<p>&#x9002;&#x5E94;&#x75C7;&#xFF1A;&#x773C;&#x76AE;&#x677E;&#x5F1B;&#x3001;&#x4E0A;&#x7751;&#x4E0B;&#x5782;&#x3002;</p><p>&#x901A;&#x8FC7;&#x624B;&#x672F;&#x65B9;&#x6CD5;&#x5207;&#x9664;&#x773C;&#x76AE;&#x4E0A;&#x591A;&#x4F59;&#x7684;&#x76AE;&#x80A4;&#xFF0C;&#x8FBE;&#x5230;&#x7D27;&#x81F4;&#x808C;&#x80A4;&#x7684;&#x76EE;&#x7684;&#xFF0C;&#x4E3B;&#x8981;&#x9488;&#x5BF9;&#x8870;&#x8001;&#x5F15;&#x8D77;&#x7684;&#x4E0A;&#x773C;&#x76AE;&#x8001;&#x5316;&#x677E;&#x5782;&#xFF0C;&#x6BD4;&#x8F83;&#x5E38;&#x7528;&#x7684;&#x624B;&#x672F;&#x6709;&#x4E09;&#x79CD;&#xFF1A;&#x4E0A;&#x773C;&#x76AE;&#x63D0;&#x5347;&#x3001;&#x5207;&#x7709;&#x6CD5;&#x53CA;&#x989D;&#x90E8;&#x9664;&#x76B1;&#x6CD5;&#xFF0C;&#x5176;&#x4E2D;&#xFF0C;&#x989D;&#x90E8;&#x9664;&#x76B1;&#x6CD5;&#x521B;&#x4F24;&#x76F8;&#x5BF9;&#x8F83;&#x5927;&#xFF0C;&#x66F4;&#x9002;&#x5408;&#x4F34;&#x6709;&#x989D;&#x6A2A;&#x7EB9;&#x7684;&#x8001;&#x5E74;&#x6C42;&#x7F8E;&#x8005;&#x3002;</p>"},"Property":{"name":"档案","content":["\n                <li>&#x6CBB;&#x7597;&#x65B9;&#x5F0F;&#xFF1A;<span>&#x624B;&#x672F;</span></li>\n                <li>&#x75BC;&#x75DB;&#x611F;&#xFF1A;<span>0&#x9897;&#x661F;</span><a href=\"gengmei://common_webview?url=http://backend.gmei.com/hybrid/ache_level\">&#x67E5;&#x770B;&#x75BC;&#x75DB;&#x5206;&#x7EA7;</a></li>\n                <li>&#x7EF4;&#x6301;&#x65F6;&#x95F4;&#xFF1A;<span>&#x6C38;&#x4E45;</span></li>\n                <li>&#x6CBB;&#x7597;&#x65F6;&#x95F4;&#xFF1A;<span>30-30&#x5206;&#x949F;</span></li>\n                <li>&#x53C2;&#x8003;&#x4EF7;&#x683C;&#xFF1A;<span>1000-20000</span></li>\n                <li>&#x9EBB;&#x9189;&#x65B9;&#x5F0F;&#xFF1A;<span>&#x5C40;&#x9EBB;&#xFF0F;&#x5168;&#x9EBB;</span></li>\n                <li>&#x662F;&#x5426;&#x4F4F;&#x9662;&#xFF1A;<span>&#x5426;</span></li>\n                \n                <li>&#x62C6;&#x7EBF;&#x65F6;&#x95F4;&#xFF1A;<span>5-7&#x5929;</span></li>\n            "]},"Desc":{"name":"项目／手术原理","content":"<p>1. &#x6E05;&#x6D01;&#x9762;&#x90E8;&#xFF0C;&#x6D88;&#x6BD2;&#x3002;</p><p>2. &#x8BBE;&#x8BA1;&#x3002;</p><p>3. &#x5207;&#x5F00;&#x548C;&#x5207;&#x9664;&#x4E00;&#x5B9A;&#x91CF;&#x7684;&#x677E;&#x5F1B;&#x76AE;&#x80A4;&#x3002;</p><p>4. &#x7F1D;&#x5408;&#x3002;</p><p><img src=\"http://hera.s.gmei.com/2016/10/11/c794f05517\" style=\"width: 584px;\"><br></p>"},"Sample":{"name":"效果示例","content":"<img src=\"http://hera.s.gmei.com/itemwiki/2016/10/11/81c62323f8-w\">"},"BeforIdear":{"name":"效果示例","content":"<p>1.&#x4FDD;&#x6301;&#x9762;&#x90E8;&#x6E05;&#x6D01;&#xFF0C;&#x907F;&#x514D;&#x611F;&#x67D3;&#x3002;</p><p>2.&#x672F;&#x524D;&#x4E00;&#x5468;&#x5185;&#xFF0C;&#x5305;&#x62EC;&#x7EF4;&#x751F;&#x7D20;E&#x5728;&#x5185;&#x7684;&#x6240;&#x6709;&#x7EF4;&#x751F;&#x7D20;&#x53CA;&#x963F;&#x53F8;&#x5339;&#x6797;&#x4E00;&#x5F8B;&#x505C;&#x6B62;&#x4F7F;&#x7528;&#x3002;</p><p>3.&#x672F;&#x524D;&#x4E24;&#x5929;&#xFF0C;&#x4E0D;&#x53EF;&#x8FC7;&#x591A;&#x7684;&#x670D;&#x7528;&#x9152;&#x7CBE;&#x7C7B;&#x996E;&#x54C1;&#x3002;</p><p>4.&#x672F;&#x524D;&#x5982;&#x6709;&#x5176;&#x4ED6;&#x75C5;&#x53F2;&#x6216;&#x6B63;&#x5728;&#x670D;&#x7528;&#x836F;&#x54C1;&#x7B49;&#x76F8;&#x5173;&#x60C5;&#x51B5;&#xFF0C;&#x8BF7;&#x8BE6;&#x7EC6;&#x544A;&#x77E5;&#x533B;&#x5E08;&#x3002;</p>"},"AfterIdear":{"name":"优点","content":"<p>1&#x3001;&#x624B;&#x672F;&#x5207;&#x53E3;&#x4E00;&#x822C;&#x5728;3&#x5929;&#x540E;&#x53EF;&#x66B4;&#x9732;&#xFF0C;&#x6BCF;&#x5929;&#x70B9;&#x6297;&#x751F;&#x7D20;&#x773C;&#x836F;&#x6C34;&#xFF0C;&#x521B;&#x53E3;&#x5904;&#x70B9;&#x773C;&#x818F;&#x3002;&#x5982;&#x53D1;&#x73B0;&#x4E0D;&#x59A5;&#x4E4B;&#x5904;&#xFF0C;&#x53EF;&#x5728;5&#x5929;&#x5185;&#x4FEE;&#x6539;&#x3002;</p><p>2&#x3001;&#x672F;&#x540E;&#x5305;&#x624E;&#x53CC;&#x773C;&#x8005;&#x5E94;&#x52A0;&#x5F3A;&#x751F;&#x6D3B;&#x62A4;&#x7406;&#x53CA;&#x89C2;&#x5BDF;&#xFF0C;&#x5982;&#x6709;&#x4E0D;&#x9002;&#x5E94;&#x8BE5;&#x5BFB;&#x627E;&#x539F;&#x56E0;&#xFF0C;&#x4E0D;&#x5E94;&#x8BE5;&#x968F;&#x610F;&#x677E;&#x52A8;&#x6577;&#x6599;&#x3002;</p><p>3&#x3001;&#x907F;&#x514D;&#x7EC4;&#x7EC7;&#x7F1D;&#x5408;&#x9762;&#x7EE7;&#x7EED;&#x6E17;&#x8840;&#x3002;&#x53EF;&#x4EE5;&#x91C7;&#x53D6;&#x7528;&#x5F39;&#x529B;&#x7EF7;&#x5E26;&#x52A0;&#x538B;&#x5305;&#x624E;&#x3001;&#x4E0D;&#x5B9C;&#x8FC7;&#x5EA6;&#x4F4E;&#x5934;&#x3001;&#x4E0D;&#x80FD;&#x7528;&#x529B;&#x7741;&#x773C;&#x6216;&#x95ED;&#x773C;&#x7B49;&#x3002;</p><p>4&#x3001;&#x773C;&#x7751;&#x7EC4;&#x7EC7;&#x53D7;&#x5230;&#x624B;&#x672F;&#x521B;&#x4F24;&#x540E;&#xFF0C;&#x7EC6;&#x80DE;&#x95F4;&#x4F1A;&#x51FA;&#x73B0;&#x53CD;&#x5E94;&#x6027;&#x6C34;&#x80BF;&#x3002;&#x8FD9;&#x5C5E;&#x6B63;&#x5E38;&#x73B0;&#x8C61;&#xFF0C;&#x4E0D;&#x5FC5;&#x62C5;&#x5FC3;&#xFF0C;&#x91C7;&#x53D6;&#x52A0;&#x538B;&#x5305;&#x624E;&#x548C;&#x51B7;&#x6577;&#x6709;&#x52A9;&#x4E8E;&#x4E0A;&#x8FF0;&#x73B0;&#x8C61;&#x51CF;&#x8F7B;&#xFF0C;&#x4F46;&#x80BF;&#x80C0;&#x4E25;&#x91CD;&#x5E76;&#x4E0D;&#x65AD;&#x53D1;&#x5C55;&#x5219;&#x8981;&#x53CA;&#x65F6;&#x627E;&#x533B;&#x751F;&#x590D;&#x67E5;&#x3002;</p><p>5&#x3001;&#x672F;&#x540E;2&#x5468;&#x5185;&#x4E0D;&#x8981;&#x770B;&#x7535;&#x89C6;&#x3001;&#x62A5;&#x7EB8;&#xFF0C;&#x5367;&#x5E8A;&#x4F11;&#x606F;&#x65F6;&#x6700;&#x597D;&#x534A;&#x5367;&#x4F4D;(&#x628A;&#x6795;&#x5934;&#x57AB;&#x9AD8;)&#xFF0C;&#x4EE5;&#x51CF;&#x8F7B;&#x773C;&#x7751;&#x90E8;&#x80BF;&#x80C0;&#xFF0C;&#x907F;&#x514D;&#x773C;&#x775B;&#x8FC7;&#x5EA6;&#x75B2;&#x52B3;&#x3002;</p><p>6&#x3001;&#x672F;&#x540E;&#x4E24;&#x5468;&#x5185;&#x4E25;&#x7981;&#x670D;&#x7528;&#x963F;&#x53F8;&#x5339;&#x6797;&#x3001;&#x6CD5;&#x6797;&#xFF0C;&#x6FC0;&#x7D20;&#xFF0C;&#x53CA;&#x6D3B;&#x8840;&#x5316;&#x6DE4;&#x7B49;&#x836F;&#x7269;&#x3002;</p><p>7&#x3001;&#x672F;&#x540E;&#x53EF;&#x4F69;&#x6234;&#x58A8;&#x955C;&#xFF0C;2&#x5468;&#x4EE5;&#x540E;&#x65B9;&#x53EF;&#x6234;&#x9690;&#x5F62;&#x773C;&#x955C;&#xFF0C;1&#x4E2A;&#x6708;&#x4EE5;&#x540E;&#x65B9;&#x53EF;&#x8D34;&#x5047;&#x773C;&#x776B;&#x6BDB;&#x3002;</p><p>8&#x3001;&#x4E00;&#x4E2A;&#x6708;&#x5185;&#x52FF;&#x98DF;&#x70DF;&#x9152;&#x3001;&#x8165;&#x3001;&#x8FA3;&#x7B49;&#x523A;&#x6FC0;&#x6027;&#x98DF;&#x7269;&#xFF0C;&#x7F8A;&#x8089;&#xFF0C;&#x9C7C;&#x7B49;&#xFF0C;&#x4EE5;&#x6E05;&#x6DE1;&#x8425;&#x517B;&#x996E;&#x98DF;&#x4E3A;&#x4F73;&#x3002;&#x4E00;&#x4E2A;&#x6708;&#x5185;&#x4E0D;&#x8981;&#x5316;&#x5986;&#xFF0C;&#x5207;&#x4E0D;&#x53EF;&#x4F7F;&#x7528;&#x542B;&#x6709;&#x91CD;&#x91D1;&#x5C5E;&#x7684;&#x5316;&#x5986;&#x62A4;&#x80A4;&#x54C1;&#xFF0C;&#x6709;&#x53EF;&#x80FD;&#x52A0;&#x91CD;&#x75A4;&#x75D5;&#x589E;&#x751F;&#x3002;</p>"},"GoodPoint":{"name":"缺点及风险","content":"<p>1.&#x6709;&#x6548;&#x6539;&#x5584;&#x773C;&#x90E8;&#x677E;&#x5F1B;&#x95EE;&#x9898;&#x3002;<br></p>"},"BadPoint":{"name":"术前锦囊","content":"<p>1.&#x672F;&#x540E;&#x5207;&#x53E3;&#x90E8;&#x4F4D;&#x4F1A;&#x7559;&#x6709;&#x7622;&#x75D5;&#x3002;</p><p>2.&#x672F;&#x540E;&#x53EF;&#x80FD;&#x51FA;&#x73B0;&#x8840;&#x80BF;&#x548C;&#x5916;&#x5F62;&#x4E0D;&#x7F8E;&#x7B49;&#x5E76;&#x53D1;&#x75C7;&#x3002;</p>"}}