{"Title":"黄金微针","Related":{"name":"关联百科","content":[{"relatedId":"717","name":"射频提升"},{"relatedId":"480","name":"超声刀"},{"relatedId":"719","name":"NIR红外紧肤"},{"relatedId":"718","name":"电波拉皮"}]},"ShorDesc":{"name":"简介","content":"<p>&#x9002;&#x5E94;&#x75C7;&#xFF1A;&#x9C7C;&#x5C3E;&#x7EB9;&#x3001;&#x62AC;&#x5934;&#x7EB9;&#x3001;&#x5DDD;&#x5B57;&#x7EB9;&#x3001;&#x6CD5;&#x4EE4;&#x7EB9;&#x3001;&#x53E3;&#x5468;&#x7EB9;&#x3001;&#x9888;&#x7EB9;&#x3001;&#x598A;&#x5A20;&#x7EB9;&#x3001;&#x80A5;&#x80D6;&#x7EB9;&#x3001;&#x75D8;&#x75D8;&#x3001;&#x75D8;&#x5751;&#x3001;&#x51F9;&#x9677;&#x6027;&#x75A4;&#x75D5;&#x3001;&#x6BDB;&#x5B54;&#x7C97;&#x5927;&#x3001;&#x80A4;&#x8D28;&#x6697;&#x6C89;&#x3001;&#x814B;&#x81ED;</p><p>&#x9EC4;&#x91D1;&#x5FAE;&#x9488;=&#x5FAE;&#x9488;+&#x5C04;&#x9891;&#xFF0C;&#x4E4B;&#x6240;&#x4EE5;&#x53EB;&#x9EC4;&#x91D1;&#x5FAE;&#x9488;&#x662F;&#x56E0;&#x4E3A;&#x5FAE;&#x9488;&#x9488;&#x4F53;&#x548C;&#x5916;&#x9762;&#x7684;&#x9540;&#x5C42;&#x90FD;&#x662F;&#x91D1;&#x8272;&#x7684;&#x3002;&#x9EC4;&#x91D1;&#x5FAE;&#x9488;&#x662F;&#x901A;&#x8FC7;3&#x4E2A;&#x539F;&#x7406;&#x6765;&#x8FBE;&#x5230;&#x6CBB;&#x7597;&#x6548;&#x679C;&#x7684;&#xFF1A;&#x2460;&#x5FAE;&#x9488;&#x673A;&#x68B0;&#x523A;&#x6FC0;+&#x5C04;&#x9891;&#x70ED;&#x523A;&#x6FC0;&#xFF0C;&#x5171;&#x540C;&#x6FC0;&#x53D1;&#x76AE;&#x80A4;&#x7684;&#x81EA;&#x6211;&#x4FEE;&#x590D;&#x3001;&#x4FC3;&#x8FDB;&#x80F6;&#x539F;&#x518D;&#x751F;&#x4E0E;&#x76AE;&#x80A4;&#x65B0;&#x9648;&#x4EE3;&#x8C22;&#xFF0C;&#x6539;&#x5584;&#x5FAE;&#x5FAA;&#x73AF;&#xFF1B;&#x2461;&#x5FAE;&#x9488;&#x7A7F;&#x900F;&#x540E;&#x5F62;&#x6210;&#x5FAE;&#x5B54;&#xFF0C;&#x4FBF;&#x4E8E;&#x7F8E;&#x5BB9;&#x6210;&#x5206;&#x8FDB;&#x5165;&#x76AE;&#x80A4;&#xFF1B;&#x2462;&#x5FAE;&#x9488;&#x9488;&#x5C16;&#x53D1;&#x5C04;&#x7684;&#x5C04;&#x9891;&#x80FD;&#x91CF;&#x53EF;&#x9009;&#x62E9;&#x6027;&#x5730;&#x7834;&#x574F;&#x6BDB;&#x56CA;&#x76AE;&#x8102;&#x817A;&#x3001;&#x5927;&#x6C57;&#x817A;&#xFF0C;&#x6291;&#x5236;&#x708E;&#x75C7;&#x53CD;&#x5E94;&#xFF0C;&#x6FC0;&#x6D3B;&#x81EA;&#x8EAB;&#x6297;&#x708E;&#x4FEE;&#x590D;&#x7CFB;&#x7EDF;&#x3002;</p>"},"Property":{"name":"档案","content":["\n                <li>&#x6CBB;&#x7597;&#x65B9;&#x5F0F;&#xFF1A;<span>&#x5149;&#x7535;&#xFF08;&#x6709;&#x521B;&#xFF09;</span></li>\n                <li>&#x75BC;&#x75DB;&#x611F;&#xFF1A;<span>1&#x9897;&#x661F;</span><a href=\"gengmei://common_webview?url=http://backend.gmei.com/hybrid/ache_level\">&#x67E5;&#x770B;&#x75BC;&#x75DB;&#x5206;&#x7EA7;</a></li>\n                <li>&#x7EF4;&#x6301;&#x65F6;&#x95F4;&#xFF1A;<span>&#x6C38;&#x4E45;</span></li>\n                <li>&#x6CBB;&#x7597;&#x65F6;&#x95F4;&#xFF1A;<span>60-90&#x5206;&#x949F;</span></li>\n                <li>&#x53C2;&#x8003;&#x4EF7;&#x683C;&#xFF1A;<span>3000-12000</span></li>\n                <li>&#x9EBB;&#x9189;&#x65B9;&#x5F0F;&#xFF1A;<span>&#x8868;&#x9762;&#x9EBB;&#x9189;</span></li>\n                <li>&#x662F;&#x5426;&#x4F4F;&#x9662;&#xFF1A;<span>&#x5426;</span></li>\n                \n                <li>&#x62C6;&#x7EBF;&#x65F6;&#x95F4;&#xFF1A;<span>0-0&#x5929;</span></li>\n            "]},"Desc":{"name":"项目／手术原理","content":"<p>1.&#x6577;&#x8868;&#x9762;&#x9EBB;&#x9189;&#x836F;&#x7269;30-40min&#x3002;</p><p>2.&#x6E05;&#x6D01;&#x3001;&#x6D88;&#x6BD2;&#x6CBB;&#x7597;&#x90E8;&#x4F4D;&#x3002;</p><p>3.&#x533B;&#x751F;&#x6839;&#x636E;&#x9488;&#x5BF9;&#x95EE;&#x9898;&#x4E0E;&#x6CBB;&#x7597;&#x90E8;&#x4F4D;&#xFF0C;&#x8C03;&#x8282;&#x5FAE;&#x9488;&#x7A7F;&#x900F;&#x6DF1;&#x5EA6;&#x548C;&#x5C04;&#x9891;&#x80FD;&#x91CF;&#x3002;</p><p>4.&#x7535;&#x5B50;&#x7CFB;&#x7EDF;&#x64CD;&#x63A7;&#x4E0B;&#xFF0C;&#x7EDD;&#x7F18;&#x5FAE;&#x9488;&#x540C;&#x65F6;&#x5FEB;&#x901F;&#x7A7F;&#x900F;&#x8868;&#x76AE;&#xFF0C;&#x4ECE;&#x5FAE;&#x9488;&#x9488;&#x5C16;&#x53D1;&#x5C04;&#x5C04;&#x9891;&#x80FD;&#x91CF;&#xFF0C;&#x968F;&#x5373;&#x5FEB;&#x901F;&#x9000;&#x51FA;&#xFF0C;&#x5982;&#x6B64;&#x5FAA;&#x73AF;&#x5F80;&#x590D;&#x3002;</p><p>5.&#x6D82;&#x62B9;&#x7F8E;&#x5BB9;&#x836F;&#x7269;&#x3002;</p><p><img src=\"http://hera.s.gmei.com/2016/10/11/9d22a7758a\" style=\"width: 487px;\"></p><p>&#x76EE;&#x524D;&#xFF0C;&#x5E02;&#x9762;&#x4E0A;&#x7528;&#x5F97;&#x6700;&#x591A;&#x7684;&#x9EC4;&#x91D1;&#x5FAE;&#x9488;&#x4EEA;&#x5668;&#x662F;&#x4EE5;&#x8272;&#x5217;Invasix&#x516C;&#x53F8;&#x7814;&#x53D1;&#x7684;BodyTite&#x3002;Body Tite&#x9664;&#x4E86;&#x6709;&#x9EC4;&#x91D1;&#x5FAE;&#x9488;&#x5E73;&#x53F0;&#x4EE5;&#x5916;&#xFF0C;&#x8FD8;&#x6709;&#x9EC4;&#x91D1;&#x5FAE;&#x96D5;&#x5E73;&#x53F0;&#xFF0C;&#x7528;&#x4E8E;&#x6EB6;&#x8102;&#x3001;&#x7D27;&#x80A4;&#x3002;<br></p>"},"Sample":{"name":"效果示例","content":"<img src=\"http://hera.s.gmei.com/itemwiki/2016/10/11/29360818d3-w\">"},"BeforIdear":{"name":"效果示例","content":"<p>1.&#x907F;&#x5F00;&#x6708;&#x7ECF;&#x671F;&#x3001;&#x598A;&#x5A20;&#x671F;&#xFF0C;&#x4EE5;&#x514D;&#x52A0;&#x91CD;&#x51FA;&#x8840;&#x548C;&#x80BF;&#x80C0;&#x3002;</p><p>2.&#x672F;&#x524D;7&#x5929;&#x7981;&#x670D;&#x6297;&#x51DD;&#x836F;&#x7269;&#xFF08;&#x5982;&#x963F;&#x53F8;&#x5339;&#x6797;&#xFF09;&#x3002;</p><p>3.&#x7D20;&#x989C;&#xFF0C;&#x6CBB;&#x7597;&#x524D;&#x5145;&#x5206;&#x6D01;&#x9762;&#x3001;&#x6D88;&#x6BD2;&#x6740;&#x83CC;&#x3002;</p><p>4.1&#x4E2A;&#x6708;&#x5185;&#x4E0D;&#x5F97;&#x505A;&#x6709;&#x521B;&#x7684;&#x5149;&#x7535;&#x3001;&#x5FAE;&#x9488;&#x3001;&#x679C;&#x9178;&#x6CBB;&#x7597;&#x3002;</p>"},"AfterIdear":{"name":"优点","content":"<p>1.&#x6CE8;&#x5C04;&#x540E;&#x53EF;&#x4EE5;&#x51B7;&#x6577;&#xFF0C;&#x53EF;&#x7F13;&#x89E3;&#x7EA2;&#x80BF;&#x548C;&#x75BC;&#x75DB;&#x3002;</p><p>2.&#x6CE8;&#x5C04;&#x540E;24-72h&#x5185;&#xFF0C;&#x9488;&#x773C;&#x4E0D;&#x80FD;&#x6CBE;&#x6C34;&#x3001;&#x4E0D;&#x5B9C;&#x6D17;&#x8138;&#x3001;&#x4FDD;&#x6301;&#x6E05;&#x6D01;&#x5E72;&#x71E5;&#x3002;</p><p>3.&#x4F7F;&#x7528;&#x65E0;&#x83CC;&#x4FDD;&#x6E7F;&#x9762;&#x819C;&#x3001;&#x4FEE;&#x590D;&#x9762;&#x819C;&#x6216;EGF&#x8868;&#x76AE;&#x751F;&#x957F;&#x56E0;&#x5B50;&#xFF08;&#x4FEE;&#x590D;&#x80BD;&#xFF09;&#x7B49;&#x4EA7;&#x54C1;&#x3002;</p><p>4.&#x4E25;&#x683C;&#x9632;&#x6652;&#xFF0C;&#x4F7F;&#x7528;SPF30+&#x7684;&#x9632;&#x6652;&#x971C;&#x3001;&#x58A8;&#x955C;&#x3001;&#x906E;&#x9633;&#x4F1E;&#x3002;</p><p>5.&#x6CBB;&#x7597;&#x540E;1&#x5468;&#x5185;&#xFF0C;&#x4E25;&#x7981;&#x4F7F;&#x7528;&#x542B;&#x523A;&#x6FC0;&#x6027;&#x6210;&#x5206;&#xFF08;&#x679C;&#x9178;&#x3001;&#x6C34;&#x6768;&#x9178;&#x3001;&#x9152;&#x7CBE;&#x3001;&#x9AD8;&#x6D53;&#x5EA6;&#x5DE6;&#x65CB;VC&#x7B49;&#xFF09;&#x7684;&#x62A4;&#x80A4;&#x54C1;&#x3002;</p><p>6.&#x4E25;&#x7981;&#x8F9B;&#x8FA3;&#x523A;&#x6FC0;&#x6027;&#x98DF;&#x7269;&#x3002;</p><p>7.&#x60F3;&#x8981;&#x505A;&#x5149;&#x7535;&#x6CBB;&#x7597;&#xFF0C;&#x9700;&#x8981;&#x95F4;&#x9694;10-14&#x5929;&#x3002;</p>"},"GoodPoint":{"name":"缺点及风险","content":"<p>1.&#x4E0E;&#x6EDA;&#x8F6E;&#x3001;&#x7535;&#x52A8;&#x5FAE;&#x9488;&#x76F8;&#x6BD4;&#xFF0C;&#x9EC4;&#x91D1;&#x5FAE;&#x9488;&#x8868;&#x76AE;&#x635F;&#x4F24;&#x5C0F;&#x3001;&#x4FEE;&#x590D;&#x5FEB;&#xFF0C;&#x8FD8;&#x53EF;&#x6839;&#x636E;&#x9700;&#x8981;&#xFF0C;&#x7CBE;&#x786E;&#x8C03;&#x8282;&#x5FAE;&#x9488;&#x7A7F;&#x900F;&#x6DF1;&#x5EA6;&#xFF0C;&#x4EE4;&#x6CBB;&#x7597;&#x66F4;&#x7CBE;&#x51C6;&#x3002;</p><p>2.&#x4E0E;&#x666E;&#x901A;&#x5C04;&#x9891;&#x76F8;&#x6BD4;&#xFF0C;&#x9EC4;&#x91D1;&#x5C04;&#x9891;&#x907F;&#x514D;&#x4E86;&#x5C04;&#x9891;&#x80FD;&#x91CF;&#x5BF9;&#x8868;&#x76AE;&#x7684;&#x523A;&#x6FC0;&#x4E0E;&#x635F;&#x4F24;&#xFF08;&#x7EDD;&#x7F18;&#x9488;&#x6746;&#x907F;&#x514D;&#x523A;&#x6FC0;&#x8868;&#x76AE;&#xFF09;&#xFF0C;&#x4E0D;&#x7ED3;&#x75C2;&#x3001;&#x65E0;&#x8272;&#x6C89;&#xFF0C;&#x8FD8;&#x53EF;&#x6839;&#x636E;&#x9700;&#x8981;&#xFF0C;&#x7CBE;&#x786E;&#x63A7;&#x5236;&#x5C04;&#x9891;&#x4F5C;&#x7528;&#x6DF1;&#x5EA6;&#xFF0C;&#x4EE4;&#x5C04;&#x9891;&#x4F5C;&#x7528;&#x66F4;&#x805A;&#x7126;&#x66F4;&#x7CBE;&#x51C6;&#x3002;</p><p>3.&#x5FAE;&#x9488;&#x4E0E;&#x5C04;&#x9891;&#x7EC4;&#x5408;&#xFF0C;&#x6CBB;&#x7597;&#x6548;&#x679C;&#x4E0E;&#x7CBE;&#x51C6;&#x5EA6;&#x52A0;&#x500D;&#x3002;</p><p>4.&#x53EF;&#x8FBE;&#x5230;&#x9664;&#x76B1;&#x3001;&#x7D27;&#x80A4;&#x3001;&#x7626;&#x8138;&#x3001;&#x6539;&#x5584;&#x51F9;&#x9677;&#x6027;&#x75A4;&#x75D5;&#x7B49;&#x591A;&#x91CD;&#x4F5C;&#x7528;&#x3002;</p><p>5.&#x5B89;&#x5168;&#x3001;&#x6062;&#x590D;&#x671F;&#x8F83;&#x77ED;&#x3002;</p>"},"BadPoint":{"name":"术前锦囊","content":"<p>1.&#x4EF7;&#x683C;&#x8F83;&#x9AD8;&#x3002;</p><p>2.&#x9EC4;&#x91D1;&#x5FAE;&#x9488;&#x4F1A;&#x523A;&#x7834;&#x8868;&#x76AE;&#xFF0C;&#x64CD;&#x4F5C;&#x4E0D;&#x5F53;&#x4E5F;&#x53EF;&#x80FD;&#x611F;&#x67D3;&#x3002;</p><p>3.&#x64CD;&#x4F5C;&#x4E0D;&#x5F53;&#x53EF;&#x80FD;&#x5BFC;&#x81F4;&#x771F;&#x76AE;&#x7EC4;&#x7EC7;&#x589E;&#x751F;&#x3002;</p>"}}