{"Title":"埋线隆鼻","Related":{"name":"关联百科","content":[{"relatedId":"675","name":"假体+耳软骨隆鼻"},{"relatedId":"676","name":"达拉斯鼻综合（鼻中隔隆鼻）"},{"relatedId":"677","name":"肋软骨隆鼻"},{"relatedId":"356","name":"硅胶隆鼻"},{"relatedId":"355","name":"膨体隆鼻"},{"relatedId":"222","name":"玻尿酸隆鼻"},{"relatedId":"516","name":"Medpor隆鼻"}]},"ShorDesc":{"name":"简介","content":"<p>&#x9002;&#x5E94;&#x75C7;&#xFF1A;&#x584C;&#x9F3B;&#x6881;&#x3001;&#x77ED;&#x9F3B;&#x3001;&#x9F3B;&#x5C16;&#x4F4E;&#x5782;&#x3001;&#x9F3B;&#x5B54;&#x5F62;&#x6001;&#x5DEE;&#x3001;&#x9F3B;&#x7FFC;&#x5BBD;&#x3001;&#x9F3B;&#x5934;&#x5927;</p><p>&#x57CB;&#x7EBF;&#x9686;&#x9F3B;&#x662F;&#x5C06;&#x5177;&#x5907;&#x652F;&#x6491;&#x3001;&#x63D0;&#x62C9;&#x4F5C;&#x7528;&#x7684;&#x952F;&#x9F7F;&#x7EBF;&#x4EE5;&#x6CE8;&#x5C04;&#x5230;&#x9700;&#x8981;&#x5851;&#x5F62;&#x7684;&#x90E8;&#x4F4D;&#xFF08;&#x5982;&#x9F3B;&#x6881;&#x3001;&#x9F3B;&#x5C0F;&#x67F1;&#x3001;&#x9F3B;&#x7FFC;&#x3001;&#x9F3B;&#x5934;&#xFF09;&#xFF0C;&#x901A;&#x8FC7;&#x7EBF;&#x7684;&#x652F;&#x6491;&#x3001;&#x7275;&#x5F15;&#x4F5C;&#x7528;&#x8FBE;&#x5230;&#x9686;&#x9F3B;&#x3001;&#x5EF6;&#x957F;&#x9F3B;&#x5C16;&#x3001;&#x62AC;&#x9AD8;&#x9F3B;&#x5C16;&#x7B49;&#x4F5C;&#x7528;&#x3002;Misko&#x57CB;&#x7EBF;&#x9686;&#x9F3B;&#x7684;&#x65B9;&#x6CD5;&#x57CB;&#x7EBF;&#x540E;&#x8FD8;&#x4F1A;&#x6CE8;&#x5C04;&#x73BB;&#x5C3F;&#x9178;&#xFF0C;&#x76F8;&#x5F53;&#x4E8E;&#x94A2;&#x7B4B;+&#x6C34;&#x6CE5;&#x7684;&#x7ED3;&#x6784;&#xFF0C;&#x53EF;&#x4EE5;&#x8BA9;&#x6548;&#x679C;&#x7EF4;&#x6301;&#x66F4;&#x4E45;&#x3002;</p>"},"Property":{"name":"档案","content":["\n                <li>&#x6CBB;&#x7597;&#x65B9;&#x5F0F;&#xFF1A;<span>&#x624B;&#x672F;</span></li>\n                <li>&#x75BC;&#x75DB;&#x611F;&#xFF1A;<span>2&#x9897;&#x661F;</span><a href=\"gengmei://common_webview?url=http://backend.gmei.com/hybrid/ache_level\">&#x67E5;&#x770B;&#x75BC;&#x75DB;&#x5206;&#x7EA7;</a></li>\n                <li>&#x7EF4;&#x6301;&#x65F6;&#x95F4;&#xFF1A;<span>6-12&#x4E2A;&#x6708;</span></li>\n                <li>&#x6CBB;&#x7597;&#x65F6;&#x95F4;&#xFF1A;<span>40-60&#x5206;&#x949F;</span></li>\n                <li>&#x53C2;&#x8003;&#x4EF7;&#x683C;&#xFF1A;<span>5000-20000</span></li>\n                <li>&#x9EBB;&#x9189;&#x65B9;&#x5F0F;&#xFF1A;<span>&#x5C40;&#x9EBB;</span></li>\n                <li>&#x662F;&#x5426;&#x4F4F;&#x9662;&#xFF1A;<span>&#x5426;</span></li>\n                \n                <li>&#x62C6;&#x7EBF;&#x65F6;&#x95F4;&#xFF1A;<span>0-0&#x5929;</span></li>\n            "]},"Desc":{"name":"项目／手术原理","content":"<p>1.&#x5168;&#x9762;&#x90E8;&#x3001;&#x9F3B;&#x90E8;&#x6D88;&#x6BD2;&#x3002;</p><p>2.&#x8FDB;&#x884C;&#x9F3B;&#x90E8;&#x5C40;&#x90E8;&#x9EBB;&#x9189;&#x6216;&#x7761;&#x7720;&#x9EBB;&#x9189;&#x3002;</p><p>3.&#x4F7F;&#x7528;PDO&#x3001;PPDO&#x3001;PLLA&#x6750;&#x8D28;&#x7684;&#x952F;&#x9F7F;&#x7EBF;&#xFF08;&#x60AC;&#x540A;&#x7EBF;&#xFF09;&#x6765;&#x77EB;&#x6B63;&#x9F3B;&#x5F62;&#x3002;</p><p>4.&#x5728;&#x9F3B;&#x90E8;&#x6CE8;&#x5C04;&#x5927;&#x5206;&#x5B50;&#x73BB;&#x5C3F;&#x9178;&#xFF08;&#x53EF;&#x9009;&#xFF09;&#x3002;</p><p>5.&#x51B0;&#x6577;&#x3002;</p><p><img src=\"http://hera.s.gmei.com/2016/10/11/71ec51ec20\" style=\"width: 920px;\"><br></p>"},"Sample":{"name":"效果示例","content":"<img src=\"http://hera.s.gmei.com/itemwiki/2016/10/11/fe4ae93696-w\">"},"BeforIdear":{"name":"效果示例","content":"<p>1.&#x672F;&#x524D;2&#x5468;&#x7981;&#x670D;&#x6297;&#x51DD;&#x836F;&#x7269;&#x3002;</p><p>2.&#x672F;&#x524D;&#x505A;&#x5E38;&#x89C4;&#x4F53;&#x68C0;&#xFF0C;&#x4F20;&#x67D3;&#x75BE;&#x75C5;&#x3001;&#x4E25;&#x91CD;&#x5668;&#x8D28;&#x6027;&#x75BE;&#x75C5;&#x548C;&#x8840;&#x6DB2;&#x75BE;&#x75C5;&#x7684;&#x60A3;&#x8005;&#x4E25;&#x7981;&#x505A;&#x57CB;&#x7EBF;&#x9686;&#x9F3B;&#x3002;</p><p>3.&#x672F;&#x524D;&#x4E00;&#x5929;/&#x5F53;&#x5929;&#x51C0;&#x5934;&#x9762;&#x90E8;&#x3001;&#x7D20;&#x989C;&#x3002;</p><p>4.&#x624B;&#x672F;&#x5FC5;&#x987B;&#x907F;&#x5F00;&#x6708;&#x7ECF;&#x671F;&#x3001;&#x598A;&#x5A20;&#x671F;&#x3002; </p>"},"AfterIdear":{"name":"优点","content":"<p>1.&#x672F;&#x540E;&#x53EF;&#x7ACB;&#x5373;&#x51B0;&#x6577;&#xFF0C;48&#x5C0F;&#x65F6;&#x5185;&#x9488;&#x5B54;&#x4E0D;&#x80FD;&#x6CBE;&#x6C34;&#x3002;</p><p>2.&#x672F;&#x540E;1&#x5468;&#x5185;&#x4E3A;&#x9632;&#x6B62;&#x9F3B;&#x5B50;&#x53D8;&#x5F62;&#xFF0C;&#x4E25;&#x7981;&#x6309;&#x63C9;&#x3001;&#x6324;&#x538B;&#x9F3B;&#x90E8;&#x3002;</p><p>3.&#x672F;&#x540E;3&#x5929;&#x6BCF;&#x65E5;&#x4F7F;&#x7528;&#x65E0;&#x83CC;&#x76D0;&#x6C34;/&#x7898;&#x4F0F;&#x5BF9;&#x8FDB;&#x9488;&#x5B54;&#x6D88;&#x6BD2;&#x3002;</p><p>4.&#x672F;&#x540E;2&#x5468;&#x5185;&#x4E25;&#x7981;&#x70DF;&#x9152;&#x3001;&#x8F9B;&#x8FA3;&#x523A;&#x6FC0;&#x7269;&#xFF0C;&#x4EE5;&#x9632;&#x80BF;&#x80C0;&#x65E0;&#x6CD5;&#x6D88;&#x9000;&#x3002;</p>"},"GoodPoint":{"name":"缺点及风险","content":"<p>1.&#x65E0;&#x9700;&#x5F00;&#x5200;&#x3001;&#x6062;&#x590D;&#x671F;&#x77ED;&#x3002;</p><p>2.&#x4E0D;&#x4EC5;&#x80FD;&#x8BA9;&#x9F3B;&#x6881;&#x53D8;&#x9AD8;&#xFF0C;&#xFFFD;&#xFFFD;&#xFFFD;&#x80FD;&#x5927;&#x5927;&#x6539;&#x5584;&#x9F3B;&#x90E8;&#x5F62;&#x6001;&#x3002;</p><p>3.&#x89C1;&#x6548;&#x5FEB;&#xFF0C;&#x57CB;&#x7EBF;&#x540E;&#x7ACB;&#x5373;&#x89C1;&#x6548;&#x3002;</p>"},"BadPoint":{"name":"术前锦囊","content":"<p>1.&#x7EF4;&#x6301;&#x65F6;&#x95F4;&#x77ED;&#xFF0C;&#x9700;&#x8981;&#x53CD;&#x590D;&#x505A;&#x3002;</p><p>2.&#x53EF;&#x80FD;&#x51FA;&#x73B0;&#x4E0D;&#x540C;&#x7A0B;&#x5EA6;&#x7684;&#x80BF;&#x80C0;&#x611F;&#x3001;&#x62C9;&#x626F;&#x611F;&#x3001;&#x9178;&#x80C0;&#x611F;&#x548C;&#x6DE4;&#x9752;&#xFF0C;&#x90FD;&#x5C5E;&#x4E8E;&#x6B63;&#x5E38;&#x73B0;&#x8C61;&#xFF0C;2-4&#x5468;&#x540E;&#x53EF;&#x81EA;&#x884C;&#x75CA;&#x6108;&#x3002;</p><p>3.&#x7EBF;&#x5934;&#x53EF;&#x80FD;&#x9876;&#x51FA;&#xFF0C;&#x9700;&#x8981;&#x7ACB;&#x5373;&#x590D;&#x8BCA;&#xFF0C;&#x53D6;&#x51FA;&#x591A;&#x4F59;&#x7EBF;&#x5934;&#x3002;</p>"}}