{"Title":"半永久纹眼线","Related":{"name":"关联百科","content":[{"relatedId":"591","name":"半永久纹眉"},{"relatedId":"703","name":"半永久纹美瞳线"},{"relatedId":"704","name":"孕睫术"}]},"ShorDesc":{"name":"简介","content":"<p>&#x9002;&#x5E94;&#x75C7;&#xFF1A;&#x776B;&#x6BDB;&#x7A00;&#x758F;</p><p>&#x4E00;&#x79CD;&#x5FAE;&#x521B;&#x7684;&#x76AE;&#x80A4;&#x7740;&#x8272;&#x6280;&#x672F;&#xFF0C;&#x5C06;FDA&#x8BA4;&#x8BC1;&#x7684;&#x5929;&#x7136;&#x690D;&#x7269;&#x8272;&#x7D20;&#x690D;&#x4E8E;&#x776B;&#x6BDB;&#x6839;&#x90E8;&#x3002;</p>"},"Property":{"name":"档案","content":["\n                <li>&#x6CBB;&#x7597;&#x65B9;&#x5F0F;&#xFF1A;<span>&#x6CE8;&#x5C04;</span></li>\n                <li>&#x75BC;&#x75DB;&#x611F;&#xFF1A;<span>1&#x9897;&#x661F;</span><a href=\"gengmei://common_webview?url=http://backend.gmei.com/hybrid/ache_level\">&#x67E5;&#x770B;&#x75BC;&#x75DB;&#x5206;&#x7EA7;</a></li>\n                <li>&#x7EF4;&#x6301;&#x65F6;&#x95F4;&#xFF1A;<span>2-3&#x5E74;</span></li>\n                <li>&#x6CBB;&#x7597;&#x65F6;&#x95F4;&#xFF1A;<span>40-60&#x5206;&#x949F;</span></li>\n                <li>&#x53C2;&#x8003;&#x4EF7;&#x683C;&#xFF1A;<span>1000-6800</span></li>\n                <li>&#x9EBB;&#x9189;&#x65B9;&#x5F0F;&#xFF1A;<span>&#x8868;&#x9762;&#x9EBB;&#x9189;</span></li>\n                <li>&#x662F;&#x5426;&#x4F4F;&#x9662;&#xFF1A;<span>&#x5426;</span></li>\n                \n                <li>&#x62C6;&#x7EBF;&#x65F6;&#x95F4;&#xFF1A;<span>0-0&#x5929;</span></li>\n            "]},"Desc":{"name":"项目／手术原理","content":"<p>1&#x3001;&#x8BBE;&#x8BA1;</p><p>2&#x3001;&#x6807;&#x6CE8;&#x65BD;&#x672F;&#x533A;&#xFF0C;&#x6577;&#x9EBB;&#x836F;</p><p>3&#x3001;&#x5C06;&#x8272;&#x6599;&#x690D;&#x5165;&#x5BF9;&#x5E94;&#x4F4D;&#x7F6E;</p><p><img src=\"http://hera.s.gmei.com/2016/10/12/5d0b02533e\" style=\"width: 235px;\"><br></p>"},"Sample":{"name":"效果示例","content":"<img src=\"http://hera.s.gmei.com/itemwiki/2016/10/12/9273f4c5a0-w\">"},"BeforIdear":{"name":"效果示例","content":"<p>1&#x3001;&#x624B;&#x672F;&#x524D;&#x4E24;&#x5468;&#x5185;&#xFF0C;&#x8BF7;&#x52FF;&#x670D;&#x7528;&#x56FA;&#x9187;&#x6FC0;&#x7D20;&#x548C;&#x963F;&#x65AF;&#x5339;&#x6797;&#x7C7B;&#x6297;&#x51DD;&#x836F;&#x7269;&#x3002;</p><p>2&#x3001;&#x624B;&#x672F;&#x5F53;&#x65E5;&#x4E0D;&#x8981;&#x5316;&#x5986;&#xFF0C;&#x4E5F;&#x4E0D;&#x8981;&#x6234;&#x88C5;&#x9970;&#x7269;&#x7B49;&#x3002;</p><p>3&#x3001;&#x4F8B;&#x5047;&#x671F;&#xFF0C;&#x598A;&#x5A20;&#x524D;&#x671F;(&#x4E09;&#x4E2A;&#x6708;)&#x6216;&#x598A;&#x5A20;&#x540E;&#x671F;(&#x4E09;&#x4E2A;&#x6708;)&#x6682;&#x7F13;&#x624B;&#x672F;&#x3002;</p>"},"AfterIdear":{"name":"优点","content":"<p>1.&#x672F;&#x540E;5&#x5929;&#x5185;&#xFF0C;&#x60A3;&#x5904;&#x7ED3;&#x75C2;&#xFF0C;&#x907F;&#x5F00;&#x65BD;&#x672F;&#x90E8;&#x4F4D;&#x6D17;&#x8138;&#xFF0C;&#x4E0D;&#x8981;&#x6CBE;&#x6C34;&#x3002;</p><p>2.&#x672F;&#x540E;&#x4E00;&#x5468;&#x5185;&#x4E0D;&#x62BD;&#x70DF;&#xFF0C;&#x4E0D;&#x559D;&#x9152;&#xFF0C;&#x4E0D;&#x5403;&#x8F9B;&#x8FA3;&#x523A;&#x6FC0;&#x6027;&#x98DF;&#x7269;&#xFF0C;&#x4E0D;&#x5403;&#x6D77;&#x9C9C;&#x7C7B;&#x548C;&#x6D77;&#x9C9C;&#x7C7B;&#x4EA7;&#x54C1;&#x3002;</p><p>3.&#x4E0D;&#x6E38;&#x6CF3;&#xFF0C;&#x4E0D;&#x6D17;&#x6851;&#x62FF;&#x6D74;&#xFF0C;&#x4E0D;&#x6D17;&#x70ED;&#x6D74;&#xFF0C;&#x4E0D;&#x505A;&#x5267;&#x70C8;&#x8FD0;&#x52A8;&#x3002;</p><p>4.&#x9075;&#x533B;&#x5631;&#x6D82;&#x62B9;&#x4FEE;&#x62A4;&#x4EA7;&#x54C1;&#x3002;</p>"},"GoodPoint":{"name":"缺点及风险","content":"<p>1.&#x91C7;&#x7528;&#x690D;&#x7269;&#x8272;&#x7D20;&#xFF0C;&#x7EDD;&#x5BF9;&#x5B89;&#x5168;&#xFF0C;&#x51E0;&#x4E4E;&#x65E0;&#x8FC7;&#x654F;&#x53EF;&#x80FD;&#x6027;</p><p>2.&#x5FAE;&#x521B;&#x3001;&#x65E0;&#x6062;&#x590D;&#x671F;</p><p>3.&#x6548;&#x679C;&#x975E;&#x5E38;&#x81EA;&#x7136;</p>"},"BadPoint":{"name":"术前锦囊","content":"<p>1.&#x7EF4;&#x6301;&#x65F6;&#x95F4;&#x76F8;&#x5BF9;&#x8F83;&#x77ED;&#xFF0C;&#x9700;&#x8981;&#x53CD;&#x590D;&#x505A;</p><p>2.&#x8FC7;&#x654F;&#x4F53;&#x8D28;&#x8005;&#x53EF;&#x80FD;&#x5BF9;&#x67D3;&#x6599;&#x8FC7;&#x654F;</p><p>3.&#x5F62;&#x6001;&#x53EF;&#x80FD;&#x4E0D;&#x6EE1;&#x610F;</p>"}}