{"Title":"肉毒素除皱","Related":{"name":"关联百科","content":[{"relatedId":"366","name":"玻尿酸除皱"},{"relatedId":"406","name":"肉毒素缩鼻头"},{"relatedId":"714","name":"胶原蛋白除皱"}]},"ShorDesc":{"name":"简介","content":"<p><span style=\"color: rgb(51, 51, 51); font-family: arial, &#x5B8B;&#x4F53;, sans-serif; text-indent: 28px;\">&#x8089;&#x6BD2;&#x7D20;&#x662F;&#x4E00;&#x79CD;&#x751F;&#x7269;&#x6BD2;&#x7D20;&#x7C7B;&#x808C;&#x8089;&#x677E;&#x5F1B;&#x5242;&#xFF0C;&#x5B83;&#x80FD;</span><span style=\"color: rgb(51, 51, 51); font-family: arial, &#x5B8B;&#x4F53;, sans-serif; text-indent: 28px;\">&#x963B;&#x65AD;&#x795E;&#x7ECF;&#x808C;&#x8089;&#x4F20;&#x5BFC;&#xFF0C;&#x5BFC;&#x81F4;&#x808C;&#x8089;&#x677E;&#x5F1B;&#x6027;&#x9EBB;&#x75F9;&#xFF0C;&#x4ECE;&#x800C;&#x6291;&#x5236;&#x808C;&#x8089;&#x7684;&#x6536;&#x7F29;&#xFF0C;&#x4EE5;&#x8FBE;&#x5230;&#x53BB;&#x9664;&#x52A8;&#x6001;&#x76B1;&#x7EB9;&#x7684;&#x76EE;&#x7684;&#x3002;</span></p><p><span style=\"color: rgb(51, 51, 51); font-family: arial, &#x5B8B;&#x4F53;, sans-serif; text-indent: 28px;\"><br></span><img src=\"http://hera.s.gmei.com/2017/05/02/0e299faccb\" style=\"width: 350px;\"><br></p><p>&#x9002;&#x5E94;&#x75C7;&#xFF1A;&#x62AC;&#x5934;&#x7EB9;&#xFF0C;&#x9C7C;&#x5C3E;&#x7EB9;&#xFF0C;&#x6CD5;&#x4EE4;&#x7EB9;&#xFF0C;&#x5DDD;&#x5B57;&#x7EB9;&#xFF0C;&#x53E3;&#x5468;&#x7EB9;&#xFF0C;&#x9888;&#x7EB9;&#x7B49;</p>"},"Property":{"name":"档案","content":["\n                <li>&#x6CBB;&#x7597;&#x65B9;&#x5F0F;&#xFF1A;<span>&#x6CE8;&#x5C04;</span></li>\n                <li>&#x75BC;&#x75DB;&#x611F;&#xFF1A;<span>1&#x9897;&#x661F;</span><a href=\"gengmei://common_webview?url=http://backend.gmei.com/hybrid/ache_level\">&#x67E5;&#x770B;&#x75BC;&#x75DB;&#x5206;&#x7EA7;</a></li>\n                <li>&#x7EF4;&#x6301;&#x65F6;&#x95F4;&#xFF1A;<span>3-6&#x4E2A;&#x6708;</span></li>\n                <li>&#x6CBB;&#x7597;&#x65F6;&#x95F4;&#xFF1A;<span>5-15&#x5206;&#x949F;</span></li>\n                <li>&#x53C2;&#x8003;&#x4EF7;&#x683C;&#xFF1A;<span>499-6800</span></li>\n                <li>&#x9EBB;&#x9189;&#x65B9;&#x5F0F;&#xFF1A;<span>&#x8868;&#x9762;&#x9EBB;&#x9189;</span></li>\n                <li>&#x662F;&#x5426;&#x4F4F;&#x9662;&#xFF1A;<span>&#x5426;</span></li>\n                \n                <li>&#x62C6;&#x7EBF;&#x65F6;&#x95F4;&#xFF1A;<span>0-0&#x5929;</span></li>\n            "]},"Desc":{"name":"项目／手术原理","content":"<p></p><div class=\"anchor-list\" style=\"position: relative; color: rgb(51, 51, 51); font-family: arial, &#x5B8B;&#x4F53;, sans-serif; font-size: 12px; font-style: normal; font-variant-ligatures: normal; font-variant-caps: normal; font-weight: normal; letter-spacing: normal; orphans: 2; text-align: start; text-indent: 0px; text-transform: none; white-space: normal; widows: 2; word-spacing: 0px; -webkit-text-stroke-width: 0px; background-color: rgb(255, 255, 255);\"><a name=\"2\" class=\"lemma-anchor para-title\" style=\"color: rgb(19, 110, 194); text-decoration: none; position: absolute; top: -50px;\"></a><a name=\"sub4339786_2\" class=\"lemma-anchor \" style=\"color: rgb(19, 110, 194); text-decoration: none; position: absolute; top: -50px;\"></a><a name=\"&#x539F;&#x7406;\" class=\"lemma-anchor \" style=\"color: rgb(19, 110, 194); text-decoration: none; position: absolute; top: -50px;\"></a></div><div class=\"para-title level-2\" label-module=\"para-title\" style=\"display: block; clear: both; zoom: 1; overflow: hidden; border-left: 12px solid rgb(79, 156, 238); line-height: 24px; font-size: 22px; font-weight: normal; font-family: &quot;Microsoft YaHei&quot;, SimHei, Verdana; margin: 35px 0px 15px -30px; background: url(&quot;http://baike.bdimg.com/static/wiki-lemma/normal/resource/img/paraTitle-line_c5e6d61.png&quot;) rgb(255, 255, 255); position: relative; color: rgb(51, 51, 51); font-style: normal; font-variant-ligatures: normal; font-variant-caps: normal; letter-spacing: normal; orphans: 2; text-align: start; text-indent: 0px; text-transform: none; white-space: normal; widows: 2; word-spacing: 0px; -webkit-text-stroke-width: 0px;\"></div><p></p><div class=\"para\" label-module=\"para\" style=\"word-wrap: break-word; margin-bottom: 15px; line-height: 24px; zoom: 1;\">&#x8089;&#x6BD2;&#x7D20;&#x6CE8;&#x5C04;&#x9664;&#x76B1;&#x7597;&#x6548;&#x975E;&#x5E38;&#x663E;&#x8457;&#xFF0C;&#x901A;&#x5E38;&#x8089;&#x6BD2;&#x7D20;&#x6CE8;&#x5C04;&#x9664;&#x76B1;&#x6CE8;&#x5C04;&#x540E;48&#x5C0F;&#x65F6;&#x770B;&#x5230;&#x6548;&#x679C;&#xFF0C; &#x5E73;&#x5747;10&#x5929;&#x540E;&#x76B1;&#x7EB9;&#x4F1A;&#x6162;&#x6162;&#x5730;&#x8212;&#x5C55;&#x3001;&#x6D88;&#x5931;&#x3001;&#x76AE;&#x80A4;&#x53D8;&#x5E73;&#x5766;&#x3002;&#x9664;&#x76B1;&#x7684;&#x6548;&#x679C;&#x5E73;&#x5747;&#x53EF;&#x7EF4;&#x6301;3-6&#x6708;&#xFF0C;&#x5E73;&#x5747;&#x4E3A;4&#x4E2A;&#x6708;&#xFF0C;&#x4E00;&#x822C;&#x4E00;&#x5E74;&#x5185;&#x8981;&#x6CE8;&#x5C04;3-4&#x6B21;&#x3002;&#x6709;&#x4EBA;&#x8BA4;&#x4E3A;&#x8089;&#x6BD2;&#x7D20;&#x6CE8;&#x5C04;&#x9664;&#x76B1;&#x5C06;&#x6210;&#x4E3A;&#x89E3;&#x9664;&#x8001;&#x5E74;&#x4EBA;&#x9664;&#x76B1;&#x76F2;&#x533A;&#x7684;&#x9888;&#x90E8;&#x76B1;&#x7EB9;&#xFF0C;&#x6210;&#x4E3A;&#x6700;&#x65B9;&#x4FBF;&#xFF0C;&#x6709;&#x6548;&#x7684;&#x6CBB;&#x7597;&#x65B9;&#x6CD5;&#x3002;</div><p>&#x6CE8;&#x5C04;&#x8FC7;&#x7A0B;&#xFF1A;</p><div class=\"para\" label-module=\"para\" style=\"word-wrap: break-word; margin-bottom: 15px; line-height: 24px; zoom: 1;\">&#x2460; &#x6CE8;&#x5C04;&#x90E8;&#x4F4D;&#x76AE;&#x80A4;&#x6D88;&#x6BD2;&#x3002;</div><div class=\"para\" label-module=\"para\" style=\"word-wrap: break-word; margin-bottom: 15px; line-height: 24px; zoom: 1;\"><span style=\"text-indent: 2em;\">&#x2461; &#x8BBE;&#x8BA1;&#x548C;&#x6807;&#x8BB0;&#x6CE8;&#x5C04;&#x70B9;&#xFF0C;&#x4E00;&#x822C;&#x6BCF;&#x6761;&#x6A2A;&#x7EB9;&#x53EF;&#x6CE8;&#x5C04;3-4&#x4E2A;&#x70B9;&#xFF0C;&#x5728;&#x7EB5;&#x7EB9;&#x7684;&#x6BCF;&#x6761;&#x808C;&#x5E26;&#x6CE8;&#x5C04;3&#x4E2A;&#x70B9;&#x3002;</span></div><div class=\"para\" label-module=\"para\" style=\"word-wrap: break-word; margin-bottom: 15px; line-height: 24px; zoom: 1;\">&#x2462; &#x5C06;&#x836F;&#x7269;&#x6CE8;&#x5C04;&#x5230;&#x6807;&#x8BB0;&#x90E8;&#x4F4D;&#x3002;&#x9888;&#x90E8;&#x6A2A;&#x7EB9;&#x6BCF;&#x70B9;&#x6CE8;&#x5C04;&#x8089;&#x6BD2;&#x6BD2;&#x7D20;&#x7EA6;2-3&#x4E2A;&#x5355;&#x4F4D;&#xFF0C;&#x7EB5;&#x7EB9;&#x6BCF;&#x70B9;&#x6CE8;&#x5C04;2-5&#x4E2A;&#x5355;&#x4F4D;&#x3002;</div><p><img src=\"http://hera.s.gmei.com/2017/05/02/2727aa3771\" style=\"width: 400px;\"><br></p>"},"Sample":{"name":"效果示例","content":"<img src=\"http://hera.s.gmei.com/itemwiki/2016/10/12/e2a1fe0506-w\">"},"BeforIdear":{"name":"效果示例","content":"<p>1&#x3001;&#x6CE8;&#x5C04;&#x524D;&#x4E24;&#x5468;&#x5185;&#xFF0C;&#x8BF7;&#x52FF;&#x670D;&#x7528;&#x56FA;&#x9187;&#x6FC0;&#x7D20;&#x548C;&#x963F;&#x65AF;&#x5339;&#x6797;&#x7C7B;&#x6297;&#x51DD;&#x836F;&#x7269;&#x3002;</p><p>2&#x3001;&#x6CE8;&#x5C04;&#x5F53;&#x65E5;&#x4E0D;&#x8981;&#x5316;&#x5986;&#xFF0C;&#x4E5F;&#x4E0D;&#x8981;&#x6234;&#x88C5;&#x9970;&#x7269;&#x7B49;&#x3002;</p><p>3&#x3001;&#x4F8B;&#x5047;&#x671F;&#xFF0C;&#x598A;&#x5A20;&#x524D;&#x671F;(&#x4E09;&#x4E2A;&#x6708;)&#x6216;&#x598A;&#x5A20;&#x540E;&#x671F;(&#x4E09;&#x4E2A;&#x6708;)&#x6682;&#x7F13;&#x6CE8;&#x5C04;&#x3002;</p>"},"AfterIdear":{"name":"优点","content":"<p>1.&#x6CE8;&#x5C04;&#x540E;6-24h&#x5185;&#x907F;&#x514D;&#x6309;&#x6469;&#x53CA;&#x63A5;&#x89E6;&#x6CE8;&#x5C04;&#x90E8;&#x4F4D;&#x4EE5;&#x514D;&#x836F;&#x7269;&#x6269;&#x6563;&#x3002;</p><p>2.&#x6CE8;&#x5C04;&#x540E;&#x7528;&#x624B;&#x638C;&#x6839;&#x6309;&#x538B;5-10&#x5206;&#x949F;&#xFF0C;&#x51B0;&#x6577;15-30&#x5206;&#x949F;&#xFF0C;&#x9488;&#x773C;&#x5904;&#x6D82;&#x7EA2;&#x9709;&#x7D20;&#x818F;&#xFF0C;24&#x5C0F;&#x65F6;&#x4E0D;&#x6CBE;&#x6C34;&#xFF0C;&#x9488;&#x773C;&#x5904;&#x4E0D;&#x64E6;&#x62A4;&#x80A4;&#x54C1;&#x3002;</p><p>3&#x3001;&#x6CE8;&#x5C04;&#x540E;4&#x5C0F;&#x65F6;&#x5019;&#x5185;&#x4E0D;&#x8981;&#x505A;&#x5267;&#x70C8;&#x8FD0;&#x52A8;&#xFF0C;&#x4FDD;&#x6301;&#x8EAB;&#x4F53;&#x76F4;&#x7ACB;&#x6027;&#xFF0C;&#x4E0D;&#x8981;&#x8EBA;&#x5367;&#x548C;&#x957F;&#x65F6;&#x95F4;&#x5F2F;&#x8170;&#xFF0C;&#x4EE5;&#x514D;&#x5F15;&#x8D77;&#x773C;&#x7751;&#x4E0B;&#x5782;&#x3002;</p><p>4&#x3001;&#x6CE8;&#x5C04;&#x90E8;&#x4F4D;1&#x5929;&#x5185;&#x4E0D;&#x80FD;&#x6CBE;&#x6C34;&#x3001;&#x4E0D;&#x80FD;&#x5316;&#x5986;&#x3001;&#x4E0D;&#x8981;&#x505A;&#x8FC7;&#x5EA6;&#x8868;&#x60C5;&#x808C;&#x6D3B;&#x52A8;&#xFF0C;&#x907F;&#x514D;&#x5F3A;&#x529B;&#x7684;&#x9762;&#x90E8;&#x6309;&#x6469;&#x3002;</p><p>5.&#x6CE8;&#x5C04;&#x540E;&#x907F;&#x514D;&#x5403;&#x786C;&#x58F3;&#x7C7B;&#x7684;&#x76F8;&#x5173;&#x98DF;&#x7269;&#xFF0C;&#x4E00;&#x5468;&#x5185;&#x4E0D;&#x8981;&#x5403;&#x8F9B;&#x8FA3;&#x3001;&#x6D77;&#x9C9C;&#x7B49;&#x98DF;&#x7269;&#x3001;&#x4E0D;&#x8981;&#x62BD;&#x70DF;&#x559D;&#x9152;&#x3002;</p>"},"GoodPoint":{"name":"缺点及风险","content":"<p>1&#x3001;&#x5B89;&#x5168;&#x3001;&#x98CE;&#x9669;&#x4F4E;&#x3002;</p><p>2&#x3001;&#x89C1;&#x6548;&#x5FEB;&#x3001;&#x65E0;&#x521B;&#x3001;&#x65E0;&#x6062;&#x590D;&#x671F;&#x3002;</p><p>3&#x3001;&#x6709;&#x6548;&#x6539;&#x5584;&#x52A8;&#x6001;&#x76B1;&#x7EB9;&#x3001;&#x8868;&#x5C42;&#x6D45;&#x76B1;&#x7EB9;&#x3001;&#x9888;&#x7EB9;&#x3001;&#x5E94;&#x7528;&#x90E8;&#x4F4D;&#x591A;&#x3002;</p><p>4&#x3001;&#x4F5C;&#x7528;&#x7CBE;&#x51C6;&#x3002;</p><p><img src=\"http://hera.s.gmei.com/2017/05/02/6f4484069b\" style=\"width: 500px;\"><br></p>"},"BadPoint":{"name":"术前锦囊","content":"<p>1&#x3001;&#x6548;&#x679C;&#x7EF4;&#x6301;&#x8F83;&#x77ED;&#x3001;&#x9700;&#x591A;&#x6B21;&#x6CE8;&#x5C04;</p><p>2&#x3001;&#x53EF;&#x80FD;&#x4F1A;&#x9020;&#x6210;&#x8868;&#x60C5;&#x4E0D;&#x81EA;&#x7136;&#x3001;&#x754F;&#x5149;&#x3001;&#x6D41;&#x6CEA;&#x3002;</p><p>3&#x3001;&#x53EF;&#x80FD;&#x4F1A;&#x6709;&#x5C40;&#x90E8;&#x80BF;&#x80C0;&#x3001;&#x7600;&#x6591;&#x3002;</p>"}}