{"Title":"人中缩短术","Related":{"name":"关联百科","content":[{"relatedId":"471","name":"嘴角上提术"},{"relatedId":"413","name":"自体脂肪垫鼻基底"}]},"ShorDesc":{"name":"简介","content":"<p>&#x9002;&#x5E94;&#x8BC1;&#xFF1A;&#x4E0A;&#x5507;&#x4EBA;&#x4E2D;&#x6BD4;&#x4F8B;&#x8FC7;&#x957F;&#xFF0C;&#x6216;&#x76AE;&#x80A4;&#x677E;&#x5F1B;&#xFF0C;&#x7EA2;&#x5507;&#x7EC6;&#x8584;&#x6216;&#x5185;&#x7FFB;</p><p>&#x7F29;&#x77ED;&#x9F3B;&#x5B50;&#x548C;&#x5634;&#x4E2D;&#x95F4;&#x7684;&#x8DDD;&#x79BB;&#xFF0C;&#x4EE4;&#x5634;&#x90E8;&#x5468;&#x56F4;&#x8F6E;&#x5ED3;&#x66F4;&#x6E05;&#x6670;&#x5E76;&#x4E14;&#x8138;&#x578B;&#x4F1A;&#x663E;&#x5F97;&#x77ED;&#x4E00;&#x4E9B;&#xFF0C;&#x5E76;&#x8FBE;&#x5230;&#x6062;&#x590D;&#x9752;&#x6625;&#x7684;&#x6548;&#x679C;&#x3002;</p>"},"Property":{"name":"档案","content":["\n                <li>&#x6CBB;&#x7597;&#x65B9;&#x5F0F;&#xFF1A;<span>&#x624B;&#x672F;</span></li>\n                <li>&#x75BC;&#x75DB;&#x611F;&#xFF1A;<span>2&#x9897;&#x661F;</span><a href=\"gengmei://common_webview?url=http://backend.gmei.com/hybrid/ache_level\">&#x67E5;&#x770B;&#x75BC;&#x75DB;&#x5206;&#x7EA7;</a></li>\n                <li>&#x7EF4;&#x6301;&#x65F6;&#x95F4;&#xFF1A;<span>&#x6C38;&#x4E45;</span></li>\n                <li>&#x6CBB;&#x7597;&#x65F6;&#x95F4;&#xFF1A;<span>60-90&#x5206;&#x949F;</span></li>\n                <li>&#x53C2;&#x8003;&#x4EF7;&#x683C;&#xFF1A;<span>2000-10000</span></li>\n                <li>&#x9EBB;&#x9189;&#x65B9;&#x5F0F;&#xFF1A;<span>&#x5C40;&#x9EBB;</span></li>\n                <li>&#x662F;&#x5426;&#x4F4F;&#x9662;&#xFF1A;<span>&#x5426;</span></li>\n                \n                <li>&#x62C6;&#x7EBF;&#x65F6;&#x95F4;&#xFF1A;<span>5-7&#x5929;</span></li>\n            "]},"Desc":{"name":"项目／手术原理","content":"<p><img src=\"http://hera.s.gmei.com/2016/10/12/d4067d0504\" style=\"width: 474px;\">1.&#x8BBE;&#x8BA1;&#x6CBB;&#x7597;&#x65B9;&#x6848;&#x3002;&#xA0;</p><p>2.&#x5728;&#x60F3;&#x8981;&#x6539;&#x5584;&#x7684;&#x4EBA;&#x4E2D;&#x90E8;&#x4F4D;&#x8FDB;&#x884C;&#x6807;&#x8BB0;&#x3002;&#xA0;</p><p>3.&#x5728;&#x9F3B;&#x5B50;&#x4E0B;&#x65B9;&#x5B9E;&#x65BD;&#x5C40;&#x90E8;&#x9EBB;&#x9189;&#xFF0C;&#x5BF9;&#x75BC;&#x75DB;&#x6BD4;&#x8F83;&#x654F;&#x611F;&#x7684;&#x60A3;&#x8005;&#x8FDB;&#x884C;&#x9759;&#x8109;&#x9EBB;&#x9189;&#x3002;</p><p>4.&#x624B;&#x672F;&#x6CBF;&#x6807;&#x8BB0;&#x7684;&#x90E8;&#x4F4D;&#x5207;&#x9664;&#x76AE;&#x80A4;&#x540E;&#x8FDB;&#x884C;&#x7F1D;&#x5408;&#x3002;</p><p><br></p>"},"Sample":{"name":"效果示例","content":"<img src=\"http://hera.s.gmei.com/itemwiki/2016/10/12/78d3ffeca1-w\">"},"BeforIdear":{"name":"效果示例","content":"<p>1&#x3001;&#x5973;&#x6027;&#x907F;&#x5F00;&#x4F8B;&#x5047;&#x671F;&#xFF0C;&#x907F;&#x514D;&#x51FA;&#x8840;&#x589E;&#x591A;&#x6216;&#x80BF;&#x80C0;&#x52A0;&#x91CD;&#x3002;</p><p>2&#x3001;&#x624B;&#x672F;&#x524D;&#x4E24;&#x5468;&#x5185;&#xFF0C;&#x8BF7;&#x52FF;&#x670D;&#x7528;&#x56FA;&#x9187;&#x6FC0;&#x7D20;&#x548C;&#x963F;&#x65AF;&#x5339;&#x6797;&#x7C7B;&#x6297;&#x51DD;&#x836F;&#x7269;&#x3002;</p><p>3&#x3001;&#x624B;&#x672F;&#x5F53;&#x65E5;&#x4E0D;&#x8981;&#x5316;&#x5986;&#xFF0C;&#x4E5F;&#x4E0D;&#x8981;&#x6234;&#x88C5;&#x9970;&#x7269;&#x7B49;&#x3002;</p><p>4&#x3001; &#xA0;&#x5982;&#x6709;&#x4EE5;&#x4E0B;&#x5507;&#x90E8;&#x60C5;&#x51B5;&#x8005;&#x5EFA;&#x8BAE;&#x6682;&#x7F13;&#x624B;&#x672F;&#xFF1A;&#x5507;&#x90E8;&#x5B58;&#x5728;&#x53E3;&#x8154;&#x6E83;&#x75A1;&#x3001;&#x6BDB;&#x56CA;&#x708E;&#x7B49;&#x611F;&#x67D3;&#x7076;&#xFF0C;&#x6025;&#x6027;&#x708E;&#x75C7;&#x7B49;&#x3002;&#xA0;</p><p>5&#x3001;&#x598A;&#x5A20;&#x524D;&#x671F;(&#x4E09;&#x4E2A;&#x6708;)&#x6216;&#x598A;&#x5A20;&#x540E;&#x671F;(&#x4E09;&#x4E2A;&#x6708;)&#x6682;&#x7F13;&#x624B;&#x672F;&#x3002;</p><p>6&#x3001;&#x7537;&#x6027;&#x9700;&#x8981;&#x63D0;&#x524D;&#x6212;&#x70DF;&#x4E00;&#x5468;&#x3002;</p><p>7&#x3001;&#x5E38;&#x89C4;&#x8EAB;&#x4F53;&#x68C0;&#x67E5;&#x2014;&#x2014;&#x5168;&#x8EAB;&#x68C0;&#x67E5;&#xFF0C;&#x8840;&#x538B;&#x3001;&#x5FC3;&#x7535;&#x56FE;&#x7B49;&#x3002;</p>"},"AfterIdear":{"name":"优点","content":"<p>1.&#x672F;&#x540E;&#x6CE8;&#x610F;&#x53E3;&#x8154;&#x536B;&#x751F;&#xFF0C;&#x996D;&#x540E;&#x53CA;&#x7761;&#x524D;&#x7528;&#x787C;&#x9178;&#x6F31;&#x53E3;&#x6DB2;&#x6216;&#x751F;&#x7406;&#x76D0;&#x6C34;&#x7C7B;&#x6EB6;&#x6DB2;&#x6F31;&#x53E3;&#xFF0C;&#x6BCF;&#x5929;5-6&#x6B21;&#x6700;&#x4E3A;&#x9002;&#x5B9C;&#x3002;</p><p>2.&#x672F;&#x540E;3&#x5929;&#x5185;&#x5403;&#x6D41;&#x98DF;&#x6216;&#x534A;&#x6D41;&#x98DF;&#xFF0C;&#x907F;&#x514D;&#x8FC7;&#x786C;&#x7684;&#x98DF;&#x7269;&#x3002;</p><p>3.&#x624B;&#x672F;&#x62C6;&#x7EBF;48&#x5C0F;&#x65F6;&#x540E;&#xFF0C;&#x65B9;&#x53EF;&#x6CBE;&#x6C34;&#x3002;</p><p>4.&#x624B;&#x672F;1&#x4E2A;&#x6708;&#x5185;&#xFF0C;&#x4E0D;&#x8981;&#x753B;&#x6D53;&#x5986;&#x3001;&#x4F7F;&#x7528;&#x542B;&#x91CD;&#x91D1;&#x5C5E;&#x5316;&#x5986;&#x54C1;&#xFF0C;&#x4EE5;&#x9632;&#x75A4;&#x75D5;&#x589E;&#x751F;&#xFF08;&#x53EF;&#x4F7F;&#x7528;&#x795B;&#x75A4;&#x836F;&#xFF09;&#x3002;</p><p>5.&#x4E00;&#x6708;&#x5185;&#xFF0C;&#x4E0D;&#x62BD;&#x70DF;&#x4E0D;&#x559D;&#x9152;&#xFF0C;&#x4E0D;&#x5403;&#x8F9B;&#x8FA3;&#x523A;&#x6FC0;&#x6027;&#x98DF;&#x7269;&#x3002;</p>"},"GoodPoint":{"name":"缺点及风险","content":"<p>1.&#x7F29;&#x77ED;&#x4EBA;&#x4E2D;&#x6548;&#x679C;&#x660E;&#x663E;&#x3002;</p><p>2.&#x75A4;&#x75D5;&#x5728;&#x9F3B;&#x57FA;&#x5E95;&#x5904;&#xFF0C;&#x4E0D;&#x660E;&#x663E;&#x3002;</p><p></p>"},"BadPoint":{"name":"术前锦囊","content":"<p>1.&#x5207;&#x53E3;&#x5728;&#x76AE;&#x80A4;&#x4E0A;&#xFF0C;&#x6709;&#x75A4;&#x75D5;&#x589E;&#x751F;&#x7684;&#x98CE;&#x9669;&#x3002;</p><p>2.&#x540E;&#x671F;&#x6709;&#x56DE;&#x7F29;&#x7684;&#x53EF;&#x80FD;&#x6027;&#x3002;</p>"}}