{"Title":"LASIK半飞秒","Related":{"name":"关联百科","content":[{"relatedId":"812","name":"LASEK角膜切割"}]},"ShorDesc":{"name":"简介","content":"<div class=\"para\" label-module=\"para\" style=\"word-wrap: break-word; margin-bottom: 15px; line-height: 24px; zoom: 1;\"><b>LASIK&#x2014;&#x2014;</b><font color=\"#333333\" face=\"arial, &#x5B8B;&#x4F53;, sans-serif\"><span style=\"font-weight: 700;\">&#x51C6;&#x5206;&#x5B50;&#x6FC0;&#x5149;&#x89D2;&#x819C;&#x539F;&#x4F4D;&#x78E8;&#x9576;&#x672F;</span></font></div><div class=\"para\" label-module=\"para\" style=\"word-wrap: break-word; margin-bottom: 15px; line-height: 24px; zoom: 1;\">&#x4E5F;&#x53EB;&#x505A;&#x201C;&#x534A;&#x98DE;&#x79D2;&#x201D;&#xFF0C;&#x5148;&#x7528;&#x6FC0;&#x5149;&#x5207;&#x5F00;&#x8868;&#x5C42;&#x5236;&#x4F5C;&#x89D2;&#x819C;&#x74E3;&#xFF0C;&#x518D;&#x7528;&#x51C6;&#x5206;&#x5B50;&#x6FC0;&#x5149;&#x524A;&#x5207;&#x89D2;&#x819C;&#x3002;&#x8FD9;&#x79CD;&#x65B9;&#x6CD5;&#x4FDD;&#x7559;&#x4E86;&#x89D2;&#x819C;&#x4E0A;&#x76AE;&#x548C;&#x524D;&#x5F39;&#x529B;&#x5C42;&#x7684;&#x5B8C;&#x6574;&#x6027;&#xFF0C;&#x7528;193&#x7EB3;&#x7C73;&#x51C6;&#x5206;&#x5B50;&#x6FC0;&#x5149;&#x5207;&#x524A;&#x89D2;&#x819C;&#x57FA;&#x8D28;&#xFF0C;&#x907F;&#x514D;&#x4E86;&#x672F;&#x540E;&#x96FE;&#x72B6;&#x6DF7;&#x6D4A;&#x7684;&#x53D1;&#x751F;&#x3002;</div>"},"Property":{"name":"档案","content":["\n                <li>&#x6CBB;&#x7597;&#x65B9;&#x5F0F;&#xFF1A;<span>&#x624B;&#x672F;</span></li>\n                <li>&#x75BC;&#x75DB;&#x611F;&#xFF1A;<span>1&#x9897;&#x661F;</span><a href=\"gengmei://common_webview?url=http://backend.gmei.com/hybrid/ache_level\">&#x67E5;&#x770B;&#x75BC;&#x75DB;&#x5206;&#x7EA7;</a></li>\n                <li>&#x7EF4;&#x6301;&#x65F6;&#x95F4;&#xFF1A;<span>&#x5927;&#x591A;&#x6570;&#x4EBA;&#x53EF;&#x957F;&#x4E45;&#x7EF4;&#x6301;</span></li>\n                <li>&#x6CBB;&#x7597;&#x65F6;&#x95F4;&#xFF1A;<span>30-40&#x5206;&#x949F;</span></li>\n                <li>&#x53C2;&#x8003;&#x4EF7;&#x683C;&#xFF1A;<span>2000-20000</span></li>\n                <li>&#x9EBB;&#x9189;&#x65B9;&#x5F0F;&#xFF1A;<span>&#x8868;&#x9762;&#x9EBB;&#x9189;</span></li>\n                <li>&#x662F;&#x5426;&#x4F4F;&#x9662;&#xFF1A;<span>&#x5426;</span></li>\n                \n                <li>&#x62C6;&#x7EBF;&#x65F6;&#x95F4;&#xFF1A;<span>0-0&#x5929;</span></li>\n            "]},"Desc":{"name":"项目／手术原理","content":"<p>&#x624B;&#x672F;&#x539F;&#x7406;&#x662F;&#x5148;&#x91C7;&#x7528;&#x81EA;&#x52A8;&#x5FAE;&#x578B;&#x89D2;&#x819C;&#x677F;&#x5C42;&#x7CFB;&#x7EDF;&#x5728;&#x89D2;&#x819C;&#x8868;&#x9762;&#x5236;&#x4F5C;&#x4E00;&#x5E26;&#x8482;&#x7684;&#x677F;&#x5C42;&#x89D2;&#x819C;&#x74E3;&#xFF0C;&#x7FFB;&#x8F6C;&#x89D2;&#x819C;&#x74E3;&#x540E;&#xFF0C;&#x5E94;&#x7528;&#x51C6;&#x5206;&#x5B50;&#x6FC0;&#x5149;&#x7535;&#x8111;&#x63A7;&#x5236;&#x591A;&#x6B65;&#x5206;&#x533A;&#x8FDB;&#x884C;<font color=\"#333333\" face=\"arial, &#x5B8B;&#x4F53;, sans-serif\">&#x89D2;&#x819C;</font>&#x57FA;&#x8D28;&#x5185;&#x5207;&#x524A;&#xFF0C;&#x6700;&#x540E;&#x5C06;&#x89D2;&#x819C;&#x74E3;&#x590D;&#x4F4D;&#x3002;</p><p><img src=\"http://hera.s.gmei.com/2017/04/01/369b356cd9\" style=\"width: 450px;\"><br></p>"},"Sample":{"name":"效果示例","content":"<img src=\"http://hera.s.gmei.com/itemwiki/2017/04/01/f447b102ae-w\">"},"BeforIdear":{"name":"效果示例","content":""},"AfterIdear":{"name":"优点","content":"<div class=\"para\" label-module=\"para\" style=\"word-wrap: break-word; margin-bottom: 15px; line-height: 24px; zoom: 1;\">1&#x3001;&#x8FD1;&#x89C6;&#x7F34;&#x6B63;&#x624B;&#x672F;&#x89D2;&#x819C;&#x7EC4;&#x7EC7;&#x4FEE;&#x590D;&#x6709;&#x4E00;&#x4E2A;&#x8FC7;&#x7A0B;&#xFF0C;&#x624B;&#x672F;&#x65E5;&#x5F53;&#x665A;&#xFF0C;&#x4E0D;&#x80FD;&#x968F;&#x610F;&#x6458;&#x4E0B;&#x900F;&#x660E;&#x773C;&#x7F69;&#x3002;</div><div class=\"para\" label-module=\"para\" style=\"word-wrap: break-word; margin-bottom: 15px; line-height: 24px; zoom: 1;\">2&#x3001;&#x624B;&#x672F;&#x540E;&#x7B2C;&#x4E8C;&#x5929;&#xFFFD;&#xFFFD;&#xFFFD;&#x987B;&#x5230;&#x533B;&#x9662;&#x590D;&#x67E5;&#xFF0C;&#x68C0;&#x67E5;&#x89C6;&#x529B;&#x3001;&#x5C48;&#x5149;&#x5EA6;&#x3001;&#x89D2;&#x819C;&#x7684;&#x6062;&#x590D;&#x60C5;&#x51B5;&#xFF0C;&#x5E76;&#x5F00;&#x59CB;&#x70B9;&#x672F;&#x540E;&#x7528;&#x836F;&#x3002;</div><div class=\"para\" label-module=\"para\" style=\"word-wrap: break-word; margin-bottom: 15px; line-height: 24px; zoom: 1;\">3&#x3001;&#x624B;&#x672F;&#x540E;&#x4E00;&#x4E2A;&#x6708;&#x5185;&#x5916;&#x51FA;&#x6234;&#x58A8;&#x955C;&#xFF0C;&#x4EE5;&#x51CF;&#x5C11;&#x7D2B;&#x5916;&#x7EBF;&#x53CA;&#x98CE;&#x6C99;&#x5BF9;&#x773C;&#x775B;&#x7684;&#x523A;&#x6FC0;&#x3002;</div><div class=\"para\" label-module=\"para\" style=\"word-wrap: break-word; margin-bottom: 15px; line-height: 24px; zoom: 1;\"><span style=\"text-indent: 2em;\">4&#x3001;&#x624B;&#x672F;&#x540E;&#x4E00;&#x5468;&#x3001;&#x4E00;&#x4E2A;&#x6708;&#x3001;&#x534A;&#x5E74;&#x53CA;&#x4E00;&#x5E74;&#x53EF;&#x6765;&#x533B;&#x9662;&#x590D;&#x67E5;&#x3002;&#x53CA;&#x65F6;&#x89C2;&#x5BDF;&#xFF0C;&#x786E;&#x4FDD;&#x83B7;&#x5F97;&#x6700;&#x4F73;&#x7684;&#x89C6;&#x529B;&#x6548;&#x679C;&#x3002;</span></div>"},"GoodPoint":{"name":"缺点及风险","content":"<p class=\"md-paragraph\">&#x8212;&#x9002;&#x611F;&#x6BD4;&#x521D;&#x4EE3;LASEK&#x597D;&#x5F88;&#x591A;&#xFF0C;&#x6062;&#x590D;&#x65F6;&#x95F4;&#x4E5F;&#x66F4;&#x77ED;&#x3002;</p>\n"},"BadPoint":{"name":"术前锦囊","content":"<p>&#x90E8;&#x5206;&#x4EBA;&#x4F1A;&#x6709;&#x8F7B;&#x5FAE;&#x5E72;&#x773C;&#x75C7;&#x6216;&#x7729;&#x5149;&#x7B49;&#x526F;&#x4F5C;&#x7528;&#x3002;</p>"}}