{"Title":"皮秒激光","Related":{"name":"关联百科","content":[{"relatedId":"429","name":"白瓷娃娃"},{"relatedId":"443","name":"激光祛痣"},{"relatedId":"646","name":"激光祛胎记"},{"relatedId":"205","name":"激光祛黑眼圈"},{"relatedId":"544","name":"激光祛斑"},{"relatedId":"307","name":"激光祛纹身"}]},"ShorDesc":{"name":"简介","content":"<p>&#x9002;&#x5E94;&#x75C7;&#xFF1A;&#x5404;&#x7C7B;&#x8272;&#x6591;&#xFF08;&#x96C0;&#x6591;&#x3001;&#x9EC4;&#x8910;&#x6591;&#x3001;&#x6652;&#x6591;&#x3001;&#x8001;&#x5E74;&#x6591;&#xFF09;&#x3001;&#x80CE;&#x8BB0;&#xFF08;&#x5496;&#x5561;&#x6591;&#x3001;&#x592A;&#x7530;&#x75E3;&#x3001;&#x8910;&#x9752;&#x8272;&#x75E3;&#xFF09;&#x3001;&#x7EB9;&#x8EAB;&#x3001;&#x75D8;&#x5370;&#x3001;&#x75D8;&#x75A4;&#x3001;&#x76B1;&#x7EB9;&#x3002;</p><p>&#x76AE;&#x79D2;&#x6FC0;&#x5149;&#xFF0C;&#x4E5F;&#x79F0;&#x4E3A;&#x956D;&#x5C04;&#x51C0;&#x80A4;&#xFF0C;&#x662F;&#x4E00;&#x79CD;&#x901F;&#x5EA6;&#x66F4;&#x5FEB;&#xFF08;&#x76AE;&#x79D2;&#x7EA7;&#x522B;&#xFF09;&#x3001;&#x4F5C;&#x7528;&#x66F4;&#x7CBE;&#x51C6;&#x3001;&#x6548;&#x679C;&#x66F4;&#x786E;&#x5207;&#x3001;&#x66F4;&#x5B89;&#x5168;&#x7684;&#x76AE;&#x80A4;&#x8272;&#x7D20;&#x95EE;&#x9898;&#x6CBB;&#x7597;&#x624B;&#x6BB5;&#x3002;</p>"},"Property":{"name":"档案","content":["\n                <li>&#x6CBB;&#x7597;&#x65B9;&#x5F0F;&#xFF1A;<span>&#x5149;&#x7535;&#xFF08;&#x5FAE;&#x521B;&#xFF09;</span></li>\n                <li>&#x75BC;&#x75DB;&#x611F;&#xFF1A;<span>1&#x9897;&#x661F;</span><a href=\"gengmei://common_webview?url=http://backend.gmei.com/hybrid/ache_level\">&#x67E5;&#x770B;&#x75BC;&#x75DB;&#x5206;&#x7EA7;</a></li>\n                <li>&#x7EF4;&#x6301;&#x65F6;&#x95F4;&#xFF1A;<span>&#x6C38;&#x4E45;</span></li>\n                <li>&#x6CBB;&#x7597;&#x65F6;&#x95F4;&#xFFFD;&#xFFFD;&#xFFFD;<span>40-60&#x5206;&#x949F;</span></li>\n                <li>&#x53C2;&#x8003;&#x4EF7;&#x683C;&#xFF1A;<span>10000-20000</span></li>\n                <li>&#x9EBB;&#x9189;&#x65B9;&#x5F0F;&#xFF1A;<span>&#x65E0;</span></li>\n                <li>&#x662F;&#x5426;&#x4F4F;&#x9662;&#xFF1A;<span>&#x5426;</span></li>\n                \n                <li>&#x62C6;&#x7EBF;&#x65F6;&#x95F4;&#xFF1A;<span>0-0&#x5929;</span></li>\n            "]},"Desc":{"name":"项目／手术原理","content":"<p class=\"MsoNormal\"><span style=\"background-image: initial; background-attachment: initial; background-size: initial; background-origin: initial; background-clip: initial; background-position: initial; background-repeat: initial;\">&#x76AE;&#x79D2;&#x6FC0;&#x5149;&#x5C31;&#x662F;&#x5149;&#x6253;&#x5230;&#x76AE;&#x80A4;&#x91CC;&#x5728;&#x76AE;&#x80A4;&#x505C;&#x7559;&#x7684;&#x65F6;&#x95F4;</span><span lang=\"EN-US\" style=\"background-image: initial; background-attachment: initial; background-size: initial; background-origin: initial; background-clip: initial; background-position: initial; background-repeat: initial;\">&#x2014;&#x2014;</span><span style=\"background-image: initial; background-attachment: initial; background-size: initial; background-origin: initial; background-clip: initial; background-position: initial; background-repeat: initial;\">&#x76AE;&#x79D2;&#x7EA7;&#xFF0C;&#x7528;&#x5B66;&#x672F;&#x4E00;&#x70B9;&#x7684;&#x8BDD;&#x6765;&#x8BB2;&#x5C31;&#x662F;&#x5149;&#x53D1;&#x5C04;&#x7684;&#x8109;&#x51B2;&#x6301;&#x7EED;&#x65F6;&#x95F4;&#xFF08;&#x8109;&#x5BBD;&#xFF09;&#x3002;&#x4E00;&#x822C;&#x7528;&#x4E8E;&#x795B;&#x6591;&#x3001;&#x795B;&#x80CE;&#x8BB0;&#x3001;&#x795B;&#x7EB9;&#x8EAB;&#x3001;&#x795B;&#x75D8;&#x5370;&#x7684;&#x662F;&#x8C03;Q&#x5F00;&#x5173;&#x6FC0;&#x5149;&#xFF0C;&#x5B83;&#x7684;&#x8109;&#x5BBD;&#x662F;&#x7EB3;&#x79D2;&#x7EA7;&#x522B;&#x7684;&#xFF0C;&#x76AE;&#x79D2;&#x6FC0;&#x5149;&#x7684;&#x901F;&#x5EA6;&#x4E5F;&#x8FDC;&#x8D85;&#x4F20;&#x7EDF;&#x7684;&#x8C03;Q&#x5F00;&#x5173;&#x6FC0;&#x5149;&#x3002;&#x7531;&#x4E8E;&#x6FC0;&#x5149;&#x7F8E;&#x5BB9;</span>&#x662F;&#x4F9D;&#x636E;&#x9009;&#x62E9;&#x6027;&#x5149;&#x70ED;&#x4F5C;&#x7528;&#x6765;&#x8FBE;&#x5230;&#x6CBB;&#x7597;&#x76EE;&#x7684;&#x7684;&#xFF1A;&#x53EA;&#x5BF9;&#x9776;&#x7EC4;&#x7EC7;&#xFF08;&#x9ED1;&#x8272;&#x7D20;&#xFF09;&#x4EA7;&#x751F;&#x4F5C;&#x7528;&#xFF0C;&#x800C;&#x5BF9;&#x5176;&#x4ED6;&#x5B8C;&#x597D;&#x7684;&#x76AE;&#x80A4;&#x7EC4;&#x7EC7;&#x4E0D;&#x4EA7;&#x751F;&#x660E;&#x663E;&#x635F;&#x4F24;&#xFF1B;&#x56E0;&#x6B64;&#xFF0C;&#x8109;&#x5BBD;&#x8D8A;&#x77ED;&#xFF08;&#x901F;&#x5EA6;&#x8D8A;&#x5FEB;&#xFF09;&#xFF0C;&#x5149;&#x80FD;&#x8D8A;&#x4E0D;&#x4F1A;&#x5411;&#x5468;&#x56F4;&#x5B8C;&#x597D;&#x7EC4;&#x7EC7;&#x6269;&#x6563;&#xFF0C;&#x80FD;&#x91CF;&#x8D8A;&#x4F1A;&#x805A;&#x96C6;&#x5728;&#x9776;&#x7EC4;&#x7EC7;&#x5904;&#xFF0C;&#x5BF9;&#x9776;&#x7EC4;&#x7EC7;&#x7684;&#x4F5C;&#x7528;&#x5C31;&#x8D8A;&#x5F3A;&#xFF0C;&#x800C;&#x5BF9;&#x5468;&#x56F4;&#x5B8C;&#x597D;&#x7684;&#x7EC4;&#x7EC7;&#x635F;&#x4F24;&#x5C31;&#x8D8A;&#x5C0F;&#x3002;</p><p class=\"MsoNormal\"><span lang=\"EN-US\"><o:p></o:p></span></p><p class=\"MsoNormal\">&#x6CE8;&#xFF1A;&#x65F6;&#x95F4;&#x5355;&#x4F4D;&#x6362;&#x7B97;</p><p class=\"MsoNormal\"><span lang=\"EN-US\">1</span>&#x79D2;<span lang=\"EN-US\">s=1000</span>&#x6BEB;&#x79D2;<span lang=\"EN-US\">ms<o:p></o:p></span></p><p class=\"MsoNormal\"><span lang=\"EN-US\">1</span>&#x6BEB;&#x79D2;<span lang=\"EN-US\">ms=1000</span>&#x5FAE;&#x79D2;<span lang=\"EN-US\">us <o:p></o:p></span></p><p class=\"MsoNormal\"><span lang=\"EN-US\">1</span>&#x5FAE;&#x79D2;<span lang=\"EN-US\">us=1000</span>&#x7EB3;&#x79D2;<span lang=\"EN-US\">ns<o:p></o:p></span></p><p class=\"MsoNormal\"><span lang=\"EN-US\">1</span>&#x7EB3;&#x79D2;<span lang=\"EN-US\">ns=1000</span>&#x76AE;&#x79D2;<span lang=\"EN-US\">ps <o:p></o:p></span></p><p class=\"MsoNormal\">\n\n\n\n\n\n\n\n</p><p class=\"MsoNormal\"><span lang=\"EN-US\">1</span>&#x79D2;<span lang=\"EN-US\">s=1,000,000,000,000 </span>&#x76AE;&#x79D2;<span lang=\"EN-US\">ps</span></p><p class=\"MsoNormal\"><span lang=\"EN-US\"><o:p></o:p></span></p><p class=\"MsoNormal\"><img src=\"http://hera.s.gmei.com/2016/10/12/b3c9fb626b\" style=\"width: 556.725px; height: 1568px;\"></p><p class=\"MsoNormal\"><br></p><p class=\"MsoNormal\">&#x76EE;&#x524D;&#xFF0C;&#x53EA;&#x6709;&#x7F8E;&#x56FD;&#x8D5B;&#x8BFA;&#x79C0;&#x516C;&#x53F8;&#xFF08;<span lang=\"EN-US\">Cynosure</span>&#xFF09;&#x751F;&#x4EA7;&#x7684;<span lang=\"EN-US\">Picosure</span>&#x76AE;&#x53EF;&#x79C0;<span lang=\"EN-US\">755</span>&#x8702;&#x5DE2;&#x76AE;&#x79D2;&#x6FC0;&#x5149;&#x83B7;&#x5F97;&#x4E2D;&#x56FD;&#x5BA1;&#x6279;&#x3002;</p><p class=\"MsoNormal\"><img src=\"http://hera.s.gmei.com/2016/10/12/c7b469115c\" style=\"width: 951px;\"><span style=\"font-family:&#x5B8B;&#x4F53;;mso-ascii-font-family:Calibri;\nmso-ascii-theme-font:minor-latin;mso-fareast-font-family:&#x5B8B;&#x4F53;;mso-fareast-theme-font:\nminor-fareast;mso-hansi-font-family:Calibri;mso-hansi-theme-font:minor-latin\"><br></span><span lang=\"EN-US\"><o:p></o:p></span></p>"},"Sample":{"name":"效果示例","content":"<img src=\"http://hera.s.gmei.com/itemwiki/2016/10/12/2cec5d4527-w\">"},"BeforIdear":{"name":"效果示例","content":"<p class=\"MsoNormal\"><span lang=\"EN-US\">1.</span>&#x7D20;&#x989C;&#x3001;&#x5168;&#x9762;&#x6E05;&#x6D01;&#x3001;&#x6D88;&#x6BD2;&#x6CBB;&#x7597;&#x90E8;&#x4F4D;&#x76AE;&#x80A4;&#x3002;<span lang=\"EN-US\"><o:p></o:p></span></p><p class=\"MsoNormal\"><span lang=\"EN-US\">2.</span>&#x6CBB;&#x7597;&#x524D;<span lang=\"EN-US\">1</span>&#x4E2A;&#x6708;&#x5185;&#x4E25;&#x7981;&#x66B4;&#x6652;&#x3002;<span lang=\"EN-US\"><o:p></o:p></span></p><p>\n\n\n\n</p><p class=\"MsoNormal\"><span lang=\"EN-US\">3.</span>&#x6CBB;&#x7597;&#x524D;<span lang=\"EN-US\">3</span>&#x4E2A;&#x6708;&#x5185;&#x4E25;&#x7981;&#x670D;&#x7528;&#x5149;&#x654F;&#x836F;&#x7269;&#xFF0C;&#x5982;&#x7EF4;<span lang=\"EN-US\">A</span>&#x9178;&#x3002;</p><p class=\"MsoNormal\">4.&#x548C;&#x6CBB;&#x7597;&#x533B;&#x751F;&#x5145;&#x5206;&#x6C9F;&#x901A;&#xFF0C;&#x4E86;&#x89E3;&#x6CBB;&#x7597;&#x6548;&#x679C;&#xFF0C;&#x4EE5;&#x514D;&#x671F;&#x671B;&#x4E0D;&#x5207;&#x5B9E;&#x9645;&#x3002;</p>"},"AfterIdear":{"name":"优点","content":"<p class=\"MsoNormal\"><span lang=\"EN-US\">1.</span>&#x6CBB;&#x7597;&#x540E;<span lang=\"EN-US\">24</span>&#x5C0F;&#x65F6;&#x5185;&#x6CBB;&#x7597;&#x90E8;&#x4F4D;&#x5C3D;&#x91CF;&#x4E0D;&#x8981;&#x6CBE;&#x6C34;&#x3002;<span lang=\"EN-US\"><o:p></o:p></span></p><p class=\"MsoNormal\"><span lang=\"EN-US\">2.</span>&#x4E25;&#x683C;&#x9632;&#x6652;&#xFF0C;&#x5916;&#x51FA;&#x6D82;&#x62B9;&#x9632;&#x6652;&#x6548;&#x679C;&#x7684;&#x62A4;&#x80A4;&#x54C1;&#x3002;<span lang=\"EN-US\"><o:p></o:p></span></p><p class=\"MsoNormal\"><span lang=\"EN-US\">3.</span>&#x6CE8;&#x610F;&#x8865;&#x6C34;&#xFF0C;&#x6CBB;&#x7597;&#x540E;&#x53EA;&#x80FD;&#x4F7F;&#x7528;&#x4E13;&#x4E1A;&#x6FC0;&#x5149;&#x672F;&#x540E;&#x65E0;&#x83CC;&#x9762;&#x819C;&#x3002;<span lang=\"EN-US\"><o:p></o:p></span></p><p class=\"MsoNormal\"><span lang=\"EN-US\">4.</span>&#x6CBB;&#x7597;&#x540E;&#x4E0D;&#x8981;&#x7528;&#x8FC7;&#x70ED;&#x7684;&#x6C34;&#x6E05;&#x6D17;&#x6CBB;&#x7597;&#x90E8;&#x4F4D;&#x3002;<span lang=\"EN-US\"><o:p></o:p></span></p><p>\n\n\n\n\n\n\n\n</p><p class=\"MsoNormal\"><span lang=\"EN-US\">4.</span>&#x4E00;&#x4E2A;&#x6708;&#x5185;&#x907F;&#x514D;&#x505A;&#x5176;&#x5B83;&#x6FC0;&#x5149;&#x6CBB;&#x7597;&#xFF0C;&#x5982;&#x767D;&#x74F7;&#x5A03;&#x5A03;&#x3001;&#x70B9;&#x9635;&#x6FC0;&#x5149;&#x7B49;&#x3002;<span lang=\"EN-US\"><o:p></o:p></span></p>"},"GoodPoint":{"name":"缺点及风险","content":"<p>1.&#x6CBB;&#x7597;&#x6548;&#x679C;&#x6BD4;&#x4F20;&#x7EDF;&#x6FC0;&#x5149;&#x660E;&#x663E;&#xFF0C;&#x53EF;&#x5C06;&#x9ED1;&#x8272;&#x7D20;&#x5F7B;&#x5E95;&#x51FB;&#x788E;&#xFF0C;&#x53EF;&#x5927;&#x5927;&#x51CF;&#x5C11;&#x6CBB;&#x7597;&#x6B21;&#x6570;&#x3002;</p><p>2.&#x6CBB;&#x7597;&#x5FAE;&#x521B;&#xFF0C;&#x65E0;&#x9700;&#x5916;&#x6577;&#x8868;&#x9762;&#x9EBB;&#x9189;&#x836F;&#x7269;&#xFF08;&#x6CBB;&#x7597;&#x8FC7;&#x7A0B;&#x8F83;&#x8212;&#x9002;&#xFF09;&#x3001;&#x51E0;&#x4E4E;&#x65E0;&#x521B;&#x3001;&#x6062;&#x590D;&#x671F;&#x6781;&#x77ED;&#x3002;</p><p>3.&#x672F;&#x540E;&#x4E0D;&#x5BB9;&#x6613;&#x4EA7;&#x751F;&#x53CD;&#x9ED1;&#x3001;&#x8272;&#x6C89;&#x95EE;&#x9898;&#x3002;</p><p>4.&#x53EF;&#x4EE5;&#x6CBB;&#x7597;&#x76AE;&#x80A4;&#x8272;&#x7D20;&#x75BE;&#x75C5;&#x53CA;&#x95EE;&#x9898;&#xFF1A;&#x8272;&#x6591;&#x3001;&#x80CE;&#x8BB0;&#x3001;&#x7EB9;&#x8EAB;&#x3001;&#x75D8;&#x5370;&#xFF0C;&#x8FD8;&#x80FD;&#x8FBE;&#x5230;&#x7F8E;&#x767D;&#x3001;&#x7EC6;&#x81F4;&#x6BDB;&#x5B54;&#x3001;&#x5AE9;&#x80A4;&#x3001;&#x6297;&#x8870;&#x4F5C;&#x7528;&#x3002;</p><p><br></p>"},"BadPoint":{"name":"术前锦囊","content":"<p>1.&#x6CBB;&#x7597;&#x4EF7;&#x683C;&#x51E0;&#x500D;&#x9AD8;&#x4E8E;&#x4F20;&#x7EDF;&#x6FC0;&#x5149;&#xFF0C;&#x5341;&#x5206;&#x6602;&#x8D35;&#x3002;</p><p>2.&#x64CD;&#x4F5C;&#x4E0D;&#x5F53;&#xFF0C;&#x53EF;&#x80FD;&#x707C;&#x4F24;&#x76AE;&#x80A4;&#xFF0C;&#x7ED3;&#x75C2;&#x3002;</p>"}}