{"Title":"祛疤痕","Related":{"name":"关联百科","content":[{"relatedId":"802","name":"离子束激光"},{"relatedId":"551","name":"黄金微针"},{"relatedId":"651","name":"点阵激光"}]},"ShorDesc":{"name":"简介","content":"<p class=\"MsoNormal\" align=\"left\"><span style=\"font-family:\n&#x5B8B;&#x4F53;;mso-ascii-font-family:Calibri;mso-ascii-theme-font:minor-latin;mso-fareast-font-family:\n&#x5B8B;&#x4F53;;mso-fareast-theme-font:minor-fareast;mso-hansi-font-family:Calibri;\nmso-hansi-theme-font:minor-latin\">&#x9002;&#x5E94;&#x75C7;&#xFF1A;&#x8868;&#x6D45;&#x6027;&#x75A4;&#x75D5;&#x3001;&#x51F9;&#x9677;&#x578B;&#x75A4;&#x75D5;&#x3001;&#x589E;&#x751F;&#x6027;&#x75A4;&#x75D5;&#x3001;&#x7622;&#x75D5;&#x7599;&#x7629;</span><span lang=\"EN-US\"><o:p></o:p></span></p><p>\n\n</p><p class=\"MsoNormal\" align=\"left\"><span style=\"font-family:\n&#x5B8B;&#x4F53;;mso-ascii-font-family:Calibri;mso-ascii-theme-font:minor-latin;mso-fareast-font-family:\n&#x5B8B;&#x4F53;;mso-fareast-theme-font:minor-fareast;mso-hansi-font-family:Calibri;\nmso-hansi-theme-font:minor-latin\">&#x75A4;&#x75D5;&#x662F;&#x7531;&#x4E8E;&#x5404;&#x79CD;&#x56E0;&#x7D20;&#x5BFC;&#x81F4;&#x76AE;&#x80A4;&#x8F6F;&#x7EC4;&#x7EC7;&#x4E25;&#x91CD;&#x53D7;&#x521B;&#x65E0;&#x6CD5;&#x6062;&#x590D;&#x5E38;&#x6001;&#xFF0C;&#x800C;&#x5DF2;&#x7EA4;&#x7EF4;&#x7EC4;&#x7EC7;&#x66FF;&#x4EE3;&#x4FEE;&#x590D;&#x7559;&#x4E0B;&#x7684;&#x4EA7;&#x7269;&#x3002;&#x75A4;&#x75D5;&#x5206;&#x4E3A;&#x591A;&#x79CD;&#xFF1A;&#x8868;&#x6D45;&#x6027;&#x75A4;&#x75D5;&#xFF08;&#x64E6;&#x4F24;&#x3001;&#x8F7B;&#x5EA6;&#x70EB;&#x4F24;&#x6240;&#x81F4;&#xFF09;&#x3001;&#x51F9;&#x9677;&#x578B;&#x75A4;&#x75D5;&#xFF08;&#x75E4;&#x75AE;&#x3001;&#x611F;&#x67D3;&#x3001;&#x5916;&#x4F24;&#x3001;&#x624B;&#x672F;&#x5BFC;&#x81F4;&#xFF09;&#x3001;&#x589E;&#x751F;&#x6027;&#x75A4;&#x75D5;&#xFF08;&#x70E7;&#x70EB;&#x4F24;&#x3001;&#x5916;&#x4F24;&#x3001;&#x624B;&#x672F;&#x6216;&#x53CD;&#x590D;&#x611F;&#x67D3;&#x540E;&#x76AE;&#x80A4;&#x771F;&#x76AE;&#x5C42;&#x4E2D;&#x7684;&#x6210;&#x7EA4;&#x7EF4;&#x7EC6;&#x80DE;&#x7684;&#x589E;&#x751F;&#x6027;&#x75C5;&#x53D8;&#xFF09;&#x53CA;&#x5404;&#x79CD;&#x539F;&#x56E0;&#x4EA7;&#x751F;&#x7684;&#x7622;&#x75D5;&#x7599;&#x7629;&#x3002;&#x4E0D;&#x540C;&#x7684;&#x7622;&#x75D5;&#x53EF;&#x901A;&#x8FC7;&#x4E0D;&#x540C;&#x7684;&#x624B;&#x6BB5;&#x6765;&#x6CBB;&#x7597;&#xFF1A;&#x5982;&#x5916;&#x6577;&#x795B;&#x75A4;&#x4EA7;&#x54C1;&#x3001;&#x836F;&#x7269;&#x6CE8;&#x5C04;&#x3001;&#x6FC0;&#x5149;&#x53CA;&#x624B;&#x672F;&#x65B9;&#x6CD5;&#x3002;</span><span lang=\"EN-US\"><o:p></o:p></span></p>"},"Property":{"name":"档案","content":["\n                <li>&#x6CBB;&#x7597;&#x65B9;&#x5F0F;&#xFF1A;<span>&#x5149;&#x7535;&#xFF08;&#x6709;&#x521B;&#xFF09;</span></li>\n                <li>&#x75BC;&#x75DB;&#x611F;&#xFF1A;<span>2&#x9897;&#x661F;</span><a href=\"gengmei://common_webview?url=http://backend.gmei.com/hybrid/ache_level\">&#x67E5;&#x770B;&#x75BC;&#x75DB;&#x5206;&#x7EA7;</a></li>\n                <li>&#x7EF4;&#x6301;&#x65F6;&#x95F4;&#xFF1A;<span>&#x6C38;&#x4E45;</span></li>\n                <li>&#x6CBB;&#x7597;&#x65F6;&#x95F4;&#xFF1A;<span>40-60&#x5206;&#x949F;</span></li>\n                <li>&#x53C2;&#x8003;&#x4EF7;&#x683C;&#xFF1A;<span>5000-10000</span></li>\n                <li>&#x9EBB;&#x9189;&#x65B9;&#x5F0F;&#xFF1A;<span>&#x8868;&#x9762;&#x9EBB;&#x9189;</span></li>\n                <li>&#x662F;&#x5426;&#x4F4F;&#x9662;&#xFF1A;<span>&#x5426;</span></li>\n                \n                <li>&#x62C6;&#x7EBF;&#x65F6;&#x95F4;&#xFF1A;<span>0-0&#x5929;</span></li>\n            "]},"Desc":{"name":"项目／手术原理","content":"<p class=\"MsoNormal\" align=\"left\"><span lang=\"EN-US\">1.</span><span style=\"font-family:&#x5B8B;&#x4F53;;mso-ascii-font-family:Calibri;mso-ascii-theme-font:minor-latin;\nmso-fareast-font-family:&#x5B8B;&#x4F53;;mso-fareast-theme-font:minor-fareast;mso-hansi-font-family:\nCalibri;mso-hansi-theme-font:minor-latin\">&#x5916;&#x7528;&#x795B;&#x75A4;&#x836F;&#x7269;&#xFF1A;&#x559C;&#x7597;&#x59A5;&#x3001;&#x5EB7;&#x745E;&#x4FDD;&#x3001;&#x79EF;&#x96EA;&#x8349;&#x8F6F;&#x818F;&#x3001;&#x7845;&#x51DD;&#x80F6;&#x836F;&#x818F;&#x53CA;&#x55B7;&#x96FE;&#xFF08;&#x82AD;&#x514B;&#x3001;&#x8212;&#x75D5;&#xFF09;&#x3001;&#x795B;&#x75A4;&#x8D34;&#x7247;&#xFF08;&#x7F8E;&#x76AE;&#x62A4;&#xFF09;&#x7B49;&#x4E3B;&#x8981;&#x7528;&#x4E8E;&#x6574;&#x5F62;&#x5916;&#x79D1;&#x672F;&#x540E;&#x7684;&#x75A4;&#x75D5;&#x9884;&#x9632;&#x548C;&#x589E;&#x751F;&#x6027;&#x75A4;&#x75D5;&#x7684;&#x6539;&#x5584;&#x3002;</span><span lang=\"EN-US\"><o:p></o:p></span></p><p class=\"MsoNormal\" align=\"left\"><span lang=\"EN-US\">2.</span><span style=\"font-family:&#x5B8B;&#x4F53;;mso-ascii-font-family:Calibri;mso-ascii-theme-font:minor-latin;\nmso-fareast-font-family:&#x5B8B;&#x4F53;;mso-fareast-theme-font:minor-fareast;mso-hansi-font-family:\nCalibri;mso-hansi-theme-font:minor-latin\">&#x70B9;&#x9635;&#x4E8C;&#x6C27;&#x5316;&#x78B3;&#x6FC0;&#x5149;&#x3001;&#x7B49;&#x79BB;&#x5B50;&#x672F;&#x6FC0;&#x5149;&#xFF1A;&#x4E3B;&#x8981;&#x7528;&#x4E8E;&#x51F9;&#x9677;&#x578B;&#x75A4;&#x75D5;&#x7684;&#x6CBB;&#x7597;&#x3002;</span><span lang=\"EN-US\"><o:p></o:p></span></p><p>\n\n\n\n</p><p class=\"MsoNormal\" align=\"left\"><span lang=\"EN-US\">3.</span><span style=\"font-family:&#x5B8B;&#x4F53;;mso-ascii-font-family:Calibri;mso-ascii-theme-font:minor-latin;\nmso-fareast-font-family:&#x5B8B;&#x4F53;;mso-fareast-theme-font:minor-fareast;mso-hansi-font-family:\nCalibri;mso-hansi-theme-font:minor-latin\">&#x624B;&#x672F;&#x65B9;&#x6CD5;&#xFF1A;&#x5305;&#x62EC;&#x5207;&#x9664;&#x6CD5;&#x3001;&#x57CB;&#x76AE;&#x80A4;&#x7EC4;&#x7EC7;&#x6269;&#x5F20;&#x5668;&#x3001;&#x690D;&#x76AE;&#x6CD5;&#xFF0C;&#x5927;&#x591A;&#x7528;&#x4E8E;&#x5927;&#x9762;&#x79EF;&#x70E7;&#x4F24;&#x4FEE;&#x590D;&#x3001;&#x589E;&#x751F;&#x6027;&#x75A4;&#x75D5;&#x53CA;&#x7622;&#x75D5;&#x7599;&#x7629;&#x7684;&#x6CBB;&#x7597;&#x3002;</span><span lang=\"EN-US\"><o:p></o:p></span></p>"},"Sample":{"name":"效果示例","content":""},"BeforIdear":{"name":"效果示例","content":""},"AfterIdear":{"name":"优点","content":""},"GoodPoint":{"name":"缺点及风险","content":""},"BadPoint":{"name":"术前锦囊","content":""}}