{"Title":"倒睫毛矫正","Related":{"name":"关联百科","content":[{"relatedId":"506","name":"开眼角"},{"relatedId":"484","name":"切开双眼皮"},{"relatedId":"199","name":"上睑下垂矫正"},{"relatedId":"668","name":"眼睑下至术"}]},"ShorDesc":{"name":"简介","content":"<p>&#x9002;&#x5E94;&#x75C7;&#xFF1A;&#x5012;&#x776B;&#x3001;&#x7751;&#x5185;&#x7FFB;&#x3002;</p><p>&#x901A;&#x8FC7;&#x624B;&#x672F;&#x65B9;&#x6CD5;&#x5C06;&#x7751;&#x7F18;&#x5411;&#x5916;&#x7275;&#x62C9;&#xFF0C;&#x8FBE;&#x5230;&#x77EB;&#x6B63;&#x7684;&#x6548;&#x679C;&#x3002;</p>"},"Property":{"name":"档案","content":["\n                <li>&#x6CBB;&#x7597;&#x65B9;&#x5F0F;&#xFF1A;<span>&#x624B;&#x672F;</span></li>\n                <li>&#x75BC;&#x75DB;&#x611F;&#xFF1A;<span>0&#x9897;&#x661F;</span><a href=\"gengmei://common_webview?url=http://backend.gmei.com/hybrid/ache_level\">&#x67E5;&#x770B;&#x75BC;&#x75DB;&#x5206;&#x7EA7;</a></li>\n                <li>&#x7EF4;&#x6301;&#x65F6;&#x95F4;&#xFF1A;<span>&#x6C38;&#x4E45;</span></li>\n                <li>&#x6CBB;&#x7597;&#x65F6;&#x95F4;&#xFF1A;<span>30-90&#x5206;&#x949F;</span></li>\n                <li>&#x53C2;&#x8003;&#x4EF7;&#x683C;&#xFF1A;<span>2000-10000</span></li>\n                <li>&#x9EBB;&#x9189;&#x65B9;&#x5F0F;&#xFF1A;<span>&#x5C40;&#x9EBB;</span></li>\n                <li>&#x662F;&#x5426;&#x4F4F;&#x9662;&#xFF1A;<span>&#x5426;</span></li>\n                \n                <li>&#x62C6;&#x7EBF;&#x65F6;&#x95F4;&#xFF1A;<span>5-7&#x5929;</span></li>\n            "]},"Desc":{"name":"项目／手术原理","content":"<p>1.&#x8BBE;&#x8BA1;&#x3001;&#x9EBB;&#x9189;&#x3002;</p><p>2.&#x7F1D;&#x7EBF;&#x5C06;&#x7751;&#x7F18;&#x5411;&#x5916;&#x7275;&#x62C9;&#x3002;</p><p>3.&#x4E25;&#x91CD;&#x8005;&#x53EF;&#x5207;&#x9664;&#x4E0B;&#x7751;&#x76AE;&#x80A4;&#x548C;&#x773C;&#x8F6E;&#x531D;&#x808C;&#x3002;</p><p>4.&#x7F1D;&#x5408;&#x3002;</p><p><img src=\"http://hera.s.gmei.com/2016/10/11/64760bb131\" style=\"width: 490px;\"><br></p>"},"Sample":{"name":"效果示例","content":"<img src=\"http://hera.s.gmei.com/itemwiki/2016/10/11/1811952f7f-w\">"},"BeforIdear":{"name":"效果示例","content":"<p>1.&#x5973;&#x6027;&#x907F;&#x5F00;&#x6708;&#x7ECF;&#x671F;&#x3001;&#x598A;&#x5A20;&#x524D;&#x671F;(&#x4E09;&#x4E2A;&#x6708;)&#x3001;&#x598A;&#x5A20;&#x540E;&#x671F;(&#x4E09;&#x4E2A;&#x6708;)&#x3002;&#x6708;&#x7ECF;&#x53EF;&#x80FD;&#x4F1A;&#x5BFC;&#x81F4;&#x672F;&#x4E2D;&#x6216;&#x672F;&#x540E;&#x51FA;&#x8840;&#x76F8;&#x5BF9;&#x589E;&#x591A;&#x6216;&#x8005;&#x80BF;&#x80C0;&#x76F8;&#x5BF9;&#x52A0;&#x91CD;&#x73B0;&#x8C61;&#x3002;</p><p>2.&#x624B;&#x672F;&#x524D;&#x4E24;&#x5468;&#x5185;&#xFF0C;&#x8BF7;&#x52FF;&#x670D;&#x7528;&#x56FA;&#x9187;&#x6FC0;&#x7D20;&#x548C;&#x963F;&#x65AF;&#x5339;&#x6797;&#x7B49;&#x6297;&#x51DD;&#x8840;&#x7C7B;&#x836F;&#x7269;&#x548C;&#x8865;&#x54C1;&#x3002;</p><p>3.&#x624B;&#x672F;&#x5F53;&#x65E5;&#x4E0D;&#x8981;&#x5316;&#x5986;&#x3001;&#x6234;&#x88C5;&#x9970;&#x7269;&#x3002;&#x624B;&#x672F;&#x5F53;&#x5929;&#x51C0;&#x9762;&#x3001;&#x6D88;&#x6BD2;&#x3002;</p><p>4.&#x7537;&#x6027;&#x9700;&#x8981;&#x63D0;&#x524D;&#x6212;&#x70DF;&#x4E00;&#x5468;&#x3002;</p><p>5.&#x5E38;&#x89C4;&#x8EAB;&#x4F53;&#x68C0;&#x67E5;&#x2014;&#x2014;&#x5168;&#x8EAB;&#x68C0;&#x67E5;&#x3001;&#x5404;&#x9879;&#x5316;&#x9A8C;&#x68C0;&#x67E5;&#x3002;</p>"},"AfterIdear":{"name":"优点","content":"<p>1.&#x5F53;&#x5929;&#x5C40;&#x90E8;&#x4F24;&#x53E3;&#x53EF;&#x80FD;&#x51FA;&#x73B0;&#x5C11;&#x91CF;&#x6E17;&#x8840;&#x5C5E;&#x4E8E;&#x6B63;&#x5E38;&#x73B0;&#x8C61;&#xFF0C;&#x672F;&#x540E;&#x90E8;&#x4F4D;&#x7528;&#x7EB1;&#x5E03;&#x52A0;&#x538B;1-2&#x5929;&#xA0;</p><p>2.72&#x5C0F;&#x65F6;&#x5185;&#xFF0C;&#x7528;&#x51B0;&#x888B;&#x51B0;&#x6577;&#xFF08;&#x888B;&#x88C5;&#x51BB;&#x725B;&#x5976;&#x4E5F;&#x53EF;&#xFF09;&#x4EE5;&#x51CF;&#x5C11;&#x5C40;&#x90E8;&#x51FA;&#x8840;&#x53CA;&#x80BF;&#x80C0;&#xFF1B;72&#x5C0F;&#x65F6;&#x540E;&#xFF0C;&#x53EF;&#x5F00;&#x59CB;&#x5BF9;&#x624B;&#x672F;&#x90E8;&#x4F4D;&#x70ED;&#x6577;&#x4EE5;&#x4FC3;&#x8FDB;&#x773C;&#x775B;&#x6563;&#x6DE4;&#x6D88;&#x80BF;&#x3002;</p><p>3.&#x672F;&#x540E;2&#x5468;&#x5185;&#x5C3D;&#x91CF;&#x4E0D;&#x8981;&#x8FC7;&#x5EA6;&#x7528;&#x773C;&#x3001;4&#x5468;&#x4EE5;&#x540E;&#x65B9;&#x53EF;&#x6234;&#x9690;&#x5F62;&#x773C;&#x955C;&#x3002;</p><p>4.&#x5367;&#x5E8A;&#x4F11;&#x606F;&#x65F6;&#x6700;&#x597D;&#x534A;&#x5367;&#x4F4D;(&#x628A;&#x6795;&#x5934;&#x57AB;&#x9AD8;)&#x4EE5;&#x51CF;&#x8F7B;&#x773C;&#x7751;&#x90E8;&#x80BF;&#x80C0;&#x3002;</p><p>5.&#x4E00;&#x4E2A;&#x6708;&#x5185;&#x6212;&#x70DF;&#x9152;&#x3001;&#x5C3D;&#x91CF;&#x4E0D;&#x8981;&#x5403;&#x8165;&#x8FA3;&#x7B49;&#x523A;&#x6FC0;&#x6027;&#x98DF;&#x7269;&#x3001;&#x4E00;&#x4E2A;&#x6708;&#x5185;&#x4E0D;&#x8981;&#x5316;&#x5986;&#xFF08;&#x6709;&#x53EF;&#x80FD;&#x52A0;&#x91CD;&#x75A4;&#x75D5;&#x589E;&#x751F;&#xFF09;&#x3002;</p><p>6.&#x4E25;&#x7981;&#x670D;&#x7528;&#x963F;&#x53F8;&#x5339;&#x6797;&#x3001;&#x6CD5;&#x6797;&#xFF0C;&#x6FC0;&#x7D20;&#x53CA;&#x6D3B;&#x8840;&#x5316;&#x6DE4;&#x7C7B;&#x836F;&#x7269;&#x3002;&#x9075;&#x5FAA;&#x533B;&#x5631;&#x670D;&#x7528;&#x6297;&#x751F;&#x7D20;&#x7C7B;&#x836F;&#x7269;&#x3002;</p>"},"GoodPoint":{"name":"缺点及风险","content":"<p>1.&#x65B9;&#x6CD5;&#x7B80;&#x5355;&#x3002;</p><p>2.&#x5B89;&#x5168;&#x3002;</p>"},"BadPoint":{"name":"术前锦囊","content":"<p>1.&#x6709;&#x590D;&#x53D1;&#x7684;&#x53EF;&#x80FD;&#x3002;</p><p>2.&#x53EF;&#x80FD;&#x6DE4;&#x8840;&#x3001;&#x80BF;&#x80C0;&#x3002;</p>"}}