{"Title":"手术祛副乳","Related":{"name":"关联百科","content":[{"relatedId":"338","name":"巨乳缩小"},{"relatedId":"734","name":"乳头内陷矫正"}]},"ShorDesc":{"name":"简介","content":"<p>&#x9002;&#x5E94;&#x75C7;&#xFF1A;&#x8102;&#x80AA;&#x578B;&#x526F;&#x4E73;</p><p>&#x526F;&#x4E73;&#x5207;&#x9664;&#x672F;&#x9700;&#x8981;&#x5728;&#x814B;&#x7A9D;&#x5904;&#x5236;&#x9020;&#x4E00;&#x4E2A;&#x5C0F;&#x578B;&#x5207;&#x53E3;&#xFF0C;&#x6E38;&#x79BB;&#x76AE;&#x74E3;&#x540E;&#xFF0C;&#x5F7B;&#x5E95;&#x5207;&#x9664;&#x817A;&#x6837;&#x7EC4;&#x7EC7;&#x53CA;&#x591A;&#x4F59;&#x76AE;&#x80A4;&#x4EE5;&#x8FBE;&#x5230;&#x4F7F;&#x5C40;&#x90E8;&#x7EC4;&#x7EC7;&#x5E73;&#x6574;&#x7684;&#x76EE;&#x7684;&#x3002;</p>"},"Property":{"name":"档案","content":["\n                <li>&#x6CBB;&#x7597;&#x65B9;&#x5F0F;&#xFF1A;<span>&#x624B;&#x672F;</span></li>\n                <li>&#x75BC;&#x75DB;&#x611F;&#xFF1A;<span>3&#x9897;&#x661F;</span><a href=\"gengmei://common_webview?url=http://backend.gmei.com/hybrid/ache_level\">&#x67E5;&#x770B;&#x75BC;&#x75DB;&#x5206;&#x7EA7;</a></li>\n                <li>&#x7EF4;&#x6301;&#x65F6;&#x95F4;&#xFF1A;<span>&#x6C38;&#x4E45;</span></li>\n                <li>&#x6CBB;&#x7597;&#x65F6;&#x95F4;&#xFF1A;<span>60-120&#x5206;&#x949F;</span></li>\n                <li>&#x53C2;&#x8003;&#x4EF7;&#x683C;&#xFF1A;<span>3000-10000</span></li>\n                <li>&#x9EBB;&#x9189;&#x65B9;&#x5F0F;&#xFF1A;<span>&#x5C40;&#x9EBB;</span></li>\n                <li>&#x662F;&#x5426;&#x4F4F;&#x9662;&#xFF1A;<span>&#x5426;</span></li>\n                \n                <li>&#x62C6;&#x7EBF;&#x65F6;&#x95F4;&#xFF1A;<span>7-10&#x5929;</span></li>\n            "]},"Desc":{"name":"项目／手术原理","content":"<p>1.&#x5207;&#x53E3;&#x53EF;&#x8BBE;&#x8BA1;&#x5728;&#x814B;&#x7A9D;&#x524D;&#x90E8;&#x3002;</p><p>2.&#x7ECF;&#x76AE;&#x80A4;&#x5207;&#x53E3;&#x5206;&#x79BB;&#x76AE;&#x4E0B;&#x7EC4;&#x7EC7;&#x3002;</p><p>3.&#x53BB;&#x9664;&#x5168;&#x90E8;&#x526F;&#x4E73;&#x7684;&#x4E73;&#x817A;&#x7EC4;&#x7EC7;&#xFF0C;&#x5982;&#x540C;&#x65F6;&#x5B58;&#x5728;&#x4E73;&#x5934;&#x4E73;&#x6655;&#x65F6;&#xFF0C;&#x4E5F;&#x5E94;&#x4E00;&#x8D77;&#x5207;&#x9664;&#x3002;</p><p>4.&#x672F;&#x540E;&#x9700;&#x8981;&#x52A0;&#x538B;&#x5305;&#x624E;&#x3002;</p><p><img src=\"http://hera.s.gmei.com/2016/10/12/6b7a75e3f6\" style=\"width: 571px;\"><br></p>"},"Sample":{"name":"效果示例","content":"<img src=\"http://hera.s.gmei.com/itemwiki/2016/10/12/0fb90a4355-w\">"},"BeforIdear":{"name":"效果示例","content":"<p>1&#x3001;&#x5973;&#x6027;&#x907F;&#x5F00;&#x4F8B;&#x5047;&#x671F;&#xFF0C;&#x907F;&#x514D;&#x672F;&#x4E2D;&#x6216;&#x672F;&#x540E;&#x51FA;&#x8840;&#x589E;&#x591A;&#x6216;&#x8005;&#x80BF;&#x80C0;&#x52A0;&#x91CD;&#x3002;</p><p>2&#x3001;&#x624B;&#x672F;&#x524D;&#x4E24;&#x5468;&#x5185;&#xFF0C;&#x8BF7;&#x52FF;&#x670D;&#x7528;&#x56FA;&#x9187;&#x6FC0;&#x7D20;&#x548C;&#x963F;&#x65AF;&#x5339;&#x6797;&#x7C7B;&#x6297;&#x51DD;&#x836F;&#x7269;&#x3002;</p><p>3&#x3001;&#x624B;&#x672F;&#x5F53;&#x65E5;&#x4E0D;&#x8981;&#x5316;&#x5986;&#xFF0C;&#x4E5F;&#x4E0D;&#x8981;&#x6234;&#x88C5;&#x9970;&#x7269;&#x7B49;&#x3002;</p><p>4&#x3001;&#x598A;&#x5A20;&#x524D;&#x671F;(&#x4E09;&#x4E2A;&#x6708;)&#x6216;&#x598A;&#x5A20;&#x540E;&#x671F;(&#x4E09;&#x4E2A;&#x6708;)&#x6682;&#x7F13;&#x624B;&#x672F;&#x3002;</p><p>5&#x3001;&#x9700;&#x8981;&#x63D0;&#x524D;&#x6212;&#x70DF;&#x4E00;&#x5468;&#x3002;</p><p>6&#x3001;&#x5E38;&#x89C4;&#x8EAB;&#x4F53;&#x68C0;&#x67E5;&#x2014;&#x2014;&#x5168;&#x8EAB;&#x68C0;&#x67E5;&#xFF0C;&#x5404;&#x9879;&#x5316;&#x9A8C;&#x68C0;&#x67E5;&#xFF0C;&#x4E2D;&#x3001;&#x8001;&#x5E74;&#x53D7;&#x672F;&#x8005;&#x5FC5;&#x8981;&#x65F6;&#x9700;&#x6D4B;&#x8840;&#x538B;&#x548C;&#x505A;&#x5FC3;&#x7535;&#x56FE;&#x3002;</p><p>7&#x3001;&#x624B;&#x672F;&#x524D;&#x6E05;&#x6D01;&#x76AE;&#x80A4;&#xFF0C;&#x56E0;&#x4E3A;&#x814B;&#x7A9D;&#x4E0B;&#x4F1A;&#x5B58;&#x79EF;&#x5F88;&#x591A;&#x7EC6;&#x83CC;&#xFF0C;&#x800C;&#x8FC7;&#x591A;&#x7684;&#x6C61;&#x57A2;&#x4F1A;&#x5F71;&#x54CD;&#x6D88;&#x6BD2;&#x7684;&#x6548;&#x679C;&#xFF0C;&#x589E;&#x52A0;&#x611F;&#x67D3;&#x7684;&#x51E0;&#x7387;&#xFF0C;&#x6545;&#x672F;&#x524D;&#x5E94;&#x8BE5;&#x8FDB;&#x884C;&#x5145;&#x5206;&#x7684;&#x6E05;&#x6D01;&#x5DE5;&#x4F5C;&#xFF0C;&#x9760;&#x8FD1;&#x526F;&#x4E73;&#x5904;&#x9700;&#x5243;&#x53BB;&#x814B;&#x6BDB;&#x3002;</p>"},"AfterIdear":{"name":"优点","content":"<p>1&#x3001;&#x672F;&#x540E;&#x7981;&#x7528;&#x4EFB;&#x4F55;&#x7C7B;&#x578B;&#x7684;&#x53EF;&#x80FD;&#x52A0;&#x901F;&#x8840;&#x6DB2;&#x5FAA;&#x73AF;&#xFF0C;&#x964D;&#x4F4E;&#x51DD;&#x8840;&#x673A;&#x5236;&#x3001;&#x5F71;&#x54CD;&#x4F24;&#x53E3;&#x6108;&#x5408;&#x7684;&#x8865;&#x54C1;&#x3001;&#x836F;&#x7269;&#xFF0C;</p><p>&#x5982;&#x4EBA;&#x53C2;&#x3001;&#x963F;&#x53F8;&#x5339;&#x6797;&#x3001;&#x6D3B;&#x8840;&#x836F;&#x3001;&#x51CF;&#x80A5;&#x836F;&#x3001;&#x8C03;&#x7ECF;&#x836F;&#x7B49;&#xFF0C;&#x5982;&#x6709;&#x9700;&#x8981;&#x5E94;&#x54A8;&#x8BE2;&#x624B;&#x672F;&#x533B;&#x751F;&#x3002; &#x3000;&#x3000;</p><p>2&#x3001;&#x672F;&#x540E;&#x5C3D;&#x53EF;&#x80FD;&#x7684;&#x51CF;&#x5C11;&#x6D3B;&#x52A8;&#xFF0C;&#x4EE5;&#x5229;&#x4E8E;&#x6062;&#x590D;&#x53CA;&#x6D88;&#x80BF;&#xFF0C;&#x4F46;&#x65E0;&#x9700;&#x5367;&#x5E8A;&#x4F11;&#x606F;&#x3002; &#x3000;&#x3000;</p><p>3&#x3001;&#x672F;&#x540E;&#x4E00;&#x5468;&#x4E4B;&#x5185;&#x624B;&#x672F;&#x533A;&#x907F;&#x514D;&#x6CBE;&#x6C34;&#xFF0C;&#x907F;&#x514D;&#x7528;&#x624B;&#x6324;&#x538B;&#x3002; &#x3000;&#x3000;</p><p>4&#x3001;&#x672F;&#x540E;&#x4E00;&#x5468;&#x5185;&#x7981;&#x98DF;&#x6D77;&#x9C9C;&#x3001;&#x8F9B;&#x8FA3;&#x3001;&#x725B;&#x7F8A;&#x8089;&#x3001;&#x70DF;&#x9152;&#x7B49;&#x6FC0;&#x523A;&#x6027;&#x98DF;&#x7269;&#x3002;</p>"},"GoodPoint":{"name":"缺点及风险","content":"<p>1.&#x5207;&#x53E3;&#x9690;&#x853D;&#xFF0C;&#x672F;&#x540E;&#x5728;&#x80F8;&#x90E8;&#x4E0D;&#x4F1A;&#x7559;&#x4E0B;&#x624B;&#x672F;&#x75A4;&#x75D5;&#x3002;</p><p>2.&#x672F;&#x540E;&#x7684;&#x76AE;&#x80A4;&#x4E0D;&#x4F1A;&#x51FA;&#x73B0;&#x660E;&#x663E;&#x7684;&#x76B1;&#x6298;&#x73B0;&#x8C61;&#x3002;</p><p>3&#x3001;&#x6CBB;&#x7597;&#x526F;&#x4E73;&#x8F83;&#x5F7B;&#x5E95;&#x3002;</p><p>4&#x3001;&#x624B;&#x672F;&#x4E2D;&#x7528;&#x9EBB;&#x9189;&#x4E0D;&#x592A;&#x75BC;&#x75DB;&#x3002;</p>"},"BadPoint":{"name":"术前锦囊","content":"<p>1&#x3001;&#x98CE;&#x9669;&#x76F8;&#x5BF9;&#x8F83;&#x5927;&#x3002;</p><p>2&#x3001;&#x672F;&#x540E;&#x5207;&#x53E3;&#x5904;&#x6709;&#x8F83;&#x660E;&#x663E;&#x7622;&#x75D5;&#x3002;</p>"}}