{"Title":"面颊吸脂","Related":{"name":"关联百科","content":[{"relatedId":"687","name":"溶脂针"},{"relatedId":"498","name":"瘦脸针"},{"relatedId":"522","name":"咬肌切除术"},{"relatedId":"228","name":"祛颊脂垫"}]},"ShorDesc":{"name":"简介","content":"<p>&#x9002;&#x5E94;&#x75C7;&#xFF1A;&#x5A74;&#x513F;&#x80A5;&#x3001;&#x8138;&#x80D6;&#x3001;&#x53CC;&#x4E0B;&#x5DF4;&#x3001;&#x4E0B;&#x988C;&#x7F18;&#x8F6E;&#x5ED3;&#x4E0D;&#x6E05;&#x6670;&#x3001;&#x9762;&#x90E8;&#x677E;&#x5F1B;&#x3001;&#x53CC;&#x4FA7;&#x9762;&#x988A;&#x4E0D;&#x5BF9;&#x79F0;</p><p>&#x901A;&#x8FC7;&#x5FAE;&#x5C0F;&#x7684;&#x76AE;&#x80A4;&#x5207;&#x53E3;&#x5C06;&#x76AE;&#x4E0B;&#x5806;&#x79EF;&#x8FC7;&#x591A;&#x7684;&#x8102;&#x80AA;&#x62BD;&#x5438;&#x51FA;&#x6765;&#xFF0C;&#x4ECE;&#x800C;&#x6539;&#x5584;&#x3001;&#x7F8E;&#x5316;&#x9762;&#x90E8;&#x8F6E;&#x5ED3;&#x3002;&#x9762;&#x90E8;&#x5438;&#x8102;&#x91C7;&#x7528;&#x76F4;&#x5F84;&#x975E;&#x5E38;&#x5C0F;&#x7684;&#x5438;&#x8102;&#x9488;&#x8FDB;&#x884C;&#xFF0C;&#x521B;&#x4F24;&#x5C0F;&#x3001;&#x51FA;&#x8840;&#x5C11;&#x3001;&#x62BD;&#x5438;&#x5747;&#x5300;&#x6548;&#x679C;&#x597D;&#x3002;</p>"},"Property":{"name":"档案","content":["\n                <li>&#x6CBB;&#x7597;&#x65B9;&#x5F0F;&#xFF1A;<span>&#x624B;&#x672F;</span></li>\n                <li>&#x75BC;&#x75DB;&#x611F;&#xFF1A;<span>3&#x9897;&#x661F;</span><a href=\"gengmei://common_webview?url=http://backend.gmei.com/hybrid/ache_level\">&#x67E5;&#x770B;&#x75BC;&#x75DB;&#x5206;&#x7EA7;</a></li>\n                <li>&#x7EF4;&#x6301;&#x65F6;&#x95F4;&#xFF1A;<span>&#x6C38;&#x4E45;</span></li>\n                <li>&#x6CBB;&#x7597;&#x65F6;&#x95F4;&#xFF1A;<span>60-90&#x5206;&#x949F;</span></li>\n                <li>&#x53C2;&#x8003;&#x4EF7;&#x683C;&#xFF1A;<span>5000-20000</span></li>\n                <li>&#x9EBB;&#x9189;&#x65B9;&#x5F0F;&#xFF1A;<span>&#x5C40;&#x9EBB;</span></li>\n                <li>&#x662F;&#x5426;&#x4F4F;&#x9662;&#xFF1A;<span>&#x5426;</span></li>\n                \n                <li>&#x62C6;&#x7EBF;&#x65F6;&#x95F4;&#xFF1A;<span>6-8&#x5929;</span></li>\n            "]},"Desc":{"name":"项目／手术原理","content":"<p>1&#x5168;&#x9762;&#x9888;&#x90E8;&#x6E05;&#x6D01;&#x3001;&#x6D88;&#x6BD2;&#x3002;</p><p>2.&#x68C0;&#x67E5;&#x8102;&#x80AA;&#x539A;&#x5EA6;&#x3001;&#x8303;&#x56F4;&#x3001;&#x4E24;&#x4FA7;&#x662F;&#x5426;&#x5BF9;&#x79F0;&#xFF0C;&#x5E76;&#x7528;&#x6807;&#x8BB0;&#x7B14;&#x753B;&#x7EBF;&#x6807;&#x8BB0;&#x3002;</p><p>3.&#x6CE8;&#x5C04;&#x5C40;&#x90E8;&#x9EBB;&#x9189;&#x836F;&#x7269;&#x3002;</p><p>4.&#x8102;&#x80AA;&#x62BD;&#x5438;&#x3002;</p><p>5.&#x7F1D;&#x5408;&#x5207;&#x53E3;&#x3001;&#x52A0;&#x538B;&#x5305;&#x624E;&#x3002;</p><p><img src=\"http://hera.s.gmei.com/2016/10/11/458db2de85\" style=\"width: 850px;\"><br></p>"},"Sample":{"name":"效果示例","content":"<img src=\"http://hera.s.gmei.com/itemwiki/2016/10/11/db7b46f20f-w\">"},"BeforIdear":{"name":"效果示例","content":"<p>1.&#x914D;&#x5408;&#x533B;&#x9662;&#x505A;&#x5E38;&#x89C4;&#x68C0;&#x67E5;&#xFF0C;&#x4F20;&#x67D3;&#x75C5;&#x3001;&#x4E25;&#x91CD;&#x5668;&#x8D28;&#x6027;&#x75BE;&#x75C5;&#x3001;&#x8840;&#x6DB2;&#x75BE;&#x75C5;&#x3001;&#x9AD8;&#x8840;&#x538B;&#x548C;&#x7CD6;&#x5C3F;&#x75C5;&#x5C1A;&#x672A;&#x63A7;&#x5236;&#x7684;&#x4EBA;&#x4E25;&#x7981;&#x505A;&#x624B;&#x672F;&#x3002;</p><p>2.&#x672F;&#x524D;2&#x5468;&#x5185;&#x7981;&#x670D;&#x6297;&#x51DD;&#x836F;&#x7269;&#xFF08;&#x5982;&#x963F;&#x53F8;&#x5339;&#x6797;&#xFF09;&#x3002;</p><p>3.&#x624B;&#x672F;&#x524D;&#x4E00;&#x5929;&#x6D17;&#x5934;&#x3001;&#x672F;&#x524D;&#x7D20;&#x989C;&#x3001;&#x6E05;&#x6D01;&#x9762;&#x90E8;&#x3002;</p><p>4.&#x624B;&#x672F;&#x8981;&#x4E25;&#x683C;&#x907F;&#x5F00;&#x6708;&#x7ECF;&#x671F;&#xFF0C;&#x5EFA;&#x8BAE;&#x6708;&#x7ECF;&#x7ED3;&#x675F;&#x540E;3-7&#x5929;&#x6765;&#x505A;&#x624B;&#x672F;&#x3002;</p><p>5.&#x598A;&#x5A20;&#x671F;&#x3001;&#x54FA;&#x4E73;&#x671F;&#x5987;&#x5973;&#x4E0D;&#x53EF;&#x505A;&#x624B;&#x672F;&#x3002;</p>"},"AfterIdear":{"name":"优点","content":"<p>1.&#x672F;&#x540E;&#x7531;&#x4E8E;&#x5C40;&#x90E8;&#x52A0;&#x538B;&#x5305;&#x624E;&#xFF0C;&#x5EFA;&#x8BAE;&#x5403;&#x4E9B;&#x5BCC;&#x4E8E;&#x8425;&#x517B;&#x7684;&#x534A;&#x6D41;&#x8D28;&#x98DF;&#x7269;&#x3002;</p><p>2.&#x4FDD;&#x8BC1;&#x624B;&#x672F;&#x5207;&#x53E3;&#x6E05;&#x6D01;&#xFF0C;&#x9632;&#x6B62;&#x611F;&#x67D3;&#xFF1A;&#x7528;&#x65E0;&#x83CC;&#x76D0;&#x6C34;&#x3001;&#x7898;&#x4F0F;&#x6E05;&#x7406;&#x8840;&#x75C2;&#x6216;&#x5206;&#x6CCC;&#x7269;&#x3002;</p><p>3.&#x624B;&#x672F;72&#x5C0F;&#x65F6;&#x5185;&#x51B0;&#x6577;&#xFF0C;&#x53EF;&#x4EE5;&#x6539;&#x5584;&#x80BF;&#x80C0;&#x548C;&#x75BC;&#x75DB;&#x3002;</p><p>4.&#x672F;&#x540E;7&#x5929;&#x4E4B;&#x5185;&#x5C3D;&#x91CF;&#x907F;&#x514D;&#x4F24;&#x53E3;&#x6CBE;&#x6C34;&#x3002;</p><p>5.&#x672F;&#x540E;1-3&#x5929;&#x4F69;&#x6234;&#x5F39;&#x529B;&#x9762;&#x7F69;&#xFF0C;3&#x5929;&#x540E;&#x591C;&#x95F4;&#x4F69;&#x6234;&#x5F39;&#x529B;&#x9762;&#x7F69;3&#x5468;-1&#x4E2A;&#x6708;&#x3002;</p><p>6.&#x5367;&#x5E8A;&#x4F11;&#x606F;&#x65F6;&#x6700;&#x597D;&#x534A;&#x5367;&#x4F4D;&#xFF0C;&#x9632;&#x6B62;&#x5934;&#x90E8;&#x4F4D;&#x7F6E;&#x8FC7;&#x4F4E;&#x800C;&#x52A0;&#x91CD;&#x80BF;&#x80C0;&#x3002;</p><p>7.&#x624B;&#x672F;1&#x4E2A;&#x6708;&#x5185;&#xFF0C;&#x907F;&#x514D;&#x5403;&#x6D77;&#x9C9C;&#x53CA;&#x523A;&#x6FC0;&#x6027;&#x98DF;&#x7269;&#x3002;</p>"},"GoodPoint":{"name":"缺点及风险","content":"<p>1.&#x5438;&#x8102;&#x7626;&#x8138;&#x6548;&#x679C;&#x6781;&#x4E3A;&#x660E;&#x663E;&#xFF0C;&#x540C;&#x65F6;&#x8FD8;&#x53EF;&#x63D0;&#x5347;&#x9762;&#x90E8;&#x3001;&#x7D27;&#x81F4;&#x808C;&#x80A4;&#x3002;</p><p>2.&#x6548;&#x679C;&#x6C38;&#x4E45;&#xFF0C;&#x4E0D;&#x5B58;&#x5728;&#x53CD;&#x5F39;&#x7684;&#x98CE;&#x9669;&#x3002;</p>"},"BadPoint":{"name":"术前锦囊","content":"<p>1.&#x624B;&#x672F;&#x521B;&#x4F24;&#x8F83;&#x5927;&#xFF0C;&#x6062;&#x590D;&#x671F;&#x8F83;&#x957F;&#x3002;</p><p>2.&#x672F;&#x540E;&#x80BF;&#x80C0;&#x671F;&#x8F83;&#x957F;&#xFF0C;&#x5927;&#x6982;1&#x4E2A;&#x6708;&#x5B8C;&#x5168;&#x6D88;&#x80BF;&#x3002;</p><p>3.&#x53EF;&#x80FD;&#x635F;&#x4F24;&#x8840;&#x7BA1;&#x3001;&#x795E;&#x7ECF;&#xFF0C;&#x5438;&#x8102;&#x90E8;&#x4F4D;&#x51F9;&#x51F8;&#x4E0D;&#x5E73;&#x3001;&#x4E0D;&#x5BF9;&#x79F0;&#x3001;&#x5C40;&#x90E8;&#x76AE;&#x80A4;&#x574F;&#x6B7B;&#x3002;</p>"}}