{"Title":"假体垫鼻基底","Related":{"name":"关联百科","content":[{"relatedId":"412","name":"玻尿酸垫鼻基底"},{"relatedId":"413","name":"自体脂肪垫鼻基底"}]},"ShorDesc":{"name":"简介","content":"<p>&#x9002;&#x5E94;&#x75C7;&#xFF1A;&#x9F3B;&#x57FA;&#x5E95;&#x51F9;&#x9677;</p><p>&#x901A;&#x8FC7;&#x7F6E;&#x5165;&#x5047;&#x4F53;&#x7684;&#x65B9;&#x6CD5;&#x6539;&#x5584;&#x9F3B;&#x57FA;&#x5E95;&#x51F9;&#x9677;&#x3002;</p>"},"Property":{"name":"档案","content":["\n                <li>&#x6CBB;&#x7597;&#x65B9;&#x5F0F;&#xFF1A;<span>&#x624B;&#x672F;</span></li>\n                <li>&#x75BC;&#x75DB;&#x611F;&#xFF1A;<span>3&#x9897;&#x661F;</span><a href=\"gengmei://common_webview?url=http://backend.gmei.com/hybrid/ache_level\">&#x67E5;&#x770B;&#x75BC;&#x75DB;&#x5206;&#x7EA7;</a></li>\n                <li>&#x7EF4;&#x6301;&#x65F6;&#x95F4;&#xFF1A;<span>&#x6C38;&#x4E45;</span></li>\n                <li>&#x6CBB;&#x7597;&#x65F6;&#x95F4;&#xFF1A;<span>120-180&#x5206;&#x949F;</span></li>\n                <li>&#x53C2;&#x8003;&#x4EF7;&#x683C;&#xFF1A;<span>20000-40000</span></li>\n                <li>&#x9EBB;&#x9189;&#x65B9;&#x5F0F;&#xFF1A;<span>&#x5C40;&#x9EBB;&#xFF0F;&#x5168;&#x9EBB;</span></li>\n                <li>&#x662F;&#x5426;&#x4F4F;&#x9662;&#xFF1A;<span>&#x5426;</span></li>\n                \n                <li>&#x62C6;&#x7EBF;&#x65F6;&#x95F4;&#xFF1A;<span>7-10&#x5929;</span></li>\n            "]},"Desc":{"name":"项目／手术原理","content":"<p>1. &#x6E05;&#x6D01;&#x9762;&#x90E8;&#xFF0C;&#x6D88;&#x6BD2;&#xFF0C;&#x9EBB;&#x9189;&#x3002;</p><p>2. &#x9009;&#x62E9;&#x6070;&#x5F53;&#x4F4D;&#x7F6E;&#x505A;&#x5207;&#x53E3;&#x3002;</p><p>3. &#x7F6E;&#x5165;&#x5047;&#x4F53;&#x3002;</p><p>4. &#x7F1D;&#x5408;&#x5207;&#x53E3;&#x3002;</p><p><img src=\"http://hera.s.gmei.com/2016/10/12/a8016e759b\" style=\"width: 390px;\"><br></p>"},"Sample":{"name":"效果示例","content":"<img src=\"http://hera.s.gmei.com/itemwiki/2016/10/12/a4efdb7424-w\">"},"BeforIdear":{"name":"效果示例","content":"<p>1&#x3001;&#x624B;&#x672F;&#x524D;&#x786E;&#x5B9A;&#x8EAB;&#x4F53;&#x5065;&#x5EB7;&#xFF0C;&#x65E0;&#x4F20;&#x67D3;&#x75C5;&#x6216;&#x5176;&#x4ED6;&#x8EAB;&#x4F53;&#x708E;&#x75C7;&#x3002;</p><p>2&#x3001;&#x672F;&#x524D;&#x4E0D;&#x8981;&#x5316;&#x5986;&#x3002;</p><p>3&#x3001;&#x672F;&#x524D;&#x4E00;&#x5468;&#x5185;&#x505C;&#x6B62;&#x996E;&#x9152;&#x3001;&#x505C;&#x6B62;&#x670D;&#x7528;&#x6297;&#x51DD;&#x836F;&#x7269;&#x5982;&#x963F;&#x53F8;&#x5339;&#x6797;&#x3001;&#x7EF4;&#x751F;&#x7D20;E&#x3002;</p><p>4&#x3001;&#x5438;&#x70DF;&#x8005;&#x9700;&#x8981;&#x63D0;&#x524D;&#x4E00;&#x5468;&#x6212;&#x70DF;&#x3002;</p><p>5&#x3001;&#x5973;&#x6027;&#x5FC5;&#x987B;&#x907F;&#x5F00;&#x6708;&#x7ECF;&#x671F;&#x3002; </p>"},"AfterIdear":{"name":"优点","content":"<p>1&#x3001;&#x672F;&#x540E;&#x670D;&#x7528;3-5&#x5929;&#x6297;&#x751F;&#x7D20; &#x3002;</p><p>2&#x3001;&#x672F;&#x540E;&#x6BCF;&#x65E5;&#x4F7F;&#x7528;&#x7898;&#x4F0F;&#x3001;&#x65E0;&#x83CC;&#x76D0;&#x6C34;&#x5BF9;&#x4F24;&#x53E3;&#x8FDB;&#x884C;&#x6D88;&#x6BD2;&#x4EE5;&#x514D;&#x611F;&#x67D3;&#x3002;</p><p>3&#x3001;&#x672F;&#x540E;1&#x4E2A;&#x6708;&#x5185;&#x4E0D;&#x80FD;&#x6309;&#x538B;&#x3001;&#x63C9;&#x634F;&#x9F3B;&#x57FA;&#x5E95;&#x3002;</p><p>4&#x3001;&#x53E3;&#x5185;&#x505A;&#x5207;&#x53E3;&#x7684;&#xFF0C;&#x62C6;&#x7EBF;&#x524D;&#x4E0D;&#x80FD;&#x5237;&#x7259;&#xFF0C;&#x6BCF;&#x65E5;&#x5403;&#x996D;&#x524D;&#x540E;&#x3001;&#x7761;&#x524D;&#x9700;&#x8981;&#x7528;&#x6D88;&#x6BD2;&#x6F31;&#x53E3;&#x6C34;&#x6F31;&#x53E3;&#x3002;</p><p>5&#x3001;&#x672F;&#x540E;3-6&#x4E2A;&#x6708;&#x5185;&#x907F;&#x514D;&#x5938;&#x5F20;&#x8868;&#x60C5;&#x3001;&#x5927;&#x7B11;&#x3002;</p><p>6&#x3001;&#x9075;&#x7167;&#x533B;&#x5631;&#x53CA;&#x65F6;&#x6362;&#x836F;&#x3001;&#x62C6;&#x7EBF;&#x3001;&#x590D;&#x67E5;&#x3002;</p>"},"GoodPoint":{"name":"缺点及风险","content":"<p>1.&#x624B;&#x672F;&#x6548;&#x679C;&#x81EA;&#x7136;&#xFF08;&#x6BD4;&#x5355;&#x7EAF;&#x9686;&#x9F3B;&#x6548;&#x679C;&#x597D;&#xFF09;&#x3002;</p><p>2.&#x53EF;&#x5927;&#x5E45;&#x5EA6;&#x6539;&#x5584;&#x9F3B;&#x57FA;&#x5E95;&#x4E0D;&#x8DB3;&#x5BFC;&#x81F4;&#x9762;&#x4E2D;&#x90E8;&#x51F9;&#x9677;&#x7684;&#x7F3A;&#x9677;&#x3002;</p><p>3.&#x5047;&#x4F53;&#x4E00;&#x7ECF;&#x690D;&#x5165;&#x6548;&#x679C;&#x6C38;&#x4E45;&#x3002;</p>"},"BadPoint":{"name":"术前锦囊","content":"<p>1&#x3001;&#x624B;&#x672F;&#x8F83;&#x4E3A;&#x590D;&#x6742;&#x3001;&#x6062;&#x590D;&#x671F;&#x8F83;&#x957F;&#x3002;</p><p>2&#x3001;&#x53E3;&#x5916;&#x505A;&#x5207;&#x53E3;&#x53EF;&#x80FD;&#x4F1A;&#x6709;&#x7559;&#x75A4;&#x7684;&#x98CE;&#x9669;&#x3002;</p><p>3&#x3001;&#x5E76;&#x53D1;&#x75C7;&#x8F83;&#x591A;&#x3002;</p><p>4&#x3001;&#x53EF;&#x80FD;&#x4F1A;&#x51FA;&#x8840;&#x548C;&#x8840;&#x80BF;&#x3001;&#x611F;&#x67D3;&#x3002;</p>"}}