{"Title":"光子嫩肤","Related":{"name":"关联百科","content":[{"relatedId":"654","name":"OPT美肤"},{"relatedId":"655","name":"IPL美肤"},{"relatedId":"653","name":"DPL美肤"}]},"ShorDesc":{"name":"简介","content":"<p>&#x9002;&#x5E94;&#x75C7;&#xFF1A;&#x76AE;&#x80A4;&#x7C97;&#x7CD9;&#xFF0C;&#x6BDB;&#x5B54;&#x7C97;&#x5927;&#xFF0C;&#x7EC6;&#x7EB9;&#xFF0C;&#x8272;&#x7D20;&#x6C89;&#x7740;</p><p>&#x9009;&#x62E9;&#x4E0D;&#x540C;&#x6CE2;&#x957F;&#x7684;&#x5149;&#x4F5C;&#x7528;&#x4E8E;&#x76AE;&#x80A4;&#x7EC4;&#x7EC7;&#xFF0C;&#x53EF;&#x5BF9;&#x76AE;&#x80A4;&#x6D45;&#x5C42;&#x7684;&#x9ED1;&#x7D20;&#x9897;&#x7C92;&#x3001;&#x8840;&#x7EA2;&#x86CB;&#x767D;&#x53D1;&#x6325;&#x6548;&#x5E94;&#xFF0C;&#x4E5F;&#x5BF9;&#x76AE;&#x80A4;&#x6DF1;&#x5C42;&#x7EC4;&#x7EC7;&#x4E2D;&#x5F39;&#x6027;&#x7EA4;&#x7EF4;&#x548C;&#x80F6;&#x539F;&#x7EA4;&#x7EF4;&#x53D1;&#x6325;&#x6CBB;&#x7597;&#x6548;&#x5E94;&#xFF0C;&#x56E0;&#x800C;&#x8D77;&#x5230;&#x5AE9;&#x80A4;&#x7684;&#x6548;&#x679C;&#x3002;</p>"},"Property":{"name":"档案","content":["\n                <li>&#x6CBB;&#x7597;&#x65B9;&#x5F0F;&#xFF1A;<span>&#x5149;&#x7535;&#xFF08;&#x65E0;&#x521B;&#xFF09;</span></li>\n                <li>&#x75BC;&#x75DB;&#x611F;&#xFF1A;<span>1&#x9897;&#x661F;</span><a href=\"gengmei://common_webview?url=http://backend.gmei.com/hybrid/ache_level\">&#x67E5;&#x770B;&#x75BC;&#x75DB;&#x5206;&#x7EA7;</a></li>\n                <li>&#x7EF4;&#x6301;&#x65F6;&#x95F4;&#xFF1A;<span>&#x56E0;&#x4EBA;&#x800C;&#x5F02;</span></li>\n                <li>&#x6CBB;&#x7597;&#x65F6;&#x95F4;&#xFF1A;<span>30-60&#x5206;&#x949F;</span></li>\n                <li>&#x53C2;&#x8003;&#x4EF7;&#x683C;&#xFF1A;<span>2000-5000</span></li>\n                <li>&#x9EBB;&#x9189;&#x65B9;&#x5F0F;&#xFF1A;<span>&#x65E0;</span></li>\n                <li>&#x662F;&#x5426;&#x4F4F;&#x9662;&#xFF1A;<span>&#x5426;</span></li>\n                \n                <li>&#x62C6;&#x7EBF;&#x65F6;&#x95F4;&#xFF1A;<span>0-0&#x5929;</span></li>\n            "]},"Desc":{"name":"项目／手术原理","content":"<p>1&#x3001;&#x6E05;&#x6D01;&#x76AE;&#x80A4;&#x3002;</p><p>2&#x3001;&#x6D82;&#x62B9;&#x51B7;&#x51DD;&#x80F6;&#x3002;</p><p>3&#x3001;&#x8BBE;&#x7F6E;&#x5F3A;&#x5EA6;&#x53C2;&#x6570;&#x6CBB;&#x7597;&#x3002;</p><p>3&#x3001;&#x6577;&#x8865;&#x6C34;&#x9547;&#x9759;&#x9762;&#x819C;&#x3002;</p><p><img src=\"http://hera.s.gmei.com/2016/10/12/67cff59c2a\" style=\"width: 382px;\"><br></p>"},"Sample":{"name":"效果示例","content":"<img src=\"http://hera.s.gmei.com/itemwiki/2016/10/12/de78f67720-w\">"},"BeforIdear":{"name":"效果示例","content":"<p>1&#x3001;&#x4F7F;&#x7528;&#x5916;&#x7528;&#x7EF4;A&#x9178;&#x836F;&#x818F;&#x6216;&#x8005;&#x795B;&#x6591;&#x4EA7;&#x54C1;&#x7684;&#x4EBA;&#xFF0C;&#x5EFA;&#x8BAE;&#x505C;&#x836F;1&#x5468;&#x540E;&#x5F00;&#x59CB;&#x6CBB;&#x7597;&#x3002;</p><p>2&#x3001;&#x6CBB;&#x7597;&#x524D;&#x4E00;&#x5468;&#x4E0D;&#x80FD;&#x505A;&#x6FC0;&#x5149;&#x3001;&#x78E8;&#x76AE;&#x3001;&#x679C;&#x9178;&#x6362;&#x80A4;&#x7B49;&#x7F8E;&#x5BB9;&#x9879;&#x76EE;&#x3002;</p><p>3&#x3001;&#x6CBB;&#x7597;&#x524D;&#x4E00;&#x4E2A;&#x6708;&#x5185;&#x907F;&#x514D;&#x5F3A;&#x70C8;&#x65E5;&#x6652;&#x6216;&#x505A;&#x5BA4;&#x5916;SPA&#x3002;</p><p>4&#x3001;&#x53D1;&#x708E;&#x3001;&#x4F24;&#x53E3;&#x5316;&#x8113;&#x7684;&#x76AE;&#x80A4;&#x4E0D;&#x9002;&#x5408;&#x6CBB;&#x7597;&#x3002;</p><p>5&#x3001;&#x53E3;&#x670D;&#x7EF4;A&#x9178;&#x7684;&#x4EBA;&#xFF0C;&#x5EFA;&#x8BAE;&#x505C;&#x836F;3&#x4E2A;&#x6708;&#x540E;&#x518D;&#x5F00;&#x59CB;&#x6CBB;&#x7597;&#x3002;</p><p>6&#x3001;&#x5982;&#x679C;&#x6709;&#x5149;&#x654F;&#x611F;&#x75C5;&#x53F2;&#x3001;&#x76AE;&#x80A4;&#x75C5;&#x53D8;&#x3001;&#x514D;&#x75AB;&#x7CFB;&#x7EDF;&#x5F02;&#x5E38;&#xFF0C;&#x9700;&#x8981;&#x505A;&#x597D;&#x8DDF;&#x533B;&#x751F;&#x7684;&#x6C9F;&#x901A;&#x3002;</p>"},"AfterIdear":{"name":"优点","content":"<p>1.&#x7981;&#x6B62;&#x4F7F;&#x7528;&#x5404;&#x79CD;&#x5316;&#x5B66;&#x5265;&#x8131;&#x6027;&#x6CBB;&#x7597;&#xFF08;&#x6362;&#x80A4;&#x6CBB;&#x7597;&#xFF09;&#xFF0C;&#x7981;&#x6B62;&#x76AE;&#x80A4;&#x78E8;&#x524A;&#x548C;&#x4F7F;&#x7528;&#x78E8;&#x7802;&#x6D17;&#x9762;&#x5976;&#x7B49;&#x3002;</p><p>2.&#x672F;&#x540E;&#x4E00;&#x5468;&#x5185;&#x4F7F;&#x7528;&#x4FDD;&#x6E7F;&#x9762;&#x819C;&#x3001;&#x4FEE;&#x590D;&#x9762;&#x819C;&#x6216;EGF&#x8868;&#x76AE;&#x751F;&#x957F;&#x56E0;&#x5B50;&#xFF08;&#x4FEE;&#x590D;&#x80BD;&#xFF09;&#x7B49;&#x4FEE;&#x590D;&#x4EA7;&#x54C1;&#x3002;</p><p>3.&#x4E0D;&#x8981;&#x505A;&#x9762;&#x90E8;&#x6309;&#x6469;&#xFF0C;&#x4E25;&#x683C;&#x9632;&#x6652;&#x3002;</p>"},"GoodPoint":{"name":"缺点及风险","content":"<p>1&#x3001;&#x89C1;&#x6548;&#x5FEB;&#xFF0C;&#x7597;&#x6548;&#x9AD8;&#xFF0C;&#x6CBB;&#x7597;&#x5B89;&#x5168;&#xFF0C;&#x526F;&#x4F5C;&#x7528;&#x76F8;&#x5BF9;&#x8F83;&#x5C11;&#x3002;</p><p>2&#x3001;&#x53EF;&#x540C;&#x65F6;&#x6CBB;&#x7597;&#x8272;&#x6591;&#x3001;&#x6BDB;&#x7EC6;&#x8840;&#x7BA1;&#x6269;&#x5F20;&#x548C;&#x7EC6;&#x7EB9;&#x7B49;&#x591A;&#x79CD;&#x95EE;&#x9898;&#x3002;</p><p>3&#x3001;&#x4E0D;&#x5F71;&#x54CD;&#x6B63;&#x5E38;&#x5DE5;&#x4F5C;&#x548C;&#x751F;&#x6D3B;&#x3002;</p>"},"BadPoint":{"name":"术前锦囊","content":"<p>1&#x3001;&#x6CBB;&#x7597;&#x5468;&#x671F;&#x957F;&#xFF0C;&#x9700;&#x591A;&#x6B21;&#x6CBB;&#x7597;&#x3002;</p><p>2&#x3001;&#x4E0D;&#x80FD;&#x6C38;&#x4E45;&#x7EF4;&#x6301;&#x3002;</p>"}}