[
    {
        "ID": "e9ae6491-c014-4195-929c-1aac87fd1893",
        "Name": "皮肤美容",
        "ParentID": 0,
        "Childs": [
            {
                "ID": "6acfae49-5e94-4550-8a8d-086515e64c47",
                "Name": "美白嫩肤",
                "ParentID": "a3b82654-1b10-4e43-ba24-30abaec69729",
                "Childs": [
                    {
                        "ID": "5de980c2-157c-4334-9512-f50f020c5bce",
                        "Name": "水光针",
                        "ParentID": "6acfae49-5e94-4550-8a8d-086515e64c47",
                        "Childs": []
                    },
                    {
                        "ID": "fff6fdd6-9853-4b3e-8d7a-35d5713f696f",
                        "Name": "光子嫩肤",
                        "ParentID": "6acfae49-5e94-4550-8a8d-086515e64c47",
                        "Childs": []
                    },
                    {
                        "ID": "70d656bc-76b3-4d4a-b7bb-d7e9b5652f68",
                        "Name": "美白针",
                        "ParentID": "6acfae49-5e94-4550-8a8d-086515e64c47",
                        "Childs": []
                    },
                    {
                        "ID": "aedf91cf-95da-4f87-a38d-3f7d1e8cdace",
                        "Name": "黑脸娃娃",
                        "ParentID": "6acfae49-5e94-4550-8a8d-086515e64c47",
                        "Childs": []
                    },
                    {
                        "ID": "81ecf01d-d407-42c9-8b32-ed8cb4731685",
                        "Name": "白瓷娃娃",
                        "ParentID": "6acfae49-5e94-4550-8a8d-086515e64c47",
                        "Childs": []
                    },
                    {
                        "ID": "a1e03159-878c-4201-a848-1eb375bb4d1e",
                        "Name": "果酸换肤",
                        "ParentID": "6acfae49-5e94-4550-8a8d-086515e64c47",
                        "Childs": []
                    },
                    {
                        "ID": "52e08da5-2296-4bf7-ae0c-74d9cfcbf79d",
                        "Name": "皮秒激光",
                        "ParentID": "6acfae49-5e94-4550-8a8d-086515e64c47",
                        "Childs": []
                    }
                ]
            },
            {
                "ID": "6886ef5a-367f-419f-ab03-a2c6feda62a4",
                "Name": "补水保湿",
                "ParentID": "a3b82654-1b10-4e43-ba24-30abaec69729",
                "Childs": [
                    {
                        "ID": "d18bec5c-6600-458c-929d-f02cf7f930c8",
                        "Name": "水光针",
                        "ParentID": "6886ef5a-367f-419f-ab03-a2c6feda62a4",
                        "Childs": []
                    },
                    {
                        "ID": "1393f2ed-5f83-4a17-b339-a06ece0d6966",
                        "Name": "微针水光",
                        "ParentID": "6886ef5a-367f-419f-ab03-a2c6feda62a4",
                        "Childs": []
                    },
                    {
                        "ID": "010bb020-ab55-4500-9772-95310022629f",
                        "Name": "PRP自体血清美肤",
                        "ParentID": "6886ef5a-367f-419f-ab03-a2c6feda62a4",
                        "Childs": []
                    },
                    {
                        "ID": "b9468c05-e2eb-4897-92b8-289235026689",
                        "Name": "小气泡美肤",
                        "ParentID": "6886ef5a-367f-419f-ab03-a2c6feda62a4",
                        "Childs": []
                    },
                    {
                        "ID": "ef59dfce-0ddc-4ccf-9f02-43681b2b4680",
                        "Name": "玻尿酸精华导入",
                        "ParentID": "6886ef5a-367f-419f-ab03-a2c6feda62a4",
                        "Childs": []
                    },
                    {
                        "ID": "6876e4aa-da50-4935-928f-39f55ec96842",
                        "Name": "水氧活肤",
                        "ParentID": "6886ef5a-367f-419f-ab03-a2c6feda62a4",
                        "Childs": []
                    },
                    {
                        "ID": "826666e0-b664-4122-9e08-191784fed90a",
                        "Name": "无针水光",
                        "ParentID": "6886ef5a-367f-419f-ab03-a2c6feda62a4",
                        "Childs": []
                    }
                ]
            },
            {
                "ID": "8ce6b660-4bbc-4c18-872f-e5c559e1dcf5",
                "Name": "祛斑祛痣",
                "ParentID": "a3b82654-1b10-4e43-ba24-30abaec69729",
                "Childs": [
                    {
                        "ID": "59ecd081-9a26-48d9-8f24-fca6b4d0041a",
                        "Name": "激光祛斑",
                        "ParentID": "8ce6b660-4bbc-4c18-872f-e5c559e1dcf5",
                        "Childs": []
                    },
                    {
                        "ID": "45b10dc0-40b8-458f-9649-7fb69cc16369",
                        "Name": "祛黄褐斑",
                        "ParentID": "8ce6b660-4bbc-4c18-872f-e5c559e1dcf5",
                        "Childs": []
                    },
                    {
                        "ID": "b5e93a79-ce11-4854-ac52-5399fc764847",
                        "Name": "激光祛痣",
                        "ParentID": "8ce6b660-4bbc-4c18-872f-e5c559e1dcf5",
                        "Childs": []
                    },
                    {
                        "ID": "fbf932ae-c3be-4f05-8212-c15cd25ee2b3",
                        "Name": "激光祛胎记",
                        "ParentID": "8ce6b660-4bbc-4c18-872f-e5c559e1dcf5",
                        "Childs": []
                    },
                    {
                        "ID": "0b1f022f-4824-435f-9023-e8374c61d479",
                        "Name": "激光祛纹身",
                        "ParentID": "8ce6b660-4bbc-4c18-872f-e5c559e1dcf5",
                        "Childs": []
                    },
                    {
                        "ID": "f4ce2733-808d-40d6-bb90-61700039e106",
                        "Name": "皮秒激光",
                        "ParentID": "8ce6b660-4bbc-4c18-872f-e5c559e1dcf5",
                        "Childs": []
                    }
                ]
            },
            {
                "ID": "e7ff2604-5350-4cd8-a7f5-f51bfeaeb827",
                "Name": "祛痘祛痘印",
                "ParentID": "a3b82654-1b10-4e43-ba24-30abaec69729",
                "Childs": [
                    {
                        "ID": "9f84c07b-cc60-4794-bf27-869cba4a1342",
                        "Name": "果酸换肤",
                        "ParentID": "e7ff2604-5350-4cd8-a7f5-f51bfeaeb827",
                        "Childs": []
                    },
                    {
                        "ID": "bc8277aa-30ab-4545-b2a1-a20d80fad4b3",
                        "Name": "红蓝光祛痘",
                        "ParentID": "e7ff2604-5350-4cd8-a7f5-f51bfeaeb827",
                        "Childs": []
                    },
                    {
                        "ID": "6baeaff0-7cb0-4c16-ab82-57cac207a5a1",
                        "Name": "点阵激光",
                        "ParentID": "e7ff2604-5350-4cd8-a7f5-f51bfeaeb827",
                        "Childs": []
                    },
                    {
                        "ID": "03076c8a-8b35-41bd-8700-7ba03ce9a0cb",
                        "Name": "滚轮微针",
                        "ParentID": "e7ff2604-5350-4cd8-a7f5-f51bfeaeb827",
                        "Childs": []
                    },
                    {
                        "ID": "183af10d-b67b-4b94-9678-9c252141dfa5",
                        "Name": "离子束激光",
                        "ParentID": "e7ff2604-5350-4cd8-a7f5-f51bfeaeb827",
                        "Childs": []
                    },
                    {
                        "ID": "fd0284c0-f3ff-4602-be98-fe9e6dd963b0",
                        "Name": "IPL美肤",
                        "ParentID": "e7ff2604-5350-4cd8-a7f5-f51bfeaeb827",
                        "Childs": []
                    },
                    {
                        "ID": "4f469447-8804-423a-b1b1-1198acbd794c",
                        "Name": "DPL美肤",
                        "ParentID": "e7ff2604-5350-4cd8-a7f5-f51bfeaeb827",
                        "Childs": []
                    },
                    {
                        "ID": "b60e1929-6a96-4537-baff-3c0981ddadda",
                        "Name": "OPT美肤",
                        "ParentID": "e7ff2604-5350-4cd8-a7f5-f51bfeaeb827",
                        "Childs": []
                    }
                ]
            },
            {
                "ID": "858d9d9e-bda3-48c2-aa1d-2df6912f4de2",
                "Name": "脱毛",
                "ParentID": "a3b82654-1b10-4e43-ba24-30abaec69729",
                "Childs": [
                    {
                        "ID": "639fa8ac-1415-4de8-87ff-0fb1576f1f63",
                        "Name": "激光脱毛",
                        "ParentID": "858d9d9e-bda3-48c2-aa1d-2df6912f4de2",
                        "Childs": []
                    },
                    {
                        "ID": "12d2c52d-3863-49c0-b2aa-db7bcba6e5a9",
                        "Name": "冰点脱毛",
                        "ParentID": "858d9d9e-bda3-48c2-aa1d-2df6912f4de2",
                        "Childs": []
                    },
                    {
                        "ID": "baa199e6-dbf4-4918-af71-9c82a3166ddc",
                        "Name": "光子脱毛",
                        "ParentID": "858d9d9e-bda3-48c2-aa1d-2df6912f4de2",
                        "Childs": []
                    }
                ]
            },
            {
                "ID": "879af78d-82c4-4b5a-87bc-03cfc655266d",
                "Name": "皮肤问题",
                "ParentID": "a3b82654-1b10-4e43-ba24-30abaec69729",
                "Childs": [
                    {
                        "ID": "d831d4fb-d3f5-4a78-b666-38da2353f747",
                        "Name": "祛痘坑",
                        "ParentID": "879af78d-82c4-4b5a-87bc-03cfc655266d",
                        "Childs": []
                    },
                    {
                        "ID": "0b3ae760-3914-48f2-ba56-1d1f4c3a3629",
                        "Name": "祛黑头",
                        "ParentID": "879af78d-82c4-4b5a-87bc-03cfc655266d",
                        "Childs": []
                    },
                    {
                        "ID": "a2e25e6a-21f0-45bd-9012-012f7ed31d41",
                        "Name": "祛红血丝",
                        "ParentID": "879af78d-82c4-4b5a-87bc-03cfc655266d",
                        "Childs": []
                    },
                    {
                        "ID": "ae722d6d-8155-4e28-82d7-cebbf335f360",
                        "Name": "缩毛孔",
                        "ParentID": "879af78d-82c4-4b5a-87bc-03cfc655266d",
                        "Childs": []
                    },
                    {
                        "ID": "f5b31d2f-7fea-4944-a810-0155ee42e41d",
                        "Name": "祛疤痕",
                        "ParentID": "879af78d-82c4-4b5a-87bc-03cfc655266d",
                        "Childs": []
                    },
                    {
                        "ID": "644b91d4-d1ab-4d3a-8a8c-7fe3b35a3ff8",
                        "Name": "祛妊娠纹",
                        "ParentID": "879af78d-82c4-4b5a-87bc-03cfc655266d",
                        "Childs": []
                    }
                ]
            }
        ]
    },
    {
        "ID": "a5362320-fefb-432c-bb9a-335a418e49fd",
        "Name": "眼部整形",
        "ParentID": 0,
        "Childs": [
            {
                "ID": "a6bf925c-ebf6-4476-bd1b-25c44f36301b",
                "Name": "眼综合",
                "ParentID": "c547b320-1860-487e-aa41-d095072d4fea",
                "Childs": []
            },
            {
                "ID": "45248e2a-15b7-437e-ba72-446c3142293c",
                "Name": "双眼皮",
                "ParentID": "c547b320-1860-487e-aa41-d095072d4fea",
                "Childs": [
                    {
                        "ID": "030683c1-49c6-4669-88bc-12a6267f2a22",
                        "Name": "埋线双眼皮",
                        "ParentID": "45248e2a-15b7-437e-ba72-446c3142293c",
                        "Childs": []
                    },
                    {
                        "ID": "6078ae23-3e5d-4dea-825f-8af2aff6a0d1",
                        "Name": "切开双眼皮",
                        "ParentID": "45248e2a-15b7-437e-ba72-446c3142293c",
                        "Childs": []
                    },
                    {
                        "ID": "c2651781-fb9f-4301-adac-8ace6899505a",
                        "Name": "微创双眼皮",
                        "ParentID": "45248e2a-15b7-437e-ba72-446c3142293c",
                        "Childs": []
                    },
                    {
                        "ID": "0ef4b44f-3169-415a-88dc-5a0afe31d2be",
                        "Name": "双眼皮修复",
                        "ParentID": "45248e2a-15b7-437e-ba72-446c3142293c",
                        "Childs": []
                    },
                    {
                        "ID": "5b3195ab-fb97-41b7-a372-80f0184a83cd",
                        "Name": "上睑下垂矫正",
                        "ParentID": "45248e2a-15b7-437e-ba72-446c3142293c",
                        "Childs": []
                    },
                    {
                        "ID": "fcc32e22-ac76-42ae-956a-02edc239b1af",
                        "Name": "倒睫毛矫正",
                        "ParentID": "45248e2a-15b7-437e-ba72-446c3142293c",
                        "Childs": []
                    }
                ]
            },
            {
                "ID": "00f74fef-e1b6-444f-b9db-40ea03b05e8c",
                "Name": "开眼角",
                "ParentID": "c547b320-1860-487e-aa41-d095072d4fea",
                "Childs": [
                    {
                        "ID": "be423fcb-1e7f-4d08-956d-2973c9db9197",
                        "Name": "开内眼角",
                        "ParentID": "00f74fef-e1b6-444f-b9db-40ea03b05e8c",
                        "Childs": []
                    },
                    {
                        "ID": "6815929f-e002-412d-a776-8d32aab2d875",
                        "Name": "开外眼角",
                        "ParentID": "00f74fef-e1b6-444f-b9db-40ea03b05e8c",
                        "Childs": []
                    },
                    {
                        "ID": "d0a42333-30bb-4f33-acd9-7e757cb5a1a2",
                        "Name": "眼睑下至术",
                        "ParentID": "00f74fef-e1b6-444f-b9db-40ea03b05e8c",
                        "Childs": []
                    }
                ]
            },
            {
                "ID": "9aca0d1a-2297-4c7f-9bcb-afd07fea32fa",
                "Name": "祛眼袋",
                "ParentID": "c547b320-1860-487e-aa41-d095072d4fea",
                "Childs": [
                    {
                        "ID": "be008e49-d622-4aed-bbda-6188c287ba20",
                        "Name": "内切祛眼袋",
                        "ParentID": "9aca0d1a-2297-4c7f-9bcb-afd07fea32fa",
                        "Childs": []
                    },
                    {
                        "ID": "8133de36-cc45-47e6-a109-07595ac52d91",
                        "Name": "外切祛眼袋",
                        "ParentID": "9aca0d1a-2297-4c7f-9bcb-afd07fea32fa",
                        "Childs": []
                    },
                    {
                        "ID": "3f84dd2e-1e29-4287-9859-2226d6f15048",
                        "Name": "眶隔脂肪释放",
                        "ParentID": "9aca0d1a-2297-4c7f-9bcb-afd07fea32fa",
                        "Childs": []
                    },
                    {
                        "ID": "8c13d417-ad91-4cdd-9382-c201f256220c",
                        "Name": "激光祛眼袋",
                        "ParentID": "9aca0d1a-2297-4c7f-9bcb-afd07fea32fa",
                        "Childs": []
                    }
                ]
            },
            {
                "ID": "91eea0b4-44c5-4c02-95db-f402da5d9c21",
                "Name": "泪沟",
                "ParentID": "c547b320-1860-487e-aa41-d095072d4fea",
                "Childs": [
                    {
                        "ID": "14149b42-ffe5-4c11-808c-58a8b3b6a235",
                        "Name": "玻尿酸填充泪沟",
                        "ParentID": "91eea0b4-44c5-4c02-95db-f402da5d9c21",
                        "Childs": []
                    },
                    {
                        "ID": "73ef3750-ace2-4454-a32c-24d4cbca1f25",
                        "Name": "眶隔脂肪释放",
                        "ParentID": "91eea0b4-44c5-4c02-95db-f402da5d9c21",
                        "Childs": []
                    }
                ]
            },
            {
                "ID": "6ae8e91d-11ae-4d20-9064-983414cb83a9",
                "Name": "卧蚕",
                "ParentID": "c547b320-1860-487e-aa41-d095072d4fea",
                "Childs": [
                    {
                        "ID": "7aa180ce-3f4b-41c2-99bc-32ed42f7d17c",
                        "Name": "玻尿酸填充卧蚕",
                        "ParentID": "6ae8e91d-11ae-4d20-9064-983414cb83a9",
                        "Childs": []
                    },
                    {
                        "ID": "781d8846-2a55-4cff-8dec-f8e802ae6ff1",
                        "Name": "脂肪填充卧蚕",
                        "ParentID": "6ae8e91d-11ae-4d20-9064-983414cb83a9",
                        "Childs": []
                    },
                    {
                        "ID": "867d2920-6b15-4428-80bc-f942af6c949a",
                        "Name": "真皮垫卧蚕",
                        "ParentID": "6ae8e91d-11ae-4d20-9064-983414cb83a9",
                        "Childs": []
                    }
                ]
            },
            {
                "ID": "a0275d2a-332a-4722-b90b-1844833ee670",
                "Name": "黑眼圈",
                "ParentID": "c547b320-1860-487e-aa41-d095072d4fea",
                "Childs": [
                    {
                        "ID": "dfb7ea62-02dc-46ab-b46e-3bf477ce5d26",
                        "Name": "激光祛黑眼圈",
                        "ParentID": "a0275d2a-332a-4722-b90b-1844833ee670",
                        "Childs": []
                    }
                ]
            },
            {
                "ID": "24483fba-7b1f-420b-947c-5346f6765bc5",
                "Name": "眼周",
                "ParentID": "c547b320-1860-487e-aa41-d095072d4fea",
                "Childs": [
                    {
                        "ID": "221190b2-80ca-4f14-b4c8-de1334c817cf",
                        "Name": "切眉术",
                        "ParentID": "24483fba-7b1f-420b-947c-5346f6765bc5",
                        "Childs": []
                    },
                    {
                        "ID": "68edb458-339b-43a6-9313-96a3284dbbdd",
                        "Name": "鱼尾纹",
                        "ParentID": "24483fba-7b1f-420b-947c-5346f6765bc5",
                        "Childs": []
                    },
                    {
                        "ID": "8b82f549-3818-40ff-b5d7-9998a01c1d50",
                        "Name": "肿眼泡",
                        "ParentID": "24483fba-7b1f-420b-947c-5346f6765bc5",
                        "Childs": []
                    },
                    {
                        "ID": "e41c0457-472f-45bb-a50d-e0d3c11a0dbb",
                        "Name": "眼部松弛",
                        "ParentID": "24483fba-7b1f-420b-947c-5346f6765bc5",
                        "Childs": []
                    }
                ]
            }
        ]
    },
    {
        "ID": "f4a312bb-cd39-4d9e-893e-4351b30e7c6a",
        "Name": "鼻部整形",
        "ParentID": 0,
        "Childs": [
            {
                "ID": "655ab7e2-87de-43e3-9250-348efcd3ca9d",
                "Name": "单纯隆鼻",
                "ParentID": "76d13180-8324-4013-b105-5e2cc91a8a78",
                "Childs": [
                    {
                        "ID": "b3205134-2486-4fa6-9901-649c765437b8",
                        "Name": "玻尿酸隆鼻",
                        "ParentID": "655ab7e2-87de-43e3-9250-348efcd3ca9d",
                        "Childs": []
                    },
                    {
                        "ID": "7e814b03-70cb-46b4-b0b1-088e01863f05",
                        "Name": "硅胶隆鼻",
                        "ParentID": "655ab7e2-87de-43e3-9250-348efcd3ca9d",
                        "Childs": []
                    },
                    {
                        "ID": "28ebca35-700c-442d-91de-4657094f06a2",
                        "Name": "膨体隆鼻",
                        "ParentID": "655ab7e2-87de-43e3-9250-348efcd3ca9d",
                        "Childs": []
                    },
                    {
                        "ID": "e604a8ed-ab98-4f2d-bcc6-c6de221f0f31",
                        "Name": "埋线隆鼻",
                        "ParentID": "655ab7e2-87de-43e3-9250-348efcd3ca9d",
                        "Childs": []
                    },
                    {
                        "ID": "73e70ca1-b0cb-419a-8859-f344fdd7943e",
                        "Name": "Medpor隆鼻",
                        "ParentID": "655ab7e2-87de-43e3-9250-348efcd3ca9d",
                        "Childs": []
                    }
                ]
            },
            {
                "ID": "b6db8d8b-4a6e-4e6d-9f6d-838b5249a909",
                "Name": "鼻综合",
                "ParentID": "76d13180-8324-4013-b105-5e2cc91a8a78",
                "Childs": [
                    {
                        "ID": "bb7180a7-b366-4be9-aad5-dddb3fed042d",
                        "Name": "假体+耳软骨隆鼻",
                        "ParentID": "b6db8d8b-4a6e-4e6d-9f6d-838b5249a909",
                        "Childs": []
                    },
                    {
                        "ID": "351e1a37-29c7-43c7-9eb9-13ad37d3e39d",
                        "Name": "达拉斯鼻综合（鼻中隔隆鼻）",
                        "ParentID": "b6db8d8b-4a6e-4e6d-9f6d-838b5249a909",
                        "Childs": []
                    },
                    {
                        "ID": "a810092e-dc2f-4de1-84e3-2716ad93c6cb",
                        "Name": "肋软骨隆鼻",
                        "ParentID": "b6db8d8b-4a6e-4e6d-9f6d-838b5249a909",
                        "Childs": []
                    }
                ]
            },
            {
                "ID": "f17eee13-d496-4ba0-b06a-3035181e9f4f",
                "Name": "鼻头塑形",
                "ParentID": "76d13180-8324-4013-b105-5e2cc91a8a78",
                "Childs": [
                    {
                        "ID": "5c876372-6db3-44b9-8b8c-8e4eb01c9c30",
                        "Name": "肉毒素缩鼻头",
                        "ParentID": "f17eee13-d496-4ba0-b06a-3035181e9f4f",
                        "Childs": []
                    },
                    {
                        "ID": "baa575e9-e61d-46fe-9173-84a78c23ab3f",
                        "Name": "鼻翼缩小",
                        "ParentID": "f17eee13-d496-4ba0-b06a-3035181e9f4f",
                        "Childs": []
                    },
                    {
                        "ID": "83bfa7aa-c7fd-4087-a540-9d81e452a4af",
                        "Name": "鼻头缩小",
                        "ParentID": "f17eee13-d496-4ba0-b06a-3035181e9f4f",
                        "Childs": []
                    },
                    {
                        "ID": "319721c1-bd79-496e-ae65-f34be972be72",
                        "Name": "鼻尖延长",
                        "ParentID": "f17eee13-d496-4ba0-b06a-3035181e9f4f",
                        "Childs": []
                    },
                    {
                        "ID": "1fbba107-3b19-4946-a536-0b3fb99bca45",
                        "Name": "鼻尖抬高",
                        "ParentID": "f17eee13-d496-4ba0-b06a-3035181e9f4f",
                        "Childs": []
                    }
                ]
            },
            {
                "ID": "dc4d87bd-6ddb-4bb5-b72f-ec023907ee4d",
                "Name": "鼻部矫正",
                "ParentID": "76d13180-8324-4013-b105-5e2cc91a8a78",
                "Childs": [
                    {
                        "ID": "11424f25-4b7e-4149-b913-bd3222ea9086",
                        "Name": "歪鼻矫正",
                        "ParentID": "dc4d87bd-6ddb-4bb5-b72f-ec023907ee4d",
                        "Childs": []
                    },
                    {
                        "ID": "07c8f102-0fa4-4ea0-8949-b31a637b4482",
                        "Name": "鹰钩鼻矫正",
                        "ParentID": "dc4d87bd-6ddb-4bb5-b72f-ec023907ee4d",
                        "Childs": []
                    },
                    {
                        "ID": "67ede63b-cfa2-4247-a3c9-2ef81aa6f9da",
                        "Name": "驼峰鼻矫正",
                        "ParentID": "dc4d87bd-6ddb-4bb5-b72f-ec023907ee4d",
                        "Childs": []
                    },
                    {
                        "ID": "2c3394de-a587-4549-bfb1-7038627f068d",
                        "Name": "朝天鼻矫正",
                        "ParentID": "dc4d87bd-6ddb-4bb5-b72f-ec023907ee4d",
                        "Childs": []
                    },
                    {
                        "ID": "82492614-e21a-4327-a7ae-d37b4a14398b",
                        "Name": "宽鼻矫正（缩鼻背）",
                        "ParentID": "dc4d87bd-6ddb-4bb5-b72f-ec023907ee4d",
                        "Childs": []
                    }
                ]
            },
            {
                "ID": "04987a42-5c27-4a40-be9d-eabb69d85768",
                "Name": "隆鼻修复",
                "ParentID": "76d13180-8324-4013-b105-5e2cc91a8a78",
                "Childs": [
                    {
                        "ID": "3357fcf3-a7bb-4b6b-9320-992b91af52bf",
                        "Name": "假体隆鼻修复",
                        "ParentID": "04987a42-5c27-4a40-be9d-eabb69d85768",
                        "Childs": []
                    },
                    {
                        "ID": "572f638b-ac4a-426b-b57e-7baa8a787cd2",
                        "Name": "奥美定隆鼻取出",
                        "ParentID": "04987a42-5c27-4a40-be9d-eabb69d85768",
                        "Childs": []
                    }
                ]
            },
            {
                "ID": "70c5b86a-8bfd-444f-b8f3-5e45840c7a78",
                "Name": "鼻基底塑形",
                "ParentID": "76d13180-8324-4013-b105-5e2cc91a8a78",
                "Childs": [
                    {
                        "ID": "f025d00f-4d41-4a00-98a0-b237681edcbb",
                        "Name": "玻尿酸垫鼻基底",
                        "ParentID": "70c5b86a-8bfd-444f-b8f3-5e45840c7a78",
                        "Childs": []
                    },
                    {
                        "ID": "18706098-63ce-4291-bbbc-cf32d72b991a",
                        "Name": "自体脂肪垫鼻基底",
                        "ParentID": "70c5b86a-8bfd-444f-b8f3-5e45840c7a78",
                        "Childs": []
                    },
                    {
                        "ID": "ff97acb6-ed48-4e91-a8db-818756174627",
                        "Name": "假体垫鼻基底",
                        "ParentID": "70c5b86a-8bfd-444f-b8f3-5e45840c7a78",
                        "Childs": []
                    },
                    {
                        "ID": "0ca724b9-9ea8-4f55-acbf-1286fa5cf55b",
                        "Name": "自体软骨垫鼻基底",
                        "ParentID": "70c5b86a-8bfd-444f-b8f3-5e45840c7a78",
                        "Childs": []
                    }
                ]
            }
        ]
    },
    {
        "ID": "3bb8611f-245a-45bf-b866-d733821b9ebe",
        "Name": "面部轮廓",
        "ParentID": 0,
        "Childs": [
            {
                "ID": "2eed877c-3fca-4b4d-a985-793b6cf3fbb7",
                "Name": "瘦脸",
                "ParentID": "dee7ef9b-c31f-43ae-9709-16a8ba6bb4ec",
                "Childs": [
                    {
                        "ID": "b6702bb6-ad53-43c9-aa2e-a77e4cc65f24",
                        "Name": "瘦脸针",
                        "ParentID": "2eed877c-3fca-4b4d-a985-793b6cf3fbb7",
                        "Childs": []
                    },
                    {
                        "ID": "95292498-16ac-4b73-8a5e-067ed955aebe",
                        "Name": "溶脂针",
                        "ParentID": "2eed877c-3fca-4b4d-a985-793b6cf3fbb7",
                        "Childs": []
                    },
                    {
                        "ID": "fe0265be-7be6-4446-a2aa-701940d8cffb",
                        "Name": "面颊吸脂",
                        "ParentID": "2eed877c-3fca-4b4d-a985-793b6cf3fbb7",
                        "Childs": []
                    },
                    {
                        "ID": "8d3bdf8f-b182-4aa8-82bd-ec47d4b8df22",
                        "Name": "祛颊脂垫",
                        "ParentID": "2eed877c-3fca-4b4d-a985-793b6cf3fbb7",
                        "Childs": []
                    },
                    {
                        "ID": "5c034e8c-df4d-4565-a77c-5f9c0f86bb08",
                        "Name": "咬肌切除术",
                        "ParentID": "2eed877c-3fca-4b4d-a985-793b6cf3fbb7",
                        "Childs": []
                    },
                    {
                        "ID": "d70bc44a-f643-456d-b484-f40c81e2e6ad",
                        "Name": "下颌角切除术",
                        "ParentID": "2eed877c-3fca-4b4d-a985-793b6cf3fbb7",
                        "Childs": []
                    }
                ]
            },
            {
                "ID": "e61dbe43-c8f6-4ba3-9280-6dc83b6717f0",
                "Name": "面部填充",
                "ParentID": "dee7ef9b-c31f-43ae-9709-16a8ba6bb4ec",
                "Childs": [
                    {
                        "ID": "a51cf227-a25e-4c58-a07f-49efa217384c",
                        "Name": "玻尿酸填充面部",
                        "ParentID": "e61dbe43-c8f6-4ba3-9280-6dc83b6717f0",
                        "Childs": []
                    },
                    {
                        "ID": "ff272d78-3fa7-451b-824c-4b1c6b7fe1d5",
                        "Name": "自体脂肪填充面部",
                        "ParentID": "e61dbe43-c8f6-4ba3-9280-6dc83b6717f0",
                        "Childs": []
                    },
                    {
                        "ID": "885ed768-d099-417d-b35d-c76f3522acd4",
                        "Name": "PRP自体脂肪填充面部",
                        "ParentID": "e61dbe43-c8f6-4ba3-9280-6dc83b6717f0",
                        "Childs": []
                    },
                    {
                        "ID": "20992ca6-bdd0-4537-9e0e-e6e10f7ae7a8",
                        "Name": "干细胞自体脂肪填充面部",
                        "ParentID": "e61dbe43-c8f6-4ba3-9280-6dc83b6717f0",
                        "Childs": []
                    },
                    {
                        "ID": "8fea2abe-88a8-427d-8d30-473be7663d4c",
                        "Name": "假体填充面部",
                        "ParentID": "e61dbe43-c8f6-4ba3-9280-6dc83b6717f0",
                        "Childs": []
                    }
                ]
            },
            {
                "ID": "6cbc44d6-b3e4-42e7-a74a-23c752821c8c",
                "Name": "下巴整形",
                "ParentID": "dee7ef9b-c31f-43ae-9709-16a8ba6bb4ec",
                "Childs": [
                    {
                        "ID": "055d3323-52b3-4057-ab22-4a6c6701e70f",
                        "Name": "玻尿酸隆下巴",
                        "ParentID": "6cbc44d6-b3e4-42e7-a74a-23c752821c8c",
                        "Childs": []
                    },
                    {
                        "ID": "dd35e3a3-321c-4f1f-b774-05ce54571232",
                        "Name": "硅胶隆下巴",
                        "ParentID": "6cbc44d6-b3e4-42e7-a74a-23c752821c8c",
                        "Childs": []
                    },
                    {
                        "ID": "0bd97eb0-cc3e-492b-bb8b-fcd45a1d354f",
                        "Name": "膨体隆下巴",
                        "ParentID": "6cbc44d6-b3e4-42e7-a74a-23c752821c8c",
                        "Childs": []
                    },
                    {
                        "ID": "fec79d5d-9a0e-4f43-acc7-290a5005484b",
                        "Name": "Medpor隆下巴",
                        "ParentID": "6cbc44d6-b3e4-42e7-a74a-23c752821c8c",
                        "Childs": []
                    },
                    {
                        "ID": "410c38e9-8e4f-4e6b-93c3-ce3f13f42e5e",
                        "Name": "下巴截骨前移",
                        "ParentID": "6cbc44d6-b3e4-42e7-a74a-23c752821c8c",
                        "Childs": []
                    }
                ]
            },
            {
                "ID": "7917d97e-f5f7-47a6-91d5-a0b2b95be818",
                "Name": "骨骼",
                "ParentID": "dee7ef9b-c31f-43ae-9709-16a8ba6bb4ec",
                "Childs": [
                    {
                        "ID": "e4bafbe5-4f67-4df9-92f8-533c27562e2f",
                        "Name": "下颌角切除术",
                        "ParentID": "7917d97e-f5f7-47a6-91d5-a0b2b95be818",
                        "Childs": []
                    },
                    {
                        "ID": "91c7dee4-c05b-49d9-9733-1bc23a96bad2",
                        "Name": "颧骨降低",
                        "ParentID": "7917d97e-f5f7-47a6-91d5-a0b2b95be818",
                        "Childs": []
                    },
                    {
                        "ID": "d6443d03-f4ff-41de-8fb7-f90f54d6b228",
                        "Name": "颧弓降低",
                        "ParentID": "7917d97e-f5f7-47a6-91d5-a0b2b95be818",
                        "Childs": []
                    },
                    {
                        "ID": "351591bc-3754-4dba-9f1b-d40d6e0ec089",
                        "Name": "V-line改脸型",
                        "ParentID": "7917d97e-f5f7-47a6-91d5-a0b2b95be818",
                        "Childs": []
                    }
                ]
            }
        ]
    },
    {
        "ID": "4aa43f52-3f38-4b0a-8a24-6f3767b8047a",
        "Name": "口唇酒窝",
        "ParentID": 0,
        "Childs": [
            {
                "ID": "25c83002-8c07-49d8-b6d7-c7db2d698f1c",
                "Name": "唇形",
                "ParentID": "0abe44a1-6c75-4c69-a3a7-499390da3573",
                "Childs": [
                    {
                        "ID": "50203a66-42be-44e2-9262-bc7c590e2a77",
                        "Name": "M唇",
                        "ParentID": "25c83002-8c07-49d8-b6d7-c7db2d698f1c",
                        "Childs": []
                    },
                    {
                        "ID": "6fe44139-36b5-4735-8bf7-5887eb5ba6da",
                        "Name": "玻尿酸丰唇",
                        "ParentID": "25c83002-8c07-49d8-b6d7-c7db2d698f1c",
                        "Childs": []
                    },
                    {
                        "ID": "7672f497-d22d-4d21-8c11-7a9bc48c66d6",
                        "Name": "嘴角上提术",
                        "ParentID": "25c83002-8c07-49d8-b6d7-c7db2d698f1c",
                        "Childs": []
                    },
                    {
                        "ID": "604cf9da-71ed-4b4b-a0ae-a206a286ae61",
                        "Name": "自体脂肪丰唇",
                        "ParentID": "25c83002-8c07-49d8-b6d7-c7db2d698f1c",
                        "Childs": []
                    },
                    {
                        "ID": "9a8db18c-2b4c-4806-a454-2a461d8244e1",
                        "Name": "厚唇改薄",
                        "ParentID": "25c83002-8c07-49d8-b6d7-c7db2d698f1c",
                        "Childs": []
                    }
                ]
            },
            {
                "ID": "bd2fb4f3-d14f-4cbe-9ed1-cd5d3b244d56",
                "Name": "酒窝",
                "ParentID": "0abe44a1-6c75-4c69-a3a7-499390da3573",
                "Childs": [
                    {
                        "ID": "7b2f8157-1bb9-442b-9bfc-bbf0a86650ef",
                        "Name": "酒窝成形术",
                        "ParentID": "bd2fb4f3-d14f-4cbe-9ed1-cd5d3b244d56",
                        "Childs": []
                    }
                ]
            },
            {
                "ID": "89383b76-2b3d-4e8b-85e1-a6b06b6c2d65",
                "Name": "人中",
                "ParentID": "0abe44a1-6c75-4c69-a3a7-499390da3573",
                "Childs": [
                    {
                        "ID": "f3299cfc-74d9-48e3-86b0-190d8916ee36",
                        "Name": "人中缩短术",
                        "ParentID": "89383b76-2b3d-4e8b-85e1-a6b06b6c2d65",
                        "Childs": []
                    }
                ]
            }
        ]
    },
    {
        "ID": "cd784112-c935-46ff-a7f2-d282d1b93384",
        "Name": "半永久妆",
        "ParentID": 0,
        "Childs": [
            {
                "ID": "41f4a3e6-e072-47a0-8168-c47ecf98f5bc",
                "Name": "眉毛",
                "ParentID": "46a325ee-9eb4-4edb-aa5e-5aa1621e551e",
                "Childs": [
                    {
                        "ID": "c3dd023a-6f7b-4844-b701-dff23e6a9b90",
                        "Name": "半永久纹眉",
                        "ParentID": "41f4a3e6-e072-47a0-8168-c47ecf98f5bc",
                        "Childs": []
                    },
                    {
                        "ID": "421e0944-b0da-4bd6-8536-e8a253cfed75",
                        "Name": "根染",
                        "ParentID": "41f4a3e6-e072-47a0-8168-c47ecf98f5bc",
                        "Childs": []
                    },
                    {
                        "ID": "2098e67a-36e6-4304-beec-bd5b1c6d8fec",
                        "Name": "雾染",
                        "ParentID": "41f4a3e6-e072-47a0-8168-c47ecf98f5bc",
                        "Childs": []
                    },
                    {
                        "ID": "6a17cb74-2890-4629-93cb-31208d927d6c",
                        "Name": "激光洗眉",
                        "ParentID": "41f4a3e6-e072-47a0-8168-c47ecf98f5bc",
                        "Childs": []
                    }
                ]
            },
            {
                "ID": "a31e0413-fcc7-4e5a-bd18-45fef1bd7e37",
                "Name": "眼线",
                "ParentID": "46a325ee-9eb4-4edb-aa5e-5aa1621e551e",
                "Childs": [
                    {
                        "ID": "e7562d22-8747-473c-b133-e7d512cb91e4",
                        "Name": "半永久纹眼线",
                        "ParentID": "a31e0413-fcc7-4e5a-bd18-45fef1bd7e37",
                        "Childs": []
                    },
                    {
                        "ID": "c18f106f-862d-4868-b270-a46677e054a9",
                        "Name": "半永久纹美瞳线",
                        "ParentID": "a31e0413-fcc7-4e5a-bd18-45fef1bd7e37",
                        "Childs": []
                    },
                    {
                        "ID": "c2308343-caf8-4e14-bbc8-8f8355e25c8f",
                        "Name": "孕睫术",
                        "ParentID": "a31e0413-fcc7-4e5a-bd18-45fef1bd7e37",
                        "Childs": []
                    }
                ]
            },
            {
                "ID": "1b69193a-20c2-4f73-bf02-14c5fba37666",
                "Name": "唇部",
                "ParentID": "46a325ee-9eb4-4edb-aa5e-5aa1621e551e",
                "Childs": [
                    {
                        "ID": "f0382bf5-f521-4ec9-856b-c20489b7fb90",
                        "Name": "半永久漂唇",
                        "ParentID": "1b69193a-20c2-4f73-bf02-14c5fba37666",
                        "Childs": []
                    }
                ]
            },
            {
                "ID": "e0f48d9b-5eed-4793-97fe-c8a05454cc4b",
                "Name": "其他半永久",
                "ParentID": "46a325ee-9eb4-4edb-aa5e-5aa1621e551e",
                "Childs": [
                    {
                        "ID": "6e198010-30a5-4136-9e96-52a825cc7dcc",
                        "Name": "半永久纹发际线",
                        "ParentID": "e0f48d9b-5eed-4793-97fe-c8a05454cc4b",
                        "Childs": []
                    },
                    {
                        "ID": "48285034-645a-435c-8e0f-fa1d8fb3a339",
                        "Name": "激光祛纹身",
                        "ParentID": "e0f48d9b-5eed-4793-97fe-c8a05454cc4b",
                        "Childs": []
                    },
                    {
                        "ID": "e7a6e591-e400-4d1f-8be3-b68c4106938c",
                        "Name": "乳晕漂红",
                        "ParentID": "e0f48d9b-5eed-4793-97fe-c8a05454cc4b",
                        "Childs": []
                    }
                ]
            }
        ]
    },
    {
        "ID": "6d34d1b6-e8fb-4605-ab60-d4424010ca6f",
        "Name": "抗衰提升",
        "ParentID": 0,
        "Childs": [
            {
                "ID": "5d1f1c0e-7536-42ea-a682-787e94986841",
                "Name": "注射抗衰",
                "ParentID": "00f66536-4502-4446-84ec-0a00858662b0",
                "Childs": [
                    {
                        "ID": "8a5fc35b-4324-47c8-bd52-8a210cd33e57",
                        "Name": "法令纹",
                        "ParentID": "5d1f1c0e-7536-42ea-a682-787e94986841",
                        "Childs": []
                    },
                    {
                        "ID": "a3214e48-8def-4d59-abeb-4c41eadba4d1",
                        "Name": "抬头纹",
                        "ParentID": "5d1f1c0e-7536-42ea-a682-787e94986841",
                        "Childs": []
                    },
                    {
                        "ID": "fb465e22-0507-4c69-b3f5-e19418e4f87e",
                        "Name": "鱼尾纹",
                        "ParentID": "5d1f1c0e-7536-42ea-a682-787e94986841",
                        "Childs": []
                    },
                    {
                        "ID": "47776abe-e2a9-4f2c-91bf-ce888b6d8d61",
                        "Name": "川字纹",
                        "ParentID": "5d1f1c0e-7536-42ea-a682-787e94986841",
                        "Childs": []
                    },
                    {
                        "ID": "b9327690-e437-44a8-80c0-13930c9a5562",
                        "Name": "口角纹",
                        "ParentID": "5d1f1c0e-7536-42ea-a682-787e94986841",
                        "Childs": []
                    },
                    {
                        "ID": "f133e910-29bc-40a0-9734-b3cd02de757f",
                        "Name": "肉毒素除皱",
                        "ParentID": "5d1f1c0e-7536-42ea-a682-787e94986841",
                        "Childs": []
                    },
                    {
                        "ID": "12747044-8335-41bb-826f-c51eb1c9a145",
                        "Name": "玻尿酸除皱",
                        "ParentID": "5d1f1c0e-7536-42ea-a682-787e94986841",
                        "Childs": []
                    },
                    {
                        "ID": "8a61c29a-79f8-42e0-8e64-f7934c616563",
                        "Name": "胶原蛋白除皱",
                        "ParentID": "5d1f1c0e-7536-42ea-a682-787e94986841",
                        "Childs": []
                    }
                ]
            },
            {
                "ID": "3d38670e-0426-452c-8368-c3bafa71b5dc",
                "Name": "光电抗衰",
                "ParentID": "00f66536-4502-4446-84ec-0a00858662b0",
                "Childs": [
                    {
                        "ID": "bb625ab0-c48e-47e8-b81b-af23cde44d4b",
                        "Name": "超声刀",
                        "ParentID": "3d38670e-0426-452c-8368-c3bafa71b5dc",
                        "Childs": []
                    },
                    {
                        "ID": "d62d8380-e601-4462-80c7-3372f873576b",
                        "Name": "热玛吉",
                        "ParentID": "3d38670e-0426-452c-8368-c3bafa71b5dc",
                        "Childs": []
                    },
                    {
                        "ID": "b0aefed6-0eed-49d1-a005-8893f56865f1",
                        "Name": "射频提升",
                        "ParentID": "3d38670e-0426-452c-8368-c3bafa71b5dc",
                        "Childs": []
                    },
                    {
                        "ID": "e565191c-3fb3-491b-84f9-59a100128694",
                        "Name": "黄金微针",
                        "ParentID": "3d38670e-0426-452c-8368-c3bafa71b5dc",
                        "Childs": []
                    },
                    {
                        "ID": "b822419c-f209-47a2-b58b-cf50730e68a2",
                        "Name": "电波拉皮",
                        "ParentID": "3d38670e-0426-452c-8368-c3bafa71b5dc",
                        "Childs": []
                    },
                    {
                        "ID": "cc3b3321-55c7-40c1-ad32-ef06136d0159",
                        "Name": "NIR红外紧肤",
                        "ParentID": "3d38670e-0426-452c-8368-c3bafa71b5dc",
                        "Childs": []
                    }
                ]
            },
            {
                "ID": "2eba1f0b-af74-4f61-8300-c44bb8b46e58",
                "Name": "手术抗衰",
                "ParentID": "00f66536-4502-4446-84ec-0a00858662b0",
                "Childs": [
                    {
                        "ID": "451828da-ebfb-47ee-af52-f24d3164f77d",
                        "Name": "埋线提升",
                        "ParentID": "2eba1f0b-af74-4f61-8300-c44bb8b46e58",
                        "Childs": []
                    },
                    {
                        "ID": "6a5c3944-3948-494d-a707-6d56fcb6d438",
                        "Name": "手术小拉皮",
                        "ParentID": "2eba1f0b-af74-4f61-8300-c44bb8b46e58",
                        "Childs": []
                    },
                    {
                        "ID": "a0d2ecd6-f0db-4c79-b792-47530889eca2",
                        "Name": "手术大拉皮",
                        "ParentID": "2eba1f0b-af74-4f61-8300-c44bb8b46e58",
                        "Childs": []
                    }
                ]
            },
            {
                "ID": "cb7ed54f-1127-4aa0-8b9b-bddd480a2596",
                "Name": "除皱",
                "ParentID": "00f66536-4502-4446-84ec-0a00858662b0",
                "Childs": []
            }
        ]
    },
    {
        "ID": "554633ca-68f5-4b3d-8ae5-a35e51ba6dc2",
        "Name": "塑身减肥",
        "ParentID": 0,
        "Childs": [
            {
                "ID": "fc656821-5047-4681-8430-bc49457dfb28",
                "Name": "手术减肥",
                "ParentID": "1b6209fa-cd1f-4845-8b4b-7f5db6c9b999",
                "Childs": [
                    {
                        "ID": "611796cb-d1ee-477e-9b21-6156575d47de",
                        "Name": "水动力吸脂",
                        "ParentID": "fc656821-5047-4681-8430-bc49457dfb28",
                        "Childs": []
                    },
                    {
                        "ID": "2eab7c34-3267-440f-aac2-91a4e0223ddc",
                        "Name": "负压吸脂",
                        "ParentID": "fc656821-5047-4681-8430-bc49457dfb28",
                        "Childs": []
                    }
                ]
            },
            {
                "ID": "0efa27c8-cfde-48e8-8a9c-0a103f7bc0ea",
                "Name": "无创溶脂",
                "ParentID": "1b6209fa-cd1f-4845-8b4b-7f5db6c9b999",
                "Childs": [
                    {
                        "ID": "d1d4fd92-0c90-44f4-a71a-d094ec9d8cb4",
                        "Name": "光纤溶脂",
                        "ParentID": "0efa27c8-cfde-48e8-8a9c-0a103f7bc0ea",
                        "Childs": []
                    },
                    {
                        "ID": "0bf84d2d-0bc6-4b0d-9869-38bb299766ac",
                        "Name": "冷冻溶脂",
                        "ParentID": "0efa27c8-cfde-48e8-8a9c-0a103f7bc0ea",
                        "Childs": []
                    },
                    {
                        "ID": "d6fc5f12-013a-48da-b97c-801ab441ca90",
                        "Name": "射频溶脂",
                        "ParentID": "0efa27c8-cfde-48e8-8a9c-0a103f7bc0ea",
                        "Childs": []
                    },
                    {
                        "ID": "9d8dd4cc-9902-4f2c-be78-7f470214281d",
                        "Name": "超声溶脂",
                        "ParentID": "0efa27c8-cfde-48e8-8a9c-0a103f7bc0ea",
                        "Childs": []
                    }
                ]
            },
            {
                "ID": "f0db4358-0384-492d-8aab-718439ee9aec",
                "Name": "注射减肥",
                "ParentID": "1b6209fa-cd1f-4845-8b4b-7f5db6c9b999",
                "Childs": [
                    {
                        "ID": "4a2db466-6a78-4713-b19a-47f8dd508c76",
                        "Name": "溶脂针",
                        "ParentID": "f0db4358-0384-492d-8aab-718439ee9aec",
                        "Childs": []
                    },
                    {
                        "ID": "80162051-ad8d-4cdc-9565-227882664da9",
                        "Name": "瘦腿针",
                        "ParentID": "f0db4358-0384-492d-8aab-718439ee9aec",
                        "Childs": []
                    },
                    {
                        "ID": "02b29bda-d199-42a5-8268-4b40457dde90",
                        "Name": "瘦肩针",
                        "ParentID": "f0db4358-0384-492d-8aab-718439ee9aec",
                        "Childs": []
                    }
                ]
            }
        ]
    },
    {
        "ID": "ad6afb2a-7e32-401d-a22f-225a3f250f89",
        "Name": "胸部整形",
        "ParentID": 0,
        "Childs": [
            {
                "ID": "b10e472b-2050-42cd-9f36-3e9048649fcf",
                "Name": "隆胸",
                "ParentID": "a44a0766-938b-4716-bfb1-b98e076c256b",
                "Childs": [
                    {
                        "ID": "cc8bdbd1-0dbf-4a1d-80ea-9aff22b8e794",
                        "Name": "假体隆胸",
                        "ParentID": "b10e472b-2050-42cd-9f36-3e9048649fcf",
                        "Childs": []
                    },
                    {
                        "ID": "69437f29-3c78-42ea-b890-7f392ae484d7",
                        "Name": "自体脂肪隆胸",
                        "ParentID": "b10e472b-2050-42cd-9f36-3e9048649fcf",
                        "Childs": []
                    }
                ]
            },
            {
                "ID": "e5443209-7bb7-4d4f-8201-18c8b2173333",
                "Name": "胸部形态重塑",
                "ParentID": "a44a0766-938b-4716-bfb1-b98e076c256b",
                "Childs": [
                    {
                        "ID": "501a4a70-d639-424c-931e-70a3c5e8cd99",
                        "Name": "胸部下垂矫正",
                        "ParentID": "e5443209-7bb7-4d4f-8201-18c8b2173333",
                        "Childs": []
                    },
                    {
                        "ID": "6fae2708-0e30-4f08-9af3-a029a4627103",
                        "Name": "巨乳缩小",
                        "ParentID": "e5443209-7bb7-4d4f-8201-18c8b2173333",
                        "Childs": []
                    },
                    {
                        "ID": "fdc0d474-b8b5-48ea-9724-2786d97d88f8",
                        "Name": "手术祛副乳",
                        "ParentID": "e5443209-7bb7-4d4f-8201-18c8b2173333",
                        "Childs": []
                    },
                    {
                        "ID": "2ab3a8de-77e8-42a0-bd93-7a24f3705587",
                        "Name": "乳头内陷矫正",
                        "ParentID": "e5443209-7bb7-4d4f-8201-18c8b2173333",
                        "Childs": []
                    },
                    {
                        "ID": "d9b5a630-8cc7-4da7-a6e4-0572f1688e88",
                        "Name": "激光淡化乳晕",
                        "ParentID": "e5443209-7bb7-4d4f-8201-18c8b2173333",
                        "Childs": []
                    },
                    {
                        "ID": "8d717e4c-8a9a-46c6-b414-21653c1da535",
                        "Name": "乳晕漂红",
                        "ParentID": "e5443209-7bb7-4d4f-8201-18c8b2173333",
                        "Childs": []
                    }
                ]
            },
            {
                "ID": "3bfdb80f-c4af-40db-bcfd-6461002ee222",
                "Name": "隆胸修复",
                "ParentID": "a44a0766-938b-4716-bfb1-b98e076c256b",
                "Childs": [
                    {
                        "ID": "bf755452-3c2f-47bb-b1f2-95d4675ea445",
                        "Name": "胸部假体取出",
                        "ParentID": "3bfdb80f-c4af-40db-bcfd-6461002ee222",
                        "Childs": []
                    },
                    {
                        "ID": "5a924017-cef2-4acd-a164-a20d3f77d995",
                        "Name": "取胸部奥美定",
                        "ParentID": "3bfdb80f-c4af-40db-bcfd-6461002ee222",
                        "Childs": []
                    }
                ]
            }
        ]
    },
    {
        "ID": "32c92ee3-e494-432b-8fe1-04846e380d0b",
        "Name": "口腔",
        "ParentID": 0,
        "Childs": [
            {
                "ID": "1be6fb23-aada-424e-b446-764392f2c4cd",
                "Name": "牙齿健康",
                "ParentID": "d6e4e049-67c9-47ea-b1ac-9e79c20281ad",
                "Childs": [
                    {
                        "ID": "ec7bc665-7704-434f-80f1-56b8183eec81",
                        "Name": "洗牙",
                        "ParentID": "1be6fb23-aada-424e-b446-764392f2c4cd",
                        "Childs": []
                    },
                    {
                        "ID": "28c226d9-f528-41f8-946e-680093e292a4",
                        "Name": "种植牙",
                        "ParentID": "1be6fb23-aada-424e-b446-764392f2c4cd",
                        "Childs": []
                    },
                    {
                        "ID": "a9af71b7-dfa9-4b91-b8b3-ec7681b3078e",
                        "Name": "根管治疗",
                        "ParentID": "1be6fb23-aada-424e-b446-764392f2c4cd",
                        "Childs": []
                    }
                ]
            },
            {
                "ID": "c1b9518d-9b7b-47c7-9e24-f46cd9272182",
                "Name": "牙齿美容",
                "ParentID": "d6e4e049-67c9-47ea-b1ac-9e79c20281ad",
                "Childs": [
                    {
                        "ID": "3e4c0eb5-469a-42ee-96e9-c74cd25e9e03",
                        "Name": "烤瓷牙",
                        "ParentID": "c1b9518d-9b7b-47c7-9e24-f46cd9272182",
                        "Childs": []
                    },
                    {
                        "ID": "cea60bf7-b6bb-48d6-859b-7179a085672c",
                        "Name": "牙齿贴面",
                        "ParentID": "c1b9518d-9b7b-47c7-9e24-f46cd9272182",
                        "Childs": []
                    },
                    {
                        "ID": "c1d6ec34-e393-40ed-bf89-33706fec21f3",
                        "Name": "牙齿冷光美白",
                        "ParentID": "c1b9518d-9b7b-47c7-9e24-f46cd9272182",
                        "Childs": []
                    },
                    {
                        "ID": "94cd8c44-3a87-432b-96f4-c795308b953b",
                        "Name": "洗牙",
                        "ParentID": "c1b9518d-9b7b-47c7-9e24-f46cd9272182",
                        "Childs": []
                    }
                ]
            },
            {
                "ID": "6db5cbd9-b1bc-4b62-8696-c8560b6b2d0e",
                "Name": "牙齿矫正",
                "ParentID": "d6e4e049-67c9-47ea-b1ac-9e79c20281ad",
                "Childs": [
                    {
                        "ID": "a7e3483f-0a24-474d-addc-0bef2f4db7d1",
                        "Name": "牙齿隐形矫正",
                        "ParentID": "6db5cbd9-b1bc-4b62-8696-c8560b6b2d0e",
                        "Childs": []
                    },
                    {
                        "ID": "56529c4c-9dcc-4c02-82d5-88618a9bd32c",
                        "Name": "牙齿陶瓷矫正",
                        "ParentID": "6db5cbd9-b1bc-4b62-8696-c8560b6b2d0e",
                        "Childs": []
                    },
                    {
                        "ID": "b61b1d03-809e-40c2-aa94-a9d674c61785",
                        "Name": "牙齿金属矫正",
                        "ParentID": "6db5cbd9-b1bc-4b62-8696-c8560b6b2d0e",
                        "Childs": []
                    },
                    {
                        "ID": "8cbb6178-3bac-4b05-80ad-fec36c79ea72",
                        "Name": "美容冠",
                        "ParentID": "6db5cbd9-b1bc-4b62-8696-c8560b6b2d0e",
                        "Childs": []
                    }
                ]
            }
        ]
    },
    {
        "ID": "85271e2c-4209-4491-9740-9b79268f92d6",
        "Name": "其他",
        "ParentID": 0,
        "Childs": [
            {
                "ID": "afe500b0-c6ba-46a7-919c-e8cde7338900",
                "Name": "私密",
                "ParentID": "1445a657-c78a-4813-a153-8040b1c55a67",
                "Childs": [
                    {
                        "ID": "dd5742f8-3a43-4f36-bffa-43c40a808e71",
                        "Name": "阴道紧缩",
                        "ParentID": "afe500b0-c6ba-46a7-919c-e8cde7338900",
                        "Childs": []
                    },
                    {
                        "ID": "82e4d24e-904b-4c21-ac9c-8c14c254cd6e",
                        "Name": "处女膜修复",
                        "ParentID": "afe500b0-c6ba-46a7-919c-e8cde7338900",
                        "Childs": []
                    },
                    {
                        "ID": "4ea6d194-a6b9-4d95-ba59-695d0ce6d80d",
                        "Name": "阴唇厚改薄",
                        "ParentID": "afe500b0-c6ba-46a7-919c-e8cde7338900",
                        "Childs": []
                    },
                    {
                        "ID": "cbe3360a-8bd6-43c2-8858-0fe5b2218b7d",
                        "Name": "激光祛腋臭",
                        "ParentID": "afe500b0-c6ba-46a7-919c-e8cde7338900",
                        "Childs": []
                    },
                    {
                        "ID": "cb171506-123e-4155-9beb-9ce5a6d00c71",
                        "Name": "肉毒素祛腋臭",
                        "ParentID": "afe500b0-c6ba-46a7-919c-e8cde7338900",
                        "Childs": []
                    },
                    {
                        "ID": "9f2cc71d-a95f-4c8b-abfe-a05d33aef841",
                        "Name": "手术祛腋臭",
                        "ParentID": "afe500b0-c6ba-46a7-919c-e8cde7338900",
                        "Childs": []
                    }
                ]
            },
            {
                "ID": "979cbf11-a980-4b33-82ec-fd64d12baac9",
                "Name": "毛发移植",
                "ParentID": "1445a657-c78a-4813-a153-8040b1c55a67",
                "Childs": [
                    {
                        "ID": "9fe0031c-f57c-4b86-918b-3f4ee74c0e6f",
                        "Name": "发际线种植",
                        "ParentID": "979cbf11-a980-4b33-82ec-fd64d12baac9",
                        "Childs": []
                    },
                    {
                        "ID": "736078ee-024f-432c-b521-50cfbf4dbc52",
                        "Name": "睫毛种植",
                        "ParentID": "979cbf11-a980-4b33-82ec-fd64d12baac9",
                        "Childs": []
                    },
                    {
                        "ID": "856d589c-f0c0-4fa5-bd96-41fdf1b0ba54",
                        "Name": "眉毛种植",
                        "ParentID": "979cbf11-a980-4b33-82ec-fd64d12baac9",
                        "Childs": []
                    },
                    {
                        "ID": "3332343a-be18-4641-bf23-dd51833df6f5",
                        "Name": "胡须种植",
                        "ParentID": "979cbf11-a980-4b33-82ec-fd64d12baac9",
                        "Childs": []
                    }
                ]
            },
            {
                "ID": "d80b6c72-33a0-4d91-aed5-6487132c5991",
                "Name": "近视矫正",
                "ParentID": "1445a657-c78a-4813-a153-8040b1c55a67",
                "Childs": [
                    {
                        "ID": "bc6a301c-520c-450d-b6a0-f27307ae9923",
                        "Name": "LASEK角膜切割",
                        "ParentID": "d80b6c72-33a0-4d91-aed5-6487132c5991",
                        "Childs": []
                    },
                    {
                        "ID": "f41b9b6e-d565-4886-a6df-3cc0f5ee01ca",
                        "Name": "LASIK半飞秒",
                        "ParentID": "d80b6c72-33a0-4d91-aed5-6487132c5991",
                        "Childs": []
                    },
                    {
                        "ID": "4e171594-8e6a-4645-8049-c040a52b2cd4",
                        "Name": "SMILE全飞秒",
                        "ParentID": "d80b6c72-33a0-4d91-aed5-6487132c5991",
                        "Childs": []
                    }
                ]
            }
        ]
    },
    {
        "ID": "a7e27dc8-b535-4da9-8ca9-79c46a6d2fdb",
        "Name": "注射微整形",
        "ParentID": 0,
        "Childs": [
            {
                "ID": "2e7afa8b-2017-4ad9-90c5-ab4c5faa4de2",
                "Name": "玻尿酸品牌",
                "ParentID": "02fa0fdd-db61-4d36-8e2c-16c7411c860a",
                "Childs": [
                    {
                        "ID": "bc34a9bc-ea3f-402b-beb4-629b9d0b83dc",
                        "Name": "润百颜（国产）",
                        "ParentID": "2e7afa8b-2017-4ad9-90c5-ab4c5faa4de2",
                        "Childs": []
                    },
                    {
                        "ID": "41007c45-f2ef-4328-9f86-8b4c90a87e1c",
                        "Name": "瑞蓝（进口）",
                        "ParentID": "2e7afa8b-2017-4ad9-90c5-ab4c5faa4de2",
                        "Childs": []
                    },
                    {
                        "ID": "77cbe42d-3f54-47d5-9c98-a2c97f13a336",
                        "Name": "伊婉（进口）",
                        "ParentID": "2e7afa8b-2017-4ad9-90c5-ab4c5faa4de2",
                        "Childs": []
                    },
                    {
                        "ID": "ad1a118f-94b0-4d09-9f97-a4d91bcd3db5",
                        "Name": "爱芙莱（国产）",
                        "ParentID": "2e7afa8b-2017-4ad9-90c5-ab4c5faa4de2",
                        "Childs": []
                    },
                    {
                        "ID": "04d3c4b3-e08b-4388-ab67-057d70a04541",
                        "Name": "乔雅登（进口）",
                        "ParentID": "2e7afa8b-2017-4ad9-90c5-ab4c5faa4de2",
                        "Childs": []
                    },
                    {
                        "ID": "991fd908-a175-4afb-a731-b52fb3e2d2ee",
                        "Name": "海薇（国产）",
                        "ParentID": "2e7afa8b-2017-4ad9-90c5-ab4c5faa4de2",
                        "Childs": []
                    },
                    {
                        "ID": "c777e2f4-f508-4b81-b5f1-c962ccc4d61f",
                        "Name": "法思丽（国产）",
                        "ParentID": "2e7afa8b-2017-4ad9-90c5-ab4c5faa4de2",
                        "Childs": []
                    },
                    {
                        "ID": "c7b92e1f-bf30-4dfd-b8ce-61f41d6d72ef",
                        "Name": "艾丽薇（进口）",
                        "ParentID": "2e7afa8b-2017-4ad9-90c5-ab4c5faa4de2",
                        "Childs": []
                    },
                    {
                        "ID": "624e53c0-500f-4fab-ade4-da3cd73cb1b4",
                        "Name": "德蔓（国产）",
                        "ParentID": "2e7afa8b-2017-4ad9-90c5-ab4c5faa4de2",
                        "Childs": []
                    },
                    {
                        "ID": "8f8d7d3d-1145-4549-a134-72498cb690db",
                        "Name": "舒颜（国产）",
                        "ParentID": "2e7afa8b-2017-4ad9-90c5-ab4c5faa4de2",
                        "Childs": []
                    },
                    {
                        "ID": "7d37921c-9ac4-4849-ae1c-816a0def7f7f",
                        "Name": "欣菲聆（国产）",
                        "ParentID": "2e7afa8b-2017-4ad9-90c5-ab4c5faa4de2",
                        "Childs": []
                    },
                    {
                        "ID": "d87d2746-e4e9-4cfd-9cb7-ff299cb1e2aa",
                        "Name": "肤美登（国产）",
                        "ParentID": "2e7afa8b-2017-4ad9-90c5-ab4c5faa4de2",
                        "Childs": []
                    }
                ]
            },
            {
                "ID": "d1ea4e1f-76b9-4942-b620-99e312a2e507",
                "Name": "肉毒素品牌",
                "ParentID": "02fa0fdd-db61-4d36-8e2c-16c7411c860a",
                "Childs": [
                    {
                        "ID": "09aea60a-7daa-4f4f-ab23-4609467bcbc2",
                        "Name": "衡力（国产）",
                        "ParentID": "d1ea4e1f-76b9-4942-b620-99e312a2e507",
                        "Childs": []
                    },
                    {
                        "ID": "b68a3c41-d5f0-4bbb-a23d-c6f2a115c126",
                        "Name": "保妥适（进口）",
                        "ParentID": "d1ea4e1f-76b9-4942-b620-99e312a2e507",
                        "Childs": []
                    }
                ]
            },
            {
                "ID": "85d8cae7-c632-4088-aa43-d3ffd59f8838",
                "Name": "其他填充剂",
                "ParentID": "02fa0fdd-db61-4d36-8e2c-16c7411c860a",
                "Childs": [
                    {
                        "ID": "0fa38ec8-724b-47ba-8bfb-d9e3aaf063e0",
                        "Name": "逸美（国产）",
                        "ParentID": "85d8cae7-c632-4088-aa43-d3ffd59f8838",
                        "Childs": []
                    },
                    {
                        "ID": "633af1f8-063f-4100-82a3-e5856d4f1054",
                        "Name": "宝尼达（国产）",
                        "ParentID": "85d8cae7-c632-4088-aa43-d3ffd59f8838",
                        "Childs": []
                    },
                    {
                        "ID": "1f629b56-7c85-4e82-b106-2137e9a69e41",
                        "Name": "爱贝芙（进口）",
                        "ParentID": "85d8cae7-c632-4088-aa43-d3ffd59f8838",
                        "Childs": []
                    }
                ]
            },
            {
                "ID": "befee74d-75ac-4c9e-80b5-b33044e021e0",
                "Name": "胶原蛋白品牌",
                "ParentID": "02fa0fdd-db61-4d36-8e2c-16c7411c860a",
                "Childs": [
                    {
                        "ID": "5dd5747a-d96d-4f3b-b988-f4d35dec08ba",
                        "Name": "双美（国产）",
                        "ParentID": "befee74d-75ac-4c9e-80b5-b33044e021e0",
                        "Childs": []
                    }
                ]
            }
        ]
    },
    {
        "ID": "87d762a8-9778-413f-ba58-8e79342484a8",
        "Name": "光电微整形",
        "ParentID": 0,
        "Childs": [
            {
                "ID": "b361faab-c9e8-416a-b431-a5cef5c5fc17",
                "Name": "塑身设备",
                "ParentID": "81f7d06d-a1a2-4a3b-92f4-552e7b768771",
                "Childs": [
                    {
                        "ID": "6ea13ae3-fe47-4fbb-b11a-5e7eca67ab2a",
                        "Name": "BodyTite射频溶脂",
                        "ParentID": "b361faab-c9e8-416a-b431-a5cef5c5fc17",
                        "Childs": []
                    },
                    {
                        "ID": "93a392c5-c4e9-4528-b05a-3a23b70261b0",
                        "Name": "CoolSculpting冰美人冷冻溶脂",
                        "ParentID": "b361faab-c9e8-416a-b431-a5cef5c5fc17",
                        "Childs": []
                    },
                    {
                        "ID": "43f3b925-675d-4cc3-b50a-f97f012ee096",
                        "Name": "UltraShape优立塑",
                        "ParentID": "b361faab-c9e8-416a-b431-a5cef5c5fc17",
                        "Childs": []
                    },
                    {
                        "ID": "6deed68b-b10c-4548-8c2a-ef2dc7b9ff06",
                        "Name": "Liposonix热立塑",
                        "ParentID": "b361faab-c9e8-416a-b431-a5cef5c5fc17",
                        "Childs": []
                    }
                ]
            }
        ]
    }
]